batch_id,InvoiceNo,StockCode,Description,Quantity,UnitPrice,CustomerID,Country,rejection_reason,logged_at
full_historical_baseline,536414,22139,,56,0.0,,United Kingdom,INVALID_OR_ZERO_UNIT_PRICE,2026-09-07T10:19:27.317099
full_historical_baseline,536545,21134,,1,0.0,,United Kingdom,INVALID_OR_ZERO_UNIT_PRICE,2026-09-07T10:19:27.317099
full_historical_baseline,536546,22145,,1,0.0,,United Kingdom,INVALID_OR_ZERO_UNIT_PRICE,2026-09-07T10:19:27.317099
full_historical_baseline,536547,37509,,1,0.0,,United Kingdom,INVALID_OR_ZERO_UNIT_PRICE,2026-09-07T10:19:27.317099
full_historical_baseline,536549,85226A,,1,0.0,,United Kingdom,INVALID_OR_ZERO_UNIT_PRICE,2026-09-07T10:19:27.317099
full_historical_baseline,536550,85044,,1,0.0,,United Kingdom,INVALID_OR_ZERO_UNIT_PRICE,2026-09-07T10:19:27.317099
full_historical_baseline,536552,20950,,1,0.0,,United Kingdom,INVALID_OR_ZERO_UNIT_PRICE,2026-09-07T10:19:27.317099
full_historical_baseline,536553,37461,,3,0.0,,United Kingdom,INVALID_OR_ZERO_UNIT_PRICE,2026-09-07T10:19:27.317099
full_historical_baseline,536554,84670,,23,0.0,,United Kingdom,INVALID_OR_ZERO_UNIT_PRICE,2026-09-07T10:19:27.317099
full_historical_baseline,536589,21777,,-10,0.0,,United Kingdom,INVALID_OR_ZERO_UNIT_PRICE,2026-09-07T10:19:27.317099
full_historical_baseline,536764,84952C,,-38,0.0,,United Kingdom,INVALID_OR_ZERO_UNIT_PRICE,2026-09-07T10:19:27.317099
full_historical_baseline,536765,84952C,,19,0.0,,United Kingdom,INVALID_OR_ZERO_UNIT_PRICE,2026-09-07T10:19:27.317099
full_historical_baseline,536941,22734,amazon,20,0.0,,United Kingdom,INVALID_OR_ZERO_UNIT_PRICE,2026-09-07T10:19:27.317099
full_historical_baseline,536942,22139,amazon,15,0.0,,United Kingdom,INVALID_OR_ZERO_UNIT_PRICE,2026-09-07T10:19:27.317099
full_historical_baseline,536995,35951,,57,0.0,,United Kingdom,INVALID_OR_ZERO_UNIT_PRICE,2026-09-07T10:19:27.317099
full_historical_baseline,536996,22712,,-20,0.0,,United Kingdom,INVALID_OR_ZERO_UNIT_PRICE,2026-09-07T10:19:27.317099
full_historical_baseline,536997,22028,,-20,0.0,,United Kingdom,INVALID_OR_ZERO_UNIT_PRICE,2026-09-07T10:19:27.317099
full_historical_baseline,536998,85067,,-6,0.0,,United Kingdom,INVALID_OR_ZERO_UNIT_PRICE,2026-09-07T10:19:27.317099
full_historical_baseline,536999,21421,,110,0.0,,United Kingdom,INVALID_OR_ZERO_UNIT_PRICE,2026-09-07T10:19:27.317099
full_historical_baseline,537000,21414,,-22,0.0,,United Kingdom,INVALID_OR_ZERO_UNIT_PRICE,2026-09-07T10:19:27.317099
full_historical_baseline,537001,21653,,-6,0.0,,United Kingdom,INVALID_OR_ZERO_UNIT_PRICE,2026-09-07T10:19:27.317099
full_historical_baseline,537002,21651,,70,0.0,,United Kingdom,INVALID_OR_ZERO_UNIT_PRICE,2026-09-07T10:19:27.317099
full_historical_baseline,537003,85126,,-2,0.0,,United Kingdom,INVALID_OR_ZERO_UNIT_PRICE,2026-09-07T10:19:27.317099
full_historical_baseline,537004,21814,,-30,0.0,,United Kingdom,INVALID_OR_ZERO_UNIT_PRICE,2026-09-07T10:19:27.317099
full_historical_baseline,537005,21692,,-70,0.0,,United Kingdom,INVALID_OR_ZERO_UNIT_PRICE,2026-09-07T10:19:27.317099
full_historical_baseline,537006,21648,,-130,0.0,,United Kingdom,INVALID_OR_ZERO_UNIT_PRICE,2026-09-07T10:19:27.317099
full_historical_baseline,537007,21172,,-80,0.0,,United Kingdom,INVALID_OR_ZERO_UNIT_PRICE,2026-09-07T10:19:27.317099
full_historical_baseline,537008,21161,,-120,0.0,,United Kingdom,INVALID_OR_ZERO_UNIT_PRICE,2026-09-07T10:19:27.317099
full_historical_baseline,537009,84534B,,-80,0.0,,United Kingdom,INVALID_OR_ZERO_UNIT_PRICE,2026-09-07T10:19:27.317099
full_historical_baseline,537010,22162,,-40,0.0,,United Kingdom,INVALID_OR_ZERO_UNIT_PRICE,2026-09-07T10:19:27.317099
full_historical_baseline,537011,22139,,-5,0.0,,United Kingdom,INVALID_OR_ZERO_UNIT_PRICE,2026-09-07T10:19:27.317099
full_historical_baseline,537012,21535,,-12,0.0,,United Kingdom,INVALID_OR_ZERO_UNIT_PRICE,2026-09-07T10:19:27.317099
full_historical_baseline,537013,35965,,-25,0.0,,United Kingdom,INVALID_OR_ZERO_UNIT_PRICE,2026-09-07T10:19:27.317099
full_historical_baseline,537014,21040,,-20,0.0,,United Kingdom,INVALID_OR_ZERO_UNIT_PRICE,2026-09-07T10:19:27.317099
full_historical_baseline,537015,37464,,-14,0.0,,United Kingdom,INVALID_OR_ZERO_UNIT_PRICE,2026-09-07T10:19:27.317099
full_historical_baseline,537016,21836,,-15,0.0,,United Kingdom,INVALID_OR_ZERO_UNIT_PRICE,2026-09-07T10:19:27.317099
full_historical_baseline,537017,47556B,,-69,0.0,,United Kingdom,INVALID_OR_ZERO_UNIT_PRICE,2026-09-07T10:19:27.317099
full_historical_baseline,537018,84562A,,-3,0.0,,United Kingdom,INVALID_OR_ZERO_UNIT_PRICE,2026-09-07T10:19:27.317099
full_historical_baseline,537019,37474,,-15,0.0,,United Kingdom,INVALID_OR_ZERO_UNIT_PRICE,2026-09-07T10:19:27.317099
full_historical_baseline,537020,21807,,-30,0.0,,United Kingdom,INVALID_OR_ZERO_UNIT_PRICE,2026-09-07T10:19:27.317099
full_historical_baseline,537021,21011,,-20,0.0,,United Kingdom,INVALID_OR_ZERO_UNIT_PRICE,2026-09-07T10:19:27.317099
full_historical_baseline,537027,18098C,,-140,0.0,,United Kingdom,INVALID_OR_ZERO_UNIT_PRICE,2026-09-07T10:19:27.317099
full_historical_baseline,537028,21696,,-320,0.0,,United Kingdom,INVALID_OR_ZERO_UNIT_PRICE,2026-09-07T10:19:27.317099
full_historical_baseline,537029,37476,,-6,0.0,,United Kingdom,INVALID_OR_ZERO_UNIT_PRICE,2026-09-07T10:19:27.317099
full_historical_baseline,537032,21275,?,-30,0.0,,United Kingdom,INVALID_OR_ZERO_UNIT_PRICE,2026-09-07T10:19:27.317099
full_historical_baseline,537197,22841,ROUND CAKE TIN VINTAGE GREEN,1,0.0,12647.0,Germany,INVALID_OR_ZERO_UNIT_PRICE,2026-09-07T10:19:27.317099
full_historical_baseline,537361,21777,,5,0.0,,United Kingdom,INVALID_OR_ZERO_UNIT_PRICE,2026-09-07T10:19:27.317099
full_historical_baseline,537363,84569B,,-20,0.0,,United Kingdom,INVALID_OR_ZERO_UNIT_PRICE,2026-09-07T10:19:27.317099
full_historical_baseline,537364,21027,,-70,0.0,,United Kingdom,INVALID_OR_ZERO_UNIT_PRICE,2026-09-07T10:19:27.317099
full_historical_baseline,537401,84898F,,-24,0.0,,United Kingdom,INVALID_OR_ZERO_UNIT_PRICE,2026-09-07T10:19:27.317099
full_historical_baseline,537425,84968F,check,-20,0.0,,United Kingdom,INVALID_OR_ZERO_UNIT_PRICE,2026-09-07T10:19:27.317099
full_historical_baseline,537426,84968E,check,-35,0.0,,United Kingdom,INVALID_OR_ZERO_UNIT_PRICE,2026-09-07T10:19:27.317099
full_historical_baseline,537427,84968B,,-21,0.0,,United Kingdom,INVALID_OR_ZERO_UNIT_PRICE,2026-09-07T10:19:27.317099
full_historical_baseline,537430,85215,,120,0.0,,United Kingdom,INVALID_OR_ZERO_UNIT_PRICE,2026-09-07T10:19:27.317099
full_historical_baseline,537432,35833G,damages,-43,0.0,,United Kingdom,INVALID_OR_ZERO_UNIT_PRICE,2026-09-07T10:19:27.317099
full_historical_baseline,537436,84270,,7,0.0,,United Kingdom,INVALID_OR_ZERO_UNIT_PRICE,2026-09-07T10:19:27.317099
full_historical_baseline,537437,90167,,10,0.0,,United Kingdom,INVALID_OR_ZERO_UNIT_PRICE,2026-09-07T10:19:27.317099
full_historical_baseline,537438,22959,,13,0.0,,United Kingdom,INVALID_OR_ZERO_UNIT_PRICE,2026-09-07T10:19:27.317099
full_historical_baseline,537439,37474,,1,0.0,,United Kingdom,INVALID_OR_ZERO_UNIT_PRICE,2026-09-07T10:19:27.317099
full_historical_baseline,537449,21054,,-30,0.0,,United Kingdom,INVALID_OR_ZERO_UNIT_PRICE,2026-09-07T10:19:27.317099
full_historical_baseline,537450,20684,,-19,0.0,,United Kingdom,INVALID_OR_ZERO_UNIT_PRICE,2026-09-07T10:19:27.317099
full_historical_baseline,537451,84881,,-11,0.0,,United Kingdom,INVALID_OR_ZERO_UNIT_PRICE,2026-09-07T10:19:27.317099
full_historical_baseline,537452,20941,,-24,0.0,,United Kingdom,INVALID_OR_ZERO_UNIT_PRICE,2026-09-07T10:19:27.317099
full_historical_baseline,537453,21248,,-18,0.0,,United Kingdom,INVALID_OR_ZERO_UNIT_PRICE,2026-09-07T10:19:27.317099
full_historical_baseline,537454,21349,,-44,0.0,,United Kingdom,INVALID_OR_ZERO_UNIT_PRICE,2026-09-07T10:19:27.317099
full_historical_baseline,537455,22155,,-70,0.0,,United Kingdom,INVALID_OR_ZERO_UNIT_PRICE,2026-09-07T10:19:27.317099
full_historical_baseline,537466,21488,,-50,0.0,,United Kingdom,INVALID_OR_ZERO_UNIT_PRICE,2026-09-07T10:19:27.317099
full_historical_baseline,537534,85064,CREAM SWEETHEART LETTER RACK,1,0.0,,United Kingdom,INVALID_OR_ZERO_UNIT_PRICE,2026-09-07T10:19:27.317099
full_historical_baseline,537534,84832,ZINC WILLIE WINKIE  CANDLE STICK,1,0.0,,United Kingdom,INVALID_OR_ZERO_UNIT_PRICE,2026-09-07T10:19:27.317099
full_historical_baseline,537534,84692,BOX OF 24 COCKTAIL PARASOLS,2,0.0,,United Kingdom,INVALID_OR_ZERO_UNIT_PRICE,2026-09-07T10:19:27.317099
full_historical_baseline,537534,48184,DOORMAT ENGLISH ROSE ,3,0.0,,United Kingdom,INVALID_OR_ZERO_UNIT_PRICE,2026-09-07T10:19:27.317099
full_historical_baseline,537534,48111,DOORMAT 3 SMILEY CATS,1,0.0,,United Kingdom,INVALID_OR_ZERO_UNIT_PRICE,2026-09-07T10:19:27.317099
full_historical_baseline,537534,22697,GREEN REGENCY TEACUP AND SAUCER,1,0.0,,United Kingdom,INVALID_OR_ZERO_UNIT_PRICE,2026-09-07T10:19:27.317099
full_historical_baseline,537534,22682,FRENCH BLUE METAL DOOR SIGN 7,1,0.0,,United Kingdom,INVALID_OR_ZERO_UNIT_PRICE,2026-09-07T10:19:27.317099
full_historical_baseline,537534,22680,FRENCH BLUE METAL DOOR SIGN 5,1,0.0,,United Kingdom,INVALID_OR_ZERO_UNIT_PRICE,2026-09-07T10:19:27.317099
full_historical_baseline,537534,22681,FRENCH BLUE METAL DOOR SIGN 6,2,0.0,,United Kingdom,INVALID_OR_ZERO_UNIT_PRICE,2026-09-07T10:19:27.317099
full_historical_baseline,537534,22679,FRENCH BLUE METAL DOOR SIGN 4,5,0.0,,United Kingdom,INVALID_OR_ZERO_UNIT_PRICE,2026-09-07T10:19:27.317099
full_historical_baseline,537534,22686,FRENCH BLUE METAL DOOR SIGN No,2,0.0,,United Kingdom,INVALID_OR_ZERO_UNIT_PRICE,2026-09-07T10:19:27.317099
full_historical_baseline,537534,22683,FRENCH BLUE METAL DOOR SIGN 8,3,0.0,,United Kingdom,INVALID_OR_ZERO_UNIT_PRICE,2026-09-07T10:19:27.317099
full_historical_baseline,537534,22676,FRENCH BLUE METAL DOOR SIGN 1,3,0.0,,United Kingdom,INVALID_OR_ZERO_UNIT_PRICE,2026-09-07T10:19:27.317099
full_historical_baseline,537534,22625,RED KITCHEN SCALES,1,0.0,,United Kingdom,INVALID_OR_ZERO_UNIT_PRICE,2026-09-07T10:19:27.317099
full_historical_baseline,537534,22624,IVORY KITCHEN SCALES,3,0.0,,United Kingdom,INVALID_OR_ZERO_UNIT_PRICE,2026-09-07T10:19:27.317099
full_historical_baseline,537534,22619,SET OF 6 SOLDIER SKITTLES,1,0.0,,United Kingdom,INVALID_OR_ZERO_UNIT_PRICE,2026-09-07T10:19:27.317099
full_historical_baseline,537534,22520,CHILDS GARDEN TROWEL BLUE ,1,0.0,,United Kingdom,INVALID_OR_ZERO_UNIT_PRICE,2026-09-07T10:19:27.317099
full_historical_baseline,537534,22524,CHILDRENS GARDEN GLOVES BLUE,3,0.0,,United Kingdom,INVALID_OR_ZERO_UNIT_PRICE,2026-09-07T10:19:27.317099
full_historical_baseline,537534,22502,PICNIC BASKET WICKER SMALL,29,0.0,,United Kingdom,INVALID_OR_ZERO_UNIT_PRICE,2026-09-07T10:19:27.317099
full_historical_baseline,537534,22501,PICNIC BASKET WICKER LARGE,2,0.0,,United Kingdom,INVALID_OR_ZERO_UNIT_PRICE,2026-09-07T10:19:27.317099
full_historical_baseline,537534,22476,EMPIRE UNION JACK TV DINNER TRAY,1,0.0,,United Kingdom,INVALID_OR_ZERO_UNIT_PRICE,2026-09-07T10:19:27.317099
full_historical_baseline,537534,22473,TV DINNER TRAY VINTAGE PAISLEY,1,0.0,,United Kingdom,INVALID_OR_ZERO_UNIT_PRICE,2026-09-07T10:19:27.317099
full_historical_baseline,537534,22474,SPACEBOY TV DINNER TRAY,1,0.0,,United Kingdom,INVALID_OR_ZERO_UNIT_PRICE,2026-09-07T10:19:27.317099
full_historical_baseline,537534,22472,TV DINNER TRAY DOLLY GIRL,1,0.0,,United Kingdom,INVALID_OR_ZERO_UNIT_PRICE,2026-09-07T10:19:27.317099
full_historical_baseline,537534,22520,CHILDS GARDEN TROWEL BLUE ,1,0.0,,United Kingdom,INVALID_OR_ZERO_UNIT_PRICE,2026-09-07T10:19:27.317099
full_historical_baseline,537534,22514,CHILDS GARDEN SPADE BLUE,1,0.0,,United Kingdom,INVALID_OR_ZERO_UNIT_PRICE,2026-09-07T10:19:27.317099
full_historical_baseline,537534,22516,CHILDS GARDEN RAKE BLUE,1,0.0,,United Kingdom,INVALID_OR_ZERO_UNIT_PRICE,2026-09-07T10:19:27.317099
full_historical_baseline,537534,22432,WATERING CAN PINK BUNNY,1,0.0,,United Kingdom,INVALID_OR_ZERO_UNIT_PRICE,2026-09-07T10:19:27.317099
full_historical_baseline,537534,22428,ENAMEL FIRE BUCKET CREAM,3,0.0,,United Kingdom,INVALID_OR_ZERO_UNIT_PRICE,2026-09-07T10:19:27.317099
full_historical_baseline,537534,22427,ENAMEL FLOWER JUG CREAM,1,0.0,,United Kingdom,INVALID_OR_ZERO_UNIT_PRICE,2026-09-07T10:19:27.317099
full_historical_baseline,537534,22376,AIRLINE BAG VINTAGE JET SET WHITE,1,0.0,,United Kingdom,INVALID_OR_ZERO_UNIT_PRICE,2026-09-07T10:19:27.317099
full_historical_baseline,537534,22375,AIRLINE BAG VINTAGE JET SET BROWN,1,0.0,,United Kingdom,INVALID_OR_ZERO_UNIT_PRICE,2026-09-07T10:19:27.317099
full_historical_baseline,537534,22372,AIRLINE BAG VINTAGE WORLD CHAMPION ,1,0.0,,United Kingdom,INVALID_OR_ZERO_UNIT_PRICE,2026-09-07T10:19:27.317099
full_historical_baseline,537534,22371,AIRLINE BAG VINTAGE TOKYO 78,5,0.0,,United Kingdom,INVALID_OR_ZERO_UNIT_PRICE,2026-09-07T10:19:27.317099
full_historical_baseline,537534,22620,4 TRADITIONAL SPINNING TOPS,1,0.0,,United Kingdom,INVALID_OR_ZERO_UNIT_PRICE,2026-09-07T10:19:27.317099
full_historical_baseline,537534,22624,IVORY KITCHEN SCALES,1,0.0,,United Kingdom,INVALID_OR_ZERO_UNIT_PRICE,2026-09-07T10:19:27.317099
full_historical_baseline,537534,22109,FULL ENGLISH BREAKFAST PLATE,1,0.0,,United Kingdom,INVALID_OR_ZERO_UNIT_PRICE,2026-09-07T10:19:27.317099
full_historical_baseline,537534,22367,CHILDRENS APRON SPACEBOY DESIGN,1,0.0,,United Kingdom,INVALID_OR_ZERO_UNIT_PRICE,2026-09-07T10:19:27.317099
full_historical_baseline,537534,22366,DOORMAT AIRMAIL ,1,0.0,,United Kingdom,INVALID_OR_ZERO_UNIT_PRICE,2026-09-07T10:19:27.317099
full_historical_baseline,537534,22364,GLASS JAR DIGESTIVE BISCUITS,1,0.0,,United Kingdom,INVALID_OR_ZERO_UNIT_PRICE,2026-09-07T10:19:27.317099
full_historical_baseline,537534,22362,GLASS JAR PEACOCK BATH SALTS,3,0.0,,United Kingdom,INVALID_OR_ZERO_UNIT_PRICE,2026-09-07T10:19:27.317099
full_historical_baseline,537534,22360,GLASS JAR ENGLISH CONFECTIONERY,1,0.0,,United Kingdom,INVALID_OR_ZERO_UNIT_PRICE,2026-09-07T10:19:27.317099
full_historical_baseline,537534,22361,GLASS JAR DAISY FRESH COTTON WOOL,2,0.0,,United Kingdom,INVALID_OR_ZERO_UNIT_PRICE,2026-09-07T10:19:27.317099
full_historical_baseline,537534,22359,GLASS JAR KINGS CHOICE,1,0.0,,United Kingdom,INVALID_OR_ZERO_UNIT_PRICE,2026-09-07T10:19:27.317099
full_historical_baseline,537534,22353,LUNCH BOX WITH CUTLERY FAIRY CAKES ,1,0.0,,United Kingdom,INVALID_OR_ZERO_UNIT_PRICE,2026-09-07T10:19:27.317099
full_historical_baseline,537534,22350,ILLUSTRATED CAT BOWL ,1,0.0,,United Kingdom,INVALID_OR_ZERO_UNIT_PRICE,2026-09-07T10:19:27.317099
full_historical_baseline,537534,22327,ROUND SNACK BOXES SET OF 4 SKULLS,1,0.0,,United Kingdom,INVALID_OR_ZERO_UNIT_PRICE,2026-09-07T10:19:27.317099
full_historical_baseline,537534,21116,OWL DOORSTOP,1,0.0,,United Kingdom,INVALID_OR_ZERO_UNIT_PRICE,2026-09-07T10:19:27.317099
full_historical_baseline,537534,22202,MILK PAN PINK POLKADOT,2,0.0,,United Kingdom,INVALID_OR_ZERO_UNIT_PRICE,2026-09-07T10:19:27.317099
full_historical_baseline,537534,22550,HOLIDAY FUN LUDO,1,0.0,,United Kingdom,INVALID_OR_ZERO_UNIT_PRICE,2026-09-07T10:19:27.317099
full_historical_baseline,537534,21912,VINTAGE SNAKES & LADDERS,1,0.0,,United Kingdom,INVALID_OR_ZERO_UNIT_PRICE,2026-09-07T10:19:27.317099
full_historical_baseline,537534,21891,TRADITIONAL WOODEN SKIPPING ROPE,1,0.0,,United Kingdom,INVALID_OR_ZERO_UNIT_PRICE,2026-09-07T10:19:27.317099
full_historical_baseline,537534,21559,STRAWBERRY LUNCH BOX WITH CUTLERY,1,0.0,,United Kingdom,INVALID_OR_ZERO_UNIT_PRICE,2026-09-07T10:19:27.317099
full_historical_baseline,537534,21531,RED RETROSPOT SUGAR JAM BOWL,2,0.0,,United Kingdom,INVALID_OR_ZERO_UNIT_PRICE,2026-09-07T10:19:27.317099
full_historical_baseline,537534,20726,LUNCH BAG WOODLAND,1,0.0,,United Kingdom,INVALID_OR_ZERO_UNIT_PRICE,2026-09-07T10:19:27.317099
full_historical_baseline,537534,20652,BLUE POLKADOT LUGGAGE TAG ,1,0.0,,United Kingdom,INVALID_OR_ZERO_UNIT_PRICE,2026-09-07T10:19:27.317099
full_historical_baseline,537534,20615,BLUE POLKADOT PASSPORT COVER,1,0.0,,United Kingdom,INVALID_OR_ZERO_UNIT_PRICE,2026-09-07T10:19:27.317099
full_historical_baseline,537639,22734,amazon,30,0.0,,United Kingdom,INVALID_OR_ZERO_UNIT_PRICE,2026-09-07T10:19:27.317099
full_historical_baseline,537640,21232,STRAWBERRY CERAMIC TRINKET BOX,1,0.0,,United Kingdom,INVALID_OR_ZERO_UNIT_PRICE,2026-09-07T10:19:27.317099
full_historical_baseline,537687,84840,,-9,0.0,,United Kingdom,INVALID_OR_ZERO_UNIT_PRICE,2026-09-07T10:19:27.317099
full_historical_baseline,537870,21486,,-77,0.0,,United Kingdom,INVALID_OR_ZERO_UNIT_PRICE,2026-09-07T10:19:27.317099
full_historical_baseline,537872,21595,,1,0.0,,United Kingdom,INVALID_OR_ZERO_UNIT_PRICE,2026-09-07T10:19:27.317099
full_historical_baseline,537873,37461,,1,0.0,,United Kingdom,INVALID_OR_ZERO_UNIT_PRICE,2026-09-07T10:19:27.317099
full_historical_baseline,537874,85170A,,1,0.0,,United Kingdom,INVALID_OR_ZERO_UNIT_PRICE,2026-09-07T10:19:27.317099
full_historical_baseline,537875,20849,,1,0.0,,United Kingdom,INVALID_OR_ZERO_UNIT_PRICE,2026-09-07T10:19:27.317099
full_historical_baseline,537876,84977,,2,0.0,,United Kingdom,INVALID_OR_ZERO_UNIT_PRICE,2026-09-07T10:19:27.317099
full_historical_baseline,537877,21661,,1,0.0,,United Kingdom,INVALID_OR_ZERO_UNIT_PRICE,2026-09-07T10:19:27.317099
full_historical_baseline,537878,72803B,,1,0.0,,United Kingdom,INVALID_OR_ZERO_UNIT_PRICE,2026-09-07T10:19:27.317099
full_historical_baseline,537999,22034,,-223,0.0,,United Kingdom,INVALID_OR_ZERO_UNIT_PRICE,2026-09-07T10:19:27.317099
full_historical_baseline,538001,35958,,10,0.0,,United Kingdom,INVALID_OR_ZERO_UNIT_PRICE,2026-09-07T10:19:27.317099
full_historical_baseline,538004,22114,,144,0.0,,United Kingdom,INVALID_OR_ZERO_UNIT_PRICE,2026-09-07T10:19:27.317099
full_historical_baseline,538036,21690,,34,0.0,,United Kingdom,INVALID_OR_ZERO_UNIT_PRICE,2026-09-07T10:19:27.317099
full_historical_baseline,538038,21488,,8,0.0,,United Kingdom,INVALID_OR_ZERO_UNIT_PRICE,2026-09-07T10:19:27.317099
full_historical_baseline,538039,22139,,7,0.0,,United Kingdom,INVALID_OR_ZERO_UNIT_PRICE,2026-09-07T10:19:27.317099
full_historical_baseline,538041,22145,,30,0.0,,United Kingdom,INVALID_OR_ZERO_UNIT_PRICE,2026-09-07T10:19:27.317099
full_historical_baseline,538042,21763,,-4,0.0,,United Kingdom,INVALID_OR_ZERO_UNIT_PRICE,2026-09-07T10:19:27.317099
full_historical_baseline,538043,22833,,-1,0.0,,United Kingdom,INVALID_OR_ZERO_UNIT_PRICE,2026-09-07T10:19:27.317099
full_historical_baseline,538045,84688,,27,0.0,,United Kingdom,INVALID_OR_ZERO_UNIT_PRICE,2026-09-07T10:19:27.317099
full_historical_baseline,538046,85008,,-15,0.0,,United Kingdom,INVALID_OR_ZERO_UNIT_PRICE,2026-09-07T10:19:27.317099
full_historical_baseline,538047,21429,,-70,0.0,,United Kingdom,INVALID_OR_ZERO_UNIT_PRICE,2026-09-07T10:19:27.317099
full_historical_baseline,538054,85167B,,-24,0.0,,United Kingdom,INVALID_OR_ZERO_UNIT_PRICE,2026-09-07T10:19:27.317099
full_historical_baseline,538055,22454,,-20,0.0,,United Kingdom,INVALID_OR_ZERO_UNIT_PRICE,2026-09-07T10:19:27.317099
full_historical_baseline,538058,20966,,-150,0.0,,United Kingdom,INVALID_OR_ZERO_UNIT_PRICE,2026-09-07T10:19:27.317099
full_historical_baseline,538061,21801,,-38,0.0,,United Kingdom,INVALID_OR_ZERO_UNIT_PRICE,2026-09-07T10:19:27.317099
full_historical_baseline,538071,22585,PACK OF 6 BIRDY GIFT TAGS,1,0.0,,United Kingdom,INVALID_OR_ZERO_UNIT_PRICE,2026-09-07T10:19:27.317099
full_historical_baseline,538072,22423,faulty,-13,0.0,,United Kingdom,INVALID_OR_ZERO_UNIT_PRICE,2026-09-07T10:19:27.317099
full_historical_baseline,538074,21743,,-80,0.0,,United Kingdom,INVALID_OR_ZERO_UNIT_PRICE,2026-09-07T10:19:27.317099
full_historical_baseline,538090,20956,?,-723,0.0,,United Kingdom,INVALID_OR_ZERO_UNIT_PRICE,2026-09-07T10:19:27.317099
full_historical_baseline,538092,37467,,-177,0.0,,United Kingdom,INVALID_OR_ZERO_UNIT_PRICE,2026-09-07T10:19:27.317099
full_historical_baseline,538128,21357,,46,0.0,,United Kingdom,INVALID_OR_ZERO_UNIT_PRICE,2026-09-07T10:19:27.317099
full_historical_baseline,538129,84497,,79,0.0,,United Kingdom,INVALID_OR_ZERO_UNIT_PRICE,2026-09-07T10:19:27.317099
full_historical_baseline,538130,90042C,,10,0.0,,United Kingdom,INVALID_OR_ZERO_UNIT_PRICE,2026-09-07T10:19:27.317099
full_historical_baseline,538131,17091A,,84,0.0,,United Kingdom,INVALID_OR_ZERO_UNIT_PRICE,2026-09-07T10:19:27.317099
full_historical_baseline,538132,84773,,3,0.0,,United Kingdom,INVALID_OR_ZERO_UNIT_PRICE,2026-09-07T10:19:27.317099
full_historical_baseline,538133,85018C,,3,0.0,,United Kingdom,INVALID_OR_ZERO_UNIT_PRICE,2026-09-07T10:19:27.317099
full_historical_baseline,538134,20878,,2,0.0,,United Kingdom,INVALID_OR_ZERO_UNIT_PRICE,2026-09-07T10:19:27.317099
full_historical_baseline,538135,21186,,2,0.0,,United Kingdom,INVALID_OR_ZERO_UNIT_PRICE,2026-09-07T10:19:27.317099
full_historical_baseline,538136,37509,,2,0.0,,United Kingdom,INVALID_OR_ZERO_UNIT_PRICE,2026-09-07T10:19:27.317099
full_historical_baseline,538137,62095B,,2,0.0,,United Kingdom,INVALID_OR_ZERO_UNIT_PRICE,2026-09-07T10:19:27.317099
full_historical_baseline,538138,72814,,2,0.0,,United Kingdom,INVALID_OR_ZERO_UNIT_PRICE,2026-09-07T10:19:27.317099
full_historical_baseline,538139,84802A,,2,0.0,,United Kingdom,INVALID_OR_ZERO_UNIT_PRICE,2026-09-07T10:19:27.317099
full_historical_baseline,538140,90002D,,9,0.0,,United Kingdom,INVALID_OR_ZERO_UNIT_PRICE,2026-09-07T10:19:27.317099
full_historical_baseline,538141,22218,,2,0.0,,United Kingdom,INVALID_OR_ZERO_UNIT_PRICE,2026-09-07T10:19:27.317099
full_historical_baseline,538142,84247C,,1,0.0,,United Kingdom,INVALID_OR_ZERO_UNIT_PRICE,2026-09-07T10:19:27.317099
full_historical_baseline,538143,84534B,,1,0.0,,United Kingdom,INVALID_OR_ZERO_UNIT_PRICE,2026-09-07T10:19:27.317099
full_historical_baseline,538144,90042B,,1,0.0,,United Kingdom,INVALID_OR_ZERO_UNIT_PRICE,2026-09-07T10:19:27.317099
full_historical_baseline,538158,20892,,-32,0.0,,United Kingdom,INVALID_OR_ZERO_UNIT_PRICE,2026-09-07T10:19:27.317099
full_historical_baseline,538159,21324,,-18,0.0,,United Kingdom,INVALID_OR_ZERO_UNIT_PRICE,2026-09-07T10:19:27.317099
full_historical_baseline,538160,20956,,288,0.0,,United Kingdom,INVALID_OR_ZERO_UNIT_PRICE,2026-09-07T10:19:27.317099
full_historical_baseline,538161,46000S,Dotcom sales,-100,0.0,,United Kingdom,INVALID_OR_ZERO_UNIT_PRICE,2026-09-07T10:19:27.317099
full_historical_baseline,538162,46000M,Dotcom sales,-100,0.0,,United Kingdom,INVALID_OR_ZERO_UNIT_PRICE,2026-09-07T10:19:27.317099
full_historical_baseline,538173,22353,,-28,0.0,,United Kingdom,INVALID_OR_ZERO_UNIT_PRICE,2026-09-07T10:19:27.317099
full_historical_baseline,538241,21431,,-21,0.0,,United Kingdom,INVALID_OR_ZERO_UNIT_PRICE,2026-09-07T10:19:27.317099
full_historical_baseline,538247,79067,,-145,0.0,,United Kingdom,INVALID_OR_ZERO_UNIT_PRICE,2026-09-07T10:19:27.317099
full_historical_baseline,538249,85084,,25,0.0,,United Kingdom,INVALID_OR_ZERO_UNIT_PRICE,2026-09-07T10:19:27.317099
full_historical_baseline,538348,22734,amazon,30,0.0,,United Kingdom,INVALID_OR_ZERO_UNIT_PRICE,2026-09-07T10:19:27.317099
full_historical_baseline,538359,35958,,2,0.0,,United Kingdom,INVALID_OR_ZERO_UNIT_PRICE,2026-09-07T10:19:27.317099
full_historical_baseline,538360,35004P,,1,0.0,,United Kingdom,INVALID_OR_ZERO_UNIT_PRICE,2026-09-07T10:19:27.317099
full_historical_baseline,538837,85135B,,-40,0.0,,United Kingdom,INVALID_OR_ZERO_UNIT_PRICE,2026-09-07T10:19:27.317099
full_historical_baseline,538861,22444,,460,0.0,,United Kingdom,INVALID_OR_ZERO_UNIT_PRICE,2026-09-07T10:19:27.317099
full_historical_baseline,538873,22734,amazon sales,20,0.0,,United Kingdom,INVALID_OR_ZERO_UNIT_PRICE,2026-09-07T10:19:27.317099
full_historical_baseline,538877,21479,WHITE SKULL HOT WATER BOTTLE ,1,0.0,,United Kingdom,INVALID_OR_ZERO_UNIT_PRICE,2026-09-07T10:19:27.317099
full_historical_baseline,538877,22112,CHOCOLATE HOT WATER BOTTLE,1,0.0,,United Kingdom,INVALID_OR_ZERO_UNIT_PRICE,2026-09-07T10:19:27.317099
full_historical_baseline,538877,22356,CHARLOTTE BAG PINK POLKADOT,1,0.0,,United Kingdom,INVALID_OR_ZERO_UNIT_PRICE,2026-09-07T10:19:27.317099
full_historical_baseline,538906,21895,,-5,0.0,,United Kingdom,INVALID_OR_ZERO_UNIT_PRICE,2026-09-07T10:19:27.317099
full_historical_baseline,539263,22580,ADVENT CALENDAR GINGHAM SACK,4,0.0,16560.0,United Kingdom,INVALID_OR_ZERO_UNIT_PRICE,2026-09-07T10:19:27.317099
full_historical_baseline,539413,22959,,12,0.0,,United Kingdom,INVALID_OR_ZERO_UNIT_PRICE,2026-09-07T10:19:27.317099
full_historical_baseline,539494,21479,?,752,0.0,,United Kingdom,INVALID_OR_ZERO_UNIT_PRICE,2026-09-07T10:19:27.317099
full_historical_baseline,539495,22591,,36,0.0,,United Kingdom,INVALID_OR_ZERO_UNIT_PRICE,2026-09-07T10:19:27.317099
full_historical_baseline,539582,71477,,8,0.0,,United Kingdom,INVALID_OR_ZERO_UNIT_PRICE,2026-09-07T10:19:27.317099
full_historical_baseline,539583,35400,,1,0.0,,United Kingdom,INVALID_OR_ZERO_UNIT_PRICE,2026-09-07T10:19:27.317099
full_historical_baseline,539584,21491,,1,0.0,,United Kingdom,INVALID_OR_ZERO_UNIT_PRICE,2026-09-07T10:19:27.317099
full_historical_baseline,539585,21009,,1,0.0,,United Kingdom,INVALID_OR_ZERO_UNIT_PRICE,2026-09-07T10:19:27.317099
full_historical_baseline,539611,85135B,Found,53,0.0,,United Kingdom,INVALID_OR_ZERO_UNIT_PRICE,2026-09-07T10:19:27.317099
full_historical_baseline,539638,22139,,1,0.0,,United Kingdom,INVALID_OR_ZERO_UNIT_PRICE,2026-09-07T10:19:27.317099
full_historical_baseline,539722,22423,REGENCY CAKESTAND 3 TIER,10,0.0,14911.0,EIRE,INVALID_OR_ZERO_UNIT_PRICE,2026-09-07T10:19:27.317099
full_historical_baseline,539749,22734,,30,0.0,,United Kingdom,INVALID_OR_ZERO_UNIT_PRICE,2026-09-07T10:19:27.317099
full_historical_baseline,539750,22114,HOT WATER BOTTLE TEA AND SYMPATHY,1,0.0,,United Kingdom,INVALID_OR_ZERO_UNIT_PRICE,2026-09-07T10:19:27.317099
full_historical_baseline,539750,22652,TRAVEL SEWING KIT,1,0.0,,United Kingdom,INVALID_OR_ZERO_UNIT_PRICE,2026-09-07T10:19:27.317099
full_historical_baseline,539750,21080,SET/20 RED RETROSPOT PAPER NAPKINS ,2,0.0,,United Kingdom,INVALID_OR_ZERO_UNIT_PRICE,2026-09-07T10:19:27.317099
full_historical_baseline,539750,21481,FAWN BLUE HOT WATER BOTTLE,1,0.0,,United Kingdom,INVALID_OR_ZERO_UNIT_PRICE,2026-09-07T10:19:27.317099
full_historical_baseline,539856,22444,GROW YOUR OWN PLANT IN A CAN ,1,0.0,,United Kingdom,INVALID_OR_ZERO_UNIT_PRICE,2026-09-07T10:19:27.317099
full_historical_baseline,539856,20682,RED RETROSPOT CHILDRENS UMBRELLA,2,0.0,,United Kingdom,INVALID_OR_ZERO_UNIT_PRICE,2026-09-07T10:19:27.317099
full_historical_baseline,539856,20724,RED RETROSPOT CHARLOTTE BAG,2,0.0,,United Kingdom,INVALID_OR_ZERO_UNIT_PRICE,2026-09-07T10:19:27.317099
full_historical_baseline,539856,18098C,PORCELAIN BUTTERFLY OIL BURNER,2,0.0,,United Kingdom,INVALID_OR_ZERO_UNIT_PRICE,2026-09-07T10:19:27.317099
full_historical_baseline,539856,85123A,WHITE HANGING HEART T-LIGHT HOLDER,1,0.0,,United Kingdom,INVALID_OR_ZERO_UNIT_PRICE,2026-09-07T10:19:27.317099
full_historical_baseline,539856,84968E,SET OF 16 VINTAGE BLACK CUTLERY,1,0.0,,United Kingdom,INVALID_OR_ZERO_UNIT_PRICE,2026-09-07T10:19:27.317099
full_historical_baseline,539856,84872A,TEATIME FUNKY FLOWER BACKPACK FOR 2,2,0.0,,United Kingdom,INVALID_OR_ZERO_UNIT_PRICE,2026-09-07T10:19:27.317099
full_historical_baseline,539856,22518,CHILDS GARDEN BRUSH BLUE,1,0.0,,United Kingdom,INVALID_OR_ZERO_UNIT_PRICE,2026-09-07T10:19:27.317099
full_historical_baseline,539856,84692,BOX OF 24 COCKTAIL PARASOLS,2,0.0,,United Kingdom,INVALID_OR_ZERO_UNIT_PRICE,2026-09-07T10:19:27.317099
full_historical_baseline,539856,79321,CHILLI LIGHTS,1,0.0,,United Kingdom,INVALID_OR_ZERO_UNIT_PRICE,2026-09-07T10:19:27.317099
full_historical_baseline,539856,48194,DOORMAT HEARTS,2,0.0,,United Kingdom,INVALID_OR_ZERO_UNIT_PRICE,2026-09-07T10:19:27.317099
full_historical_baseline,539856,37333,"RETRO ""TEA FOR ONE"" ",1,0.0,,United Kingdom,INVALID_OR_ZERO_UNIT_PRICE,2026-09-07T10:19:27.317099
full_historical_baseline,539856,22843,BISCUIT TIN VINTAGE GREEN,1,0.0,,United Kingdom,INVALID_OR_ZERO_UNIT_PRICE,2026-09-07T10:19:27.317099
full_historical_baseline,539856,22842,BISCUIT TIN VINTAGE RED,1,0.0,,United Kingdom,INVALID_OR_ZERO_UNIT_PRICE,2026-09-07T10:19:27.317099
full_historical_baseline,539856,22690,DOORMAT HOME SWEET HOME BLUE ,2,0.0,,United Kingdom,INVALID_OR_ZERO_UNIT_PRICE,2026-09-07T10:19:27.317099
full_historical_baseline,539856,85099B,JUMBO BAG RED RETROSPOT,1,0.0,,United Kingdom,INVALID_OR_ZERO_UNIT_PRICE,2026-09-07T10:19:27.317099
full_historical_baseline,539856,22685,FRENCH BLUE METAL DOOR SIGN 0,2,0.0,,United Kingdom,INVALID_OR_ZERO_UNIT_PRICE,2026-09-07T10:19:27.317099
full_historical_baseline,539856,22684,FRENCH BLUE METAL DOOR SIGN 9,1,0.0,,United Kingdom,INVALID_OR_ZERO_UNIT_PRICE,2026-09-07T10:19:27.317099
full_historical_baseline,539856,22686,FRENCH BLUE METAL DOOR SIGN No,2,0.0,,United Kingdom,INVALID_OR_ZERO_UNIT_PRICE,2026-09-07T10:19:27.317099
full_historical_baseline,539856,22682,FRENCH BLUE METAL DOOR SIGN 7,3,0.0,,United Kingdom,INVALID_OR_ZERO_UNIT_PRICE,2026-09-07T10:19:27.317099
full_historical_baseline,539856,22683,FRENCH BLUE METAL DOOR SIGN 8,2,0.0,,United Kingdom,INVALID_OR_ZERO_UNIT_PRICE,2026-09-07T10:19:27.317099
full_historical_baseline,539856,22681,FRENCH BLUE METAL DOOR SIGN 6,1,0.0,,United Kingdom,INVALID_OR_ZERO_UNIT_PRICE,2026-09-07T10:19:27.317099
full_historical_baseline,539856,22679,FRENCH BLUE METAL DOOR SIGN 4,2,0.0,,United Kingdom,INVALID_OR_ZERO_UNIT_PRICE,2026-09-07T10:19:27.317099
full_historical_baseline,539856,22678,FRENCH BLUE METAL DOOR SIGN 3,2,0.0,,United Kingdom,INVALID_OR_ZERO_UNIT_PRICE,2026-09-07T10:19:27.317099
full_historical_baseline,539856,22680,FRENCH BLUE METAL DOOR SIGN 5,1,0.0,,United Kingdom,INVALID_OR_ZERO_UNIT_PRICE,2026-09-07T10:19:27.317099
full_historical_baseline,539856,22677,FRENCH BLUE METAL DOOR SIGN 2,6,0.0,,United Kingdom,INVALID_OR_ZERO_UNIT_PRICE,2026-09-07T10:19:27.317099
full_historical_baseline,539856,22676,FRENCH BLUE METAL DOOR SIGN 1,5,0.0,,United Kingdom,INVALID_OR_ZERO_UNIT_PRICE,2026-09-07T10:19:27.317099
full_historical_baseline,539856,22666,RECIPE BOX PANTRY YELLOW DESIGN,7,0.0,,United Kingdom,INVALID_OR_ZERO_UNIT_PRICE,2026-09-07T10:19:27.317099
full_historical_baseline,539856,22665,RECIPE BOX BLUE SKETCHBOOK DESIGN,2,0.0,,United Kingdom,INVALID_OR_ZERO_UNIT_PRICE,2026-09-07T10:19:27.317099
full_historical_baseline,539856,22650,CERAMIC PIRATE CHEST MONEY BANK,1,0.0,,United Kingdom,INVALID_OR_ZERO_UNIT_PRICE,2026-09-07T10:19:27.317099
full_historical_baseline,539856,22647,CERAMIC LOVE HEART MONEY BANK,1,0.0,,United Kingdom,INVALID_OR_ZERO_UNIT_PRICE,2026-09-07T10:19:27.317099
full_historical_baseline,539856,22626,BLACK KITCHEN SCALES,3,0.0,,United Kingdom,INVALID_OR_ZERO_UNIT_PRICE,2026-09-07T10:19:27.317099
full_historical_baseline,539856,22625,RED KITCHEN SCALES,7,0.0,,United Kingdom,INVALID_OR_ZERO_UNIT_PRICE,2026-09-07T10:19:27.317099
full_historical_baseline,539856,22624,IVORY KITCHEN SCALES,3,0.0,,United Kingdom,INVALID_OR_ZERO_UNIT_PRICE,2026-09-07T10:19:27.317099
full_historical_baseline,539856,22619,SET OF 6 SOLDIER SKITTLES,1,0.0,,United Kingdom,INVALID_OR_ZERO_UNIT_PRICE,2026-09-07T10:19:27.317099
full_historical_baseline,539856,22526,WHEELBARROW FOR CHILDREN ,1,0.0,,United Kingdom,INVALID_OR_ZERO_UNIT_PRICE,2026-09-07T10:19:27.317099
full_historical_baseline,539856,22525,CHILDRENS GARDEN GLOVES PINK,3,0.0,,United Kingdom,INVALID_OR_ZERO_UNIT_PRICE,2026-09-07T10:19:27.317099
full_historical_baseline,539856,22524,CHILDRENS GARDEN GLOVES BLUE,1,0.0,,United Kingdom,INVALID_OR_ZERO_UNIT_PRICE,2026-09-07T10:19:27.317099
full_historical_baseline,539856,22518,CHILDS GARDEN BRUSH BLUE,1,0.0,,United Kingdom,INVALID_OR_ZERO_UNIT_PRICE,2026-09-07T10:19:27.317099
full_historical_baseline,539856,22514,CHILDS GARDEN SPADE BLUE,1,0.0,,United Kingdom,INVALID_OR_ZERO_UNIT_PRICE,2026-09-07T10:19:27.317099
full_historical_baseline,539856,22512,DOORSTOP RACING CAR DESIGN,1,0.0,,United Kingdom,INVALID_OR_ZERO_UNIT_PRICE,2026-09-07T10:19:27.317099
full_historical_baseline,539856,22475,SKULL DESIGN TV DINNER TRAY,5,0.0,,United Kingdom,INVALID_OR_ZERO_UNIT_PRICE,2026-09-07T10:19:27.317099
full_historical_baseline,539856,22431,WATERING CAN BLUE ELEPHANT,1,0.0,,United Kingdom,INVALID_OR_ZERO_UNIT_PRICE,2026-09-07T10:19:27.317099
full_historical_baseline,539856,22428,ENAMEL FIRE BUCKET CREAM,4,0.0,,United Kingdom,INVALID_OR_ZERO_UNIT_PRICE,2026-09-07T10:19:27.317099
full_historical_baseline,539856,22426,ENAMEL WASH BOWL CREAM,2,0.0,,United Kingdom,INVALID_OR_ZERO_UNIT_PRICE,2026-09-07T10:19:27.317099
full_historical_baseline,539856,22374,AIRLINE BAG VINTAGE JET SET RED,3,0.0,,United Kingdom,INVALID_OR_ZERO_UNIT_PRICE,2026-09-07T10:19:27.317099
full_historical_baseline,539856,22375,AIRLINE BAG VINTAGE JET SET BROWN,3,0.0,,United Kingdom,INVALID_OR_ZERO_UNIT_PRICE,2026-09-07T10:19:27.317099
full_historical_baseline,539856,22372,AIRLINE BAG VINTAGE WORLD CHAMPION ,1,0.0,,United Kingdom,INVALID_OR_ZERO_UNIT_PRICE,2026-09-07T10:19:27.317099
full_historical_baseline,539856,22371,AIRLINE BAG VINTAGE TOKYO 78,3,0.0,,United Kingdom,INVALID_OR_ZERO_UNIT_PRICE,2026-09-07T10:19:27.317099
full_historical_baseline,539856,22367,CHILDRENS APRON SPACEBOY DESIGN,2,0.0,,United Kingdom,INVALID_OR_ZERO_UNIT_PRICE,2026-09-07T10:19:27.317099
full_historical_baseline,539856,22361,GLASS JAR DAISY FRESH COTTON WOOL,2,0.0,,United Kingdom,INVALID_OR_ZERO_UNIT_PRICE,2026-09-07T10:19:27.317099
full_historical_baseline,539856,22360,GLASS JAR ENGLISH CONFECTIONERY,1,0.0,,United Kingdom,INVALID_OR_ZERO_UNIT_PRICE,2026-09-07T10:19:27.317099
full_historical_baseline,539856,22357,KINGS CHOICE BISCUIT TIN,7,0.0,,United Kingdom,INVALID_OR_ZERO_UNIT_PRICE,2026-09-07T10:19:27.317099
full_historical_baseline,539856,22350,ILLUSTRATED CAT BOWL ,1,0.0,,United Kingdom,INVALID_OR_ZERO_UNIT_PRICE,2026-09-07T10:19:27.317099
full_historical_baseline,539856,22327,ROUND SNACK BOXES SET OF 4 SKULLS,1,0.0,,United Kingdom,INVALID_OR_ZERO_UNIT_PRICE,2026-09-07T10:19:27.317099
full_historical_baseline,539856,22072,RED RETROSPOT TEA CUP AND SAUCER ,1,0.0,,United Kingdom,INVALID_OR_ZERO_UNIT_PRICE,2026-09-07T10:19:27.317099
full_historical_baseline,539856,21912,VINTAGE SNAKES & LADDERS,1,0.0,,United Kingdom,INVALID_OR_ZERO_UNIT_PRICE,2026-09-07T10:19:27.317099
full_historical_baseline,539856,21791,VINTAGE HEADS AND TAILS CARD GAME ,1,0.0,,United Kingdom,INVALID_OR_ZERO_UNIT_PRICE,2026-09-07T10:19:27.317099
full_historical_baseline,539856,22550,HOLIDAY FUN LUDO,1,0.0,,United Kingdom,INVALID_OR_ZERO_UNIT_PRICE,2026-09-07T10:19:27.317099
full_historical_baseline,539856,21888,BINGO SET,2,0.0,,United Kingdom,INVALID_OR_ZERO_UNIT_PRICE,2026-09-07T10:19:27.317099
full_historical_baseline,539856,21539,RED RETROSPOT BUTTER DISH,3,0.0,,United Kingdom,INVALID_OR_ZERO_UNIT_PRICE,2026-09-07T10:19:27.317099
full_historical_baseline,539856,21258,VICTORIAN SEWING BOX LARGE,3,0.0,,United Kingdom,INVALID_OR_ZERO_UNIT_PRICE,2026-09-07T10:19:27.317099
full_historical_baseline,539856,21116,OWL DOORSTOP,1,0.0,,United Kingdom,INVALID_OR_ZERO_UNIT_PRICE,2026-09-07T10:19:27.317099
full_historical_baseline,539856,20719,WOODLAND CHARLOTTE BAG,1,0.0,,United Kingdom,INVALID_OR_ZERO_UNIT_PRICE,2026-09-07T10:19:27.317099
full_historical_baseline,539980,35001W,,-36,0.0,,United Kingdom,INVALID_OR_ZERO_UNIT_PRICE,2026-09-07T10:19:27.317099
full_historical_baseline,539994,22830,,-1,0.0,,United Kingdom,INVALID_OR_ZERO_UNIT_PRICE,2026-09-07T10:19:27.317099
full_historical_baseline,539995,85064,,-12,0.0,,United Kingdom,INVALID_OR_ZERO_UNIT_PRICE,2026-09-07T10:19:27.317099
full_historical_baseline,539996,21784,,-10,0.0,,United Kingdom,INVALID_OR_ZERO_UNIT_PRICE,2026-09-07T10:19:27.317099
full_historical_baseline,539997,84689,,5,0.0,,United Kingdom,INVALID_OR_ZERO_UNIT_PRICE,2026-09-07T10:19:27.317099
full_historical_baseline,539998,84675,,2,0.0,,United Kingdom,INVALID_OR_ZERO_UNIT_PRICE,2026-09-07T10:19:27.317099
full_historical_baseline,539999,20892,,-1,0.0,,United Kingdom,INVALID_OR_ZERO_UNIT_PRICE,2026-09-07T10:19:27.317099
full_historical_baseline,540000,84499,,-9,0.0,,United Kingdom,INVALID_OR_ZERO_UNIT_PRICE,2026-09-07T10:19:27.317099
full_historical_baseline,540008,85230F,,-48,0.0,,United Kingdom,INVALID_OR_ZERO_UNIT_PRICE,2026-09-07T10:19:27.317099
full_historical_baseline,540009,22158,,-120,0.0,,United Kingdom,INVALID_OR_ZERO_UNIT_PRICE,2026-09-07T10:19:27.317099
full_historical_baseline,540010,22501,reverse 21/5/10 adjustment,-100,0.0,,United Kingdom,INVALID_OR_ZERO_UNIT_PRICE,2026-09-07T10:19:27.317099
full_historical_baseline,540011,22501,,30,0.0,,United Kingdom,INVALID_OR_ZERO_UNIT_PRICE,2026-09-07T10:19:27.317099
full_historical_baseline,540012,22502,reverse 21/5/10 adjustment,-100,0.0,,United Kingdom,INVALID_OR_ZERO_UNIT_PRICE,2026-09-07T10:19:27.317099
full_historical_baseline,540018,90112,,2,0.0,,United Kingdom,INVALID_OR_ZERO_UNIT_PRICE,2026-09-07T10:19:27.317099
full_historical_baseline,540100,22837,?,-106,0.0,,United Kingdom,INVALID_OR_ZERO_UNIT_PRICE,2026-09-07T10:19:27.317099
full_historical_baseline,540119,22865,,-60,0.0,,United Kingdom,INVALID_OR_ZERO_UNIT_PRICE,2026-09-07T10:19:27.317099
full_historical_baseline,540241,35957,,-939,0.0,,United Kingdom,INVALID_OR_ZERO_UNIT_PRICE,2026-09-07T10:19:27.317099
full_historical_baseline,540252,22198,,-100,0.0,,United Kingdom,INVALID_OR_ZERO_UNIT_PRICE,2026-09-07T10:19:27.317099
full_historical_baseline,540256,35957,,35,0.0,,United Kingdom,INVALID_OR_ZERO_UNIT_PRICE,2026-09-07T10:19:27.317099
full_historical_baseline,540272,90096,,-54,0.0,,United Kingdom,INVALID_OR_ZERO_UNIT_PRICE,2026-09-07T10:19:27.317099
full_historical_baseline,540355,20724,RED RETROSPOT CHARLOTTE BAG,1,0.0,,United Kingdom,INVALID_OR_ZERO_UNIT_PRICE,2026-09-07T10:19:27.317099
full_historical_baseline,540356,20724,RED RETROSPOT CHARLOTTE BAG,1,0.0,,United Kingdom,INVALID_OR_ZERO_UNIT_PRICE,2026-09-07T10:19:27.317099
full_historical_baseline,540369,47591D,,-201,0.0,,United Kingdom,INVALID_OR_ZERO_UNIT_PRICE,2026-09-07T10:19:27.317099
full_historical_baseline,540372,22090,PAPER BUNTING RETROSPOT,24,0.0,13081.0,United Kingdom,INVALID_OR_ZERO_UNIT_PRICE,2026-09-07T10:19:27.317099
full_historical_baseline,540372,22553,PLASTERS IN TIN SKULLS,24,0.0,13081.0,United Kingdom,INVALID_OR_ZERO_UNIT_PRICE,2026-09-07T10:19:27.317099
full_historical_baseline,540549,21587,,-53,0.0,,United Kingdom,INVALID_OR_ZERO_UNIT_PRICE,2026-09-07T10:19:27.317099
full_historical_baseline,540558,21258,?,-29,0.0,,United Kingdom,INVALID_OR_ZERO_UNIT_PRICE,2026-09-07T10:19:27.317099
full_historical_baseline,540560,21589,,-14,0.0,,United Kingdom,INVALID_OR_ZERO_UNIT_PRICE,2026-09-07T10:19:27.317099
full_historical_baseline,540564,22617,"mouldy, thrown away.",-2600,0.0,,United Kingdom,INVALID_OR_ZERO_UNIT_PRICE,2026-09-07T10:19:27.317099
full_historical_baseline,540637,21275,,-5,0.0,,United Kingdom,INVALID_OR_ZERO_UNIT_PRICE,2026-09-07T10:19:27.317099
full_historical_baseline,540638,72038P,damages,-990,0.0,,United Kingdom,INVALID_OR_ZERO_UNIT_PRICE,2026-09-07T10:19:27.317099
full_historical_baseline,540650,85124C,,-8,0.0,,United Kingdom,INVALID_OR_ZERO_UNIT_PRICE,2026-09-07T10:19:27.317099
full_historical_baseline,540651,82599,?,-290,0.0,,United Kingdom,INVALID_OR_ZERO_UNIT_PRICE,2026-09-07T10:19:27.317099
full_historical_baseline,540673,21644,found,144,0.0,,United Kingdom,INVALID_OR_ZERO_UNIT_PRICE,2026-09-07T10:19:27.317099
full_historical_baseline,540674,22837,Found,26,0.0,,United Kingdom,INVALID_OR_ZERO_UNIT_PRICE,2026-09-07T10:19:27.317099
full_historical_baseline,540675,20748,Found,40,0.0,,United Kingdom,INVALID_OR_ZERO_UNIT_PRICE,2026-09-07T10:19:27.317099
full_historical_baseline,540676,84534B,,12,0.0,,United Kingdom,INVALID_OR_ZERO_UNIT_PRICE,2026-09-07T10:19:27.317099
full_historical_baseline,540677,21667,,1,0.0,,United Kingdom,INVALID_OR_ZERO_UNIT_PRICE,2026-09-07T10:19:27.317099
full_historical_baseline,540678,21667,,-1,0.0,,United Kingdom,INVALID_OR_ZERO_UNIT_PRICE,2026-09-07T10:19:27.317099
full_historical_baseline,540679,21667,,-1,0.0,,United Kingdom,INVALID_OR_ZERO_UNIT_PRICE,2026-09-07T10:19:27.317099
full_historical_baseline,540683,84546,,-45,0.0,,United Kingdom,INVALID_OR_ZERO_UNIT_PRICE,2026-09-07T10:19:27.317099
full_historical_baseline,540684,35271S,,-13,0.0,,United Kingdom,INVALID_OR_ZERO_UNIT_PRICE,2026-09-07T10:19:27.317099
full_historical_baseline,540693,82605,,1,0.0,,United Kingdom,INVALID_OR_ZERO_UNIT_PRICE,2026-09-07T10:19:27.317099
full_historical_baseline,540694,71477,,1,0.0,,United Kingdom,INVALID_OR_ZERO_UNIT_PRICE,2026-09-07T10:19:27.317099
full_historical_baseline,540695,21661,,1,0.0,,United Kingdom,INVALID_OR_ZERO_UNIT_PRICE,2026-09-07T10:19:27.317099
full_historical_baseline,540696,84562A,,1,0.0,,United Kingdom,INVALID_OR_ZERO_UNIT_PRICE,2026-09-07T10:19:27.317099
full_historical_baseline,540699,POST,,1000,0.0,,United Kingdom,INVALID_OR_ZERO_UNIT_PRICE,2026-09-07T10:19:27.317099
full_historical_baseline,540778,84029E,,-50,0.0,,United Kingdom,INVALID_OR_ZERO_UNIT_PRICE,2026-09-07T10:19:27.317099
full_historical_baseline,540832,21670,BLUE SPOT CERAMIC DRAWER KNOB,2,0.0,,United Kingdom,INVALID_OR_ZERO_UNIT_PRICE,2026-09-07T10:19:27.317099
full_historical_baseline,540832,21673,WHITE SPOT BLUE CERAMIC DRAWER KNOB,1,0.0,,United Kingdom,INVALID_OR_ZERO_UNIT_PRICE,2026-09-07T10:19:27.317099
full_historical_baseline,540832,84692,BOX OF 24 COCKTAIL PARASOLS,1,0.0,,United Kingdom,INVALID_OR_ZERO_UNIT_PRICE,2026-09-07T10:19:27.317099
full_historical_baseline,540832,20724,RED RETROSPOT CHARLOTTE BAG,1,0.0,,United Kingdom,INVALID_OR_ZERO_UNIT_PRICE,2026-09-07T10:19:27.317099
full_historical_baseline,540832,22423,REGENCY CAKESTAND 3 TIER,1,0.0,,United Kingdom,INVALID_OR_ZERO_UNIT_PRICE,2026-09-07T10:19:27.317099
full_historical_baseline,540978,84050,counted,-310,0.0,,United Kingdom,INVALID_OR_ZERO_UNIT_PRICE,2026-09-07T10:19:27.317099
full_historical_baseline,540982,22323,,1,0.0,,United Kingdom,INVALID_OR_ZERO_UNIT_PRICE,2026-09-07T10:19:27.317099
full_historical_baseline,540987,17011A,,-61,0.0,,United Kingdom,INVALID_OR_ZERO_UNIT_PRICE,2026-09-07T10:19:27.317099
full_historical_baseline,541000,21632,,-41,0.0,,United Kingdom,INVALID_OR_ZERO_UNIT_PRICE,2026-09-07T10:19:27.317099
full_historical_baseline,541109,22168,ORGANISER WOOD ANTIQUE WHITE ,1,0.0,15107.0,United Kingdom,INVALID_OR_ZERO_UNIT_PRICE,2026-09-07T10:19:27.317099
full_historical_baseline,541431,23166,MEDIUM CERAMIC TOP STORAGE JAR,74215,1.04,12346.0,United Kingdom,INVALID_OR_ZERO_QUANTITY,2026-09-07T10:19:27.317099
full_historical_baseline,C541433,23166,MEDIUM CERAMIC TOP STORAGE JAR,-74215,1.04,12346.0,United Kingdom,INVALID_OR_ZERO_QUANTITY,2026-09-07T10:19:27.317099
full_historical_baseline,541482,22837,,-35,0.0,,United Kingdom,INVALID_OR_ZERO_UNIT_PRICE,2026-09-07T10:19:27.317099
full_historical_baseline,541487,85118,,-35,0.0,,United Kingdom,INVALID_OR_ZERO_UNIT_PRICE,2026-09-07T10:19:27.317099
full_historical_baseline,541519,21429,,-15,0.0,,United Kingdom,INVALID_OR_ZERO_UNIT_PRICE,2026-09-07T10:19:27.317099
full_historical_baseline,541600,22866,,-64,0.0,,United Kingdom,INVALID_OR_ZERO_UNIT_PRICE,2026-09-07T10:19:27.317099
full_historical_baseline,541601,22632,,-84,0.0,,United Kingdom,INVALID_OR_ZERO_UNIT_PRICE,2026-09-07T10:19:27.317099
full_historical_baseline,541685,22351,Given away,-1400,0.0,,United Kingdom,INVALID_OR_ZERO_UNIT_PRICE,2026-09-07T10:19:27.317099
full_historical_baseline,541687,46000S,Dotcom,-300,0.0,,United Kingdom,INVALID_OR_ZERO_UNIT_PRICE,2026-09-07T10:19:27.317099
full_historical_baseline,541697,21632,,8,0.0,,United Kingdom,INVALID_OR_ZERO_UNIT_PRICE,2026-09-07T10:19:27.317099
full_historical_baseline,541702,22451,,-30,0.0,,United Kingdom,INVALID_OR_ZERO_UNIT_PRICE,2026-09-07T10:19:27.317099
full_historical_baseline,541802,20854,,-80,0.0,,United Kingdom,INVALID_OR_ZERO_UNIT_PRICE,2026-09-07T10:19:27.317099
full_historical_baseline,541882,48185,?,-57,0.0,,United Kingdom,INVALID_OR_ZERO_UNIT_PRICE,2026-09-07T10:19:27.317099
full_historical_baseline,541967,84823,,-3,0.0,,United Kingdom,INVALID_OR_ZERO_UNIT_PRICE,2026-09-07T10:19:27.317099
full_historical_baseline,542156,21348,,8,0.0,,United Kingdom,INVALID_OR_ZERO_UNIT_PRICE,2026-09-07T10:19:27.317099
full_historical_baseline,542225,85096,label mix up,-59,0.0,,United Kingdom,INVALID_OR_ZERO_UNIT_PRICE,2026-09-07T10:19:27.317099
full_historical_baseline,542361,85161,samples/damages,-20,0.0,,United Kingdom,INVALID_OR_ZERO_UNIT_PRICE,2026-09-07T10:19:27.317099
full_historical_baseline,542362,20699,,-16,0.0,,United Kingdom,INVALID_OR_ZERO_UNIT_PRICE,2026-09-07T10:19:27.317099
full_historical_baseline,542363,84823,,1,0.0,,United Kingdom,INVALID_OR_ZERO_UNIT_PRICE,2026-09-07T10:19:27.317099
full_historical_baseline,542364,21324,,5,0.0,,United Kingdom,INVALID_OR_ZERO_UNIT_PRICE,2026-09-07T10:19:27.317099
full_historical_baseline,542365,21897,,-22,0.0,,United Kingdom,INVALID_OR_ZERO_UNIT_PRICE,2026-09-07T10:19:27.317099
full_historical_baseline,542367,82583,,-30,0.0,,United Kingdom,INVALID_OR_ZERO_UNIT_PRICE,2026-09-07T10:19:27.317099
full_historical_baseline,542368,85188B,,-70,0.0,,United Kingdom,INVALID_OR_ZERO_UNIT_PRICE,2026-09-07T10:19:27.317099
full_historical_baseline,542378,84279B,,192,0.0,,United Kingdom,INVALID_OR_ZERO_UNIT_PRICE,2026-09-07T10:19:27.317099
full_historical_baseline,542379,35922,,-30,0.0,,United Kingdom,INVALID_OR_ZERO_UNIT_PRICE,2026-09-07T10:19:27.317099
full_historical_baseline,542380,84917,,-50,0.0,,United Kingdom,INVALID_OR_ZERO_UNIT_PRICE,2026-09-07T10:19:27.317099
full_historical_baseline,542391,84455,,-31,0.0,,United Kingdom,INVALID_OR_ZERO_UNIT_PRICE,2026-09-07T10:19:27.317099
full_historical_baseline,542392,84227,,-2,0.0,,United Kingdom,INVALID_OR_ZERO_UNIT_PRICE,2026-09-07T10:19:27.317099
full_historical_baseline,542394,84452,,65,0.0,,United Kingdom,INVALID_OR_ZERO_UNIT_PRICE,2026-09-07T10:19:27.317099
full_historical_baseline,542396,22146,,-4,0.0,,United Kingdom,INVALID_OR_ZERO_UNIT_PRICE,2026-09-07T10:19:27.317099
full_historical_baseline,542414,84967A,,-2,0.0,,United Kingdom,INVALID_OR_ZERO_UNIT_PRICE,2026-09-07T10:19:27.317099
full_historical_baseline,542415,84967B,,-1,0.0,,United Kingdom,INVALID_OR_ZERO_UNIT_PRICE,2026-09-07T10:19:27.317099
full_historical_baseline,542417,84966B,,-11,0.0,,United Kingdom,INVALID_OR_ZERO_UNIT_PRICE,2026-09-07T10:19:27.317099
full_historical_baseline,542418,84966A,,-17,0.0,,United Kingdom,INVALID_OR_ZERO_UNIT_PRICE,2026-09-07T10:19:27.317099
full_historical_baseline,542504,37413,,5568,0.0,,United Kingdom,INVALID_OR_ZERO_UNIT_PRICE,2026-09-07T10:19:27.317099
full_historical_baseline,542505,79063D,,2560,0.0,,United Kingdom,INVALID_OR_ZERO_UNIT_PRICE,2026-09-07T10:19:27.317099
full_historical_baseline,542507,20798,,5,0.0,,United Kingdom,INVALID_OR_ZERO_UNIT_PRICE,2026-09-07T10:19:27.317099
full_historical_baseline,542508,37467,,136,0.0,,United Kingdom,INVALID_OR_ZERO_UNIT_PRICE,2026-09-07T10:19:27.317099
full_historical_baseline,542509,85049B,,3,0.0,,United Kingdom,INVALID_OR_ZERO_UNIT_PRICE,2026-09-07T10:19:27.317099
full_historical_baseline,542510,21667,,2,0.0,,United Kingdom,INVALID_OR_ZERO_UNIT_PRICE,2026-09-07T10:19:27.317099
full_historical_baseline,542512,22830,,2,0.0,,United Kingdom,INVALID_OR_ZERO_UNIT_PRICE,2026-09-07T10:19:27.317099
full_historical_baseline,542513,75013B,,2,0.0,,United Kingdom,INVALID_OR_ZERO_UNIT_PRICE,2026-09-07T10:19:27.317099
full_historical_baseline,542514,22866,,1,0.0,,United Kingdom,INVALID_OR_ZERO_UNIT_PRICE,2026-09-07T10:19:27.317099
full_historical_baseline,542515,35607A,,1,0.0,,United Kingdom,INVALID_OR_ZERO_UNIT_PRICE,2026-09-07T10:19:27.317099
full_historical_baseline,542516,71477,,4,0.0,,United Kingdom,INVALID_OR_ZERO_UNIT_PRICE,2026-09-07T10:19:27.317099
full_historical_baseline,542518,22184,,-13,0.0,,United Kingdom,INVALID_OR_ZERO_UNIT_PRICE,2026-09-07T10:19:27.317099
full_historical_baseline,542529,DCGS0055,,-1,0.0,,United Kingdom,INVALID_OR_ZERO_UNIT_PRICE,2026-09-07T10:19:27.317099
full_historical_baseline,542531,DCGS0072,,-1,0.0,,United Kingdom,INVALID_OR_ZERO_UNIT_PRICE,2026-09-07T10:19:27.317099
full_historical_baseline,542532,DCGS0074,,-1,0.0,,United Kingdom,INVALID_OR_ZERO_UNIT_PRICE,2026-09-07T10:19:27.317099
full_historical_baseline,542544,17165D,,-10,0.0,,United Kingdom,INVALID_OR_ZERO_UNIT_PRICE,2026-09-07T10:19:27.317099
full_historical_baseline,542545,17165D,,9,0.0,,United Kingdom,INVALID_OR_ZERO_UNIT_PRICE,2026-09-07T10:19:27.317099
full_historical_baseline,542546,20734,,-1,0.0,,United Kingdom,INVALID_OR_ZERO_UNIT_PRICE,2026-09-07T10:19:27.317099
full_historical_baseline,542547,20864,,-1,0.0,,United Kingdom,INVALID_OR_ZERO_UNIT_PRICE,2026-09-07T10:19:27.317099
full_historical_baseline,542548,20892,,-1,0.0,,United Kingdom,INVALID_OR_ZERO_UNIT_PRICE,2026-09-07T10:19:27.317099
full_historical_baseline,542550,20910,,-1,0.0,,United Kingdom,INVALID_OR_ZERO_UNIT_PRICE,2026-09-07T10:19:27.317099
full_historical_baseline,542551,21282,,-1,0.0,,United Kingdom,INVALID_OR_ZERO_UNIT_PRICE,2026-09-07T10:19:27.317099
full_historical_baseline,542552,21645,,-1,0.0,,United Kingdom,INVALID_OR_ZERO_UNIT_PRICE,2026-09-07T10:19:27.317099
full_historical_baseline,542553,21805,,-1,0.0,,United Kingdom,INVALID_OR_ZERO_UNIT_PRICE,2026-09-07T10:19:27.317099
full_historical_baseline,542554,21836,,-1,0.0,,United Kingdom,INVALID_OR_ZERO_UNIT_PRICE,2026-09-07T10:19:27.317099
full_historical_baseline,542555,21841,,-1,0.0,,United Kingdom,INVALID_OR_ZERO_UNIT_PRICE,2026-09-07T10:19:27.317099
full_historical_baseline,542556,22143,,-1,0.0,,United Kingdom,INVALID_OR_ZERO_UNIT_PRICE,2026-09-07T10:19:27.317099
full_historical_baseline,542557,22765,,-1,0.0,,United Kingdom,INVALID_OR_ZERO_UNIT_PRICE,2026-09-07T10:19:27.317099
full_historical_baseline,542558,35644,,-1,0.0,,United Kingdom,INVALID_OR_ZERO_UNIT_PRICE,2026-09-07T10:19:27.317099
full_historical_baseline,542559,35991,,-1,0.0,,United Kingdom,INVALID_OR_ZERO_UNIT_PRICE,2026-09-07T10:19:27.317099
full_historical_baseline,542560,47579,,-1,0.0,,United Kingdom,INVALID_OR_ZERO_UNIT_PRICE,2026-09-07T10:19:27.317099
full_historical_baseline,542561,84424A,,-1,0.0,,United Kingdom,INVALID_OR_ZERO_UNIT_PRICE,2026-09-07T10:19:27.317099
full_historical_baseline,542562,84499,,-1,0.0,,United Kingdom,INVALID_OR_ZERO_UNIT_PRICE,2026-09-07T10:19:27.317099
full_historical_baseline,542563,84509F,,-1,0.0,,United Kingdom,INVALID_OR_ZERO_UNIT_PRICE,2026-09-07T10:19:27.317099
full_historical_baseline,542564,84526,,-1,0.0,,United Kingdom,INVALID_OR_ZERO_UNIT_PRICE,2026-09-07T10:19:27.317099
full_historical_baseline,542565,84664,,-1,0.0,,United Kingdom,INVALID_OR_ZERO_UNIT_PRICE,2026-09-07T10:19:27.317099
full_historical_baseline,542566,84964B,,-1,0.0,,United Kingdom,INVALID_OR_ZERO_UNIT_PRICE,2026-09-07T10:19:27.317099
full_historical_baseline,542567,84975,,-1,0.0,,United Kingdom,INVALID_OR_ZERO_UNIT_PRICE,2026-09-07T10:19:27.317099
full_historical_baseline,542569,85028L,,-1,0.0,,United Kingdom,INVALID_OR_ZERO_UNIT_PRICE,2026-09-07T10:19:27.317099
full_historical_baseline,542570,85028S,,-1,0.0,,United Kingdom,INVALID_OR_ZERO_UNIT_PRICE,2026-09-07T10:19:27.317099
full_historical_baseline,542571,85031C,,-1,0.0,,United Kingdom,INVALID_OR_ZERO_UNIT_PRICE,2026-09-07T10:19:27.317099
full_historical_baseline,542572,85064,,-1,0.0,,United Kingdom,INVALID_OR_ZERO_UNIT_PRICE,2026-09-07T10:19:27.317099
full_historical_baseline,542573,85110,,-1,0.0,,United Kingdom,INVALID_OR_ZERO_UNIT_PRICE,2026-09-07T10:19:27.317099
full_historical_baseline,542574,85119,,-1,0.0,,United Kingdom,INVALID_OR_ZERO_UNIT_PRICE,2026-09-07T10:19:27.317099
full_historical_baseline,542575,85126,,-1,0.0,,United Kingdom,INVALID_OR_ZERO_UNIT_PRICE,2026-09-07T10:19:27.317099
full_historical_baseline,542576,85179B,,-1,0.0,,United Kingdom,INVALID_OR_ZERO_UNIT_PRICE,2026-09-07T10:19:27.317099
full_historical_baseline,542577,85232B,,-1,0.0,,United Kingdom,INVALID_OR_ZERO_UNIT_PRICE,2026-09-07T10:19:27.317099
full_historical_baseline,542579,90000C,,-1,0.0,,United Kingdom,INVALID_OR_ZERO_UNIT_PRICE,2026-09-07T10:19:27.317099
full_historical_baseline,542580,90095,,-1,0.0,,United Kingdom,INVALID_OR_ZERO_UNIT_PRICE,2026-09-07T10:19:27.317099
full_historical_baseline,542581,90091,,-1,0.0,,United Kingdom,INVALID_OR_ZERO_UNIT_PRICE,2026-09-07T10:19:27.317099
full_historical_baseline,542582,DCGS0057,,-6,0.0,,United Kingdom,INVALID_OR_ZERO_UNIT_PRICE,2026-09-07T10:19:27.317099
full_historical_baseline,542783,21690,,4,0.0,,United Kingdom,INVALID_OR_ZERO_UNIT_PRICE,2026-09-07T10:19:27.317099
full_historical_baseline,542784,84795C,,3,0.0,,United Kingdom,INVALID_OR_ZERO_UNIT_PRICE,2026-09-07T10:19:27.317099
full_historical_baseline,542861,47591B,?,-207,0.0,,United Kingdom,INVALID_OR_ZERO_UNIT_PRICE,2026-09-07T10:19:27.317099
full_historical_baseline,542879,22242,,-19,0.0,,United Kingdom,INVALID_OR_ZERO_UNIT_PRICE,2026-09-07T10:19:27.317099
full_historical_baseline,542880,22242,,10,0.0,,United Kingdom,INVALID_OR_ZERO_UNIT_PRICE,2026-09-07T10:19:27.317099
full_historical_baseline,542882,22162,,-40,0.0,,United Kingdom,INVALID_OR_ZERO_UNIT_PRICE,2026-09-07T10:19:27.317099
full_historical_baseline,542883,21448,,-40,0.0,,United Kingdom,INVALID_OR_ZERO_UNIT_PRICE,2026-09-07T10:19:27.317099
full_historical_baseline,542884,84748,,-52,0.0,,United Kingdom,INVALID_OR_ZERO_UNIT_PRICE,2026-09-07T10:19:27.317099
full_historical_baseline,542885,84465,,-6,0.0,,United Kingdom,INVALID_OR_ZERO_UNIT_PRICE,2026-09-07T10:19:27.317099
full_historical_baseline,542965,35400,,2,0.0,,United Kingdom,INVALID_OR_ZERO_UNIT_PRICE,2026-09-07T10:19:27.317099
full_historical_baseline,543014,47591B,,1,0.0,,United Kingdom,INVALID_OR_ZERO_UNIT_PRICE,2026-09-07T10:19:27.317099
full_historical_baseline,543034,85049F,,-130,0.0,,United Kingdom,INVALID_OR_ZERO_UNIT_PRICE,2026-09-07T10:19:27.317099
full_historical_baseline,543035,35004C,,-206,0.0,,United Kingdom,INVALID_OR_ZERO_UNIT_PRICE,2026-09-07T10:19:27.317099
full_historical_baseline,543049,79063C,,320,0.0,,United Kingdom,INVALID_OR_ZERO_UNIT_PRICE,2026-09-07T10:19:27.317099
full_historical_baseline,543051,79062D,,960,0.0,,United Kingdom,INVALID_OR_ZERO_UNIT_PRICE,2026-09-07T10:19:27.317099
full_historical_baseline,543176,22353,,60,0.0,,United Kingdom,INVALID_OR_ZERO_UNIT_PRICE,2026-09-07T10:19:27.317099
full_historical_baseline,543194,21355,,-217,0.0,,United Kingdom,INVALID_OR_ZERO_UNIT_PRICE,2026-09-07T10:19:27.317099
full_historical_baseline,543238,22833,,1,0.0,,United Kingdom,INVALID_OR_ZERO_UNIT_PRICE,2026-09-07T10:19:27.317099
full_historical_baseline,543254,35645,,18,0.0,,United Kingdom,INVALID_OR_ZERO_UNIT_PRICE,2026-09-07T10:19:27.317099
full_historical_baseline,543257,84611B,thrown away,-1430,0.0,,United Kingdom,INVALID_OR_ZERO_UNIT_PRICE,2026-09-07T10:19:27.317099
full_historical_baseline,543258,84611B,,1287,0.0,,United Kingdom,INVALID_OR_ZERO_UNIT_PRICE,2026-09-07T10:19:27.317099
full_historical_baseline,543259,84612B,thrown away,-162,0.0,,United Kingdom,INVALID_OR_ZERO_UNIT_PRICE,2026-09-07T10:19:27.317099
full_historical_baseline,543260,84613A,thrown away,-230,0.0,,United Kingdom,INVALID_OR_ZERO_UNIT_PRICE,2026-09-07T10:19:27.317099
full_historical_baseline,543261,84613C,,-173,0.0,,United Kingdom,INVALID_OR_ZERO_UNIT_PRICE,2026-09-07T10:19:27.317099
full_historical_baseline,543262,84614A,thrown away,-390,0.0,,United Kingdom,INVALID_OR_ZERO_UNIT_PRICE,2026-09-07T10:19:27.317099
full_historical_baseline,543265,84872A,,-4,0.0,,United Kingdom,INVALID_OR_ZERO_UNIT_PRICE,2026-09-07T10:19:27.317099
full_historical_baseline,543266,82095,,-5,0.0,,United Kingdom,INVALID_OR_ZERO_UNIT_PRICE,2026-09-07T10:19:27.317099
full_historical_baseline,543267,35645,,3,0.0,,United Kingdom,INVALID_OR_ZERO_UNIT_PRICE,2026-09-07T10:19:27.317099
full_historical_baseline,543268,84306,,3,0.0,,United Kingdom,INVALID_OR_ZERO_UNIT_PRICE,2026-09-07T10:19:27.317099
full_historical_baseline,543269,84638,,-18,0.0,,United Kingdom,INVALID_OR_ZERO_UNIT_PRICE,2026-09-07T10:19:27.317099
full_historical_baseline,543270,84631,,-19,0.0,,United Kingdom,INVALID_OR_ZERO_UNIT_PRICE,2026-09-07T10:19:27.317099
full_historical_baseline,543271,21087,,-6,0.0,,United Kingdom,INVALID_OR_ZERO_UNIT_PRICE,2026-09-07T10:19:27.317099
full_historical_baseline,543308,35969,,-3,0.0,,United Kingdom,INVALID_OR_ZERO_UNIT_PRICE,2026-09-07T10:19:27.317099
full_historical_baseline,543310,35954,,-234,0.0,,United Kingdom,INVALID_OR_ZERO_UNIT_PRICE,2026-09-07T10:19:27.317099
full_historical_baseline,543386,16207B,,4,0.0,,United Kingdom,INVALID_OR_ZERO_UNIT_PRICE,2026-09-07T10:19:27.317099
full_historical_baseline,543390,84880,,-5,0.0,,United Kingdom,INVALID_OR_ZERO_UNIT_PRICE,2026-09-07T10:19:27.317099
full_historical_baseline,543453,21429,,1,0.0,,United Kingdom,INVALID_OR_ZERO_UNIT_PRICE,2026-09-07T10:19:27.317099
full_historical_baseline,543471,85150,,118,0.0,,United Kingdom,INVALID_OR_ZERO_UNIT_PRICE,2026-09-07T10:19:27.317099
full_historical_baseline,543472,22451,,1,0.0,,United Kingdom,INVALID_OR_ZERO_UNIT_PRICE,2026-09-07T10:19:27.317099
full_historical_baseline,543473,21661,,1,0.0,,United Kingdom,INVALID_OR_ZERO_UNIT_PRICE,2026-09-07T10:19:27.317099
full_historical_baseline,543521,22769,,-6,0.0,,United Kingdom,INVALID_OR_ZERO_UNIT_PRICE,2026-09-07T10:19:27.317099
full_historical_baseline,543545,22627,,-11,0.0,,United Kingdom,INVALID_OR_ZERO_UNIT_PRICE,2026-09-07T10:19:27.317099
full_historical_baseline,543552,22847,,-10,0.0,,United Kingdom,INVALID_OR_ZERO_UNIT_PRICE,2026-09-07T10:19:27.317099
full_historical_baseline,543599,84535B,FAIRY CAKES NOTEBOOK A6 SIZE,16,0.0,17560.0,United Kingdom,INVALID_OR_ZERO_UNIT_PRICE,2026-09-07T10:19:27.317099
full_historical_baseline,543654,22525,,-57,0.0,,United Kingdom,INVALID_OR_ZERO_UNIT_PRICE,2026-09-07T10:19:27.317099
full_historical_baseline,543655,21717,,-42,0.0,,United Kingdom,INVALID_OR_ZERO_UNIT_PRICE,2026-09-07T10:19:27.317099
full_historical_baseline,543656,84801B,,-44,0.0,,United Kingdom,INVALID_OR_ZERO_UNIT_PRICE,2026-09-07T10:19:27.317099
full_historical_baseline,543781,21655,,19,0.0,,United Kingdom,INVALID_OR_ZERO_UNIT_PRICE,2026-09-07T10:19:27.317099
full_historical_baseline,543782,85232B,,6,0.0,,United Kingdom,INVALID_OR_ZERO_UNIT_PRICE,2026-09-07T10:19:27.317099
full_historical_baseline,543783,20966,,-41,0.0,,United Kingdom,INVALID_OR_ZERO_UNIT_PRICE,2026-09-07T10:19:27.317099
full_historical_baseline,543827,84406B,incorrectly made-thrown away.,-64,0.0,,United Kingdom,INVALID_OR_ZERO_UNIT_PRICE,2026-09-07T10:19:27.317099
full_historical_baseline,544046,21785,,-140,0.0,,United Kingdom,INVALID_OR_ZERO_UNIT_PRICE,2026-09-07T10:19:27.317099
full_historical_baseline,544063,22837,,-9,0.0,,United Kingdom,INVALID_OR_ZERO_UNIT_PRICE,2026-09-07T10:19:27.317099
full_historical_baseline,544072,22837,,26,0.0,,United Kingdom,INVALID_OR_ZERO_UNIT_PRICE,2026-09-07T10:19:27.317099
full_historical_baseline,544086,21785,,-7,0.0,,United Kingdom,INVALID_OR_ZERO_UNIT_PRICE,2026-09-07T10:19:27.317099
full_historical_baseline,544321,16033,,120,0.0,,United Kingdom,INVALID_OR_ZERO_UNIT_PRICE,2026-09-07T10:19:27.317099
full_historical_baseline,544342,22633,,-53,0.0,,United Kingdom,INVALID_OR_ZERO_UNIT_PRICE,2026-09-07T10:19:27.317099
full_historical_baseline,544343,22867,,-99,0.0,,United Kingdom,INVALID_OR_ZERO_UNIT_PRICE,2026-09-07T10:19:27.317099
full_historical_baseline,544344,22865,,51,0.0,,United Kingdom,INVALID_OR_ZERO_UNIT_PRICE,2026-09-07T10:19:27.317099
full_historical_baseline,544345,22866,,1,0.0,,United Kingdom,INVALID_OR_ZERO_UNIT_PRICE,2026-09-07T10:19:27.317099
full_historical_baseline,544346,22114,,-21,0.0,,United Kingdom,INVALID_OR_ZERO_UNIT_PRICE,2026-09-07T10:19:27.317099
full_historical_baseline,544347,22114,,-4,0.0,,United Kingdom,INVALID_OR_ZERO_UNIT_PRICE,2026-09-07T10:19:27.317099
full_historical_baseline,544348,84029E,,13,0.0,,United Kingdom,INVALID_OR_ZERO_UNIT_PRICE,2026-09-07T10:19:27.317099
full_historical_baseline,544396,62094B,,-92,0.0,,United Kingdom,INVALID_OR_ZERO_UNIT_PRICE,2026-09-07T10:19:27.317099
full_historical_baseline,544410,84997C,?,-741,0.0,,United Kingdom,INVALID_OR_ZERO_UNIT_PRICE,2026-09-07T10:19:27.317099
full_historical_baseline,544554,22588,,-41,0.0,,United Kingdom,INVALID_OR_ZERO_UNIT_PRICE,2026-09-07T10:19:27.317099
full_historical_baseline,544579,21651,,-6,0.0,,United Kingdom,INVALID_OR_ZERO_UNIT_PRICE,2026-09-07T10:19:27.317099
full_historical_baseline,544649,21621,?,-400,0.0,,United Kingdom,INVALID_OR_ZERO_UNIT_PRICE,2026-09-07T10:19:27.317099
full_historical_baseline,544703,22202,,-114,0.0,,United Kingdom,INVALID_OR_ZERO_UNIT_PRICE,2026-09-07T10:19:27.317099
full_historical_baseline,544832,62096A,,-88,0.0,,United Kingdom,INVALID_OR_ZERO_UNIT_PRICE,2026-09-07T10:19:27.317099
full_historical_baseline,544834,90200C,,-33,0.0,,United Kingdom,INVALID_OR_ZERO_UNIT_PRICE,2026-09-07T10:19:27.317099
full_historical_baseline,545127,22024,,-50,0.0,,United Kingdom,INVALID_OR_ZERO_UNIT_PRICE,2026-09-07T10:19:27.317099
full_historical_baseline,545135,22028,,-30,0.0,,United Kingdom,INVALID_OR_ZERO_UNIT_PRICE,2026-09-07T10:19:27.317099
full_historical_baseline,545160,22666,RECIPE BOX PANTRY YELLOW DESIGN,1,0.0,,United Kingdom,INVALID_OR_ZERO_UNIT_PRICE,2026-09-07T10:19:27.317099
full_historical_baseline,545160,22627,MINT KITCHEN SCALES,1,0.0,,United Kingdom,INVALID_OR_ZERO_UNIT_PRICE,2026-09-07T10:19:27.317099
full_historical_baseline,545160,22625,RED KITCHEN SCALES,1,0.0,,United Kingdom,INVALID_OR_ZERO_UNIT_PRICE,2026-09-07T10:19:27.317099
full_historical_baseline,545160,22559,SEASIDE FLYING DISC,1,0.0,,United Kingdom,INVALID_OR_ZERO_UNIT_PRICE,2026-09-07T10:19:27.317099
full_historical_baseline,545176,22470,HEART OF WICKER LARGE,1,0.0,,United Kingdom,INVALID_OR_ZERO_UNIT_PRICE,2026-09-07T10:19:27.317099
full_historical_baseline,545176,22374,AIRLINE BAG VINTAGE JET SET RED,2,0.0,,United Kingdom,INVALID_OR_ZERO_UNIT_PRICE,2026-09-07T10:19:27.317099
full_historical_baseline,545176,22371,AIRLINE BAG VINTAGE TOKYO 78,1,0.0,,United Kingdom,INVALID_OR_ZERO_UNIT_PRICE,2026-09-07T10:19:27.317099
full_historical_baseline,545176,22365,DOORMAT RESPECTABLE HOUSE,1,0.0,,United Kingdom,INVALID_OR_ZERO_UNIT_PRICE,2026-09-07T10:19:27.317099
full_historical_baseline,545176,22363,GLASS JAR MARMALADE ,1,0.0,,United Kingdom,INVALID_OR_ZERO_UNIT_PRICE,2026-09-07T10:19:27.317099
full_historical_baseline,545176,22360,GLASS JAR ENGLISH CONFECTIONERY,1,0.0,,United Kingdom,INVALID_OR_ZERO_UNIT_PRICE,2026-09-07T10:19:27.317099
full_historical_baseline,545176,22364,GLASS JAR DIGESTIVE BISCUITS,1,0.0,,United Kingdom,INVALID_OR_ZERO_UNIT_PRICE,2026-09-07T10:19:27.317099
full_historical_baseline,545176,22359,GLASS JAR KINGS CHOICE,2,0.0,,United Kingdom,INVALID_OR_ZERO_UNIT_PRICE,2026-09-07T10:19:27.317099
full_historical_baseline,545176,22357,KINGS CHOICE BISCUIT TIN,3,0.0,,United Kingdom,INVALID_OR_ZERO_UNIT_PRICE,2026-09-07T10:19:27.317099
full_historical_baseline,545176,22350,ILLUSTRATED CAT BOWL ,1,0.0,,United Kingdom,INVALID_OR_ZERO_UNIT_PRICE,2026-09-07T10:19:27.317099
full_historical_baseline,545176,22300,COFFEE MUG DOG + BALL DESIGN,1,0.0,,United Kingdom,INVALID_OR_ZERO_UNIT_PRICE,2026-09-07T10:19:27.317099
full_historical_baseline,545176,22064,PINK DOUGHNUT TRINKET POT ,1,0.0,,United Kingdom,INVALID_OR_ZERO_UNIT_PRICE,2026-09-07T10:19:27.317099
full_historical_baseline,545176,21888,BINGO SET,1,0.0,,United Kingdom,INVALID_OR_ZERO_UNIT_PRICE,2026-09-07T10:19:27.317099
full_historical_baseline,545176,21116,OWL DOORSTOP,5,0.0,,United Kingdom,INVALID_OR_ZERO_UNIT_PRICE,2026-09-07T10:19:27.317099
full_historical_baseline,545176,20724,RED RETROSPOT CHARLOTTE BAG,1,0.0,,United Kingdom,INVALID_OR_ZERO_UNIT_PRICE,2026-09-07T10:19:27.317099
full_historical_baseline,545176,20685,DOORMAT RED RETROSPOT,1,0.0,,United Kingdom,INVALID_OR_ZERO_UNIT_PRICE,2026-09-07T10:19:27.317099
full_historical_baseline,545176,20652,BLUE POLKADOT LUGGAGE TAG ,3,0.0,,United Kingdom,INVALID_OR_ZERO_UNIT_PRICE,2026-09-07T10:19:27.317099
full_historical_baseline,545176,20615,BLUE POLKADOT PASSPORT COVER,3,0.0,,United Kingdom,INVALID_OR_ZERO_UNIT_PRICE,2026-09-07T10:19:27.317099
full_historical_baseline,545176,18098C,PORCELAIN BUTTERFLY OIL BURNER,6,0.0,,United Kingdom,INVALID_OR_ZERO_UNIT_PRICE,2026-09-07T10:19:27.317099
full_historical_baseline,545176,22383,LUNCH BAG SUKI DESIGN ,1,0.0,,United Kingdom,INVALID_OR_ZERO_UNIT_PRICE,2026-09-07T10:19:27.317099
full_historical_baseline,545176,85099F,JUMBO BAG STRAWBERRY,1,0.0,,United Kingdom,INVALID_OR_ZERO_UNIT_PRICE,2026-09-07T10:19:27.317099
full_historical_baseline,545176,84968E,SET OF 16 VINTAGE BLACK CUTLERY,1,0.0,,United Kingdom,INVALID_OR_ZERO_UNIT_PRICE,2026-09-07T10:19:27.317099
full_historical_baseline,545176,84872A,TEATIME FUNKY FLOWER BACKPACK FOR 2,1,0.0,,United Kingdom,INVALID_OR_ZERO_UNIT_PRICE,2026-09-07T10:19:27.317099
full_historical_baseline,545176,22676,FRENCH BLUE METAL DOOR SIGN 1,1,0.0,,United Kingdom,INVALID_OR_ZERO_UNIT_PRICE,2026-09-07T10:19:27.317099
full_historical_baseline,545176,21899,"KEY FOB , GARAGE DESIGN",1,0.0,,United Kingdom,INVALID_OR_ZERO_UNIT_PRICE,2026-09-07T10:19:27.317099
full_historical_baseline,545176,22524,CHILDRENS GARDEN GLOVES BLUE,1,0.0,,United Kingdom,INVALID_OR_ZERO_UNIT_PRICE,2026-09-07T10:19:27.317099
full_historical_baseline,545176,84692,BOX OF 24 COCKTAIL PARASOLS,1,0.0,,United Kingdom,INVALID_OR_ZERO_UNIT_PRICE,2026-09-07T10:19:27.317099
full_historical_baseline,545176,79321,CHILLI LIGHTS,1,0.0,,United Kingdom,INVALID_OR_ZERO_UNIT_PRICE,2026-09-07T10:19:27.317099
full_historical_baseline,545176,37333,"RETRO ""TEA FOR ONE"" ",3,0.0,,United Kingdom,INVALID_OR_ZERO_UNIT_PRICE,2026-09-07T10:19:27.317099
full_historical_baseline,545176,22697,GREEN REGENCY TEACUP AND SAUCER,1,0.0,,United Kingdom,INVALID_OR_ZERO_UNIT_PRICE,2026-09-07T10:19:27.317099
full_historical_baseline,545176,22699,ROSES REGENCY TEACUP AND SAUCER ,1,0.0,,United Kingdom,INVALID_OR_ZERO_UNIT_PRICE,2026-09-07T10:19:27.317099
full_historical_baseline,545176,22698,PINK REGENCY TEACUP AND SAUCER,1,0.0,,United Kingdom,INVALID_OR_ZERO_UNIT_PRICE,2026-09-07T10:19:27.317099
full_historical_baseline,545176,22689,DOORMAT MERRY CHRISTMAS RED ,3,0.0,,United Kingdom,INVALID_OR_ZERO_UNIT_PRICE,2026-09-07T10:19:27.317099
full_historical_baseline,545176,22681,FRENCH BLUE METAL DOOR SIGN 6,2,0.0,,United Kingdom,INVALID_OR_ZERO_UNIT_PRICE,2026-09-07T10:19:27.317099
full_historical_baseline,545176,22678,FRENCH BLUE METAL DOOR SIGN 3,1,0.0,,United Kingdom,INVALID_OR_ZERO_UNIT_PRICE,2026-09-07T10:19:27.317099
full_historical_baseline,545176,22686,FRENCH BLUE METAL DOOR SIGN No,2,0.0,,United Kingdom,INVALID_OR_ZERO_UNIT_PRICE,2026-09-07T10:19:27.317099
full_historical_baseline,545176,22681,FRENCH BLUE METAL DOOR SIGN 6,3,0.0,,United Kingdom,INVALID_OR_ZERO_UNIT_PRICE,2026-09-07T10:19:27.317099
full_historical_baseline,545176,22677,FRENCH BLUE METAL DOOR SIGN 2,1,0.0,,United Kingdom,INVALID_OR_ZERO_UNIT_PRICE,2026-09-07T10:19:27.317099
full_historical_baseline,545176,22683,FRENCH BLUE METAL DOOR SIGN 8,1,0.0,,United Kingdom,INVALID_OR_ZERO_UNIT_PRICE,2026-09-07T10:19:27.317099
full_historical_baseline,545176,22676,FRENCH BLUE METAL DOOR SIGN 1,2,0.0,,United Kingdom,INVALID_OR_ZERO_UNIT_PRICE,2026-09-07T10:19:27.317099
full_historical_baseline,545176,22665,RECIPE BOX BLUE SKETCHBOOK DESIGN,1,0.0,,United Kingdom,INVALID_OR_ZERO_UNIT_PRICE,2026-09-07T10:19:27.317099
full_historical_baseline,545176,22649,STRAWBERRY FAIRY CAKE TEAPOT,1,0.0,,United Kingdom,INVALID_OR_ZERO_UNIT_PRICE,2026-09-07T10:19:27.317099
full_historical_baseline,545176,22627,MINT KITCHEN SCALES,1,0.0,,United Kingdom,INVALID_OR_ZERO_UNIT_PRICE,2026-09-07T10:19:27.317099
full_historical_baseline,545176,22625,RED KITCHEN SCALES,4,0.0,,United Kingdom,INVALID_OR_ZERO_UNIT_PRICE,2026-09-07T10:19:27.317099
full_historical_baseline,545176,22624,IVORY KITCHEN SCALES,8,0.0,,United Kingdom,INVALID_OR_ZERO_UNIT_PRICE,2026-09-07T10:19:27.317099
full_historical_baseline,545176,22619,SET OF 6 SOLDIER SKITTLES,1,0.0,,United Kingdom,INVALID_OR_ZERO_UNIT_PRICE,2026-09-07T10:19:27.317099
full_historical_baseline,545176,22550,HOLIDAY FUN LUDO,1,0.0,,United Kingdom,INVALID_OR_ZERO_UNIT_PRICE,2026-09-07T10:19:27.317099
full_historical_baseline,545176,22473,TV DINNER TRAY VINTAGE PAISLEY,1,0.0,,United Kingdom,INVALID_OR_ZERO_UNIT_PRICE,2026-09-07T10:19:27.317099
full_historical_baseline,545176,22475,SKULL DESIGN TV DINNER TRAY,3,0.0,,United Kingdom,INVALID_OR_ZERO_UNIT_PRICE,2026-09-07T10:19:27.317099
full_historical_baseline,545219,20738,,-36,0.0,,United Kingdom,INVALID_OR_ZERO_UNIT_PRICE,2026-09-07T10:19:27.317099
full_historical_baseline,545236,22797,damages,-15,0.0,,United Kingdom,INVALID_OR_ZERO_UNIT_PRICE,2026-09-07T10:19:27.317099
full_historical_baseline,545401,21769,showroom,-5,0.0,,United Kingdom,INVALID_OR_ZERO_UNIT_PRICE,2026-09-07T10:19:27.317099
full_historical_baseline,545402,22862,,-33,0.0,,United Kingdom,INVALID_OR_ZERO_UNIT_PRICE,2026-09-07T10:19:27.317099
full_historical_baseline,545546,84249A,check,-150,0.0,,United Kingdom,INVALID_OR_ZERO_UNIT_PRICE,2026-09-07T10:19:27.317099
full_historical_baseline,545547,85061W,,-391,0.0,,United Kingdom,INVALID_OR_ZERO_UNIT_PRICE,2026-09-07T10:19:27.317099
full_historical_baseline,545548,77101A,,-87,0.0,,United Kingdom,INVALID_OR_ZERO_UNIT_PRICE,2026-09-07T10:19:27.317099
full_historical_baseline,545549,15058B,,-61,0.0,,United Kingdom,INVALID_OR_ZERO_UNIT_PRICE,2026-09-07T10:19:27.317099
full_historical_baseline,545551,15058A,,20,0.0,,United Kingdom,INVALID_OR_ZERO_UNIT_PRICE,2026-09-07T10:19:27.317099
full_historical_baseline,545552,22021,,-20,0.0,,United Kingdom,INVALID_OR_ZERO_UNIT_PRICE,2026-09-07T10:19:27.317099
full_historical_baseline,545553,84459B,,16,0.0,,United Kingdom,INVALID_OR_ZERO_UNIT_PRICE,2026-09-07T10:19:27.317099
full_historical_baseline,545554,22988,,-70,0.0,,United Kingdom,INVALID_OR_ZERO_UNIT_PRICE,2026-09-07T10:19:27.317099
full_historical_baseline,545560,37464,,-2,0.0,,United Kingdom,INVALID_OR_ZERO_UNIT_PRICE,2026-09-07T10:19:27.317099
full_historical_baseline,545561,37379A,,-9,0.0,,United Kingdom,INVALID_OR_ZERO_UNIT_PRICE,2026-09-07T10:19:27.317099
full_historical_baseline,545562,20689,,-5,0.0,,United Kingdom,INVALID_OR_ZERO_UNIT_PRICE,2026-09-07T10:19:27.317099
full_historical_baseline,545563,20671,,-22,0.0,,United Kingdom,INVALID_OR_ZERO_UNIT_PRICE,2026-09-07T10:19:27.317099
full_historical_baseline,545564,85092,,-9,0.0,,United Kingdom,INVALID_OR_ZERO_UNIT_PRICE,2026-09-07T10:19:27.317099
full_historical_baseline,545565,47563B,,-10,0.0,,United Kingdom,INVALID_OR_ZERO_UNIT_PRICE,2026-09-07T10:19:27.317099
full_historical_baseline,545566,37477D,,-9,0.0,,United Kingdom,INVALID_OR_ZERO_UNIT_PRICE,2026-09-07T10:19:27.317099
full_historical_baseline,545567,37444B,,-3,0.0,,United Kingdom,INVALID_OR_ZERO_UNIT_PRICE,2026-09-07T10:19:27.317099
full_historical_baseline,545598,22080,,-278,0.0,,United Kingdom,INVALID_OR_ZERO_UNIT_PRICE,2026-09-07T10:19:27.317099
full_historical_baseline,545599,22272,,-140,0.0,,United Kingdom,INVALID_OR_ZERO_UNIT_PRICE,2026-09-07T10:19:27.317099
full_historical_baseline,545600,85160A,,-21,0.0,,United Kingdom,INVALID_OR_ZERO_UNIT_PRICE,2026-09-07T10:19:27.317099
full_historical_baseline,545651,21973,,140,0.0,,United Kingdom,INVALID_OR_ZERO_UNIT_PRICE,2026-09-07T10:19:27.317099
full_historical_baseline,545666,37468,,67,0.0,,United Kingdom,INVALID_OR_ZERO_UNIT_PRICE,2026-09-07T10:19:27.317099
full_historical_baseline,545857,20681,MIA,-154,0.0,,United Kingdom,INVALID_OR_ZERO_UNIT_PRICE,2026-09-07T10:19:27.317099
full_historical_baseline,545875,21736,Adjustment,34,0.0,,United Kingdom,INVALID_OR_ZERO_UNIT_PRICE,2026-09-07T10:19:27.317099
full_historical_baseline,545990,84598,check,-3000,0.0,,United Kingdom,INVALID_OR_ZERO_UNIT_PRICE,2026-09-07T10:19:27.317099
full_historical_baseline,546010,22423,damages,-19,0.0,,United Kingdom,INVALID_OR_ZERO_UNIT_PRICE,2026-09-07T10:19:27.317099
full_historical_baseline,546016,85172,Dotcom set,-675,0.0,,United Kingdom,INVALID_OR_ZERO_UNIT_PRICE,2026-09-07T10:19:27.317099
full_historical_baseline,546018,85172,wrongly sold as sets,-600,0.0,,United Kingdom,INVALID_OR_ZERO_UNIT_PRICE,2026-09-07T10:19:27.317099
full_historical_baseline,546020,85175,Amazon sold sets,-210,0.0,,United Kingdom,INVALID_OR_ZERO_UNIT_PRICE,2026-09-07T10:19:27.317099
full_historical_baseline,546021,85175,dotcom sold sets,-345,0.0,,United Kingdom,INVALID_OR_ZERO_UNIT_PRICE,2026-09-07T10:19:27.317099
full_historical_baseline,546023,85175,wrongly sold sets,-975,0.0,,United Kingdom,INVALID_OR_ZERO_UNIT_PRICE,2026-09-07T10:19:27.317099
full_historical_baseline,546024,85175,? sold as sets?,-1200,0.0,,United Kingdom,INVALID_OR_ZERO_UNIT_PRICE,2026-09-07T10:19:27.317099
full_historical_baseline,546025,85172,?sold as sets?,-600,0.0,,United Kingdom,INVALID_OR_ZERO_UNIT_PRICE,2026-09-07T10:19:27.317099
full_historical_baseline,546026,90200C,,4,0.0,,United Kingdom,INVALID_OR_ZERO_UNIT_PRICE,2026-09-07T10:19:27.317099
full_historical_baseline,546085,84535A,,144,0.0,,United Kingdom,INVALID_OR_ZERO_UNIT_PRICE,2026-09-07T10:19:27.317099
full_historical_baseline,546114,84247K,,47,0.0,,United Kingdom,INVALID_OR_ZERO_UNIT_PRICE,2026-09-07T10:19:27.317099
full_historical_baseline,546124,35610C,Thrown away.,-1121,0.0,,United Kingdom,INVALID_OR_ZERO_UNIT_PRICE,2026-09-07T10:19:27.317099
full_historical_baseline,546126,35611B,thrown away,-27,0.0,,United Kingdom,INVALID_OR_ZERO_UNIT_PRICE,2026-09-07T10:19:27.317099
full_historical_baseline,546129,35610B,thrown away,-541,0.0,,United Kingdom,INVALID_OR_ZERO_UNIT_PRICE,2026-09-07T10:19:27.317099
full_historical_baseline,546130,35610A,thrown away,-1277,0.0,,United Kingdom,INVALID_OR_ZERO_UNIT_PRICE,2026-09-07T10:19:27.317099
full_historical_baseline,546137,20893,damages/display,-197,0.0,,United Kingdom,INVALID_OR_ZERO_UNIT_PRICE,2026-09-07T10:19:27.317099
full_historical_baseline,546138,21815,?,-300,0.0,,United Kingdom,INVALID_OR_ZERO_UNIT_PRICE,2026-09-07T10:19:27.317099
full_historical_baseline,546139,84988,?,3000,0.0,,United Kingdom,INVALID_OR_ZERO_UNIT_PRICE,2026-09-07T10:19:27.317099
full_historical_baseline,546140,21527,damages,-30,0.0,,United Kingdom,INVALID_OR_ZERO_UNIT_PRICE,2026-09-07T10:19:27.317099
full_historical_baseline,546141,79302M,,73,0.0,,United Kingdom,INVALID_OR_ZERO_UNIT_PRICE,2026-09-07T10:19:27.317099
full_historical_baseline,546142,40016,damaged stock,-1100,0.0,,United Kingdom,INVALID_OR_ZERO_UNIT_PRICE,2026-09-07T10:19:27.317099
full_historical_baseline,546145,21537,?,-80,0.0,,United Kingdom,INVALID_OR_ZERO_UNIT_PRICE,2026-09-07T10:19:27.317099
full_historical_baseline,546146,20752,,-40,0.0,,United Kingdom,INVALID_OR_ZERO_UNIT_PRICE,2026-09-07T10:19:27.317099
full_historical_baseline,546147,21320,broken,-63,0.0,,United Kingdom,INVALID_OR_ZERO_UNIT_PRICE,2026-09-07T10:19:27.317099
full_historical_baseline,546148,85049D,?,-100,0.0,,United Kingdom,INVALID_OR_ZERO_UNIT_PRICE,2026-09-07T10:19:27.317099
full_historical_baseline,546149,20866,?,-230,0.0,,United Kingdom,INVALID_OR_ZERO_UNIT_PRICE,2026-09-07T10:19:27.317099
full_historical_baseline,546150,21503,,-140,0.0,,United Kingdom,INVALID_OR_ZERO_UNIT_PRICE,2026-09-07T10:19:27.317099
full_historical_baseline,546151,21504,,-80,0.0,,United Kingdom,INVALID_OR_ZERO_UNIT_PRICE,2026-09-07T10:19:27.317099
full_historical_baseline,546152,72140F,throw away,-5368,0.0,,United Kingdom,INVALID_OR_ZERO_UNIT_PRICE,2026-09-07T10:19:27.317099
full_historical_baseline,546240,85045,,20,0.0,,United Kingdom,INVALID_OR_ZERO_UNIT_PRICE,2026-09-07T10:19:27.317099
full_historical_baseline,546244,21484,,219,0.0,,United Kingdom,INVALID_OR_ZERO_UNIT_PRICE,2026-09-07T10:19:27.317099
full_historical_baseline,546245,85185B,?,-259,0.0,,United Kingdom,INVALID_OR_ZERO_UNIT_PRICE,2026-09-07T10:19:27.317099
full_historical_baseline,546307,84029G,,280,0.0,,United Kingdom,INVALID_OR_ZERO_UNIT_PRICE,2026-09-07T10:19:27.317099
full_historical_baseline,546308,21555,,232,0.0,,United Kingdom,INVALID_OR_ZERO_UNIT_PRICE,2026-09-07T10:19:27.317099
full_historical_baseline,546309,85185B,,180,0.0,,United Kingdom,INVALID_OR_ZERO_UNIT_PRICE,2026-09-07T10:19:27.317099
full_historical_baseline,546375,85096,,48,0.0,,United Kingdom,INVALID_OR_ZERO_UNIT_PRICE,2026-09-07T10:19:27.317099
full_historical_baseline,546379,72225C,,-82,0.0,,United Kingdom,INVALID_OR_ZERO_UNIT_PRICE,2026-09-07T10:19:27.317099
full_historical_baseline,546406,46000S,POLYESTER FILLER PAD 40x40cm,70,0.0,,United Kingdom,INVALID_OR_ZERO_UNIT_PRICE,2026-09-07T10:19:27.317099
full_historical_baseline,546406,46000M,POLYESTER FILLER PAD 45x45cm,60,0.0,,United Kingdom,INVALID_OR_ZERO_UNIT_PRICE,2026-09-07T10:19:27.317099
full_historical_baseline,546407,22719,wrong barcode (22467),-178,0.0,,United Kingdom,INVALID_OR_ZERO_UNIT_PRICE,2026-09-07T10:19:27.317099
full_historical_baseline,546408,22467,wrongly sold (22719) barcode,170,0.0,,United Kingdom,INVALID_OR_ZERO_UNIT_PRICE,2026-09-07T10:19:27.317099
full_historical_baseline,546409,21833,damages,-110,0.0,,United Kingdom,INVALID_OR_ZERO_UNIT_PRICE,2026-09-07T10:19:27.317099
full_historical_baseline,546551,84563A,,-10,0.0,,United Kingdom,INVALID_OR_ZERO_UNIT_PRICE,2026-09-07T10:19:27.317099
full_historical_baseline,546661,22777,,-25,0.0,,United Kingdom,INVALID_OR_ZERO_UNIT_PRICE,2026-09-07T10:19:27.317099
full_historical_baseline,546666,79321,,72,0.0,,United Kingdom,INVALID_OR_ZERO_UNIT_PRICE,2026-09-07T10:19:27.317099
full_historical_baseline,546672,85206A,,-77,0.0,,United Kingdom,INVALID_OR_ZERO_UNIT_PRICE,2026-09-07T10:19:27.317099
full_historical_baseline,546673,23348,,48,0.0,,United Kingdom,INVALID_OR_ZERO_UNIT_PRICE,2026-09-07T10:19:27.317099
full_historical_baseline,546756,79067,,-5,0.0,,United Kingdom,INVALID_OR_ZERO_UNIT_PRICE,2026-09-07T10:19:27.317099
full_historical_baseline,546933,85123A,WHITE HANGING HEART T-LIGHT HOLDER,1,0.0,,United Kingdom,INVALID_OR_ZERO_UNIT_PRICE,2026-09-07T10:19:27.317099
full_historical_baseline,546933,85099B,JUMBO BAG RED RETROSPOT,2,0.0,,United Kingdom,INVALID_OR_ZERO_UNIT_PRICE,2026-09-07T10:19:27.317099
full_historical_baseline,546933,48184,DOORMAT ENGLISH ROSE ,2,0.0,,United Kingdom,INVALID_OR_ZERO_UNIT_PRICE,2026-09-07T10:19:27.317099
full_historical_baseline,546933,22692,DOORMAT WELCOME TO OUR HOME,1,0.0,,United Kingdom,INVALID_OR_ZERO_UNIT_PRICE,2026-09-07T10:19:27.317099
full_historical_baseline,546933,22683,FRENCH BLUE METAL DOOR SIGN 8,2,0.0,,United Kingdom,INVALID_OR_ZERO_UNIT_PRICE,2026-09-07T10:19:27.317099
full_historical_baseline,546933,22686,FRENCH BLUE METAL DOOR SIGN No,3,0.0,,United Kingdom,INVALID_OR_ZERO_UNIT_PRICE,2026-09-07T10:19:27.317099
full_historical_baseline,546933,22681,FRENCH BLUE METAL DOOR SIGN 6,7,0.0,,United Kingdom,INVALID_OR_ZERO_UNIT_PRICE,2026-09-07T10:19:27.317099
full_historical_baseline,546933,22682,FRENCH BLUE METAL DOOR SIGN 7,3,0.0,,United Kingdom,INVALID_OR_ZERO_UNIT_PRICE,2026-09-07T10:19:27.317099
full_historical_baseline,546933,22685,FRENCH BLUE METAL DOOR SIGN 0,1,0.0,,United Kingdom,INVALID_OR_ZERO_UNIT_PRICE,2026-09-07T10:19:27.317099
full_historical_baseline,546933,22680,FRENCH BLUE METAL DOOR SIGN 5,3,0.0,,United Kingdom,INVALID_OR_ZERO_UNIT_PRICE,2026-09-07T10:19:27.317099
full_historical_baseline,546933,22684,FRENCH BLUE METAL DOOR SIGN 9,3,0.0,,United Kingdom,INVALID_OR_ZERO_UNIT_PRICE,2026-09-07T10:19:27.317099
full_historical_baseline,546933,22678,FRENCH BLUE METAL DOOR SIGN 3,3,0.0,,United Kingdom,INVALID_OR_ZERO_UNIT_PRICE,2026-09-07T10:19:27.317099
full_historical_baseline,546933,22679,FRENCH BLUE METAL DOOR SIGN 4,4,0.0,,United Kingdom,INVALID_OR_ZERO_UNIT_PRICE,2026-09-07T10:19:27.317099
full_historical_baseline,546933,22676,FRENCH BLUE METAL DOOR SIGN 1,3,0.0,,United Kingdom,INVALID_OR_ZERO_UNIT_PRICE,2026-09-07T10:19:27.317099
full_historical_baseline,546933,22666,RECIPE BOX PANTRY YELLOW DESIGN,9,0.0,,United Kingdom,INVALID_OR_ZERO_UNIT_PRICE,2026-09-07T10:19:27.317099
full_historical_baseline,546933,22627,MINT KITCHEN SCALES,1,0.0,,United Kingdom,INVALID_OR_ZERO_UNIT_PRICE,2026-09-07T10:19:27.317099
full_historical_baseline,546933,22626,BLACK KITCHEN SCALES,1,0.0,,United Kingdom,INVALID_OR_ZERO_UNIT_PRICE,2026-09-07T10:19:27.317099
full_historical_baseline,546933,22625,RED KITCHEN SCALES,3,0.0,,United Kingdom,INVALID_OR_ZERO_UNIT_PRICE,2026-09-07T10:19:27.317099
full_historical_baseline,546933,22623,BOX OF VINTAGE JIGSAW BLOCKS ,1,0.0,,United Kingdom,INVALID_OR_ZERO_UNIT_PRICE,2026-09-07T10:19:27.317099
full_historical_baseline,546933,22521,CHILDS GARDEN TROWEL PINK,1,0.0,,United Kingdom,INVALID_OR_ZERO_UNIT_PRICE,2026-09-07T10:19:27.317099
full_historical_baseline,546933,22430,ENAMEL WATERING CAN CREAM,3,0.0,,United Kingdom,INVALID_OR_ZERO_UNIT_PRICE,2026-09-07T10:19:27.317099
full_historical_baseline,546933,22375,AIRLINE BAG VINTAGE JET SET BROWN,1,0.0,,United Kingdom,INVALID_OR_ZERO_UNIT_PRICE,2026-09-07T10:19:27.317099
full_historical_baseline,546933,22374,AIRLINE BAG VINTAGE JET SET RED,1,0.0,,United Kingdom,INVALID_OR_ZERO_UNIT_PRICE,2026-09-07T10:19:27.317099
full_historical_baseline,546933,22366,DOORMAT AIRMAIL ,1,0.0,,United Kingdom,INVALID_OR_ZERO_UNIT_PRICE,2026-09-07T10:19:27.317099
full_historical_baseline,546933,22364,GLASS JAR DIGESTIVE BISCUITS,2,0.0,,United Kingdom,INVALID_OR_ZERO_UNIT_PRICE,2026-09-07T10:19:27.317099
full_historical_baseline,546933,22631,CIRCUS PARADE LUNCH BOX ,3,0.0,,United Kingdom,INVALID_OR_ZERO_UNIT_PRICE,2026-09-07T10:19:27.317099
full_historical_baseline,546933,21556,CERAMIC STRAWBERRY MONEY BOX,2,0.0,,United Kingdom,INVALID_OR_ZERO_UNIT_PRICE,2026-09-07T10:19:27.317099
full_historical_baseline,546933,22666,RECIPE BOX PANTRY YELLOW DESIGN,1,0.0,,United Kingdom,INVALID_OR_ZERO_UNIT_PRICE,2026-09-07T10:19:27.317099
full_historical_baseline,546933,22372,AIRLINE BAG VINTAGE WORLD CHAMPION ,1,0.0,,United Kingdom,INVALID_OR_ZERO_UNIT_PRICE,2026-09-07T10:19:27.317099
full_historical_baseline,546933,20719,WOODLAND CHARLOTTE BAG,1,0.0,,United Kingdom,INVALID_OR_ZERO_UNIT_PRICE,2026-09-07T10:19:27.317099
full_historical_baseline,547328,22272,,45,0.0,,United Kingdom,INVALID_OR_ZERO_UNIT_PRICE,2026-09-07T10:19:27.317099
full_historical_baseline,547329,20681,,-1,0.0,,United Kingdom,INVALID_OR_ZERO_UNIT_PRICE,2026-09-07T10:19:27.317099
full_historical_baseline,547330,21894,,-40,0.0,,United Kingdom,INVALID_OR_ZERO_UNIT_PRICE,2026-09-07T10:19:27.317099
full_historical_baseline,547331,17013D,,-20,0.0,,United Kingdom,INVALID_OR_ZERO_UNIT_PRICE,2026-09-07T10:19:27.317099
full_historical_baseline,547332,21613,,-47,0.0,,United Kingdom,INVALID_OR_ZERO_UNIT_PRICE,2026-09-07T10:19:27.317099
full_historical_baseline,547333,22791,,-70,0.0,,United Kingdom,INVALID_OR_ZERO_UNIT_PRICE,2026-09-07T10:19:27.317099
full_historical_baseline,547335,20934,,-15,0.0,,United Kingdom,INVALID_OR_ZERO_UNIT_PRICE,2026-09-07T10:19:27.317099
full_historical_baseline,547336,21689,wrong barcode,-323,0.0,,United Kingdom,INVALID_OR_ZERO_UNIT_PRICE,2026-09-07T10:19:27.317099
full_historical_baseline,547337,85025C,barcode problem,-230,0.0,,United Kingdom,INVALID_OR_ZERO_UNIT_PRICE,2026-09-07T10:19:27.317099
full_historical_baseline,547338,22245,,-110,0.0,,United Kingdom,INVALID_OR_ZERO_UNIT_PRICE,2026-09-07T10:19:27.317099
full_historical_baseline,547339,84406B,?,-450,0.0,,United Kingdom,INVALID_OR_ZERO_UNIT_PRICE,2026-09-07T10:19:27.317099
full_historical_baseline,547341,85049D,,-20,0.0,,United Kingdom,INVALID_OR_ZERO_UNIT_PRICE,2026-09-07T10:19:27.317099
full_historical_baseline,547343,77101A,,4,0.0,,United Kingdom,INVALID_OR_ZERO_UNIT_PRICE,2026-09-07T10:19:27.317099
full_historical_baseline,547344,22838,,5,0.0,,United Kingdom,INVALID_OR_ZERO_UNIT_PRICE,2026-09-07T10:19:27.317099
full_historical_baseline,547345,22838,,-10,0.0,,United Kingdom,INVALID_OR_ZERO_UNIT_PRICE,2026-09-07T10:19:27.317099
full_historical_baseline,547346,21000,,-41,0.0,,United Kingdom,INVALID_OR_ZERO_UNIT_PRICE,2026-09-07T10:19:27.317099
full_historical_baseline,547347,22470,,-6,0.0,,United Kingdom,INVALID_OR_ZERO_UNIT_PRICE,2026-09-07T10:19:27.317099
full_historical_baseline,547348,85206A,,4,0.0,,United Kingdom,INVALID_OR_ZERO_UNIT_PRICE,2026-09-07T10:19:27.317099
full_historical_baseline,547363,22459,?lost,-232,0.0,,United Kingdom,INVALID_OR_ZERO_UNIT_PRICE,2026-09-07T10:19:27.317099
full_historical_baseline,547369,21898,,-83,0.0,,United Kingdom,INVALID_OR_ZERO_UNIT_PRICE,2026-09-07T10:19:27.317099
full_historical_baseline,547394,71477,,1,0.0,,United Kingdom,INVALID_OR_ZERO_UNIT_PRICE,2026-09-07T10:19:27.317099
full_historical_baseline,547395,84977,,1,0.0,,United Kingdom,INVALID_OR_ZERO_UNIT_PRICE,2026-09-07T10:19:27.317099
full_historical_baseline,547396,79321,CHILLI LIGHTS,1,0.0,,United Kingdom,INVALID_OR_ZERO_UNIT_PRICE,2026-09-07T10:19:27.317099
full_historical_baseline,547402,85028L,,12,0.0,,United Kingdom,INVALID_OR_ZERO_UNIT_PRICE,2026-09-07T10:19:27.317099
full_historical_baseline,547403,85028L,,-2,0.0,,United Kingdom,INVALID_OR_ZERO_UNIT_PRICE,2026-09-07T10:19:27.317099
full_historical_baseline,547404,85028S,,24,0.0,,United Kingdom,INVALID_OR_ZERO_UNIT_PRICE,2026-09-07T10:19:27.317099
full_historical_baseline,547417,22062,CERAMIC BOWL WITH LOVE HEART DESIGN,36,0.0,13239.0,United Kingdom,INVALID_OR_ZERO_UNIT_PRICE,2026-09-07T10:19:27.317099
full_historical_baseline,547487,84596E,,-153,0.0,,United Kingdom,INVALID_OR_ZERO_UNIT_PRICE,2026-09-07T10:19:27.317099
full_historical_baseline,547505,22198,,-9,0.0,,United Kingdom,INVALID_OR_ZERO_UNIT_PRICE,2026-09-07T10:19:27.317099
full_historical_baseline,547506,21538,,-2,0.0,,United Kingdom,INVALID_OR_ZERO_UNIT_PRICE,2026-09-07T10:19:27.317099
full_historical_baseline,547522,21717,,5,0.0,,United Kingdom,INVALID_OR_ZERO_UNIT_PRICE,2026-09-07T10:19:27.317099
full_historical_baseline,547523,85197,,5,0.0,,United Kingdom,INVALID_OR_ZERO_UNIT_PRICE,2026-09-07T10:19:27.317099
full_historical_baseline,547524,22451,,4,0.0,,United Kingdom,INVALID_OR_ZERO_UNIT_PRICE,2026-09-07T10:19:27.317099
full_historical_baseline,547525,21258,,3,0.0,,United Kingdom,INVALID_OR_ZERO_UNIT_PRICE,2026-09-07T10:19:27.317099
full_historical_baseline,547526,22627,,3,0.0,,United Kingdom,INVALID_OR_ZERO_UNIT_PRICE,2026-09-07T10:19:27.317099
full_historical_baseline,547527,21826,,2,0.0,,United Kingdom,INVALID_OR_ZERO_UNIT_PRICE,2026-09-07T10:19:27.317099
full_historical_baseline,547528,84840,,2,0.0,,United Kingdom,INVALID_OR_ZERO_UNIT_PRICE,2026-09-07T10:19:27.317099
full_historical_baseline,547529,21841,,1,0.0,,United Kingdom,INVALID_OR_ZERO_UNIT_PRICE,2026-09-07T10:19:27.317099
full_historical_baseline,547530,22764,,3,0.0,,United Kingdom,INVALID_OR_ZERO_UNIT_PRICE,2026-09-07T10:19:27.317099
full_historical_baseline,547531,82605,,1,0.0,,United Kingdom,INVALID_OR_ZERO_UNIT_PRICE,2026-09-07T10:19:27.317099
full_historical_baseline,547532,84227,,1,0.0,,United Kingdom,INVALID_OR_ZERO_UNIT_PRICE,2026-09-07T10:19:27.317099
full_historical_baseline,547533,84968B,,2,0.0,,United Kingdom,INVALID_OR_ZERO_UNIT_PRICE,2026-09-07T10:19:27.317099
full_historical_baseline,547534,90084,,1,0.0,,United Kingdom,INVALID_OR_ZERO_UNIT_PRICE,2026-09-07T10:19:27.317099
full_historical_baseline,547536,90005A,,1,0.0,,United Kingdom,INVALID_OR_ZERO_UNIT_PRICE,2026-09-07T10:19:27.317099
full_historical_baseline,547557,22866,,2,0.0,,United Kingdom,INVALID_OR_ZERO_UNIT_PRICE,2026-09-07T10:19:27.317099
full_historical_baseline,547559,72759,thrown away-can't sell.,-524,0.0,,United Kingdom,INVALID_OR_ZERO_UNIT_PRICE,2026-09-07T10:19:27.317099
full_historical_baseline,547560,72732,thrown away-can't sell,-2472,0.0,,United Kingdom,INVALID_OR_ZERO_UNIT_PRICE,2026-09-07T10:19:27.317099
full_historical_baseline,547575,85025C,,144,0.0,,United Kingdom,INVALID_OR_ZERO_UNIT_PRICE,2026-09-07T10:19:27.317099
full_historical_baseline,547593,20785,,-2,0.0,,United Kingdom,INVALID_OR_ZERO_UNIT_PRICE,2026-09-07T10:19:27.317099
full_historical_baseline,547595,82483,,-12,0.0,,United Kingdom,INVALID_OR_ZERO_UNIT_PRICE,2026-09-07T10:19:27.317099
full_historical_baseline,547596,84306,,-5,0.0,,United Kingdom,INVALID_OR_ZERO_UNIT_PRICE,2026-09-07T10:19:27.317099
full_historical_baseline,547597,17011F,,-18,0.0,,United Kingdom,INVALID_OR_ZERO_UNIT_PRICE,2026-09-07T10:19:27.317099
full_historical_baseline,547598,21332,,-25,0.0,,United Kingdom,INVALID_OR_ZERO_UNIT_PRICE,2026-09-07T10:19:27.317099
full_historical_baseline,547599,21361,,-10,0.0,,United Kingdom,INVALID_OR_ZERO_UNIT_PRICE,2026-09-07T10:19:27.317099
full_historical_baseline,547606,22173,,-22,0.0,,United Kingdom,INVALID_OR_ZERO_UNIT_PRICE,2026-09-07T10:19:27.317099
full_historical_baseline,547611,84631,,-9,0.0,,United Kingdom,INVALID_OR_ZERO_UNIT_PRICE,2026-09-07T10:19:27.317099
full_historical_baseline,547618,21547,,-12,0.0,,United Kingdom,INVALID_OR_ZERO_UNIT_PRICE,2026-09-07T10:19:27.317099
full_historical_baseline,547626,20973,,60,0.0,,United Kingdom,INVALID_OR_ZERO_UNIT_PRICE,2026-09-07T10:19:27.317099
full_historical_baseline,547646,84849D,,-80,0.0,,United Kingdom,INVALID_OR_ZERO_UNIT_PRICE,2026-09-07T10:19:27.317099
full_historical_baseline,547673,47593A,found,13,0.0,,United Kingdom,INVALID_OR_ZERO_UNIT_PRICE,2026-09-07T10:19:27.317099
full_historical_baseline,547696,35809B,,12,0.0,,United Kingdom,INVALID_OR_ZERO_UNIT_PRICE,2026-09-07T10:19:27.317099
full_historical_baseline,547699,21143,,-32,0.0,,United Kingdom,INVALID_OR_ZERO_UNIT_PRICE,2026-09-07T10:19:27.317099
full_historical_baseline,547700,21147,,-105,0.0,,United Kingdom,INVALID_OR_ZERO_UNIT_PRICE,2026-09-07T10:19:27.317099
full_historical_baseline,547701,84559D,,-7,0.0,,United Kingdom,INVALID_OR_ZERO_UNIT_PRICE,2026-09-07T10:19:27.317099
full_historical_baseline,547704,21621,rcvd be air temp fix for dotcom sit,100,0.0,,United Kingdom,INVALID_OR_ZERO_UNIT_PRICE,2026-09-07T10:19:27.317099
full_historical_baseline,547813,84840,,1,0.0,,United Kingdom,INVALID_OR_ZERO_UNIT_PRICE,2026-09-07T10:19:27.317099
full_historical_baseline,547827,22444,,82,0.0,,United Kingdom,INVALID_OR_ZERO_UNIT_PRICE,2026-09-07T10:19:27.317099
full_historical_baseline,547916,22459,,-36,0.0,,United Kingdom,INVALID_OR_ZERO_UNIT_PRICE,2026-09-07T10:19:27.317099
full_historical_baseline,547917,21898,,6,0.0,,United Kingdom,INVALID_OR_ZERO_UNIT_PRICE,2026-09-07T10:19:27.317099
full_historical_baseline,547927,37444C,,5,0.0,,United Kingdom,INVALID_OR_ZERO_UNIT_PRICE,2026-09-07T10:19:27.317099
full_historical_baseline,547928,37444B,,1,0.0,,United Kingdom,INVALID_OR_ZERO_UNIT_PRICE,2026-09-07T10:19:27.317099
full_historical_baseline,547929,21393,,3,0.0,,United Kingdom,INVALID_OR_ZERO_UNIT_PRICE,2026-09-07T10:19:27.317099
full_historical_baseline,547932,85197,,24,0.0,,United Kingdom,INVALID_OR_ZERO_UNIT_PRICE,2026-09-07T10:19:27.317099
full_historical_baseline,547933,21445,,1,0.0,,United Kingdom,INVALID_OR_ZERO_UNIT_PRICE,2026-09-07T10:19:27.317099
full_historical_baseline,547943,21357,,1,0.0,,United Kingdom,INVALID_OR_ZERO_UNIT_PRICE,2026-09-07T10:19:27.317099
full_historical_baseline,547948,71038,,167,0.0,,United Kingdom,INVALID_OR_ZERO_UNIT_PRICE,2026-09-07T10:19:27.317099
full_historical_baseline,547950,35241,damages?,-40,0.0,,United Kingdom,INVALID_OR_ZERO_UNIT_PRICE,2026-09-07T10:19:27.317099
full_historical_baseline,547957,20713,,32,0.0,,United Kingdom,INVALID_OR_ZERO_UNIT_PRICE,2026-09-07T10:19:27.317099
full_historical_baseline,547959,20713,,23,0.0,,United Kingdom,INVALID_OR_ZERO_UNIT_PRICE,2026-09-07T10:19:27.317099
full_historical_baseline,547966,DOT,,1000,0.0,,United Kingdom,INVALID_OR_ZERO_UNIT_PRICE,2026-09-07T10:19:27.317099
full_historical_baseline,547989,21621,re dotcom quick fix.,-100,0.0,,United Kingdom,INVALID_OR_ZERO_UNIT_PRICE,2026-09-07T10:19:27.317099
full_historical_baseline,547994,21228,,-7,0.0,,United Kingdom,INVALID_OR_ZERO_UNIT_PRICE,2026-09-07T10:19:27.317099
full_historical_baseline,547995,35823P,,-12,0.0,,United Kingdom,INVALID_OR_ZERO_UNIT_PRICE,2026-09-07T10:19:27.317099
full_historical_baseline,547996,84534B,,-10,0.0,,United Kingdom,INVALID_OR_ZERO_UNIT_PRICE,2026-09-07T10:19:27.317099
full_historical_baseline,547997,20857,,-34,0.0,,United Kingdom,INVALID_OR_ZERO_UNIT_PRICE,2026-09-07T10:19:27.317099
full_historical_baseline,547998,20854,,-2,0.0,,United Kingdom,INVALID_OR_ZERO_UNIT_PRICE,2026-09-07T10:19:27.317099
full_historical_baseline,547999,20860,,-7,0.0,,United Kingdom,INVALID_OR_ZERO_UNIT_PRICE,2026-09-07T10:19:27.317099
full_historical_baseline,548000,85224,,-7,0.0,,United Kingdom,INVALID_OR_ZERO_UNIT_PRICE,2026-09-07T10:19:27.317099
full_historical_baseline,548001,22451,,11,0.0,,United Kingdom,INVALID_OR_ZERO_UNIT_PRICE,2026-09-07T10:19:27.317099
full_historical_baseline,548002,21051,,-25,0.0,,United Kingdom,INVALID_OR_ZERO_UNIT_PRICE,2026-09-07T10:19:27.317099
full_historical_baseline,548008,21190,,-80,0.0,,United Kingdom,INVALID_OR_ZERO_UNIT_PRICE,2026-09-07T10:19:27.317099
full_historical_baseline,548069,20713,,-22,0.0,,United Kingdom,INVALID_OR_ZERO_UNIT_PRICE,2026-09-07T10:19:27.317099
full_historical_baseline,548095,20850,,-3,0.0,,United Kingdom,INVALID_OR_ZERO_UNIT_PRICE,2026-09-07T10:19:27.317099
full_historical_baseline,548098,21283,,-15,0.0,,United Kingdom,INVALID_OR_ZERO_UNIT_PRICE,2026-09-07T10:19:27.317099
full_historical_baseline,548104,84854,,-3,0.0,,United Kingdom,INVALID_OR_ZERO_UNIT_PRICE,2026-09-07T10:19:27.317099
full_historical_baseline,548110,21911,,-27,0.0,,United Kingdom,INVALID_OR_ZERO_UNIT_PRICE,2026-09-07T10:19:27.317099
full_historical_baseline,548149,72821,,-2,0.0,,United Kingdom,INVALID_OR_ZERO_UNIT_PRICE,2026-09-07T10:19:27.317099
full_historical_baseline,548161,20734,,2,0.0,,United Kingdom,INVALID_OR_ZERO_UNIT_PRICE,2026-09-07T10:19:27.317099
full_historical_baseline,548173,85067,,-3,0.0,,United Kingdom,INVALID_OR_ZERO_UNIT_PRICE,2026-09-07T10:19:27.317099
full_historical_baseline,548175,46115B,,-2,0.0,,United Kingdom,INVALID_OR_ZERO_UNIT_PRICE,2026-09-07T10:19:27.317099
full_historical_baseline,548195,79321,,27,0.0,,United Kingdom,INVALID_OR_ZERO_UNIT_PRICE,2026-09-07T10:19:27.317099
full_historical_baseline,548205,21614,,48,0.0,,United Kingdom,INVALID_OR_ZERO_UNIT_PRICE,2026-09-07T10:19:27.317099
full_historical_baseline,548206,22469,,-53,0.0,,United Kingdom,INVALID_OR_ZERO_UNIT_PRICE,2026-09-07T10:19:27.317099
full_historical_baseline,548207,20713,,25,0.0,,United Kingdom,INVALID_OR_ZERO_UNIT_PRICE,2026-09-07T10:19:27.317099
full_historical_baseline,548209,21621,,-30,0.0,,United Kingdom,INVALID_OR_ZERO_UNIT_PRICE,2026-09-07T10:19:27.317099
full_historical_baseline,548220,79321,,14,0.0,,United Kingdom,INVALID_OR_ZERO_UNIT_PRICE,2026-09-07T10:19:27.317099
full_historical_baseline,548221,85049B,,1,0.0,,United Kingdom,INVALID_OR_ZERO_UNIT_PRICE,2026-09-07T10:19:27.317099
full_historical_baseline,548224,47593A,,2,0.0,,United Kingdom,INVALID_OR_ZERO_UNIT_PRICE,2026-09-07T10:19:27.317099
full_historical_baseline,548227,90099,,-19,0.0,,United Kingdom,INVALID_OR_ZERO_UNIT_PRICE,2026-09-07T10:19:27.317099
full_historical_baseline,548261,90104,,2,0.0,,United Kingdom,INVALID_OR_ZERO_UNIT_PRICE,2026-09-07T10:19:27.317099
full_historical_baseline,548269,22036,,-45,0.0,,United Kingdom,INVALID_OR_ZERO_UNIT_PRICE,2026-09-07T10:19:27.317099
full_historical_baseline,548286,10002,,180,0.0,,United Kingdom,INVALID_OR_ZERO_UNIT_PRICE,2026-09-07T10:19:27.317099
full_historical_baseline,548318,22055,MINI CAKE STAND  HANGING STRAWBERY,5,0.0,13113.0,United Kingdom,INVALID_OR_ZERO_UNIT_PRICE,2026-09-07T10:19:27.317099
full_historical_baseline,548328,21527,,-21,0.0,,United Kingdom,INVALID_OR_ZERO_UNIT_PRICE,2026-09-07T10:19:27.317099
full_historical_baseline,548339,21827,,-42,0.0,,United Kingdom,INVALID_OR_ZERO_UNIT_PRICE,2026-09-07T10:19:27.317099
full_historical_baseline,548364,21095,,53,0.0,,United Kingdom,INVALID_OR_ZERO_UNIT_PRICE,2026-09-07T10:19:27.317099
full_historical_baseline,548365,79172D,,-7,0.0,,United Kingdom,INVALID_OR_ZERO_UNIT_PRICE,2026-09-07T10:19:27.317099
full_historical_baseline,548366,84678,,-33,0.0,,United Kingdom,INVALID_OR_ZERO_UNIT_PRICE,2026-09-07T10:19:27.317099
full_historical_baseline,548369,84683,,-6,0.0,,United Kingdom,INVALID_OR_ZERO_UNIT_PRICE,2026-09-07T10:19:27.317099
full_historical_baseline,548376,22533,,-80,0.0,,United Kingdom,INVALID_OR_ZERO_UNIT_PRICE,2026-09-07T10:19:27.317099
full_historical_baseline,548377,85016,,-46,0.0,,United Kingdom,INVALID_OR_ZERO_UNIT_PRICE,2026-09-07T10:19:27.317099
full_historical_baseline,548378,22052,,-75,0.0,,United Kingdom,INVALID_OR_ZERO_UNIT_PRICE,2026-09-07T10:19:27.317099
full_historical_baseline,548379,20702,,11,0.0,,United Kingdom,INVALID_OR_ZERO_UNIT_PRICE,2026-09-07T10:19:27.317099
full_historical_baseline,548380,22127,Dotcom sold in 6's,-60,0.0,,United Kingdom,INVALID_OR_ZERO_UNIT_PRICE,2026-09-07T10:19:27.317099
full_historical_baseline,548381,22127,sold in set?,-690,0.0,,United Kingdom,INVALID_OR_ZERO_UNIT_PRICE,2026-09-07T10:19:27.317099
full_historical_baseline,548382,84898F,,-2,0.0,,United Kingdom,INVALID_OR_ZERO_UNIT_PRICE,2026-09-07T10:19:27.317099
full_historical_baseline,548383,84906,,5,0.0,,United Kingdom,INVALID_OR_ZERO_UNIT_PRICE,2026-09-07T10:19:27.317099
full_historical_baseline,548385,22168,,-19,0.0,,United Kingdom,INVALID_OR_ZERO_UNIT_PRICE,2026-09-07T10:19:27.317099
full_historical_baseline,548394,82494L,cracked,-39,0.0,,United Kingdom,INVALID_OR_ZERO_UNIT_PRICE,2026-09-07T10:19:27.317099
full_historical_baseline,548395,22194,,-9,0.0,,United Kingdom,INVALID_OR_ZERO_UNIT_PRICE,2026-09-07T10:19:27.317099
full_historical_baseline,548396,22719,sold as 22467,-25,0.0,,United Kingdom,INVALID_OR_ZERO_UNIT_PRICE,2026-09-07T10:19:27.317099
full_historical_baseline,548397,21195,,-30,0.0,,United Kingdom,INVALID_OR_ZERO_UNIT_PRICE,2026-09-07T10:19:27.317099
full_historical_baseline,548398,22482,,-66,0.0,,United Kingdom,INVALID_OR_ZERO_UNIT_PRICE,2026-09-07T10:19:27.317099
full_historical_baseline,548399,15030,,150,0.0,,United Kingdom,INVALID_OR_ZERO_UNIT_PRICE,2026-09-07T10:19:27.317099
full_historical_baseline,548402,21040,,-5,0.0,,United Kingdom,INVALID_OR_ZERO_UNIT_PRICE,2026-09-07T10:19:27.317099
full_historical_baseline,548535,90010A,,25,0.0,,United Kingdom,INVALID_OR_ZERO_UNIT_PRICE,2026-09-07T10:19:27.317099
full_historical_baseline,548536,90010B,,-50,0.0,,United Kingdom,INVALID_OR_ZERO_UNIT_PRICE,2026-09-07T10:19:27.317099
full_historical_baseline,548537,90173,,-28,0.0,,United Kingdom,INVALID_OR_ZERO_UNIT_PRICE,2026-09-07T10:19:27.317099
full_historical_baseline,548538,90082B,,3,0.0,,United Kingdom,INVALID_OR_ZERO_UNIT_PRICE,2026-09-07T10:19:27.317099
full_historical_baseline,548539,90005A,,2,0.0,,United Kingdom,INVALID_OR_ZERO_UNIT_PRICE,2026-09-07T10:19:27.317099
full_historical_baseline,548540,90035A,,-9,0.0,,United Kingdom,INVALID_OR_ZERO_UNIT_PRICE,2026-09-07T10:19:27.317099
full_historical_baseline,548615,16010,,-7,0.0,,United Kingdom,INVALID_OR_ZERO_UNIT_PRICE,2026-09-07T10:19:27.317099
full_historical_baseline,548620,84313B,Damaged,-32,0.0,,United Kingdom,INVALID_OR_ZERO_UNIT_PRICE,2026-09-07T10:19:27.317099
full_historical_baseline,548637,84596E,,5,0.0,,United Kingdom,INVALID_OR_ZERO_UNIT_PRICE,2026-09-07T10:19:27.317099
full_historical_baseline,548638,21258,,4,0.0,,United Kingdom,INVALID_OR_ZERO_UNIT_PRICE,2026-09-07T10:19:27.317099
full_historical_baseline,548639,22627,,1,0.0,,United Kingdom,INVALID_OR_ZERO_UNIT_PRICE,2026-09-07T10:19:27.317099
full_historical_baseline,548646,21472,,-140,0.0,,United Kingdom,INVALID_OR_ZERO_UNIT_PRICE,2026-09-07T10:19:27.317099
full_historical_baseline,548662,82494L,,-180,0.0,,United Kingdom,INVALID_OR_ZERO_UNIT_PRICE,2026-09-07T10:19:27.317099
full_historical_baseline,548675,85185D,,-2,0.0,,United Kingdom,INVALID_OR_ZERO_UNIT_PRICE,2026-09-07T10:19:27.317099
full_historical_baseline,548676,72800F,,-5,0.0,,United Kingdom,INVALID_OR_ZERO_UNIT_PRICE,2026-09-07T10:19:27.317099
full_historical_baseline,548677,72781,,-30,0.0,,United Kingdom,INVALID_OR_ZERO_UNIT_PRICE,2026-09-07T10:19:27.317099
full_historical_baseline,548678,35015,,-9,0.0,,United Kingdom,INVALID_OR_ZERO_UNIT_PRICE,2026-09-07T10:19:27.317099
full_historical_baseline,548679,72793,,-3,0.0,,United Kingdom,INVALID_OR_ZERO_UNIT_PRICE,2026-09-07T10:19:27.317099
full_historical_baseline,548680,72800D,,-18,0.0,,United Kingdom,INVALID_OR_ZERO_UNIT_PRICE,2026-09-07T10:19:27.317099
full_historical_baseline,548681,72800D,,3,0.0,,United Kingdom,INVALID_OR_ZERO_UNIT_PRICE,2026-09-07T10:19:27.317099
full_historical_baseline,548682,72789,,-2,0.0,,United Kingdom,INVALID_OR_ZERO_UNIT_PRICE,2026-09-07T10:19:27.317099
full_historical_baseline,548683,72801G,,47,0.0,,United Kingdom,INVALID_OR_ZERO_UNIT_PRICE,2026-09-07T10:19:27.317099
full_historical_baseline,548684,72798C,,-2,0.0,,United Kingdom,INVALID_OR_ZERO_UNIT_PRICE,2026-09-07T10:19:27.317099
full_historical_baseline,548685,85018B,,-2,0.0,,United Kingdom,INVALID_OR_ZERO_UNIT_PRICE,2026-09-07T10:19:27.317099
full_historical_baseline,548693,22720,,-60,0.0,,United Kingdom,INVALID_OR_ZERO_UNIT_PRICE,2026-09-07T10:19:27.317099
full_historical_baseline,548694,22720,,10,0.0,,United Kingdom,INVALID_OR_ZERO_UNIT_PRICE,2026-09-07T10:19:27.317099
full_historical_baseline,548871,22162,HEART GARLAND RUSTIC PADDED,2,0.0,14410.0,United Kingdom,INVALID_OR_ZERO_UNIT_PRICE,2026-09-07T10:19:27.317099
full_historical_baseline,548886,85118,,-6,0.0,,United Kingdom,INVALID_OR_ZERO_UNIT_PRICE,2026-09-07T10:19:27.317099
full_historical_baseline,548887,35824B,,-8,0.0,,United Kingdom,INVALID_OR_ZERO_UNIT_PRICE,2026-09-07T10:19:27.317099
full_historical_baseline,548888,84726,,-14,0.0,,United Kingdom,INVALID_OR_ZERO_UNIT_PRICE,2026-09-07T10:19:27.317099
full_historical_baseline,548889,84875A,,-17,0.0,,United Kingdom,INVALID_OR_ZERO_UNIT_PRICE,2026-09-07T10:19:27.317099
full_historical_baseline,548890,84876C,,-19,0.0,,United Kingdom,INVALID_OR_ZERO_UNIT_PRICE,2026-09-07T10:19:27.317099
full_historical_baseline,548897,47570B,,-70,0.0,,United Kingdom,INVALID_OR_ZERO_UNIT_PRICE,2026-09-07T10:19:27.317099
full_historical_baseline,548980,22114,,-194,0.0,,United Kingdom,INVALID_OR_ZERO_UNIT_PRICE,2026-09-07T10:19:27.317099
full_historical_baseline,548986,21210,,-177,0.0,,United Kingdom,INVALID_OR_ZERO_UNIT_PRICE,2026-09-07T10:19:27.317099
full_historical_baseline,548989,72799F,,-46,0.0,,United Kingdom,INVALID_OR_ZERO_UNIT_PRICE,2026-09-07T10:19:27.317099
full_historical_baseline,548997,84507B,,20,0.0,,United Kingdom,INVALID_OR_ZERO_UNIT_PRICE,2026-09-07T10:19:27.317099
full_historical_baseline,548998,84741C,,8,0.0,,United Kingdom,INVALID_OR_ZERO_UNIT_PRICE,2026-09-07T10:19:27.317099
full_historical_baseline,548999,84743C,damages,-26,0.0,,United Kingdom,INVALID_OR_ZERO_UNIT_PRICE,2026-09-07T10:19:27.317099
full_historical_baseline,549000,35972,,-45,0.0,,United Kingdom,INVALID_OR_ZERO_UNIT_PRICE,2026-09-07T10:19:27.317099
full_historical_baseline,549001,84845D,,-5,0.0,,United Kingdom,INVALID_OR_ZERO_UNIT_PRICE,2026-09-07T10:19:27.317099
full_historical_baseline,549002,21278,,17,0.0,,United Kingdom,INVALID_OR_ZERO_UNIT_PRICE,2026-09-07T10:19:27.317099
full_historical_baseline,549003,21279,,14,0.0,,United Kingdom,INVALID_OR_ZERO_UNIT_PRICE,2026-09-07T10:19:27.317099
full_historical_baseline,549004,21274,,-3,0.0,,United Kingdom,INVALID_OR_ZERO_UNIT_PRICE,2026-09-07T10:19:27.317099
full_historical_baseline,549005,16020C,,-5,0.0,,United Kingdom,INVALID_OR_ZERO_UNIT_PRICE,2026-09-07T10:19:27.317099
full_historical_baseline,549006,84508B,,-23,0.0,,United Kingdom,INVALID_OR_ZERO_UNIT_PRICE,2026-09-07T10:19:27.317099
full_historical_baseline,549008,21281,,-31,0.0,,United Kingdom,INVALID_OR_ZERO_UNIT_PRICE,2026-09-07T10:19:27.317099
full_historical_baseline,549009,21474,,-8,0.0,,United Kingdom,INVALID_OR_ZERO_UNIT_PRICE,2026-09-07T10:19:27.317099
full_historical_baseline,549010,21684,,-62,0.0,,United Kingdom,INVALID_OR_ZERO_UNIT_PRICE,2026-09-07T10:19:27.317099
full_historical_baseline,549011,62096B,,-8,0.0,,United Kingdom,INVALID_OR_ZERO_UNIT_PRICE,2026-09-07T10:19:27.317099
full_historical_baseline,549028,84569A,,-18,0.0,,United Kingdom,INVALID_OR_ZERO_UNIT_PRICE,2026-09-07T10:19:27.317099
full_historical_baseline,549029,84569B,,-17,0.0,,United Kingdom,INVALID_OR_ZERO_UNIT_PRICE,2026-09-07T10:19:27.317099
full_historical_baseline,549030,84520B,,-61,0.0,,United Kingdom,INVALID_OR_ZERO_UNIT_PRICE,2026-09-07T10:19:27.317099
full_historical_baseline,549031,10134,,-19,0.0,,United Kingdom,INVALID_OR_ZERO_UNIT_PRICE,2026-09-07T10:19:27.317099
full_historical_baseline,549032,20778,,-6,0.0,,United Kingdom,INVALID_OR_ZERO_UNIT_PRICE,2026-09-07T10:19:27.317099
full_historical_baseline,549033,16254,,-5,0.0,,United Kingdom,INVALID_OR_ZERO_UNIT_PRICE,2026-09-07T10:19:27.317099
full_historical_baseline,549034,16248B,,2,0.0,,United Kingdom,INVALID_OR_ZERO_UNIT_PRICE,2026-09-07T10:19:27.317099
full_historical_baseline,549035,72051S,,-15,0.0,,United Kingdom,INVALID_OR_ZERO_UNIT_PRICE,2026-09-07T10:19:27.317099
full_historical_baseline,549036,84993B,,-54,0.0,,United Kingdom,INVALID_OR_ZERO_UNIT_PRICE,2026-09-07T10:19:27.317099
full_historical_baseline,549037,84569C,,-37,0.0,,United Kingdom,INVALID_OR_ZERO_UNIT_PRICE,2026-09-07T10:19:27.317099
full_historical_baseline,549038,84569D,,-70,0.0,,United Kingdom,INVALID_OR_ZERO_UNIT_PRICE,2026-09-07T10:19:27.317099
full_historical_baseline,549042,21681,,-2,0.0,,United Kingdom,INVALID_OR_ZERO_UNIT_PRICE,2026-09-07T10:19:27.317099
full_historical_baseline,549043,84990,,-24,0.0,,United Kingdom,INVALID_OR_ZERO_UNIT_PRICE,2026-09-07T10:19:27.317099
full_historical_baseline,549100,21484,CHICK GREY HOT WATER BOTTLE,1,0.0,,United Kingdom,INVALID_OR_ZERO_UNIT_PRICE,2026-09-07T10:19:27.317099
full_historical_baseline,549103,82494L,,167,0.0,,United Kingdom,INVALID_OR_ZERO_UNIT_PRICE,2026-09-07T10:19:27.317099
full_historical_baseline,549132,20756,,-70,0.0,,United Kingdom,INVALID_OR_ZERO_UNIT_PRICE,2026-09-07T10:19:27.317099
full_historical_baseline,549133,20759,,-52,0.0,,United Kingdom,INVALID_OR_ZERO_UNIT_PRICE,2026-09-07T10:19:27.317099
full_historical_baseline,549134,20758,,-54,0.0,,United Kingdom,INVALID_OR_ZERO_UNIT_PRICE,2026-09-07T10:19:27.317099
full_historical_baseline,549135,20760,,31,0.0,,United Kingdom,INVALID_OR_ZERO_UNIT_PRICE,2026-09-07T10:19:27.317099
full_historical_baseline,549136,21414,,-3,0.0,,United Kingdom,INVALID_OR_ZERO_UNIT_PRICE,2026-09-07T10:19:27.317099
full_historical_baseline,549137,84459B,,-7,0.0,,United Kingdom,INVALID_OR_ZERO_UNIT_PRICE,2026-09-07T10:19:27.317099
full_historical_baseline,549138,22988,,12,0.0,,United Kingdom,INVALID_OR_ZERO_UNIT_PRICE,2026-09-07T10:19:27.317099
full_historical_baseline,549139,22988,,-91,0.0,,United Kingdom,INVALID_OR_ZERO_UNIT_PRICE,2026-09-07T10:19:27.317099
full_historical_baseline,549140,35819B,,7,0.0,,United Kingdom,INVALID_OR_ZERO_UNIT_PRICE,2026-09-07T10:19:27.317099
full_historical_baseline,549141,35819B,,70,0.0,,United Kingdom,INVALID_OR_ZERO_UNIT_PRICE,2026-09-07T10:19:27.317099
full_historical_baseline,549142,35650,,-24,0.0,,United Kingdom,INVALID_OR_ZERO_UNIT_PRICE,2026-09-07T10:19:27.317099
full_historical_baseline,549143,84597C,,-17,0.0,,United Kingdom,INVALID_OR_ZERO_UNIT_PRICE,2026-09-07T10:19:27.317099
full_historical_baseline,549144,21416,,-14,0.0,,United Kingdom,INVALID_OR_ZERO_UNIT_PRICE,2026-09-07T10:19:27.317099
full_historical_baseline,549145,21421,,26,0.0,,United Kingdom,INVALID_OR_ZERO_UNIT_PRICE,2026-09-07T10:19:27.317099
full_historical_baseline,549146,85017A,,-10,0.0,,United Kingdom,INVALID_OR_ZERO_UNIT_PRICE,2026-09-07T10:19:27.317099
full_historical_baseline,549147,20773,,-4,0.0,,United Kingdom,INVALID_OR_ZERO_UNIT_PRICE,2026-09-07T10:19:27.317099
full_historical_baseline,549149,35649,,-43,0.0,,United Kingdom,INVALID_OR_ZERO_UNIT_PRICE,2026-09-07T10:19:27.317099
full_historical_baseline,549150,79336,,-47,0.0,,United Kingdom,INVALID_OR_ZERO_UNIT_PRICE,2026-09-07T10:19:27.317099
full_historical_baseline,549151,21664,,20,0.0,,United Kingdom,INVALID_OR_ZERO_UNIT_PRICE,2026-09-07T10:19:27.317099
full_historical_baseline,549156,17013D,,-9,0.0,,United Kingdom,INVALID_OR_ZERO_UNIT_PRICE,2026-09-07T10:19:27.317099
full_historical_baseline,549157,21511,,-9,0.0,,United Kingdom,INVALID_OR_ZERO_UNIT_PRICE,2026-09-07T10:19:27.317099
full_historical_baseline,549158,21910,,-1,0.0,,United Kingdom,INVALID_OR_ZERO_UNIT_PRICE,2026-09-07T10:19:27.317099
full_historical_baseline,549159,22052,,-25,0.0,,United Kingdom,INVALID_OR_ZERO_UNIT_PRICE,2026-09-07T10:19:27.317099
full_historical_baseline,549160,81953P,,-7,0.0,,United Kingdom,INVALID_OR_ZERO_UNIT_PRICE,2026-09-07T10:19:27.317099
full_historical_baseline,549161,21518,,-31,0.0,,United Kingdom,INVALID_OR_ZERO_UNIT_PRICE,2026-09-07T10:19:27.317099
full_historical_baseline,549163,84247L,,8,0.0,,United Kingdom,INVALID_OR_ZERO_UNIT_PRICE,2026-09-07T10:19:27.317099
full_historical_baseline,549164,16169P,,-75,0.0,,United Kingdom,INVALID_OR_ZERO_UNIT_PRICE,2026-09-07T10:19:27.317099
full_historical_baseline,549165,35815P,,-63,0.0,,United Kingdom,INVALID_OR_ZERO_UNIT_PRICE,2026-09-07T10:19:27.317099
full_historical_baseline,549166,44265,,3,0.0,,United Kingdom,INVALID_OR_ZERO_UNIT_PRICE,2026-09-07T10:19:27.317099
full_historical_baseline,549167,84846A,,-8,0.0,,United Kingdom,INVALID_OR_ZERO_UNIT_PRICE,2026-09-07T10:19:27.317099
full_historical_baseline,549168,21161,,-10,0.0,,United Kingdom,INVALID_OR_ZERO_UNIT_PRICE,2026-09-07T10:19:27.317099
full_historical_baseline,549170,82545A,,-4,0.0,,United Kingdom,INVALID_OR_ZERO_UNIT_PRICE,2026-09-07T10:19:27.317099
full_historical_baseline,549171,84251F,,-2,0.0,,United Kingdom,INVALID_OR_ZERO_UNIT_PRICE,2026-09-07T10:19:27.317099
full_historical_baseline,549172,21637,,-139,0.0,,United Kingdom,INVALID_OR_ZERO_UNIT_PRICE,2026-09-07T10:19:27.317099
full_historical_baseline,549173,84218,,-2,0.0,,United Kingdom,INVALID_OR_ZERO_UNIT_PRICE,2026-09-07T10:19:27.317099
full_historical_baseline,549174,21160,,-7,0.0,,United Kingdom,INVALID_OR_ZERO_UNIT_PRICE,2026-09-07T10:19:27.317099
full_historical_baseline,549175,21171,,-30,0.0,,United Kingdom,INVALID_OR_ZERO_UNIT_PRICE,2026-09-07T10:19:27.317099
full_historical_baseline,549176,35603B,,-12,0.0,,United Kingdom,INVALID_OR_ZERO_UNIT_PRICE,2026-09-07T10:19:27.317099
full_historical_baseline,549177,20821,,9,0.0,,United Kingdom,INVALID_OR_ZERO_UNIT_PRICE,2026-09-07T10:19:27.317099
full_historical_baseline,549178,47502,,-19,0.0,,United Kingdom,INVALID_OR_ZERO_UNIT_PRICE,2026-09-07T10:19:27.317099
full_historical_baseline,549179,84007,,-3,0.0,,United Kingdom,INVALID_OR_ZERO_UNIT_PRICE,2026-09-07T10:19:27.317099
full_historical_baseline,549180,84522,,-30,0.0,,United Kingdom,INVALID_OR_ZERO_UNIT_PRICE,2026-09-07T10:19:27.317099
full_historical_baseline,549244,79331,,-3,0.0,,United Kingdom,INVALID_OR_ZERO_UNIT_PRICE,2026-09-07T10:19:27.317099
full_historical_baseline,549264,21337,,-21,0.0,,United Kingdom,INVALID_OR_ZERO_UNIT_PRICE,2026-09-07T10:19:27.317099
full_historical_baseline,549266,84593,,-5,0.0,,United Kingdom,INVALID_OR_ZERO_UNIT_PRICE,2026-09-07T10:19:27.317099
full_historical_baseline,549267,46037A,,-5,0.0,,United Kingdom,INVALID_OR_ZERO_UNIT_PRICE,2026-09-07T10:19:27.317099
full_historical_baseline,549268,84856S,,-7,0.0,,United Kingdom,INVALID_OR_ZERO_UNIT_PRICE,2026-09-07T10:19:27.317099
full_historical_baseline,549270,84856L,,-27,0.0,,United Kingdom,INVALID_OR_ZERO_UNIT_PRICE,2026-09-07T10:19:27.317099
full_historical_baseline,549271,62096B,,-2,0.0,,United Kingdom,INVALID_OR_ZERO_UNIT_PRICE,2026-09-07T10:19:27.317099
full_historical_baseline,549326,21738,,-5,0.0,,United Kingdom,INVALID_OR_ZERO_UNIT_PRICE,2026-09-07T10:19:27.317099
full_historical_baseline,549327,84912A,,70,0.0,,United Kingdom,INVALID_OR_ZERO_UNIT_PRICE,2026-09-07T10:19:27.317099
full_historical_baseline,549328,51008,,-110,0.0,,United Kingdom,INVALID_OR_ZERO_UNIT_PRICE,2026-09-07T10:19:27.317099
full_historical_baseline,549329,84989A,,-1,0.0,,United Kingdom,INVALID_OR_ZERO_UNIT_PRICE,2026-09-07T10:19:27.317099
full_historical_baseline,549330,84251J,,-28,0.0,,United Kingdom,INVALID_OR_ZERO_UNIT_PRICE,2026-09-07T10:19:27.317099
full_historical_baseline,549331,40018F,,-22,0.0,,United Kingdom,INVALID_OR_ZERO_UNIT_PRICE,2026-09-07T10:19:27.317099
full_historical_baseline,549332,84864A,,-2,0.0,,United Kingdom,INVALID_OR_ZERO_UNIT_PRICE,2026-09-07T10:19:27.317099
full_historical_baseline,549340,20774,,-11,0.0,,United Kingdom,INVALID_OR_ZERO_UNIT_PRICE,2026-09-07T10:19:27.317099
full_historical_baseline,549342,35818B,,-53,0.0,,United Kingdom,INVALID_OR_ZERO_UNIT_PRICE,2026-09-07T10:19:27.317099
full_historical_baseline,549343,72815,,-3,0.0,,United Kingdom,INVALID_OR_ZERO_UNIT_PRICE,2026-09-07T10:19:27.317099
full_historical_baseline,549344,21825,,-14,0.0,,United Kingdom,INVALID_OR_ZERO_UNIT_PRICE,2026-09-07T10:19:27.317099
full_historical_baseline,549345,20748,,12,0.0,,United Kingdom,INVALID_OR_ZERO_UNIT_PRICE,2026-09-07T10:19:27.317099
full_historical_baseline,549346,22033,,-50,0.0,,United Kingdom,INVALID_OR_ZERO_UNIT_PRICE,2026-09-07T10:19:27.317099
full_historical_baseline,549347,35914,,10,0.0,,United Kingdom,INVALID_OR_ZERO_UNIT_PRICE,2026-09-07T10:19:27.317099
full_historical_baseline,549348,84251B,,-60,0.0,,United Kingdom,INVALID_OR_ZERO_UNIT_PRICE,2026-09-07T10:19:27.317099
full_historical_baseline,549349,10123G,,-38,0.0,,United Kingdom,INVALID_OR_ZERO_UNIT_PRICE,2026-09-07T10:19:27.317099
full_historical_baseline,549350,84597B,,-13,0.0,,United Kingdom,INVALID_OR_ZERO_UNIT_PRICE,2026-09-07T10:19:27.317099
full_historical_baseline,549351,85006,,-21,0.0,,United Kingdom,INVALID_OR_ZERO_UNIT_PRICE,2026-09-07T10:19:27.317099
full_historical_baseline,549355,84899F,,-5,0.0,,United Kingdom,INVALID_OR_ZERO_UNIT_PRICE,2026-09-07T10:19:27.317099
full_historical_baseline,549371,84921,,-17,0.0,,United Kingdom,INVALID_OR_ZERO_UNIT_PRICE,2026-09-07T10:19:27.317099
full_historical_baseline,549373,85008,,-2,0.0,,United Kingdom,INVALID_OR_ZERO_UNIT_PRICE,2026-09-07T10:19:27.317099
full_historical_baseline,549374,20775,,-29,0.0,,United Kingdom,INVALID_OR_ZERO_UNIT_PRICE,2026-09-07T10:19:27.317099
full_historical_baseline,549375,20863,,-6,0.0,,United Kingdom,INVALID_OR_ZERO_UNIT_PRICE,2026-09-07T10:19:27.317099
full_historical_baseline,549376,17014A,,11,0.0,,United Kingdom,INVALID_OR_ZERO_UNIT_PRICE,2026-09-07T10:19:27.317099
full_historical_baseline,549426,22078,,-201,0.0,,United Kingdom,INVALID_OR_ZERO_UNIT_PRICE,2026-09-07T10:19:27.317099
full_historical_baseline,549427,22797,damages,-12,0.0,,United Kingdom,INVALID_OR_ZERO_UNIT_PRICE,2026-09-07T10:19:27.317099
full_historical_baseline,549453,84857C,,24,0.0,,United Kingdom,INVALID_OR_ZERO_UNIT_PRICE,2026-09-07T10:19:27.317099
full_historical_baseline,549454,84858C,,46,0.0,,United Kingdom,INVALID_OR_ZERO_UNIT_PRICE,2026-09-07T10:19:27.317099
full_historical_baseline,549455,84858C,,-10,0.0,,United Kingdom,INVALID_OR_ZERO_UNIT_PRICE,2026-09-07T10:19:27.317099
full_historical_baseline,549456,47341A,,-6,0.0,,United Kingdom,INVALID_OR_ZERO_UNIT_PRICE,2026-09-07T10:19:27.317099
full_historical_baseline,549457,47344B,,-16,0.0,,United Kingdom,INVALID_OR_ZERO_UNIT_PRICE,2026-09-07T10:19:27.317099
full_historical_baseline,549458,62097B,,-6,0.0,,United Kingdom,INVALID_OR_ZERO_UNIT_PRICE,2026-09-07T10:19:27.317099
full_historical_baseline,549459,62043B,,7,0.0,,United Kingdom,INVALID_OR_ZERO_UNIT_PRICE,2026-09-07T10:19:27.317099
full_historical_baseline,549460,20716,,-82,0.0,,United Kingdom,INVALID_OR_ZERO_UNIT_PRICE,2026-09-07T10:19:27.317099
full_historical_baseline,549461,20731,,-16,0.0,,United Kingdom,INVALID_OR_ZERO_UNIT_PRICE,2026-09-07T10:19:27.317099
full_historical_baseline,549462,84910A,,-16,0.0,,United Kingdom,INVALID_OR_ZERO_UNIT_PRICE,2026-09-07T10:19:27.317099
full_historical_baseline,549463,84919,,-17,0.0,,United Kingdom,INVALID_OR_ZERO_UNIT_PRICE,2026-09-07T10:19:27.317099
full_historical_baseline,549464,20701,,-6,0.0,,United Kingdom,INVALID_OR_ZERO_UNIT_PRICE,2026-09-07T10:19:27.317099
full_historical_baseline,549465,84415B,,-5,0.0,,United Kingdom,INVALID_OR_ZERO_UNIT_PRICE,2026-09-07T10:19:27.317099
full_historical_baseline,549466,20816,,-11,0.0,,United Kingdom,INVALID_OR_ZERO_UNIT_PRICE,2026-09-07T10:19:27.317099
full_historical_baseline,549470,46775D,,-8,0.0,,United Kingdom,INVALID_OR_ZERO_UNIT_PRICE,2026-09-07T10:19:27.317099
full_historical_baseline,549489,85146,,8,0.0,,United Kingdom,INVALID_OR_ZERO_UNIT_PRICE,2026-09-07T10:19:27.317099
full_historical_baseline,549492,21736,,5,0.0,,United Kingdom,INVALID_OR_ZERO_UNIT_PRICE,2026-09-07T10:19:27.317099
full_historical_baseline,549494,22168,,6,0.0,,United Kingdom,INVALID_OR_ZERO_UNIT_PRICE,2026-09-07T10:19:27.317099
full_historical_baseline,549497,21527,,3,0.0,,United Kingdom,INVALID_OR_ZERO_UNIT_PRICE,2026-09-07T10:19:27.317099
full_historical_baseline,549498,22847,,1,0.0,,United Kingdom,INVALID_OR_ZERO_UNIT_PRICE,2026-09-07T10:19:27.317099
full_historical_baseline,549500,79321,,1,0.0,,United Kingdom,INVALID_OR_ZERO_UNIT_PRICE,2026-09-07T10:19:27.317099
full_historical_baseline,549502,84459B,,1,0.0,,United Kingdom,INVALID_OR_ZERO_UNIT_PRICE,2026-09-07T10:19:27.317099
full_historical_baseline,549506,22415,,-31,0.0,,United Kingdom,INVALID_OR_ZERO_UNIT_PRICE,2026-09-07T10:19:27.317099
full_historical_baseline,549510,84559B,,-158,0.0,,United Kingdom,INVALID_OR_ZERO_UNIT_PRICE,2026-09-07T10:19:27.317099
full_historical_baseline,549514,20820,,-3,0.0,,United Kingdom,INVALID_OR_ZERO_UNIT_PRICE,2026-09-07T10:19:27.317099
full_historical_baseline,549527,21620,mystery! Only ever imported 1800,-1479,0.0,,United Kingdom,INVALID_OR_ZERO_UNIT_PRICE,2026-09-07T10:19:27.317099
full_historical_baseline,549528,21422,,-55,0.0,,United Kingdom,INVALID_OR_ZERO_UNIT_PRICE,2026-09-07T10:19:27.317099
full_historical_baseline,549529,21830,"MERCHANT CHANDLER CREDIT ERROR, STO",-576,0.0,,United Kingdom,INVALID_OR_ZERO_UNIT_PRICE,2026-09-07T10:19:27.317099
full_historical_baseline,549531,21622,POSSIBLE DAMAGES OR LOST?,-750,0.0,,United Kingdom,INVALID_OR_ZERO_UNIT_PRICE,2026-09-07T10:19:27.317099
full_historical_baseline,549695,84751B,,-24,0.0,,United Kingdom,INVALID_OR_ZERO_UNIT_PRICE,2026-09-07T10:19:27.317099
full_historical_baseline,549846,21100,Damaged,-6,0.0,,United Kingdom,INVALID_OR_ZERO_UNIT_PRICE,2026-09-07T10:19:27.317099
full_historical_baseline,549848,84531A,,-34,0.0,,United Kingdom,INVALID_OR_ZERO_UNIT_PRICE,2026-09-07T10:19:27.317099
full_historical_baseline,549849,84531B,,-23,0.0,,United Kingdom,INVALID_OR_ZERO_UNIT_PRICE,2026-09-07T10:19:27.317099
full_historical_baseline,549935,35915C,damaged,-43,0.0,,United Kingdom,INVALID_OR_ZERO_UNIT_PRICE,2026-09-07T10:19:27.317099
full_historical_baseline,549948,37488A,damaged,-1,0.0,,United Kingdom,INVALID_OR_ZERO_UNIT_PRICE,2026-09-07T10:19:27.317099
full_historical_baseline,549950,37487B,Damaged,-6,0.0,,United Kingdom,INVALID_OR_ZERO_UNIT_PRICE,2026-09-07T10:19:27.317099
full_historical_baseline,549952,37482P,Damaged,-93,0.0,,United Kingdom,INVALID_OR_ZERO_UNIT_PRICE,2026-09-07T10:19:27.317099
full_historical_baseline,550133,85099F,,-1092,0.0,,United Kingdom,INVALID_OR_ZERO_UNIT_PRICE,2026-09-07T10:19:27.317099
full_historical_baseline,550153,85167B,DAMAGED,-1,0.0,,United Kingdom,INVALID_OR_ZERO_UNIT_PRICE,2026-09-07T10:19:27.317099
full_historical_baseline,550188,22636,CHILDS BREAKFAST SET CIRCUS PARADE,1,0.0,12457.0,Switzerland,INVALID_OR_ZERO_UNIT_PRICE,2026-09-07T10:19:27.317099
full_historical_baseline,550460,47556B,did  a credit  and did not tick ret,1300,0.0,,United Kingdom,INVALID_OR_ZERO_UNIT_PRICE,2026-09-07T10:19:27.317099
full_historical_baseline,550501,35915C,,30,0.0,,United Kingdom,INVALID_OR_ZERO_UNIT_PRICE,2026-09-07T10:19:27.317099
full_historical_baseline,550502,84535A,,320,0.0,,United Kingdom,INVALID_OR_ZERO_UNIT_PRICE,2026-09-07T10:19:27.317099
full_historical_baseline,550753,84763,Display,-150,0.0,,United Kingdom,INVALID_OR_ZERO_UNIT_PRICE,2026-09-07T10:19:27.317099
full_historical_baseline,550757,16202B,,-9,0.0,,United Kingdom,INVALID_OR_ZERO_UNIT_PRICE,2026-09-07T10:19:27.317099
full_historical_baseline,550758,85017A,,-8,0.0,,United Kingdom,INVALID_OR_ZERO_UNIT_PRICE,2026-09-07T10:19:27.317099
full_historical_baseline,550759,21087,,-7,0.0,,United Kingdom,INVALID_OR_ZERO_UNIT_PRICE,2026-09-07T10:19:27.317099
full_historical_baseline,550760,84750B,,-4,0.0,,United Kingdom,INVALID_OR_ZERO_UNIT_PRICE,2026-09-07T10:19:27.317099
full_historical_baseline,550761,84388,,6,0.0,,United Kingdom,INVALID_OR_ZERO_UNIT_PRICE,2026-09-07T10:19:27.317099
full_historical_baseline,550762,85030,,-9,0.0,,United Kingdom,INVALID_OR_ZERO_UNIT_PRICE,2026-09-07T10:19:27.317099
full_historical_baseline,550763,84666,,-5,0.0,,United Kingdom,INVALID_OR_ZERO_UNIT_PRICE,2026-09-07T10:19:27.317099
full_historical_baseline,550800,22458,Missing,-65,0.0,,United Kingdom,INVALID_OR_ZERO_UNIT_PRICE,2026-09-07T10:19:27.317099
full_historical_baseline,550815,85027L,,8,0.0,,United Kingdom,INVALID_OR_ZERO_UNIT_PRICE,2026-09-07T10:19:27.317099
full_historical_baseline,550908,20827,damages,-68,0.0,,United Kingdom,INVALID_OR_ZERO_UNIT_PRICE,2026-09-07T10:19:27.317099
full_historical_baseline,550922,22784,damages,-25,0.0,,United Kingdom,INVALID_OR_ZERO_UNIT_PRICE,2026-09-07T10:19:27.317099
full_historical_baseline,550926,22469,,8,0.0,,United Kingdom,INVALID_OR_ZERO_UNIT_PRICE,2026-09-07T10:19:27.317099
full_historical_baseline,550927,84990,,1,0.0,,United Kingdom,INVALID_OR_ZERO_UNIT_PRICE,2026-09-07T10:19:27.317099
full_historical_baseline,550928,22867,,3,0.0,,United Kingdom,INVALID_OR_ZERO_UNIT_PRICE,2026-09-07T10:19:27.317099
full_historical_baseline,550929,22470,,2,0.0,,United Kingdom,INVALID_OR_ZERO_UNIT_PRICE,2026-09-07T10:19:27.317099
full_historical_baseline,550930,22988,,2,0.0,,United Kingdom,INVALID_OR_ZERO_UNIT_PRICE,2026-09-07T10:19:27.317099
full_historical_baseline,550943,21316,,-5,0.0,,United Kingdom,INVALID_OR_ZERO_UNIT_PRICE,2026-09-07T10:19:27.317099
full_historical_baseline,550945,79329,,-2,0.0,,United Kingdom,INVALID_OR_ZERO_UNIT_PRICE,2026-09-07T10:19:27.317099
full_historical_baseline,550947,21319,adjustment,3,0.0,,United Kingdom,INVALID_OR_ZERO_UNIT_PRICE,2026-09-07T10:19:27.317099
full_historical_baseline,550948,17109D,Adjustment,14,0.0,,United Kingdom,INVALID_OR_ZERO_UNIT_PRICE,2026-09-07T10:19:27.317099
full_historical_baseline,550950,17091A,found,84,0.0,,United Kingdom,INVALID_OR_ZERO_UNIT_PRICE,2026-09-07T10:19:27.317099
full_historical_baseline,550951,84531A,returned,2,0.0,,United Kingdom,INVALID_OR_ZERO_UNIT_PRICE,2026-09-07T10:19:27.317099
full_historical_baseline,550952,84531B,returned,2,0.0,,United Kingdom,INVALID_OR_ZERO_UNIT_PRICE,2026-09-07T10:19:27.317099
full_historical_baseline,550954,47013A,damaged,-2,0.0,,United Kingdom,INVALID_OR_ZERO_UNIT_PRICE,2026-09-07T10:19:27.317099
full_historical_baseline,550970,82599,,-11,0.0,,United Kingdom,INVALID_OR_ZERO_UNIT_PRICE,2026-09-07T10:19:27.317099
full_historical_baseline,550975,20941,,20,0.0,,United Kingdom,INVALID_OR_ZERO_UNIT_PRICE,2026-09-07T10:19:27.317099
full_historical_baseline,550976,84921,,6,0.0,,United Kingdom,INVALID_OR_ZERO_UNIT_PRICE,2026-09-07T10:19:27.317099
full_historical_baseline,550977,85200,,6,0.0,,United Kingdom,INVALID_OR_ZERO_UNIT_PRICE,2026-09-07T10:19:27.317099
full_historical_baseline,550979,85145,,9,0.0,,United Kingdom,INVALID_OR_ZERO_UNIT_PRICE,2026-09-07T10:19:27.317099
full_historical_baseline,550980,21445,,1,0.0,,United Kingdom,INVALID_OR_ZERO_UNIT_PRICE,2026-09-07T10:19:27.317099
full_historical_baseline,550981,21911,,1,0.0,,United Kingdom,INVALID_OR_ZERO_UNIT_PRICE,2026-09-07T10:19:27.317099
full_historical_baseline,550982,22632,,5,0.0,,United Kingdom,INVALID_OR_ZERO_UNIT_PRICE,2026-09-07T10:19:27.317099
full_historical_baseline,550983,22866,,4,0.0,,United Kingdom,INVALID_OR_ZERO_UNIT_PRICE,2026-09-07T10:19:27.317099
full_historical_baseline,550984,85008,,1,0.0,,United Kingdom,INVALID_OR_ZERO_UNIT_PRICE,2026-09-07T10:19:27.317099
full_historical_baseline,550985,22777,,4,0.0,,United Kingdom,INVALID_OR_ZERO_UNIT_PRICE,2026-09-07T10:19:27.317099
full_historical_baseline,551019,22467,wrong code?,-100,0.0,,United Kingdom,INVALID_OR_ZERO_UNIT_PRICE,2026-09-07T10:19:27.317099
full_historical_baseline,551020,22719,wrong code,-110,0.0,,United Kingdom,INVALID_OR_ZERO_UNIT_PRICE,2026-09-07T10:19:27.317099
full_historical_baseline,551126,82483,,18,0.0,,United Kingdom,INVALID_OR_ZERO_UNIT_PRICE,2026-09-07T10:19:27.317099
full_historical_baseline,551168,85068,,-4,0.0,,United Kingdom,INVALID_OR_ZERO_UNIT_PRICE,2026-09-07T10:19:27.317099
full_historical_baseline,551201,16015,,-620,0.0,,United Kingdom,INVALID_OR_ZERO_UNIT_PRICE,2026-09-07T10:19:27.317099
full_historical_baseline,551240,51020A,adjustment,41,0.0,,United Kingdom,INVALID_OR_ZERO_UNIT_PRICE,2026-09-07T10:19:27.317099
full_historical_baseline,551243,51020B,adjust,-53,0.0,,United Kingdom,INVALID_OR_ZERO_UNIT_PRICE,2026-09-07T10:19:27.317099
full_historical_baseline,551302,48189,damaged,-18,0.0,,United Kingdom,INVALID_OR_ZERO_UNIT_PRICE,2026-09-07T10:19:27.317099
full_historical_baseline,551304,48189,adjustment,2,0.0,,United Kingdom,INVALID_OR_ZERO_UNIT_PRICE,2026-09-07T10:19:27.317099
full_historical_baseline,551318,21898,,60,0.0,,United Kingdom,INVALID_OR_ZERO_UNIT_PRICE,2026-09-07T10:19:27.317099
full_historical_baseline,551319,22459,,65,0.0,,United Kingdom,INVALID_OR_ZERO_UNIT_PRICE,2026-09-07T10:19:27.317099
full_historical_baseline,551320,21897,,60,0.0,,United Kingdom,INVALID_OR_ZERO_UNIT_PRICE,2026-09-07T10:19:27.317099
full_historical_baseline,551321,22719,,36,0.0,,United Kingdom,INVALID_OR_ZERO_UNIT_PRICE,2026-09-07T10:19:27.317099
full_historical_baseline,551322,85099F,,101,0.0,,United Kingdom,INVALID_OR_ZERO_UNIT_PRICE,2026-09-07T10:19:27.317099
full_historical_baseline,551323,21398,damages,-9,0.0,,United Kingdom,INVALID_OR_ZERO_UNIT_PRICE,2026-09-07T10:19:27.317099
full_historical_baseline,551324,85017C,Found,13,0.0,,United Kingdom,INVALID_OR_ZERO_UNIT_PRICE,2026-09-07T10:19:27.317099
full_historical_baseline,551326,85017A,,-2,0.0,,United Kingdom,INVALID_OR_ZERO_UNIT_PRICE,2026-09-07T10:19:27.317099
full_historical_baseline,551327,84228,crushed,-4,0.0,,United Kingdom,INVALID_OR_ZERO_UNIT_PRICE,2026-09-07T10:19:27.317099
full_historical_baseline,551328,21320,,-23,0.0,,United Kingdom,INVALID_OR_ZERO_UNIT_PRICE,2026-09-07T10:19:27.317099
full_historical_baseline,551394,16015,,400,0.0,,United Kingdom,INVALID_OR_ZERO_UNIT_PRICE,2026-09-07T10:19:27.317099
full_historical_baseline,551422,22084,,-150,0.0,,United Kingdom,INVALID_OR_ZERO_UNIT_PRICE,2026-09-07T10:19:27.317099
full_historical_baseline,551429,10002,,-3,0.0,,United Kingdom,INVALID_OR_ZERO_UNIT_PRICE,2026-09-07T10:19:27.317099
full_historical_baseline,551430,20966,,-3,0.0,,United Kingdom,INVALID_OR_ZERO_UNIT_PRICE,2026-09-07T10:19:27.317099
full_historical_baseline,551431,44091A,,-2,0.0,,United Kingdom,INVALID_OR_ZERO_UNIT_PRICE,2026-09-07T10:19:27.317099
full_historical_baseline,551432,21923,,-5,0.0,,United Kingdom,INVALID_OR_ZERO_UNIT_PRICE,2026-09-07T10:19:27.317099
full_historical_baseline,551433,21784,,-2,0.0,,United Kingdom,INVALID_OR_ZERO_UNIT_PRICE,2026-09-07T10:19:27.317099
full_historical_baseline,551434,20896,,-5,0.0,,United Kingdom,INVALID_OR_ZERO_UNIT_PRICE,2026-09-07T10:19:27.317099
full_historical_baseline,551435,20825,,-5,0.0,,United Kingdom,INVALID_OR_ZERO_UNIT_PRICE,2026-09-07T10:19:27.317099
full_historical_baseline,551441,85136B,,-4,0.0,,United Kingdom,INVALID_OR_ZERO_UNIT_PRICE,2026-09-07T10:19:27.317099
full_historical_baseline,551442,85060,,-4,0.0,,United Kingdom,INVALID_OR_ZERO_UNIT_PRICE,2026-09-07T10:19:27.317099
full_historical_baseline,551443,35920,,-4,0.0,,United Kingdom,INVALID_OR_ZERO_UNIT_PRICE,2026-09-07T10:19:27.317099
full_historical_baseline,551444,35809B,,-4,0.0,,United Kingdom,INVALID_OR_ZERO_UNIT_PRICE,2026-09-07T10:19:27.317099
full_historical_baseline,551446,35594,,-4,0.0,,United Kingdom,INVALID_OR_ZERO_UNIT_PRICE,2026-09-07T10:19:27.317099
full_historical_baseline,551447,35004C,,-4,0.0,,United Kingdom,INVALID_OR_ZERO_UNIT_PRICE,2026-09-07T10:19:27.317099
full_historical_baseline,551448,22734,,-4,0.0,,United Kingdom,INVALID_OR_ZERO_UNIT_PRICE,2026-09-07T10:19:27.317099
full_historical_baseline,551449,22525,,-4,0.0,,United Kingdom,INVALID_OR_ZERO_UNIT_PRICE,2026-09-07T10:19:27.317099
full_historical_baseline,551450,21410,,-4,0.0,,United Kingdom,INVALID_OR_ZERO_UNIT_PRICE,2026-09-07T10:19:27.317099
full_historical_baseline,551451,21330,,-4,0.0,,United Kingdom,INVALID_OR_ZERO_UNIT_PRICE,2026-09-07T10:19:27.317099
full_historical_baseline,551452,84715,,-3,0.0,,United Kingdom,INVALID_OR_ZERO_UNIT_PRICE,2026-09-07T10:19:27.317099
full_historical_baseline,551453,82494L,,-3,0.0,,United Kingdom,INVALID_OR_ZERO_UNIT_PRICE,2026-09-07T10:19:27.317099
full_historical_baseline,551454,78027,,-3,0.0,,United Kingdom,INVALID_OR_ZERO_UNIT_PRICE,2026-09-07T10:19:27.317099
full_historical_baseline,551455,37333,,-1,0.0,,United Kingdom,INVALID_OR_ZERO_UNIT_PRICE,2026-09-07T10:19:27.317099
full_historical_baseline,551456,22795,,-3,0.0,,United Kingdom,INVALID_OR_ZERO_UNIT_PRICE,2026-09-07T10:19:27.317099
full_historical_baseline,551457,22719,,-3,0.0,,United Kingdom,INVALID_OR_ZERO_UNIT_PRICE,2026-09-07T10:19:27.317099
full_historical_baseline,551458,22451,,3,0.0,,United Kingdom,INVALID_OR_ZERO_UNIT_PRICE,2026-09-07T10:19:27.317099
full_historical_baseline,551459,22173,,-30,0.0,,United Kingdom,INVALID_OR_ZERO_UNIT_PRICE,2026-09-07T10:19:27.317099
full_historical_baseline,551460,22173,,27,0.0,,United Kingdom,INVALID_OR_ZERO_UNIT_PRICE,2026-09-07T10:19:27.317099
full_historical_baseline,551461,21806,,-3,0.0,,United Kingdom,INVALID_OR_ZERO_UNIT_PRICE,2026-09-07T10:19:27.317099
full_historical_baseline,551553,22521,,-90,0.0,,United Kingdom,INVALID_OR_ZERO_UNIT_PRICE,2026-09-07T10:19:27.317099
full_historical_baseline,551554,22720,,-4,0.0,,United Kingdom,INVALID_OR_ZERO_UNIT_PRICE,2026-09-07T10:19:27.317099
full_historical_baseline,551565,85135A,,-7,0.0,,United Kingdom,INVALID_OR_ZERO_UNIT_PRICE,2026-09-07T10:19:27.317099
full_historical_baseline,551567,21269,,13,0.0,,United Kingdom,INVALID_OR_ZERO_UNIT_PRICE,2026-09-07T10:19:27.317099
full_historical_baseline,551568,21038,,-6,0.0,,United Kingdom,INVALID_OR_ZERO_UNIT_PRICE,2026-09-07T10:19:27.317099
full_historical_baseline,551569,85226C,,-6,0.0,,United Kingdom,INVALID_OR_ZERO_UNIT_PRICE,2026-09-07T10:19:27.317099
full_historical_baseline,551570,85189,,-6,0.0,,United Kingdom,INVALID_OR_ZERO_UNIT_PRICE,2026-09-07T10:19:27.317099
full_historical_baseline,551571,47591A,,-6,0.0,,United Kingdom,INVALID_OR_ZERO_UNIT_PRICE,2026-09-07T10:19:27.317099
full_historical_baseline,551572,37424,,-6,0.0,,United Kingdom,INVALID_OR_ZERO_UNIT_PRICE,2026-09-07T10:19:27.317099
full_historical_baseline,551573,22726,,-5,0.0,,United Kingdom,INVALID_OR_ZERO_UNIT_PRICE,2026-09-07T10:19:27.317099
full_historical_baseline,551574,21692,,-6,0.0,,United Kingdom,INVALID_OR_ZERO_UNIT_PRICE,2026-09-07T10:19:27.317099
full_historical_baseline,551575,21412,,-6,0.0,,United Kingdom,INVALID_OR_ZERO_UNIT_PRICE,2026-09-07T10:19:27.317099
full_historical_baseline,551577,90100,,-5,0.0,,United Kingdom,INVALID_OR_ZERO_UNIT_PRICE,2026-09-07T10:19:27.317099
full_historical_baseline,551578,90037D,,-5,0.0,,United Kingdom,INVALID_OR_ZERO_UNIT_PRICE,2026-09-07T10:19:27.317099
full_historical_baseline,551579,85098B,,-5,0.0,,United Kingdom,INVALID_OR_ZERO_UNIT_PRICE,2026-09-07T10:19:27.317099
full_historical_baseline,551580,85084,,-5,0.0,,United Kingdom,INVALID_OR_ZERO_UNIT_PRICE,2026-09-07T10:19:27.317099
full_historical_baseline,551581,84873A,,5,0.0,,United Kingdom,INVALID_OR_ZERO_UNIT_PRICE,2026-09-07T10:19:27.317099
full_historical_baseline,551582,84857A,,-5,0.0,,United Kingdom,INVALID_OR_ZERO_UNIT_PRICE,2026-09-07T10:19:27.317099
full_historical_baseline,551583,84482,,-5,0.0,,United Kingdom,INVALID_OR_ZERO_UNIT_PRICE,2026-09-07T10:19:27.317099
full_historical_baseline,551586,21120,,-6,0.0,,United Kingdom,INVALID_OR_ZERO_UNIT_PRICE,2026-09-07T10:19:27.317099
full_historical_baseline,551589,21854,,-2,0.0,,United Kingdom,INVALID_OR_ZERO_UNIT_PRICE,2026-09-07T10:19:27.317099
full_historical_baseline,551663,84548,,-70,0.0,,United Kingdom,INVALID_OR_ZERO_UNIT_PRICE,2026-09-07T10:19:27.317099
full_historical_baseline,551664,20933,,-3,0.0,,United Kingdom,INVALID_OR_ZERO_UNIT_PRICE,2026-09-07T10:19:27.317099
full_historical_baseline,551666,84750A,,-10,0.0,,United Kingdom,INVALID_OR_ZERO_UNIT_PRICE,2026-09-07T10:19:27.317099
full_historical_baseline,551667,84539,,6,0.0,,United Kingdom,INVALID_OR_ZERO_UNIT_PRICE,2026-09-07T10:19:27.317099
full_historical_baseline,551668,22444,,-10,0.0,,United Kingdom,INVALID_OR_ZERO_UNIT_PRICE,2026-09-07T10:19:27.317099
full_historical_baseline,551669,21355,,90,0.0,,United Kingdom,INVALID_OR_ZERO_UNIT_PRICE,2026-09-07T10:19:27.317099
full_historical_baseline,551671,20734,,-10,0.0,,United Kingdom,INVALID_OR_ZERO_UNIT_PRICE,2026-09-07T10:19:27.317099
full_historical_baseline,551672,84631,,-4,0.0,,United Kingdom,INVALID_OR_ZERO_UNIT_PRICE,2026-09-07T10:19:27.317099
full_historical_baseline,551673,79192A,,-9,0.0,,United Kingdom,INVALID_OR_ZERO_UNIT_PRICE,2026-09-07T10:19:27.317099
full_historical_baseline,551689,22625,,-9,0.0,,United Kingdom,INVALID_OR_ZERO_UNIT_PRICE,2026-09-07T10:19:27.317099
full_historical_baseline,551690,21143,,-9,0.0,,United Kingdom,INVALID_OR_ZERO_UNIT_PRICE,2026-09-07T10:19:27.317099
full_historical_baseline,551691,18098C,,10,0.0,,United Kingdom,INVALID_OR_ZERO_UNIT_PRICE,2026-09-07T10:19:27.317099
full_historical_baseline,551692,84685,,14,0.0,,United Kingdom,INVALID_OR_ZERO_UNIT_PRICE,2026-09-07T10:19:27.317099
full_historical_baseline,551694,47589,,2,0.0,,United Kingdom,INVALID_OR_ZERO_UNIT_PRICE,2026-09-07T10:19:27.317099
full_historical_baseline,551695,22467,,-8,0.0,,United Kingdom,INVALID_OR_ZERO_UNIT_PRICE,2026-09-07T10:19:27.317099
full_historical_baseline,551700,85144,,-38,0.0,,United Kingdom,INVALID_OR_ZERO_UNIT_PRICE,2026-09-07T10:19:27.317099
full_historical_baseline,551701,84683,,-2,0.0,,United Kingdom,INVALID_OR_ZERO_UNIT_PRICE,2026-09-07T10:19:27.317099
full_historical_baseline,551704,22656,,-2,0.0,,United Kingdom,INVALID_OR_ZERO_UNIT_PRICE,2026-09-07T10:19:27.317099
full_historical_baseline,551705,22655,damages/showroom etc,-11,0.0,,United Kingdom,INVALID_OR_ZERO_UNIT_PRICE,2026-09-07T10:19:27.317099
full_historical_baseline,551722,20975,,-170,0.0,,United Kingdom,INVALID_OR_ZERO_UNIT_PRICE,2026-09-07T10:19:27.317099
full_historical_baseline,551723,22136,,-23,0.0,,United Kingdom,INVALID_OR_ZERO_UNIT_PRICE,2026-09-07T10:19:27.317099
full_historical_baseline,551735,21656,samples,-19,0.0,,United Kingdom,INVALID_OR_ZERO_UNIT_PRICE,2026-09-07T10:19:27.317099
full_historical_baseline,551837,79164,damages/credits from ASOS.,-1512,0.0,,United Kingdom,INVALID_OR_ZERO_UNIT_PRICE,2026-09-07T10:19:27.317099
full_historical_baseline,551838,35609A,,-51,0.0,,United Kingdom,INVALID_OR_ZERO_UNIT_PRICE,2026-09-07T10:19:27.317099
full_historical_baseline,551900,20778,,2,0.0,,United Kingdom,INVALID_OR_ZERO_UNIT_PRICE,2026-09-07T10:19:27.317099
full_historical_baseline,551964,20851,,1,0.0,,United Kingdom,INVALID_OR_ZERO_UNIT_PRICE,2026-09-07T10:19:27.317099
full_historical_baseline,551965,21429,,1,0.0,,United Kingdom,INVALID_OR_ZERO_UNIT_PRICE,2026-09-07T10:19:27.317099
full_historical_baseline,552050,84916,,-32,0.0,,United Kingdom,INVALID_OR_ZERO_UNIT_PRICE,2026-09-07T10:19:27.317099
full_historical_baseline,552052,84917,,-8,0.0,,United Kingdom,INVALID_OR_ZERO_UNIT_PRICE,2026-09-07T10:19:27.317099
full_historical_baseline,552175,23200,mailout ,100,0.0,,United Kingdom,INVALID_OR_ZERO_UNIT_PRICE,2026-09-07T10:19:27.317099
full_historical_baseline,552177,23202,mailout,100,0.0,,United Kingdom,INVALID_OR_ZERO_UNIT_PRICE,2026-09-07T10:19:27.317099
full_historical_baseline,552178,23203,mailout,100,0.0,,United Kingdom,INVALID_OR_ZERO_UNIT_PRICE,2026-09-07T10:19:27.317099
full_historical_baseline,552187,23209,mailout,100,0.0,,United Kingdom,INVALID_OR_ZERO_UNIT_PRICE,2026-09-07T10:19:27.317099
full_historical_baseline,552214,84872A,,-12,0.0,,United Kingdom,INVALID_OR_ZERO_UNIT_PRICE,2026-09-07T10:19:27.317099
full_historical_baseline,552215,17096,,-41,0.0,,United Kingdom,INVALID_OR_ZERO_UNIT_PRICE,2026-09-07T10:19:27.317099
full_historical_baseline,552216,21363,,-19,0.0,,United Kingdom,INVALID_OR_ZERO_UNIT_PRICE,2026-09-07T10:19:27.317099
full_historical_baseline,552218,84406B,,-38,0.0,,United Kingdom,INVALID_OR_ZERO_UNIT_PRICE,2026-09-07T10:19:27.317099
full_historical_baseline,552219,22073,,-56,0.0,,United Kingdom,INVALID_OR_ZERO_UNIT_PRICE,2026-09-07T10:19:27.317099
full_historical_baseline,552220,22202,,1,0.0,,United Kingdom,INVALID_OR_ZERO_UNIT_PRICE,2026-09-07T10:19:27.317099
full_historical_baseline,552221,21043,,-38,0.0,,United Kingdom,INVALID_OR_ZERO_UNIT_PRICE,2026-09-07T10:19:27.317099
full_historical_baseline,552222,21974,,-45,0.0,,United Kingdom,INVALID_OR_ZERO_UNIT_PRICE,2026-09-07T10:19:27.317099
full_historical_baseline,552223,22524,,-49,0.0,,United Kingdom,INVALID_OR_ZERO_UNIT_PRICE,2026-09-07T10:19:27.317099
full_historical_baseline,552224,84766,,-37,0.0,,United Kingdom,INVALID_OR_ZERO_UNIT_PRICE,2026-09-07T10:19:27.317099
full_historical_baseline,552225,22775,,-40,0.0,,United Kingdom,INVALID_OR_ZERO_UNIT_PRICE,2026-09-07T10:19:27.317099
full_historical_baseline,552226,22035,,-160,0.0,,United Kingdom,INVALID_OR_ZERO_UNIT_PRICE,2026-09-07T10:19:27.317099
full_historical_baseline,552227,84596J,,70,0.0,,United Kingdom,INVALID_OR_ZERO_UNIT_PRICE,2026-09-07T10:19:27.317099
full_historical_baseline,552228,84912B,,-93,0.0,,United Kingdom,INVALID_OR_ZERO_UNIT_PRICE,2026-09-07T10:19:27.317099
full_historical_baseline,552230,20735,BLACK MINI TAPE MEASURE ,1,0.0,,United Kingdom,INVALID_OR_ZERO_UNIT_PRICE,2026-09-07T10:19:27.317099
full_historical_baseline,552230,22617,BAKING SET SPACEBOY DESIGN,1,0.0,,United Kingdom,INVALID_OR_ZERO_UNIT_PRICE,2026-09-07T10:19:27.317099
full_historical_baseline,552230,37327,ASSTD MULTICOLOUR CIRCLES MUG,1,0.0,,United Kingdom,INVALID_OR_ZERO_UNIT_PRICE,2026-09-07T10:19:27.317099
full_historical_baseline,552230,84375,SET OF 20 KIDS COOKIE CUTTERS,1,0.0,,United Kingdom,INVALID_OR_ZERO_UNIT_PRICE,2026-09-07T10:19:27.317099
full_historical_baseline,552230,84969,BOX OF 6 ASSORTED COLOUR TEASPOONS,1,0.0,,United Kingdom,INVALID_OR_ZERO_UNIT_PRICE,2026-09-07T10:19:27.317099
full_historical_baseline,552230,DOT,DOTCOM POSTAGE,1,0.0,,United Kingdom,INVALID_OR_ZERO_UNIT_PRICE,2026-09-07T10:19:27.317099
full_historical_baseline,552331,22667,damaged,-30,0.0,,United Kingdom,INVALID_OR_ZERO_UNIT_PRICE,2026-09-07T10:19:27.317099
full_historical_baseline,552443,22796,Not rcvd in 10/11/2010 delivery,-360,0.0,,United Kingdom,INVALID_OR_ZERO_UNIT_PRICE,2026-09-07T10:19:27.317099
full_historical_baseline,552527,20964,,2,0.0,,United Kingdom,INVALID_OR_ZERO_UNIT_PRICE,2026-09-07T10:19:27.317099
full_historical_baseline,552653,22926,,-48,0.0,,United Kingdom,INVALID_OR_ZERO_UNIT_PRICE,2026-09-07T10:19:27.317099
full_historical_baseline,552733,23059,Thrown away-rusty,-2376,0.0,,United Kingdom,INVALID_OR_ZERO_UNIT_PRICE,2026-09-07T10:19:27.317099
full_historical_baseline,552763,21137,,-25,0.0,,United Kingdom,INVALID_OR_ZERO_UNIT_PRICE,2026-09-07T10:19:27.317099
full_historical_baseline,552766,22084,,-56,0.0,,United Kingdom,INVALID_OR_ZERO_UNIT_PRICE,2026-09-07T10:19:27.317099
full_historical_baseline,552767,79164,,-47,0.0,,United Kingdom,INVALID_OR_ZERO_UNIT_PRICE,2026-09-07T10:19:27.317099
full_historical_baseline,552768,22087,,-26,0.0,,United Kingdom,INVALID_OR_ZERO_UNIT_PRICE,2026-09-07T10:19:27.317099
full_historical_baseline,552979,35970,,-217,0.0,,United Kingdom,INVALID_OR_ZERO_UNIT_PRICE,2026-09-07T10:19:27.317099
full_historical_baseline,553000,47566,PARTY BUNTING,4,0.0,17667.0,United Kingdom,INVALID_OR_ZERO_UNIT_PRICE,2026-09-07T10:19:27.317099
full_historical_baseline,553041,22521,,-9,0.0,,United Kingdom,INVALID_OR_ZERO_UNIT_PRICE,2026-09-07T10:19:27.317099
full_historical_baseline,553147,84879,damaged,-160,0.0,,United Kingdom,INVALID_OR_ZERO_UNIT_PRICE,2026-09-07T10:19:27.317099
full_historical_baseline,553163,22726,,1,0.0,,United Kingdom,INVALID_OR_ZERO_UNIT_PRICE,2026-09-07T10:19:27.317099
full_historical_baseline,553349,22719,,1,0.0,,United Kingdom,INVALID_OR_ZERO_UNIT_PRICE,2026-09-07T10:19:27.317099
full_historical_baseline,553391,37370,sold as set/6 by dotcom,-786,0.0,,United Kingdom,INVALID_OR_ZERO_UNIT_PRICE,2026-09-07T10:19:27.317099
full_historical_baseline,553394,15058A,wet/rusty,-30,0.0,,United Kingdom,INVALID_OR_ZERO_UNIT_PRICE,2026-09-07T10:19:27.317099
full_historical_baseline,553395,15058C,wet/rusty,-30,0.0,,United Kingdom,INVALID_OR_ZERO_UNIT_PRICE,2026-09-07T10:19:27.317099
full_historical_baseline,553396,22423,damages,-21,0.0,,United Kingdom,INVALID_OR_ZERO_UNIT_PRICE,2026-09-07T10:19:27.317099
full_historical_baseline,553398,37370,damages/dotcom?,-590,0.0,,United Kingdom,INVALID_OR_ZERO_UNIT_PRICE,2026-09-07T10:19:27.317099
full_historical_baseline,553399,84789,,-2,0.0,,United Kingdom,INVALID_OR_ZERO_UNIT_PRICE,2026-09-07T10:19:27.317099
full_historical_baseline,553400,20803,damages,-40,0.0,,United Kingdom,INVALID_OR_ZERO_UNIT_PRICE,2026-09-07T10:19:27.317099
full_historical_baseline,553401,22060,,-16,0.0,,United Kingdom,INVALID_OR_ZERO_UNIT_PRICE,2026-09-07T10:19:27.317099
full_historical_baseline,553413,21259,,-51,0.0,,United Kingdom,INVALID_OR_ZERO_UNIT_PRICE,2026-09-07T10:19:27.317099
full_historical_baseline,553480,21143,,24,0.0,,United Kingdom,INVALID_OR_ZERO_UNIT_PRICE,2026-09-07T10:19:27.317099
full_historical_baseline,553481,21181,on cargo order,192,0.0,,United Kingdom,INVALID_OR_ZERO_UNIT_PRICE,2026-09-07T10:19:27.317099
full_historical_baseline,553521,85099F,JUMBO BAG STRAWBERRY,1,0.0,,United Kingdom,INVALID_OR_ZERO_UNIT_PRICE,2026-09-07T10:19:27.317099
full_historical_baseline,553521,48184,DOORMAT ENGLISH ROSE ,1,0.0,,United Kingdom,INVALID_OR_ZERO_UNIT_PRICE,2026-09-07T10:19:27.317099
full_historical_baseline,553521,22692,DOORMAT WELCOME TO OUR HOME,1,0.0,,United Kingdom,INVALID_OR_ZERO_UNIT_PRICE,2026-09-07T10:19:27.317099
full_historical_baseline,553521,22684,FRENCH BLUE METAL DOOR SIGN 9,2,0.0,,United Kingdom,INVALID_OR_ZERO_UNIT_PRICE,2026-09-07T10:19:27.317099
full_historical_baseline,553521,22682,FRENCH BLUE METAL DOOR SIGN 7,3,0.0,,United Kingdom,INVALID_OR_ZERO_UNIT_PRICE,2026-09-07T10:19:27.317099
full_historical_baseline,553521,22686,FRENCH BLUE METAL DOOR SIGN No,11,0.0,,United Kingdom,INVALID_OR_ZERO_UNIT_PRICE,2026-09-07T10:19:27.317099
full_historical_baseline,553521,22683,FRENCH BLUE METAL DOOR SIGN 8,5,0.0,,United Kingdom,INVALID_OR_ZERO_UNIT_PRICE,2026-09-07T10:19:27.317099
full_historical_baseline,553521,22679,FRENCH BLUE METAL DOOR SIGN 4,4,0.0,,United Kingdom,INVALID_OR_ZERO_UNIT_PRICE,2026-09-07T10:19:27.317099
full_historical_baseline,553521,22684,FRENCH BLUE METAL DOOR SIGN 9,2,0.0,,United Kingdom,INVALID_OR_ZERO_UNIT_PRICE,2026-09-07T10:19:27.317099
full_historical_baseline,553521,22678,FRENCH BLUE METAL DOOR SIGN 3,5,0.0,,United Kingdom,INVALID_OR_ZERO_UNIT_PRICE,2026-09-07T10:19:27.317099
full_historical_baseline,553521,22680,FRENCH BLUE METAL DOOR SIGN 5,2,0.0,,United Kingdom,INVALID_OR_ZERO_UNIT_PRICE,2026-09-07T10:19:27.317099
full_historical_baseline,553521,22677,FRENCH BLUE METAL DOOR SIGN 2,4,0.0,,United Kingdom,INVALID_OR_ZERO_UNIT_PRICE,2026-09-07T10:19:27.317099
full_historical_baseline,553521,22676,FRENCH BLUE METAL DOOR SIGN 1,2,0.0,,United Kingdom,INVALID_OR_ZERO_UNIT_PRICE,2026-09-07T10:19:27.317099
full_historical_baseline,553521,22666,RECIPE BOX PANTRY YELLOW DESIGN,1,0.0,,United Kingdom,INVALID_OR_ZERO_UNIT_PRICE,2026-09-07T10:19:27.317099
full_historical_baseline,553521,22665,RECIPE BOX BLUE SKETCHBOOK DESIGN,2,0.0,,United Kingdom,INVALID_OR_ZERO_UNIT_PRICE,2026-09-07T10:19:27.317099
full_historical_baseline,553521,22649,STRAWBERRY FAIRY CAKE TEAPOT,1,0.0,,United Kingdom,INVALID_OR_ZERO_UNIT_PRICE,2026-09-07T10:19:27.317099
full_historical_baseline,553521,22646,CERAMIC STRAWBERRY CAKE MONEY BANK,1,0.0,,United Kingdom,INVALID_OR_ZERO_UNIT_PRICE,2026-09-07T10:19:27.317099
full_historical_baseline,553521,22644,CERAMIC CHERRY CAKE MONEY BANK,1,0.0,,United Kingdom,INVALID_OR_ZERO_UNIT_PRICE,2026-09-07T10:19:27.317099
full_historical_baseline,553521,22645,CERAMIC HEART FAIRY CAKE MONEY BANK,1,0.0,,United Kingdom,INVALID_OR_ZERO_UNIT_PRICE,2026-09-07T10:19:27.317099
full_historical_baseline,553521,22637,PIGGY BANK RETROSPOT ,2,0.0,,United Kingdom,INVALID_OR_ZERO_UNIT_PRICE,2026-09-07T10:19:27.317099
full_historical_baseline,553521,22626,BLACK KITCHEN SCALES,1,0.0,,United Kingdom,INVALID_OR_ZERO_UNIT_PRICE,2026-09-07T10:19:27.317099
full_historical_baseline,553521,22559,SEASIDE FLYING DISC,1,0.0,,United Kingdom,INVALID_OR_ZERO_UNIT_PRICE,2026-09-07T10:19:27.317099
full_historical_baseline,553521,22524,CHILDRENS GARDEN GLOVES BLUE,1,0.0,,United Kingdom,INVALID_OR_ZERO_UNIT_PRICE,2026-09-07T10:19:27.317099
full_historical_baseline,553521,22520,CHILDS GARDEN TROWEL BLUE ,1,0.0,,United Kingdom,INVALID_OR_ZERO_UNIT_PRICE,2026-09-07T10:19:27.317099
full_historical_baseline,553521,22518,CHILDS GARDEN BRUSH BLUE,1,0.0,,United Kingdom,INVALID_OR_ZERO_UNIT_PRICE,2026-09-07T10:19:27.317099
full_historical_baseline,553521,22519,CHILDS GARDEN BRUSH PINK,1,0.0,,United Kingdom,INVALID_OR_ZERO_UNIT_PRICE,2026-09-07T10:19:27.317099
full_historical_baseline,553521,22515,CHILDS GARDEN SPADE PINK,1,0.0,,United Kingdom,INVALID_OR_ZERO_UNIT_PRICE,2026-09-07T10:19:27.317099
full_historical_baseline,553521,22514,CHILDS GARDEN SPADE BLUE,2,0.0,,United Kingdom,INVALID_OR_ZERO_UNIT_PRICE,2026-09-07T10:19:27.317099
full_historical_baseline,553521,22430,ENAMEL WATERING CAN CREAM,1,0.0,,United Kingdom,INVALID_OR_ZERO_UNIT_PRICE,2026-09-07T10:19:27.317099
full_historical_baseline,553521,22427,ENAMEL FLOWER JUG CREAM,1,0.0,,United Kingdom,INVALID_OR_ZERO_UNIT_PRICE,2026-09-07T10:19:27.317099
full_historical_baseline,553521,22414,DOORMAT NEIGHBOURHOOD WITCH ,1,0.0,,United Kingdom,INVALID_OR_ZERO_UNIT_PRICE,2026-09-07T10:19:27.317099
full_historical_baseline,553521,22365,DOORMAT RESPECTABLE HOUSE,1,0.0,,United Kingdom,INVALID_OR_ZERO_UNIT_PRICE,2026-09-07T10:19:27.317099
full_historical_baseline,553521,22363,GLASS JAR MARMALADE ,1,0.0,,United Kingdom,INVALID_OR_ZERO_UNIT_PRICE,2026-09-07T10:19:27.317099
full_historical_baseline,553521,22362,GLASS JAR PEACOCK BATH SALTS,1,0.0,,United Kingdom,INVALID_OR_ZERO_UNIT_PRICE,2026-09-07T10:19:27.317099
full_historical_baseline,553521,22359,GLASS JAR KINGS CHOICE,1,0.0,,United Kingdom,INVALID_OR_ZERO_UNIT_PRICE,2026-09-07T10:19:27.317099
full_historical_baseline,553521,22356,CHARLOTTE BAG PINK POLKADOT,1,0.0,,United Kingdom,INVALID_OR_ZERO_UNIT_PRICE,2026-09-07T10:19:27.317099
full_historical_baseline,553521,22301,COFFEE MUG CAT + BIRD DESIGN,1,0.0,,United Kingdom,INVALID_OR_ZERO_UNIT_PRICE,2026-09-07T10:19:27.317099
full_historical_baseline,553521,22203,MILK PAN RED RETROSPOT,1,0.0,,United Kingdom,INVALID_OR_ZERO_UNIT_PRICE,2026-09-07T10:19:27.317099
full_historical_baseline,553521,21889,WOODEN BOX OF DOMINOES,1,0.0,,United Kingdom,INVALID_OR_ZERO_UNIT_PRICE,2026-09-07T10:19:27.317099
full_historical_baseline,553521,21116,OWL DOORSTOP,1,0.0,,United Kingdom,INVALID_OR_ZERO_UNIT_PRICE,2026-09-07T10:19:27.317099
full_historical_baseline,553539,22425,ENAMEL COLANDER CREAM,1,0.0,,United Kingdom,INVALID_OR_ZERO_UNIT_PRICE,2026-09-07T10:19:27.317099
full_historical_baseline,553539,22414,DOORMAT NEIGHBOURHOOD WITCH ,1,0.0,,United Kingdom,INVALID_OR_ZERO_UNIT_PRICE,2026-09-07T10:19:27.317099
full_historical_baseline,553539,22301,COFFEE MUG CAT + BIRD DESIGN,1,0.0,,United Kingdom,INVALID_OR_ZERO_UNIT_PRICE,2026-09-07T10:19:27.317099
full_historical_baseline,553539,22201,FRYING PAN BLUE POLKADOT,1,0.0,,United Kingdom,INVALID_OR_ZERO_UNIT_PRICE,2026-09-07T10:19:27.317099
full_historical_baseline,553539,21922,UNION STRIPE WITH FRINGE  HAMMOCK,1,0.0,,United Kingdom,INVALID_OR_ZERO_UNIT_PRICE,2026-09-07T10:19:27.317099
full_historical_baseline,553539,22692,DOORMAT WELCOME TO OUR HOME,1,0.0,,United Kingdom,INVALID_OR_ZERO_UNIT_PRICE,2026-09-07T10:19:27.317099
full_historical_baseline,553539,21559,STRAWBERRY LUNCH BOX WITH CUTLERY,1,0.0,,United Kingdom,INVALID_OR_ZERO_UNIT_PRICE,2026-09-07T10:19:27.317099
full_historical_baseline,553539,21116,OWL DOORSTOP,2,0.0,,United Kingdom,INVALID_OR_ZERO_UNIT_PRICE,2026-09-07T10:19:27.317099
full_historical_baseline,553539,20711,JUMBO BAG TOYS ,1,0.0,,United Kingdom,INVALID_OR_ZERO_UNIT_PRICE,2026-09-07T10:19:27.317099
full_historical_baseline,553539,20682,RED RETROSPOT CHILDRENS UMBRELLA,1,0.0,,United Kingdom,INVALID_OR_ZERO_UNIT_PRICE,2026-09-07T10:19:27.317099
full_historical_baseline,553539,22843,BISCUIT TIN VINTAGE GREEN,1,0.0,,United Kingdom,INVALID_OR_ZERO_UNIT_PRICE,2026-09-07T10:19:27.317099
full_historical_baseline,553539,22682,FRENCH BLUE METAL DOOR SIGN 7,1,0.0,,United Kingdom,INVALID_OR_ZERO_UNIT_PRICE,2026-09-07T10:19:27.317099
full_historical_baseline,553539,22679,FRENCH BLUE METAL DOOR SIGN 4,2,0.0,,United Kingdom,INVALID_OR_ZERO_UNIT_PRICE,2026-09-07T10:19:27.317099
full_historical_baseline,553539,22678,FRENCH BLUE METAL DOOR SIGN 3,5,0.0,,United Kingdom,INVALID_OR_ZERO_UNIT_PRICE,2026-09-07T10:19:27.317099
full_historical_baseline,553539,22677,FRENCH BLUE METAL DOOR SIGN 2,2,0.0,,United Kingdom,INVALID_OR_ZERO_UNIT_PRICE,2026-09-07T10:19:27.317099
full_historical_baseline,553539,22683,FRENCH BLUE METAL DOOR SIGN 8,1,0.0,,United Kingdom,INVALID_OR_ZERO_UNIT_PRICE,2026-09-07T10:19:27.317099
full_historical_baseline,553539,22666,RECIPE BOX PANTRY YELLOW DESIGN,1,0.0,,United Kingdom,INVALID_OR_ZERO_UNIT_PRICE,2026-09-07T10:19:27.317099
full_historical_baseline,553539,22665,RECIPE BOX BLUE SKETCHBOOK DESIGN,1,0.0,,United Kingdom,INVALID_OR_ZERO_UNIT_PRICE,2026-09-07T10:19:27.317099
full_historical_baseline,553539,22685,FRENCH BLUE METAL DOOR SIGN 0,2,0.0,,United Kingdom,INVALID_OR_ZERO_UNIT_PRICE,2026-09-07T10:19:27.317099
full_historical_baseline,553539,22676,FRENCH BLUE METAL DOOR SIGN 1,4,0.0,,United Kingdom,INVALID_OR_ZERO_UNIT_PRICE,2026-09-07T10:19:27.317099
full_historical_baseline,553539,22646,CERAMIC STRAWBERRY CAKE MONEY BANK,1,0.0,,United Kingdom,INVALID_OR_ZERO_UNIT_PRICE,2026-09-07T10:19:27.317099
full_historical_baseline,553539,22520,CHILDS GARDEN TROWEL BLUE ,1,0.0,,United Kingdom,INVALID_OR_ZERO_UNIT_PRICE,2026-09-07T10:19:27.317099
full_historical_baseline,553539,22523,CHILDS GARDEN FORK PINK,1,0.0,,United Kingdom,INVALID_OR_ZERO_UNIT_PRICE,2026-09-07T10:19:27.317099
full_historical_baseline,553539,22522,CHILDS GARDEN FORK BLUE ,1,0.0,,United Kingdom,INVALID_OR_ZERO_UNIT_PRICE,2026-09-07T10:19:27.317099
full_historical_baseline,553539,22519,CHILDS GARDEN BRUSH PINK,1,0.0,,United Kingdom,INVALID_OR_ZERO_UNIT_PRICE,2026-09-07T10:19:27.317099
full_historical_baseline,553539,22514,CHILDS GARDEN SPADE BLUE,1,0.0,,United Kingdom,INVALID_OR_ZERO_UNIT_PRICE,2026-09-07T10:19:27.317099
full_historical_baseline,553539,22515,CHILDS GARDEN SPADE PINK,2,0.0,,United Kingdom,INVALID_OR_ZERO_UNIT_PRICE,2026-09-07T10:19:27.317099
full_historical_baseline,553539,22501,PICNIC BASKET WICKER LARGE,1,0.0,,United Kingdom,INVALID_OR_ZERO_UNIT_PRICE,2026-09-07T10:19:27.317099
full_historical_baseline,553539,22474,SPACEBOY TV DINNER TRAY,1,0.0,,United Kingdom,INVALID_OR_ZERO_UNIT_PRICE,2026-09-07T10:19:27.317099
full_historical_baseline,553539,22430,ENAMEL WATERING CAN CREAM,2,0.0,,United Kingdom,INVALID_OR_ZERO_UNIT_PRICE,2026-09-07T10:19:27.317099
full_historical_baseline,553539,22426,ENAMEL WASH BOWL CREAM,1,0.0,,United Kingdom,INVALID_OR_ZERO_UNIT_PRICE,2026-09-07T10:19:27.317099
full_historical_baseline,553548,75131,,-48,0.0,,United Kingdom,INVALID_OR_ZERO_UNIT_PRICE,2026-09-07T10:19:27.317099
full_historical_baseline,553651,46126A,,-23,0.0,,United Kingdom,INVALID_OR_ZERO_UNIT_PRICE,2026-09-07T10:19:27.317099
full_historical_baseline,553652,20826,,-168,0.0,,United Kingdom,INVALID_OR_ZERO_UNIT_PRICE,2026-09-07T10:19:27.317099
full_historical_baseline,553659,20967,,-77,0.0,,United Kingdom,INVALID_OR_ZERO_UNIT_PRICE,2026-09-07T10:19:27.317099
full_historical_baseline,553688,22078,,4,0.0,,United Kingdom,INVALID_OR_ZERO_UNIT_PRICE,2026-09-07T10:19:27.317099
full_historical_baseline,553716,37444A,,3,0.0,,United Kingdom,INVALID_OR_ZERO_UNIT_PRICE,2026-09-07T10:19:27.317099
full_historical_baseline,553717,22087,,2,0.0,,United Kingdom,INVALID_OR_ZERO_UNIT_PRICE,2026-09-07T10:19:27.317099
full_historical_baseline,553719,85017C,adjustment,1,0.0,,United Kingdom,INVALID_OR_ZERO_UNIT_PRICE,2026-09-07T10:19:27.317099
full_historical_baseline,553728,21324,,2,0.0,,United Kingdom,INVALID_OR_ZERO_UNIT_PRICE,2026-09-07T10:19:27.317099
full_historical_baseline,553729,82599,,2,0.0,,United Kingdom,INVALID_OR_ZERO_UNIT_PRICE,2026-09-07T10:19:27.317099
full_historical_baseline,553743,21318,,-62,0.0,,United Kingdom,INVALID_OR_ZERO_UNIT_PRICE,2026-09-07T10:19:27.317099
full_historical_baseline,553744,85141,,-7,0.0,,United Kingdom,INVALID_OR_ZERO_UNIT_PRICE,2026-09-07T10:19:27.317099
full_historical_baseline,553745,84760S,,2,0.0,,United Kingdom,INVALID_OR_ZERO_UNIT_PRICE,2026-09-07T10:19:27.317099
full_historical_baseline,553746,84990,,1,0.0,,United Kingdom,INVALID_OR_ZERO_UNIT_PRICE,2026-09-07T10:19:27.317099
full_historical_baseline,553769,23444,,200,0.0,,United Kingdom,INVALID_OR_ZERO_UNIT_PRICE,2026-09-07T10:19:27.317099
full_historical_baseline,554017,22520,,-101,0.0,,United Kingdom,INVALID_OR_ZERO_UNIT_PRICE,2026-09-07T10:19:27.317099
full_historical_baseline,554020,22518,,-30,0.0,,United Kingdom,INVALID_OR_ZERO_UNIT_PRICE,2026-09-07T10:19:27.317099
full_historical_baseline,554021,20886,,-65,0.0,,United Kingdom,INVALID_OR_ZERO_UNIT_PRICE,2026-09-07T10:19:27.317099
full_historical_baseline,554022,20886,,10,0.0,,United Kingdom,INVALID_OR_ZERO_UNIT_PRICE,2026-09-07T10:19:27.317099
full_historical_baseline,554023,82613B,,-71,0.0,,United Kingdom,INVALID_OR_ZERO_UNIT_PRICE,2026-09-07T10:19:27.317099
full_historical_baseline,554024,20998,,-11,0.0,,United Kingdom,INVALID_OR_ZERO_UNIT_PRICE,2026-09-07T10:19:27.317099
full_historical_baseline,554037,22619,SET OF 6 SOLDIER SKITTLES,80,0.0,12415.0,Australia,INVALID_OR_ZERO_UNIT_PRICE,2026-09-07T10:19:27.317099
full_historical_baseline,554128,84563A,damaged,-4,0.0,,United Kingdom,INVALID_OR_ZERO_UNIT_PRICE,2026-09-07T10:19:27.317099
full_historical_baseline,554133,84596J,,-3,0.0,,United Kingdom,INVALID_OR_ZERO_UNIT_PRICE,2026-09-07T10:19:27.317099
full_historical_baseline,554143,79030G,damages,-413,0.0,,United Kingdom,INVALID_OR_ZERO_UNIT_PRICE,2026-09-07T10:19:27.317099
full_historical_baseline,554144,79030D,damages,-664,0.0,,United Kingdom,INVALID_OR_ZERO_UNIT_PRICE,2026-09-07T10:19:27.317099
full_historical_baseline,554145,84313C,,-12,0.0,,United Kingdom,INVALID_OR_ZERO_UNIT_PRICE,2026-09-07T10:19:27.317099
full_historical_baseline,554148,20966,,1,0.0,,United Kingdom,INVALID_OR_ZERO_UNIT_PRICE,2026-09-07T10:19:27.317099
full_historical_baseline,554149,85185D,,1,0.0,,United Kingdom,INVALID_OR_ZERO_UNIT_PRICE,2026-09-07T10:19:27.317099
full_historical_baseline,554267,84313C,,6,0.0,,United Kingdom,INVALID_OR_ZERO_UNIT_PRICE,2026-09-07T10:19:27.317099
full_historical_baseline,554276,22966,,-58,0.0,,United Kingdom,INVALID_OR_ZERO_UNIT_PRICE,2026-09-07T10:19:27.317099
full_historical_baseline,554287,22700,smashed,-48,0.0,,United Kingdom,INVALID_OR_ZERO_UNIT_PRICE,2026-09-07T10:19:27.317099
full_historical_baseline,554299,20975,,-39,0.0,,United Kingdom,INVALID_OR_ZERO_UNIT_PRICE,2026-09-07T10:19:27.317099
full_historical_baseline,554311,84743C,,-16,0.0,,United Kingdom,INVALID_OR_ZERO_UNIT_PRICE,2026-09-07T10:19:27.317099
full_historical_baseline,554312,84741C,,-2,0.0,,United Kingdom,INVALID_OR_ZERO_UNIT_PRICE,2026-09-07T10:19:27.317099
full_historical_baseline,554313,21144,,-63,0.0,,United Kingdom,INVALID_OR_ZERO_UNIT_PRICE,2026-09-07T10:19:27.317099
full_historical_baseline,554314,85195,,-13,0.0,,United Kingdom,INVALID_OR_ZERO_UNIT_PRICE,2026-09-07T10:19:27.317099
full_historical_baseline,554316,21195,,-1,0.0,,United Kingdom,INVALID_OR_ZERO_UNIT_PRICE,2026-09-07T10:19:27.317099
full_historical_baseline,554317,85198,,-11,0.0,,United Kingdom,INVALID_OR_ZERO_UNIT_PRICE,2026-09-07T10:19:27.317099
full_historical_baseline,554318,84535A,,-65,0.0,,United Kingdom,INVALID_OR_ZERO_UNIT_PRICE,2026-09-07T10:19:27.317099
full_historical_baseline,554319,47574B,,-13,0.0,,United Kingdom,INVALID_OR_ZERO_UNIT_PRICE,2026-09-07T10:19:27.317099
full_historical_baseline,554320,16053,,-102,0.0,,United Kingdom,INVALID_OR_ZERO_UNIT_PRICE,2026-09-07T10:19:27.317099
full_historical_baseline,554321,16244B,,-5,0.0,,United Kingdom,INVALID_OR_ZERO_UNIT_PRICE,2026-09-07T10:19:27.317099
full_historical_baseline,554328,21609,,-46,0.0,,United Kingdom,INVALID_OR_ZERO_UNIT_PRICE,2026-09-07T10:19:27.317099
full_historical_baseline,554352,22720,,4,0.0,,United Kingdom,INVALID_OR_ZERO_UNIT_PRICE,2026-09-07T10:19:27.317099
full_historical_baseline,554360,22524,,-13,0.0,,United Kingdom,INVALID_OR_ZERO_UNIT_PRICE,2026-09-07T10:19:27.317099
full_historical_baseline,554377,79164,,47,0.0,,United Kingdom,INVALID_OR_ZERO_UNIT_PRICE,2026-09-07T10:19:27.317099
full_historical_baseline,554378,20975,,3,0.0,,United Kingdom,INVALID_OR_ZERO_UNIT_PRICE,2026-09-07T10:19:27.317099
full_historical_baseline,554432,85132A,damaged,-97,0.0,,United Kingdom,INVALID_OR_ZERO_UNIT_PRICE,2026-09-07T10:19:27.317099
full_historical_baseline,554488,84913A,,-75,0.0,,United Kingdom,INVALID_OR_ZERO_UNIT_PRICE,2026-09-07T10:19:27.317099
full_historical_baseline,554550,47566B,incorrectly credited C550456 see 47,1300,0.0,,United Kingdom,INVALID_OR_ZERO_UNIT_PRICE,2026-09-07T10:19:27.317099
full_historical_baseline,554551,47566B,reverse previous adjustment,-1300,0.0,,United Kingdom,INVALID_OR_ZERO_UNIT_PRICE,2026-09-07T10:19:27.317099
full_historical_baseline,554553,47566B,incorrectly credited C550456 see 47,-1300,0.0,,United Kingdom,INVALID_OR_ZERO_UNIT_PRICE,2026-09-07T10:19:27.317099
full_historical_baseline,554559,16151A,,-2,0.0,,United Kingdom,INVALID_OR_ZERO_UNIT_PRICE,2026-09-07T10:19:27.317099
full_historical_baseline,554627,84746,,67,0.0,,United Kingdom,INVALID_OR_ZERO_UNIT_PRICE,2026-09-07T10:19:27.317099
full_historical_baseline,554634,85214,,64,0.0,,United Kingdom,INVALID_OR_ZERO_UNIT_PRICE,2026-09-07T10:19:27.317099
full_historical_baseline,554673,35653,,24,0.0,,United Kingdom,INVALID_OR_ZERO_UNIT_PRICE,2026-09-07T10:19:27.317099
full_historical_baseline,554675,20903,,-33,0.0,,United Kingdom,INVALID_OR_ZERO_UNIT_PRICE,2026-09-07T10:19:27.317099
full_historical_baseline,554676,71143,,-31,0.0,,United Kingdom,INVALID_OR_ZERO_UNIT_PRICE,2026-09-07T10:19:27.317099
full_historical_baseline,554677,20664,,9,0.0,,United Kingdom,INVALID_OR_ZERO_UNIT_PRICE,2026-09-07T10:19:27.317099
full_historical_baseline,554678,85086A,,-30,0.0,,United Kingdom,INVALID_OR_ZERO_UNIT_PRICE,2026-09-07T10:19:27.317099
full_historical_baseline,554679,35916A,,-21,0.0,,United Kingdom,INVALID_OR_ZERO_UNIT_PRICE,2026-09-07T10:19:27.317099
full_historical_baseline,554680,35916B,,-21,0.0,,United Kingdom,INVALID_OR_ZERO_UNIT_PRICE,2026-09-07T10:19:27.317099
full_historical_baseline,554681,35916C,,-32,0.0,,United Kingdom,INVALID_OR_ZERO_UNIT_PRICE,2026-09-07T10:19:27.317099
full_historical_baseline,554696,85016,,5,0.0,,United Kingdom,INVALID_OR_ZERO_UNIT_PRICE,2026-09-07T10:19:27.317099
full_historical_baseline,554828,16049,,74,0.0,,United Kingdom,INVALID_OR_ZERO_UNIT_PRICE,2026-09-07T10:19:27.317099
full_historical_baseline,554829,20801,,6,0.0,,United Kingdom,INVALID_OR_ZERO_UNIT_PRICE,2026-09-07T10:19:27.317099
full_historical_baseline,554830,21904,,3,0.0,,United Kingdom,INVALID_OR_ZERO_UNIT_PRICE,2026-09-07T10:19:27.317099
full_historical_baseline,554831,84906,,2,0.0,,United Kingdom,INVALID_OR_ZERO_UNIT_PRICE,2026-09-07T10:19:27.317099
full_historical_baseline,554852,21272,?,-212,0.0,,United Kingdom,INVALID_OR_ZERO_UNIT_PRICE,2026-09-07T10:19:27.317099
full_historical_baseline,554857,POST,,800,0.0,,United Kingdom,INVALID_OR_ZERO_UNIT_PRICE,2026-09-07T10:19:27.317099
full_historical_baseline,554907,40003,,-11,0.0,,United Kingdom,INVALID_OR_ZERO_UNIT_PRICE,2026-09-07T10:19:27.317099
full_historical_baseline,554928,21763,,-3,0.0,,United Kingdom,INVALID_OR_ZERO_UNIT_PRICE,2026-09-07T10:19:27.317099
full_historical_baseline,554962,84691,,2,0.0,,United Kingdom,INVALID_OR_ZERO_UNIT_PRICE,2026-09-07T10:19:27.317099
full_historical_baseline,555330,84804A,wet damaged,-125,0.0,,United Kingdom,INVALID_OR_ZERO_UNIT_PRICE,2026-09-07T10:19:27.317099
full_historical_baseline,555331,84800L,wet damaged,-144,0.0,,United Kingdom,INVALID_OR_ZERO_UNIT_PRICE,2026-09-07T10:19:27.317099
full_historical_baseline,555332,84801A,wet damaged,-48,0.0,,United Kingdom,INVALID_OR_ZERO_UNIT_PRICE,2026-09-07T10:19:27.317099
full_historical_baseline,555333,84805B,wet damaged,-96,0.0,,United Kingdom,INVALID_OR_ZERO_UNIT_PRICE,2026-09-07T10:19:27.317099
full_historical_baseline,555334,84805A,wet damaged,-96,0.0,,United Kingdom,INVALID_OR_ZERO_UNIT_PRICE,2026-09-07T10:19:27.317099
full_historical_baseline,555335,84804B,,-96,0.0,,United Kingdom,INVALID_OR_ZERO_UNIT_PRICE,2026-09-07T10:19:27.317099
full_historical_baseline,555387,22276,,-59,0.0,,United Kingdom,INVALID_OR_ZERO_UNIT_PRICE,2026-09-07T10:19:27.317099
full_historical_baseline,555390,22501,,50,0.0,,United Kingdom,INVALID_OR_ZERO_UNIT_PRICE,2026-09-07T10:19:27.317099
full_historical_baseline,555391,22501,,-10,0.0,,United Kingdom,INVALID_OR_ZERO_UNIT_PRICE,2026-09-07T10:19:27.317099
full_historical_baseline,555402,22501,,10,0.0,,United Kingdom,INVALID_OR_ZERO_UNIT_PRICE,2026-09-07T10:19:27.317099
full_historical_baseline,555469,84917,,1,0.0,,United Kingdom,INVALID_OR_ZERO_UNIT_PRICE,2026-09-07T10:19:27.317099
full_historical_baseline,555503,84313C,damaged,-1,0.0,,United Kingdom,INVALID_OR_ZERO_UNIT_PRICE,2026-09-07T10:19:27.317099
full_historical_baseline,555505,79030G,Water damaged,-16,0.0,,United Kingdom,INVALID_OR_ZERO_UNIT_PRICE,2026-09-07T10:19:27.317099
full_historical_baseline,555506,21397,damaged,-57,0.0,,United Kingdom,INVALID_OR_ZERO_UNIT_PRICE,2026-09-07T10:19:27.317099
full_historical_baseline,555821,21399,,-116,0.0,,United Kingdom,INVALID_OR_ZERO_UNIT_PRICE,2026-09-07T10:19:27.317099
full_historical_baseline,555822,35809A,,-13,0.0,,United Kingdom,INVALID_OR_ZERO_UNIT_PRICE,2026-09-07T10:19:27.317099
full_historical_baseline,555823,47021G,,-52,0.0,,United Kingdom,INVALID_OR_ZERO_UNIT_PRICE,2026-09-07T10:19:27.317099
full_historical_baseline,555824,21043,,-12,0.0,,United Kingdom,INVALID_OR_ZERO_UNIT_PRICE,2026-09-07T10:19:27.317099
full_historical_baseline,555838,22966,,-6,0.0,,United Kingdom,INVALID_OR_ZERO_UNIT_PRICE,2026-09-07T10:19:27.317099
full_historical_baseline,556012,15044B,,-27,0.0,,United Kingdom,INVALID_OR_ZERO_UNIT_PRICE,2026-09-07T10:19:27.317099
full_historical_baseline,556013,21662,,-17,0.0,,United Kingdom,INVALID_OR_ZERO_UNIT_PRICE,2026-09-07T10:19:27.317099
full_historical_baseline,556014,37476,,-3,0.0,,United Kingdom,INVALID_OR_ZERO_UNIT_PRICE,2026-09-07T10:19:27.317099
full_historical_baseline,556015,37501,,-13,0.0,,United Kingdom,INVALID_OR_ZERO_UNIT_PRICE,2026-09-07T10:19:27.317099
full_historical_baseline,556046,21890,missing,-140,0.0,,United Kingdom,INVALID_OR_ZERO_UNIT_PRICE,2026-09-07T10:19:27.317099
full_historical_baseline,556061,20906,,-21,0.0,,United Kingdom,INVALID_OR_ZERO_UNIT_PRICE,2026-09-07T10:19:27.317099
full_historical_baseline,556069,84226,,-34,0.0,,United Kingdom,INVALID_OR_ZERO_UNIT_PRICE,2026-09-07T10:19:27.317099
full_historical_baseline,556074,22519,,-19,0.0,,United Kingdom,INVALID_OR_ZERO_UNIT_PRICE,2026-09-07T10:19:27.317099
full_historical_baseline,556122,85019C,Damaged,-108,0.0,,United Kingdom,INVALID_OR_ZERO_UNIT_PRICE,2026-09-07T10:19:27.317099
full_historical_baseline,556123,22272,Damaged,-15,0.0,,United Kingdom,INVALID_OR_ZERO_UNIT_PRICE,2026-09-07T10:19:27.317099
full_historical_baseline,556124,17007B,,-4,0.0,,United Kingdom,INVALID_OR_ZERO_UNIT_PRICE,2026-09-07T10:19:27.317099
full_historical_baseline,556180,22502,,40,0.0,,United Kingdom,INVALID_OR_ZERO_UNIT_PRICE,2026-09-07T10:19:27.317099
full_historical_baseline,556200,84796B,,17,0.0,,United Kingdom,INVALID_OR_ZERO_UNIT_PRICE,2026-09-07T10:19:27.317099
full_historical_baseline,556231,85123A,?,4000,0.0,,United Kingdom,INVALID_OR_ZERO_UNIT_PRICE,2026-09-07T10:19:27.317099
full_historical_baseline,556232,21135,sold as set on dotcom,-304,0.0,,United Kingdom,INVALID_OR_ZERO_UNIT_PRICE,2026-09-07T10:19:27.317099
full_historical_baseline,556233,21136,sold as set on dotcom,-272,0.0,,United Kingdom,INVALID_OR_ZERO_UNIT_PRICE,2026-09-07T10:19:27.317099
full_historical_baseline,556242,21700,sold as set on dotcom and amazon,-1206,0.0,,United Kingdom,INVALID_OR_ZERO_UNIT_PRICE,2026-09-07T10:19:27.317099
full_historical_baseline,556260,37340,sold as set on dotcom,-18,0.0,,United Kingdom,INVALID_OR_ZERO_UNIT_PRICE,2026-09-07T10:19:27.317099
full_historical_baseline,556261,79051A,sold as set on dotcom,-6,0.0,,United Kingdom,INVALID_OR_ZERO_UNIT_PRICE,2026-09-07T10:19:27.317099
full_historical_baseline,556262,37327,sold as set on dotcom,-95,0.0,,United Kingdom,INVALID_OR_ZERO_UNIT_PRICE,2026-09-07T10:19:27.317099
full_historical_baseline,556286,16052,,-16,0.0,,United Kingdom,INVALID_OR_ZERO_UNIT_PRICE,2026-09-07T10:19:27.317099
full_historical_baseline,556287,16043,,-45,0.0,,United Kingdom,INVALID_OR_ZERO_UNIT_PRICE,2026-09-07T10:19:27.317099
full_historical_baseline,556289,20823,,-102,0.0,,United Kingdom,INVALID_OR_ZERO_UNIT_PRICE,2026-09-07T10:19:27.317099
full_historical_baseline,556291,79164,,2,0.0,,United Kingdom,INVALID_OR_ZERO_UNIT_PRICE,2026-09-07T10:19:27.317099
full_historical_baseline,556292,21472,,-1,0.0,,United Kingdom,INVALID_OR_ZERO_UNIT_PRICE,2026-09-07T10:19:27.317099
full_historical_baseline,556299,21937,?,-161,0.0,,United Kingdom,INVALID_OR_ZERO_UNIT_PRICE,2026-09-07T10:19:27.317099
full_historical_baseline,556300,20735,,-472,0.0,,United Kingdom,INVALID_OR_ZERO_UNIT_PRICE,2026-09-07T10:19:27.317099
full_historical_baseline,556301,22968,water damage,-50,0.0,,United Kingdom,INVALID_OR_ZERO_UNIT_PRICE,2026-09-07T10:19:27.317099
full_historical_baseline,556306,37479B,sold as set by dotcom,-30,0.0,,United Kingdom,INVALID_OR_ZERO_UNIT_PRICE,2026-09-07T10:19:27.317099
full_historical_baseline,556307,37479P,sold as set on dotcom,-30,0.0,,United Kingdom,INVALID_OR_ZERO_UNIT_PRICE,2026-09-07T10:19:27.317099
full_historical_baseline,556308,22130,sold as set on dotcom,-390,0.0,,United Kingdom,INVALID_OR_ZERO_UNIT_PRICE,2026-09-07T10:19:27.317099
full_historical_baseline,556309,22856,sold as set on dotcom,-30,0.0,,United Kingdom,INVALID_OR_ZERO_UNIT_PRICE,2026-09-07T10:19:27.317099
full_historical_baseline,556310,22944,sold as set on dotcom,-42,0.0,,United Kingdom,INVALID_OR_ZERO_UNIT_PRICE,2026-09-07T10:19:27.317099
full_historical_baseline,556311,37471,sold as set on dotcom,-12,0.0,,United Kingdom,INVALID_OR_ZERO_UNIT_PRICE,2026-09-07T10:19:27.317099
full_historical_baseline,556312,22924,sold as set on dotcom,-30,0.0,,United Kingdom,INVALID_OR_ZERO_UNIT_PRICE,2026-09-07T10:19:27.317099
full_historical_baseline,556313,22923,sold as set on dotcom,-12,0.0,,United Kingdom,INVALID_OR_ZERO_UNIT_PRICE,2026-09-07T10:19:27.317099
full_historical_baseline,556314,23155,sold as set on dotcom,-84,0.0,,United Kingdom,INVALID_OR_ZERO_UNIT_PRICE,2026-09-07T10:19:27.317099
full_historical_baseline,556315,22948,sold as set on dotcom,-108,0.0,,United Kingdom,INVALID_OR_ZERO_UNIT_PRICE,2026-09-07T10:19:27.317099
full_historical_baseline,556316,22128,sold as set on dotcom,-24,0.0,,United Kingdom,INVALID_OR_ZERO_UNIT_PRICE,2026-09-07T10:19:27.317099
full_historical_baseline,556317,22857,sold as set on dotcom,-48,0.0,,United Kingdom,INVALID_OR_ZERO_UNIT_PRICE,2026-09-07T10:19:27.317099
full_historical_baseline,556319,22945,sold as set on dotcom,-618,0.0,,United Kingdom,INVALID_OR_ZERO_UNIT_PRICE,2026-09-07T10:19:27.317099
full_historical_baseline,556320,22922,sold as set on dotcom,-42,0.0,,United Kingdom,INVALID_OR_ZERO_UNIT_PRICE,2026-09-07T10:19:27.317099
full_historical_baseline,556321,79163,sold as set on dotcom,-24,0.0,,United Kingdom,INVALID_OR_ZERO_UNIT_PRICE,2026-09-07T10:19:27.317099
full_historical_baseline,556322,22915,sold as set on dotcom,-204,0.0,,United Kingdom,INVALID_OR_ZERO_UNIT_PRICE,2026-09-07T10:19:27.317099
full_historical_baseline,556326,20731,,10,0.0,,United Kingdom,INVALID_OR_ZERO_UNIT_PRICE,2026-09-07T10:19:27.317099
full_historical_baseline,556328,21027,,47,0.0,,United Kingdom,INVALID_OR_ZERO_UNIT_PRICE,2026-09-07T10:19:27.317099
full_historical_baseline,556418,47021G,,288,0.0,,United Kingdom,INVALID_OR_ZERO_UNIT_PRICE,2026-09-07T10:19:27.317099
full_historical_baseline,556430,22968,,19,0.0,,United Kingdom,INVALID_OR_ZERO_UNIT_PRICE,2026-09-07T10:19:27.317099
full_historical_baseline,556438,37479B,,8,0.0,,United Kingdom,INVALID_OR_ZERO_UNIT_PRICE,2026-09-07T10:19:27.317099
full_historical_baseline,556687,23003,Printing smudges/thrown away,-9058,0.0,,United Kingdom,INVALID_OR_ZERO_UNIT_PRICE,2026-09-07T10:19:27.317099
full_historical_baseline,556690,23005,printing smudges/thrown away,-9600,0.0,,United Kingdom,INVALID_OR_ZERO_UNIT_PRICE,2026-09-07T10:19:27.317099
full_historical_baseline,556691,23005,printing smudges/thrown away,-9600,0.0,,United Kingdom,INVALID_OR_ZERO_UNIT_PRICE,2026-09-07T10:19:27.317099
full_historical_baseline,556884,22698,,-61,0.0,,United Kingdom,INVALID_OR_ZERO_UNIT_PRICE,2026-09-07T10:19:27.317099
full_historical_baseline,556933,22783,,2,0.0,,United Kingdom,INVALID_OR_ZERO_UNIT_PRICE,2026-09-07T10:19:27.317099
full_historical_baseline,556934,37479B,,1,0.0,,United Kingdom,INVALID_OR_ZERO_UNIT_PRICE,2026-09-07T10:19:27.317099
full_historical_baseline,556939,46000M,POLYESTER FILLER PAD 45x45cm,80,0.0,,United Kingdom,INVALID_OR_ZERO_UNIT_PRICE,2026-09-07T10:19:27.317099
full_historical_baseline,556939,46000S,POLYESTER FILLER PAD 40x40cm,160,0.0,,United Kingdom,INVALID_OR_ZERO_UNIT_PRICE,2026-09-07T10:19:27.317099
full_historical_baseline,556943,84809A,,-126,0.0,,United Kingdom,INVALID_OR_ZERO_UNIT_PRICE,2026-09-07T10:19:27.317099
full_historical_baseline,556944,84800L,,-29,0.0,,United Kingdom,INVALID_OR_ZERO_UNIT_PRICE,2026-09-07T10:19:27.317099
full_historical_baseline,556945,21614,,3,0.0,,United Kingdom,INVALID_OR_ZERO_UNIT_PRICE,2026-09-07T10:19:27.317099
full_historical_baseline,556946,37444A,,2,0.0,,United Kingdom,INVALID_OR_ZERO_UNIT_PRICE,2026-09-07T10:19:27.317099
full_historical_baseline,556947,22444,,1,0.0,,United Kingdom,INVALID_OR_ZERO_UNIT_PRICE,2026-09-07T10:19:27.317099
full_historical_baseline,556948,90104,,1,0.0,,United Kingdom,INVALID_OR_ZERO_UNIT_PRICE,2026-09-07T10:19:27.317099
full_historical_baseline,556949,85185D,,1,0.0,,United Kingdom,INVALID_OR_ZERO_UNIT_PRICE,2026-09-07T10:19:27.317099
full_historical_baseline,556950,84548,,1,0.0,,United Kingdom,INVALID_OR_ZERO_UNIT_PRICE,2026-09-07T10:19:27.317099
full_historical_baseline,556951,20975,,2,0.0,,United Kingdom,INVALID_OR_ZERO_UNIT_PRICE,2026-09-07T10:19:27.317099
full_historical_baseline,556952,21784,,1,0.0,,United Kingdom,INVALID_OR_ZERO_UNIT_PRICE,2026-09-07T10:19:27.317099
full_historical_baseline,556955,gift_0001_20,to push order througha s stock was ,10,0.0,,United Kingdom,INVALID_OR_ZERO_UNIT_PRICE,2026-09-07T10:19:27.317099
full_historical_baseline,556962,35965,,12,0.0,,United Kingdom,INVALID_OR_ZERO_UNIT_PRICE,2026-09-07T10:19:27.317099
full_historical_baseline,556963,35965,found some more on shelf,-9,0.0,,United Kingdom,INVALID_OR_ZERO_UNIT_PRICE,2026-09-07T10:19:27.317099
full_historical_baseline,557025,22192,,-9,0.0,,United Kingdom,INVALID_OR_ZERO_UNIT_PRICE,2026-09-07T10:19:27.317099
full_historical_baseline,557028,79071B,,-4,0.0,,United Kingdom,INVALID_OR_ZERO_UNIT_PRICE,2026-09-07T10:19:27.317099
full_historical_baseline,557029,22480,,-24,0.0,,United Kingdom,INVALID_OR_ZERO_UNIT_PRICE,2026-09-07T10:19:27.317099
full_historical_baseline,557030,21446,,-50,0.0,,United Kingdom,INVALID_OR_ZERO_UNIT_PRICE,2026-09-07T10:19:27.317099
full_historical_baseline,557031,21447,,-65,0.0,,United Kingdom,INVALID_OR_ZERO_UNIT_PRICE,2026-09-07T10:19:27.317099
full_historical_baseline,557035,82583,?,-220,0.0,,United Kingdom,INVALID_OR_ZERO_UNIT_PRICE,2026-09-07T10:19:27.317099
full_historical_baseline,557036,20867,?,-271,0.0,,United Kingdom,INVALID_OR_ZERO_UNIT_PRICE,2026-09-07T10:19:27.317099
full_historical_baseline,557108,23113,Damaged,-1440,0.0,,United Kingdom,INVALID_OR_ZERO_UNIT_PRICE,2026-09-07T10:19:27.317099
full_historical_baseline,557137,85141,,3,0.0,,United Kingdom,INVALID_OR_ZERO_UNIT_PRICE,2026-09-07T10:19:27.317099
full_historical_baseline,557138,21095,,2,0.0,,United Kingdom,INVALID_OR_ZERO_UNIT_PRICE,2026-09-07T10:19:27.317099
full_historical_baseline,557139,35965,,2,0.0,,United Kingdom,INVALID_OR_ZERO_UNIT_PRICE,2026-09-07T10:19:27.317099
full_historical_baseline,557390,21360,Show Samples,-4,0.0,,United Kingdom,INVALID_OR_ZERO_UNIT_PRICE,2026-09-07T10:19:27.317099
full_historical_baseline,557412,35965,,5,0.0,,United Kingdom,INVALID_OR_ZERO_UNIT_PRICE,2026-09-07T10:19:27.317099
full_historical_baseline,557415,21937,,12,0.0,,United Kingdom,INVALID_OR_ZERO_UNIT_PRICE,2026-09-07T10:19:27.317099
full_historical_baseline,557417,84809B,damaged,-324,0.0,,United Kingdom,INVALID_OR_ZERO_UNIT_PRICE,2026-09-07T10:19:27.317099
full_historical_baseline,557486,22084,,44,0.0,,United Kingdom,INVALID_OR_ZERO_UNIT_PRICE,2026-09-07T10:19:27.317099
full_historical_baseline,557491,85213,,66,0.0,,United Kingdom,INVALID_OR_ZERO_UNIT_PRICE,2026-09-07T10:19:27.317099
full_historical_baseline,557596,23114,Damaged,-1440,0.0,,United Kingdom,INVALID_OR_ZERO_UNIT_PRICE,2026-09-07T10:19:27.317099
full_historical_baseline,557597,23115,Damaged,-1440,0.0,,United Kingdom,INVALID_OR_ZERO_UNIT_PRICE,2026-09-07T10:19:27.317099
full_historical_baseline,557599,23116,Damaged,-1440,0.0,,United Kingdom,INVALID_OR_ZERO_UNIT_PRICE,2026-09-07T10:19:27.317099
full_historical_baseline,557600,23117,Damaged,-1440,0.0,,United Kingdom,INVALID_OR_ZERO_UNIT_PRICE,2026-09-07T10:19:27.317099
full_historical_baseline,557613,21841,,80,0.0,,United Kingdom,INVALID_OR_ZERO_UNIT_PRICE,2026-09-07T10:19:27.317099
full_historical_baseline,557756,22567,,-14,0.0,,United Kingdom,INVALID_OR_ZERO_UNIT_PRICE,2026-09-07T10:19:27.317099
full_historical_baseline,557777,44265,,-5,0.0,,United Kingdom,INVALID_OR_ZERO_UNIT_PRICE,2026-09-07T10:19:27.317099
full_historical_baseline,557778,21161,,-38,0.0,,United Kingdom,INVALID_OR_ZERO_UNIT_PRICE,2026-09-07T10:19:27.317099
full_historical_baseline,557784,21421,damaged,-5,0.0,,United Kingdom,INVALID_OR_ZERO_UNIT_PRICE,2026-09-07T10:19:27.317099
full_historical_baseline,557806,84706D,,-5,0.0,,United Kingdom,INVALID_OR_ZERO_UNIT_PRICE,2026-09-07T10:19:27.317099
full_historical_baseline,557847,84387A,,11,0.0,,United Kingdom,INVALID_OR_ZERO_UNIT_PRICE,2026-09-07T10:19:27.317099
full_historical_baseline,557851,85130A,,-23,0.0,,United Kingdom,INVALID_OR_ZERO_UNIT_PRICE,2026-09-07T10:19:27.317099
full_historical_baseline,558032,22443,,-7,0.0,,United Kingdom,INVALID_OR_ZERO_UNIT_PRICE,2026-09-07T10:19:27.317099
full_historical_baseline,558033,84876B,,-59,0.0,,United Kingdom,INVALID_OR_ZERO_UNIT_PRICE,2026-09-07T10:19:27.317099
full_historical_baseline,558034,20658,,-78,0.0,,United Kingdom,INVALID_OR_ZERO_UNIT_PRICE,2026-09-07T10:19:27.317099
full_historical_baseline,558238,22722,,-21,0.0,,United Kingdom,INVALID_OR_ZERO_UNIT_PRICE,2026-09-07T10:19:27.317099
full_historical_baseline,558244,84796B,,-2,0.0,,United Kingdom,INVALID_OR_ZERO_UNIT_PRICE,2026-09-07T10:19:27.317099
full_historical_baseline,558245,22734,FOUND,8,0.0,,United Kingdom,INVALID_OR_ZERO_UNIT_PRICE,2026-09-07T10:19:27.317099
full_historical_baseline,558268,21351,damaged,-220,0.0,,United Kingdom,INVALID_OR_ZERO_UNIT_PRICE,2026-09-07T10:19:27.317099
full_historical_baseline,558305,21027,,7,0.0,,United Kingdom,INVALID_OR_ZERO_UNIT_PRICE,2026-09-07T10:19:27.317099
full_historical_baseline,558306,85232D,mix up with c,-118,0.0,,United Kingdom,INVALID_OR_ZERO_UNIT_PRICE,2026-09-07T10:19:27.317099
full_historical_baseline,558307,22088,,-39,0.0,,United Kingdom,INVALID_OR_ZERO_UNIT_PRICE,2026-09-07T10:19:27.317099
full_historical_baseline,558308,84576,,-10,0.0,,United Kingdom,INVALID_OR_ZERO_UNIT_PRICE,2026-09-07T10:19:27.317099
full_historical_baseline,558309,85132B,,-42,0.0,,United Kingdom,INVALID_OR_ZERO_UNIT_PRICE,2026-09-07T10:19:27.317099
full_historical_baseline,558318,85232A,,-14,0.0,,United Kingdom,INVALID_OR_ZERO_UNIT_PRICE,2026-09-07T10:19:27.317099
full_historical_baseline,558340,22514,CHILDS GARDEN SPADE BLUE,1,0.0,,United Kingdom,INVALID_OR_ZERO_UNIT_PRICE,2026-09-07T10:19:27.317099
full_historical_baseline,558340,85123A,WHITE HANGING HEART T-LIGHT HOLDER,1,0.0,,United Kingdom,INVALID_OR_ZERO_UNIT_PRICE,2026-09-07T10:19:27.317099
full_historical_baseline,558340,22431,WATERING CAN BLUE ELEPHANT,1,0.0,,United Kingdom,INVALID_OR_ZERO_UNIT_PRICE,2026-09-07T10:19:27.317099
full_historical_baseline,558340,22430,ENAMEL WATERING CAN CREAM,1,0.0,,United Kingdom,INVALID_OR_ZERO_UNIT_PRICE,2026-09-07T10:19:27.317099
full_historical_baseline,558340,22414,DOORMAT NEIGHBOURHOOD WITCH ,1,0.0,,United Kingdom,INVALID_OR_ZERO_UNIT_PRICE,2026-09-07T10:19:27.317099
full_historical_baseline,558340,22385,JUMBO BAG SPACEBOY DESIGN,1,0.0,,United Kingdom,INVALID_OR_ZERO_UNIT_PRICE,2026-09-07T10:19:27.317099
full_historical_baseline,558340,22380,TOY TIDY SPACEBOY  ,1,0.0,,United Kingdom,INVALID_OR_ZERO_UNIT_PRICE,2026-09-07T10:19:27.317099
full_historical_baseline,558340,22364,GLASS JAR DIGESTIVE BISCUITS,1,0.0,,United Kingdom,INVALID_OR_ZERO_UNIT_PRICE,2026-09-07T10:19:27.317099
full_historical_baseline,558340,22362,GLASS JAR PEACOCK BATH SALTS,1,0.0,,United Kingdom,INVALID_OR_ZERO_UNIT_PRICE,2026-09-07T10:19:27.317099
full_historical_baseline,558340,22357,KINGS CHOICE BISCUIT TIN,3,0.0,,United Kingdom,INVALID_OR_ZERO_UNIT_PRICE,2026-09-07T10:19:27.317099
full_historical_baseline,558340,22301,COFFEE MUG CAT + BIRD DESIGN,1,0.0,,United Kingdom,INVALID_OR_ZERO_UNIT_PRICE,2026-09-07T10:19:27.317099
full_historical_baseline,558340,21556,CERAMIC STRAWBERRY MONEY BOX,2,0.0,,United Kingdom,INVALID_OR_ZERO_UNIT_PRICE,2026-09-07T10:19:27.317099
full_historical_baseline,558340,21116,OWL DOORSTOP,1,0.0,,United Kingdom,INVALID_OR_ZERO_UNIT_PRICE,2026-09-07T10:19:27.317099
full_historical_baseline,558340,85099F,JUMBO BAG STRAWBERRY,1,0.0,,United Kingdom,INVALID_OR_ZERO_UNIT_PRICE,2026-09-07T10:19:27.317099
full_historical_baseline,558340,85099B,JUMBO BAG RED RETROSPOT,1,0.0,,United Kingdom,INVALID_OR_ZERO_UNIT_PRICE,2026-09-07T10:19:27.317099
full_historical_baseline,558340,22627,MINT KITCHEN SCALES,1,0.0,,United Kingdom,INVALID_OR_ZERO_UNIT_PRICE,2026-09-07T10:19:27.317099
full_historical_baseline,558340,84692,BOX OF 24 COCKTAIL PARASOLS,1,0.0,,United Kingdom,INVALID_OR_ZERO_UNIT_PRICE,2026-09-07T10:19:27.317099
full_historical_baseline,558340,48184,DOORMAT ENGLISH ROSE ,3,0.0,,United Kingdom,INVALID_OR_ZERO_UNIT_PRICE,2026-09-07T10:19:27.317099
full_historical_baseline,558340,22692,DOORMAT WELCOME TO OUR HOME,1,0.0,,United Kingdom,INVALID_OR_ZERO_UNIT_PRICE,2026-09-07T10:19:27.317099
full_historical_baseline,558340,22684,FRENCH BLUE METAL DOOR SIGN 9,1,0.0,,United Kingdom,INVALID_OR_ZERO_UNIT_PRICE,2026-09-07T10:19:27.317099
full_historical_baseline,558340,22685,FRENCH BLUE METAL DOOR SIGN 0,1,0.0,,United Kingdom,INVALID_OR_ZERO_UNIT_PRICE,2026-09-07T10:19:27.317099
full_historical_baseline,558340,22683,FRENCH BLUE METAL DOOR SIGN 8,2,0.0,,United Kingdom,INVALID_OR_ZERO_UNIT_PRICE,2026-09-07T10:19:27.317099
full_historical_baseline,558340,22679,FRENCH BLUE METAL DOOR SIGN 4,1,0.0,,United Kingdom,INVALID_OR_ZERO_UNIT_PRICE,2026-09-07T10:19:27.317099
full_historical_baseline,558340,22678,FRENCH BLUE METAL DOOR SIGN 3,2,0.0,,United Kingdom,INVALID_OR_ZERO_UNIT_PRICE,2026-09-07T10:19:27.317099
full_historical_baseline,558340,22686,FRENCH BLUE METAL DOOR SIGN No,4,0.0,,United Kingdom,INVALID_OR_ZERO_UNIT_PRICE,2026-09-07T10:19:27.317099
full_historical_baseline,558340,22680,FRENCH BLUE METAL DOOR SIGN 5,4,0.0,,United Kingdom,INVALID_OR_ZERO_UNIT_PRICE,2026-09-07T10:19:27.317099
full_historical_baseline,558340,22676,FRENCH BLUE METAL DOOR SIGN 1,3,0.0,,United Kingdom,INVALID_OR_ZERO_UNIT_PRICE,2026-09-07T10:19:27.317099
full_historical_baseline,558340,22666,RECIPE BOX PANTRY YELLOW DESIGN,1,0.0,,United Kingdom,INVALID_OR_ZERO_UNIT_PRICE,2026-09-07T10:19:27.317099
full_historical_baseline,558340,22665,RECIPE BOX BLUE SKETCHBOOK DESIGN,1,0.0,,United Kingdom,INVALID_OR_ZERO_UNIT_PRICE,2026-09-07T10:19:27.317099
full_historical_baseline,558340,22649,STRAWBERRY FAIRY CAKE TEAPOT,1,0.0,,United Kingdom,INVALID_OR_ZERO_UNIT_PRICE,2026-09-07T10:19:27.317099
full_historical_baseline,558340,22627,MINT KITCHEN SCALES,1,0.0,,United Kingdom,INVALID_OR_ZERO_UNIT_PRICE,2026-09-07T10:19:27.317099
full_historical_baseline,558340,22626,BLACK KITCHEN SCALES,1,0.0,,United Kingdom,INVALID_OR_ZERO_UNIT_PRICE,2026-09-07T10:19:27.317099
full_historical_baseline,558340,22526,WHEELBARROW FOR CHILDREN ,1,0.0,,United Kingdom,INVALID_OR_ZERO_UNIT_PRICE,2026-09-07T10:19:27.317099
full_historical_baseline,558340,22430,ENAMEL WATERING CAN CREAM,1,0.0,,United Kingdom,INVALID_OR_ZERO_UNIT_PRICE,2026-09-07T10:19:27.317099
full_historical_baseline,558340,22515,CHILDS GARDEN SPADE PINK,3,0.0,,United Kingdom,INVALID_OR_ZERO_UNIT_PRICE,2026-09-07T10:19:27.317099
full_historical_baseline,558342,20731,,1,0.0,,United Kingdom,INVALID_OR_ZERO_UNIT_PRICE,2026-09-07T10:19:27.317099
full_historical_baseline,558343,84709B,,6,0.0,,United Kingdom,INVALID_OR_ZERO_UNIT_PRICE,2026-09-07T10:19:27.317099
full_historical_baseline,558344,47013C,,4,0.0,,United Kingdom,INVALID_OR_ZERO_UNIT_PRICE,2026-09-07T10:19:27.317099
full_historical_baseline,558345,21784,,6,0.0,,United Kingdom,INVALID_OR_ZERO_UNIT_PRICE,2026-09-07T10:19:27.317099
full_historical_baseline,558346,35965,,3,0.0,,United Kingdom,INVALID_OR_ZERO_UNIT_PRICE,2026-09-07T10:19:27.317099
full_historical_baseline,558369,21082,found,3,0.0,,United Kingdom,INVALID_OR_ZERO_UNIT_PRICE,2026-09-07T10:19:27.317099
full_historical_baseline,558377,37423,,-17,0.0,,United Kingdom,INVALID_OR_ZERO_UNIT_PRICE,2026-09-07T10:19:27.317099
full_historical_baseline,558378,79161A,,-13,0.0,,United Kingdom,INVALID_OR_ZERO_UNIT_PRICE,2026-09-07T10:19:27.317099
full_historical_baseline,558379,22618,"mouldy, unsaleable.",-1681,0.0,,United Kingdom,INVALID_OR_ZERO_UNIT_PRICE,2026-09-07T10:19:27.317099
full_historical_baseline,558445,22034,,-18,0.0,,United Kingdom,INVALID_OR_ZERO_UNIT_PRICE,2026-09-07T10:19:27.317099
full_historical_baseline,558446,22164,,-80,0.0,,United Kingdom,INVALID_OR_ZERO_UNIT_PRICE,2026-09-07T10:19:27.317099
full_historical_baseline,558448,22163,,-90,0.0,,United Kingdom,INVALID_OR_ZERO_UNIT_PRICE,2026-09-07T10:19:27.317099
full_historical_baseline,558449,21807,,-35,0.0,,United Kingdom,INVALID_OR_ZERO_UNIT_PRICE,2026-09-07T10:19:27.317099
full_historical_baseline,558450,21145,,40,0.0,,United Kingdom,INVALID_OR_ZERO_UNIT_PRICE,2026-09-07T10:19:27.317099
full_historical_baseline,558451,21817,,-80,0.0,,United Kingdom,INVALID_OR_ZERO_UNIT_PRICE,2026-09-07T10:19:27.317099
full_historical_baseline,558457,21147,?,-95,0.0,,United Kingdom,INVALID_OR_ZERO_UNIT_PRICE,2026-09-07T10:19:27.317099
full_historical_baseline,558464,35966,,-20,0.0,,United Kingdom,INVALID_OR_ZERO_UNIT_PRICE,2026-09-07T10:19:27.317099
full_historical_baseline,558476,84597B,damages,-6,0.0,,United Kingdom,INVALID_OR_ZERO_UNIT_PRICE,2026-09-07T10:19:27.317099
full_historical_baseline,558477,84597C,,-1,0.0,,United Kingdom,INVALID_OR_ZERO_UNIT_PRICE,2026-09-07T10:19:27.317099
full_historical_baseline,558520,21896,,-38,0.0,,United Kingdom,INVALID_OR_ZERO_UNIT_PRICE,2026-09-07T10:19:27.317099
full_historical_baseline,558663,23574,,100,0.0,,United Kingdom,INVALID_OR_ZERO_UNIT_PRICE,2026-09-07T10:19:27.317099
full_historical_baseline,558723,84865,damaged,-7,0.0,,United Kingdom,INVALID_OR_ZERO_UNIT_PRICE,2026-09-07T10:19:27.317099
full_historical_baseline,558724,35966,,14,0.0,,United Kingdom,INVALID_OR_ZERO_UNIT_PRICE,2026-09-07T10:19:27.317099
full_historical_baseline,558725,84944,found,37,0.0,,United Kingdom,INVALID_OR_ZERO_UNIT_PRICE,2026-09-07T10:19:27.317099
full_historical_baseline,558728,20826,,-1,0.0,,United Kingdom,INVALID_OR_ZERO_UNIT_PRICE,2026-09-07T10:19:27.317099
full_historical_baseline,558730,22060,damaged,-1,0.0,,United Kingdom,INVALID_OR_ZERO_UNIT_PRICE,2026-09-07T10:19:27.317099
full_historical_baseline,558732,47341A,,-1,0.0,,United Kingdom,INVALID_OR_ZERO_UNIT_PRICE,2026-09-07T10:19:27.317099
full_historical_baseline,558741,37444C,,-1,0.0,,United Kingdom,INVALID_OR_ZERO_UNIT_PRICE,2026-09-07T10:19:27.317099
full_historical_baseline,558742,62043B,,-1,0.0,,United Kingdom,INVALID_OR_ZERO_UNIT_PRICE,2026-09-07T10:19:27.317099
full_historical_baseline,558743,35810B,,-4,0.0,,United Kingdom,INVALID_OR_ZERO_UNIT_PRICE,2026-09-07T10:19:27.317099
full_historical_baseline,558889,84857B,,24,0.0,,United Kingdom,INVALID_OR_ZERO_UNIT_PRICE,2026-09-07T10:19:27.317099
full_historical_baseline,558890,84857C,,-24,0.0,,United Kingdom,INVALID_OR_ZERO_UNIT_PRICE,2026-09-07T10:19:27.317099
full_historical_baseline,558913,84548,,11,0.0,,United Kingdom,INVALID_OR_ZERO_UNIT_PRICE,2026-09-07T10:19:27.317099
full_historical_baseline,558914,84686,,11,0.0,,United Kingdom,INVALID_OR_ZERO_UNIT_PRICE,2026-09-07T10:19:27.317099
full_historical_baseline,558915,20716,,4,0.0,,United Kingdom,INVALID_OR_ZERO_UNIT_PRICE,2026-09-07T10:19:27.317099
full_historical_baseline,559037,82583,,10,0.0,,United Kingdom,INVALID_OR_ZERO_UNIT_PRICE,2026-09-07T10:19:27.317099
full_historical_baseline,559147,84944,,147,0.0,,United Kingdom,INVALID_OR_ZERO_UNIT_PRICE,2026-09-07T10:19:27.317099
full_historical_baseline,559296,23001,TRAVEL CARD WALLET DOTCOMGIFTSHOP,200,0.0,,United Kingdom,INVALID_OR_ZERO_UNIT_PRICE,2026-09-07T10:19:27.317099
full_historical_baseline,559296,22616,PACK OF 12 LONDON TISSUES ,204,0.0,,United Kingdom,INVALID_OR_ZERO_UNIT_PRICE,2026-09-07T10:19:27.317099
full_historical_baseline,559296,23298,SPOTTY BUNTING,170,0.0,,United Kingdom,INVALID_OR_ZERO_UNIT_PRICE,2026-09-07T10:19:27.317099
full_historical_baseline,559314,84584,?,-50,0.0,,United Kingdom,INVALID_OR_ZERO_UNIT_PRICE,2026-09-07T10:19:27.317099
full_historical_baseline,559335,21147,found,72,0.0,,United Kingdom,INVALID_OR_ZERO_UNIT_PRICE,2026-09-07T10:19:27.317099
full_historical_baseline,559365,22451,,-3,0.0,,United Kingdom,INVALID_OR_ZERO_UNIT_PRICE,2026-09-07T10:19:27.317099
full_historical_baseline,559373,16156S,,-110,0.0,,United Kingdom,INVALID_OR_ZERO_UNIT_PRICE,2026-09-07T10:19:27.317099
full_historical_baseline,559374,22050,,-100,0.0,,United Kingdom,INVALID_OR_ZERO_UNIT_PRICE,2026-09-07T10:19:27.317099
full_historical_baseline,559375,22051,?,-300,0.0,,United Kingdom,INVALID_OR_ZERO_UNIT_PRICE,2026-09-07T10:19:27.317099
full_historical_baseline,559376,48116,,-35,0.0,,United Kingdom,INVALID_OR_ZERO_UNIT_PRICE,2026-09-07T10:19:27.317099
full_historical_baseline,559377,23283,,17,0.0,,United Kingdom,INVALID_OR_ZERO_UNIT_PRICE,2026-09-07T10:19:27.317099
full_historical_baseline,559378,21781,damages?,-39,0.0,,United Kingdom,INVALID_OR_ZERO_UNIT_PRICE,2026-09-07T10:19:27.317099
full_historical_baseline,559379,79337,,-8,0.0,,United Kingdom,INVALID_OR_ZERO_UNIT_PRICE,2026-09-07T10:19:27.317099
full_historical_baseline,559390,21700,,-110,0.0,,United Kingdom,INVALID_OR_ZERO_UNIT_PRICE,2026-09-07T10:19:27.317099
full_historical_baseline,559398,21169,,-70,0.0,,United Kingdom,INVALID_OR_ZERO_UNIT_PRICE,2026-09-07T10:19:27.317099
full_historical_baseline,559402,21635,,-8,0.0,,United Kingdom,INVALID_OR_ZERO_UNIT_PRICE,2026-09-07T10:19:27.317099
full_historical_baseline,559405,22863,,-7,0.0,,United Kingdom,INVALID_OR_ZERO_UNIT_PRICE,2026-09-07T10:19:27.317099
full_historical_baseline,559410,84341B,,-179,0.0,,United Kingdom,INVALID_OR_ZERO_UNIT_PRICE,2026-09-07T10:19:27.317099
full_historical_baseline,559414,22855,,-4,0.0,,United Kingdom,INVALID_OR_ZERO_UNIT_PRICE,2026-09-07T10:19:27.317099
full_historical_baseline,559423,71143,,-14,0.0,,United Kingdom,INVALID_OR_ZERO_UNIT_PRICE,2026-09-07T10:19:27.317099
full_historical_baseline,559503,21763,,1,0.0,,United Kingdom,INVALID_OR_ZERO_UNIT_PRICE,2026-09-07T10:19:27.317099
full_historical_baseline,559602,84686,,23,0.0,,United Kingdom,INVALID_OR_ZERO_UNIT_PRICE,2026-09-07T10:19:27.317099
full_historical_baseline,559603,79337,,1,0.0,,United Kingdom,INVALID_OR_ZERO_UNIT_PRICE,2026-09-07T10:19:27.317099
full_historical_baseline,559604,22084,,3,0.0,,United Kingdom,INVALID_OR_ZERO_UNIT_PRICE,2026-09-07T10:19:27.317099
full_historical_baseline,559655,21166,?,-124,0.0,,United Kingdom,INVALID_OR_ZERO_UNIT_PRICE,2026-09-07T10:19:27.317099
full_historical_baseline,559792,21067,,-66,0.0,,United Kingdom,INVALID_OR_ZERO_UNIT_PRICE,2026-09-07T10:19:27.317099
full_historical_baseline,559825,21067,,23,0.0,,United Kingdom,INVALID_OR_ZERO_UNIT_PRICE,2026-09-07T10:19:27.317099
full_historical_baseline,559943,21578,?,-251,0.0,,United Kingdom,INVALID_OR_ZERO_UNIT_PRICE,2026-09-07T10:19:27.317099
full_historical_baseline,559946,21578,,200,0.0,,United Kingdom,INVALID_OR_ZERO_UNIT_PRICE,2026-09-07T10:19:27.317099
full_historical_baseline,560037,22242,,-34,0.0,,United Kingdom,INVALID_OR_ZERO_UNIT_PRICE,2026-09-07T10:19:27.317099
full_historical_baseline,560039,20713,wrongly marked. 23343 in box,-3100,0.0,,United Kingdom,INVALID_OR_ZERO_UNIT_PRICE,2026-09-07T10:19:27.317099
full_historical_baseline,560040,23343,came coded as 20713,3100,0.0,,United Kingdom,INVALID_OR_ZERO_UNIT_PRICE,2026-09-07T10:19:27.317099
full_historical_baseline,560091,44236,,-10,0.0,,United Kingdom,INVALID_OR_ZERO_UNIT_PRICE,2026-09-07T10:19:27.317099
full_historical_baseline,560110,21673,,-40,0.0,,United Kingdom,INVALID_OR_ZERO_UNIT_PRICE,2026-09-07T10:19:27.317099
full_historical_baseline,560111,84874B,,-3,0.0,,United Kingdom,INVALID_OR_ZERO_UNIT_PRICE,2026-09-07T10:19:27.317099
full_historical_baseline,560112,21683,,-38,0.0,,United Kingdom,INVALID_OR_ZERO_UNIT_PRICE,2026-09-07T10:19:27.317099
full_historical_baseline,560113,21865,,-40,0.0,,United Kingdom,INVALID_OR_ZERO_UNIT_PRICE,2026-09-07T10:19:27.317099
full_historical_baseline,560114,75172,,-35,0.0,,United Kingdom,INVALID_OR_ZERO_UNIT_PRICE,2026-09-07T10:19:27.317099
full_historical_baseline,560116,22084,,15,0.0,,United Kingdom,INVALID_OR_ZERO_UNIT_PRICE,2026-09-07T10:19:27.317099
full_historical_baseline,560213,10123C,,-18,0.0,,United Kingdom,INVALID_OR_ZERO_UNIT_PRICE,2026-09-07T10:19:27.317099
full_historical_baseline,560214,16162L,,-54,0.0,,United Kingdom,INVALID_OR_ZERO_UNIT_PRICE,2026-09-07T10:19:27.317099
full_historical_baseline,560215,16162M,,-84,0.0,,United Kingdom,INVALID_OR_ZERO_UNIT_PRICE,2026-09-07T10:19:27.317099
full_historical_baseline,560216,16162L,,30,0.0,,United Kingdom,INVALID_OR_ZERO_UNIT_PRICE,2026-09-07T10:19:27.317099
full_historical_baseline,560218,16162M,alan hodge cant mamage this section,30,0.0,,United Kingdom,INVALID_OR_ZERO_UNIT_PRICE,2026-09-07T10:19:27.317099
full_historical_baseline,560283,22624,IVORY KITCHEN SCALES,12,0.0,,EIRE,INVALID_OR_ZERO_UNIT_PRICE,2026-09-07T10:19:27.317099
full_historical_baseline,560283,23196,VINTAGE LEAF MAGNETIC NOTEPAD,12,0.0,,EIRE,INVALID_OR_ZERO_UNIT_PRICE,2026-09-07T10:19:27.317099
full_historical_baseline,560328,35968,Found,63,0.0,,United Kingdom,INVALID_OR_ZERO_UNIT_PRICE,2026-09-07T10:19:27.317099
full_historical_baseline,560329,35965,found,6,0.0,,United Kingdom,INVALID_OR_ZERO_UNIT_PRICE,2026-09-07T10:19:27.317099
full_historical_baseline,560358,35965,dotcom,26,0.0,,United Kingdom,INVALID_OR_ZERO_UNIT_PRICE,2026-09-07T10:19:27.317099
full_historical_baseline,560388,21635,,1,0.0,,United Kingdom,INVALID_OR_ZERO_UNIT_PRICE,2026-09-07T10:19:27.317099
full_historical_baseline,560389,37444A,,1,0.0,,United Kingdom,INVALID_OR_ZERO_UNIT_PRICE,2026-09-07T10:19:27.317099
full_historical_baseline,560399,82583,,17,0.0,,United Kingdom,INVALID_OR_ZERO_UNIT_PRICE,2026-09-07T10:19:27.317099
full_historical_baseline,560400,21069,,6,0.0,,United Kingdom,INVALID_OR_ZERO_UNIT_PRICE,2026-09-07T10:19:27.317099
full_historical_baseline,560401,84925F,,15,0.0,,United Kingdom,INVALID_OR_ZERO_UNIT_PRICE,2026-09-07T10:19:27.317099
full_historical_baseline,560402,21067,,2,0.0,,United Kingdom,INVALID_OR_ZERO_UNIT_PRICE,2026-09-07T10:19:27.317099
full_historical_baseline,560403,21272,,17,0.0,,United Kingdom,INVALID_OR_ZERO_UNIT_PRICE,2026-09-07T10:19:27.317099
full_historical_baseline,560404,21472,,1,0.0,,United Kingdom,INVALID_OR_ZERO_UNIT_PRICE,2026-09-07T10:19:27.317099
full_historical_baseline,560405,22080,,1,0.0,,United Kingdom,INVALID_OR_ZERO_UNIT_PRICE,2026-09-07T10:19:27.317099
full_historical_baseline,560406,22088,,1,0.0,,United Kingdom,INVALID_OR_ZERO_UNIT_PRICE,2026-09-07T10:19:27.317099
full_historical_baseline,560407,35653,,9,0.0,,United Kingdom,INVALID_OR_ZERO_UNIT_PRICE,2026-09-07T10:19:27.317099
full_historical_baseline,560423,16169K,,-25,0.0,,United Kingdom,INVALID_OR_ZERO_UNIT_PRICE,2026-09-07T10:19:27.317099
full_historical_baseline,560424,21503,,-84,0.0,,United Kingdom,INVALID_OR_ZERO_UNIT_PRICE,2026-09-07T10:19:27.317099
full_historical_baseline,560425,81950B,,-23,0.0,,United Kingdom,INVALID_OR_ZERO_UNIT_PRICE,2026-09-07T10:19:27.317099
full_historical_baseline,560427,84629,,-2,0.0,,United Kingdom,INVALID_OR_ZERO_UNIT_PRICE,2026-09-07T10:19:27.317099
full_historical_baseline,560428,21634,,-169,0.0,,United Kingdom,INVALID_OR_ZERO_UNIT_PRICE,2026-09-07T10:19:27.317099
full_historical_baseline,560429,85086A,,6,0.0,,United Kingdom,INVALID_OR_ZERO_UNIT_PRICE,2026-09-07T10:19:27.317099
full_historical_baseline,560440,84029E,,-1,0.0,,United Kingdom,INVALID_OR_ZERO_UNIT_PRICE,2026-09-07T10:19:27.317099
full_historical_baseline,560565,82583,FBA,160,0.0,,United Kingdom,INVALID_OR_ZERO_UNIT_PRICE,2026-09-07T10:19:27.317099
full_historical_baseline,560578,22034,,12,0.0,,United Kingdom,INVALID_OR_ZERO_UNIT_PRICE,2026-09-07T10:19:27.317099
full_historical_baseline,560583,17096,,-7,0.0,,United Kingdom,INVALID_OR_ZERO_UNIT_PRICE,2026-09-07T10:19:27.317099
full_historical_baseline,560600,18007,,-2834,0.0,,United Kingdom,INVALID_OR_ZERO_UNIT_PRICE,2026-09-07T10:19:27.317099
full_historical_baseline,560717,84576,damaged,-3,0.0,,United Kingdom,INVALID_OR_ZERO_UNIT_PRICE,2026-09-07T10:19:27.317099
full_historical_baseline,560719,84877A,,-21,0.0,,United Kingdom,INVALID_OR_ZERO_UNIT_PRICE,2026-09-07T10:19:27.317099
full_historical_baseline,560722,16049,,-31,0.0,,United Kingdom,INVALID_OR_ZERO_UNIT_PRICE,2026-09-07T10:19:27.317099
full_historical_baseline,560730,84797B,,-2,0.0,,United Kingdom,INVALID_OR_ZERO_UNIT_PRICE,2026-09-07T10:19:27.317099
full_historical_baseline,560737,84798B,,-109,0.0,,United Kingdom,INVALID_OR_ZERO_UNIT_PRICE,2026-09-07T10:19:27.317099
full_historical_baseline,560819,21686,,2,0.0,,United Kingdom,INVALID_OR_ZERO_UNIT_PRICE,2026-09-07T10:19:27.317099
full_historical_baseline,560830,81953B,,-6,0.0,,United Kingdom,INVALID_OR_ZERO_UNIT_PRICE,2026-09-07T10:19:27.317099
full_historical_baseline,560831,81950V,,-1,0.0,,United Kingdom,INVALID_OR_ZERO_UNIT_PRICE,2026-09-07T10:19:27.317099
full_historical_baseline,560857,35819P,,108,0.0,,United Kingdom,INVALID_OR_ZERO_UNIT_PRICE,2026-09-07T10:19:27.317099
full_historical_baseline,560867,21891,,-21,0.0,,United Kingdom,INVALID_OR_ZERO_UNIT_PRICE,2026-09-07T10:19:27.317099
full_historical_baseline,560889,84789,,1,0.0,,United Kingdom,INVALID_OR_ZERO_UNIT_PRICE,2026-09-07T10:19:27.317099
full_historical_baseline,560890,84402B,,1,0.0,,United Kingdom,INVALID_OR_ZERO_UNIT_PRICE,2026-09-07T10:19:27.317099
full_historical_baseline,560923,22777,,-14,0.0,,United Kingdom,INVALID_OR_ZERO_UNIT_PRICE,2026-09-07T10:19:27.317099
full_historical_baseline,560939,84907,,-3,0.0,,United Kingdom,INVALID_OR_ZERO_UNIT_PRICE,2026-09-07T10:19:27.317099
full_historical_baseline,560940,72127,,-53,0.0,,United Kingdom,INVALID_OR_ZERO_UNIT_PRICE,2026-09-07T10:19:27.317099
full_historical_baseline,560941,85230E,,-178,0.0,,United Kingdom,INVALID_OR_ZERO_UNIT_PRICE,2026-09-07T10:19:27.317099
full_historical_baseline,560986,23084,,24,0.0,,United Kingdom,INVALID_OR_ZERO_UNIT_PRICE,2026-09-07T10:19:27.317099
full_historical_baseline,561086,15036,,-530,0.0,,United Kingdom,INVALID_OR_ZERO_UNIT_PRICE,2026-09-07T10:19:27.317099
full_historical_baseline,561103,85103,stock creditted wrongly,-32,0.0,,United Kingdom,INVALID_OR_ZERO_UNIT_PRICE,2026-09-07T10:19:27.317099
full_historical_baseline,561107,84763,,-5,0.0,,United Kingdom,INVALID_OR_ZERO_UNIT_PRICE,2026-09-07T10:19:27.317099
full_historical_baseline,561108,46775D,,-7,0.0,,United Kingdom,INVALID_OR_ZERO_UNIT_PRICE,2026-09-07T10:19:27.317099
full_historical_baseline,561110,85087,,-16,0.0,,United Kingdom,INVALID_OR_ZERO_UNIT_PRICE,2026-09-07T10:19:27.317099
full_historical_baseline,561249,DCGS0073,ebay,-4,0.0,,United Kingdom,INVALID_OR_ZERO_UNIT_PRICE,2026-09-07T10:19:27.317099
full_historical_baseline,561250,DCGS0071,,-2,0.0,,United Kingdom,INVALID_OR_ZERO_UNIT_PRICE,2026-09-07T10:19:27.317099
full_historical_baseline,561251,DCGS0070,,-8,0.0,,United Kingdom,INVALID_OR_ZERO_UNIT_PRICE,2026-09-07T10:19:27.317099
full_historical_baseline,561252,DCGS0069,ebay,-5,0.0,,United Kingdom,INVALID_OR_ZERO_UNIT_PRICE,2026-09-07T10:19:27.317099
full_historical_baseline,561253,DCGS0068,ebay,-10,0.0,,United Kingdom,INVALID_OR_ZERO_UNIT_PRICE,2026-09-07T10:19:27.317099
full_historical_baseline,561254,DCGS0067,ebay,-11,0.0,,United Kingdom,INVALID_OR_ZERO_UNIT_PRICE,2026-09-07T10:19:27.317099
full_historical_baseline,561255,DCGS0066P,,-3,0.0,,United Kingdom,INVALID_OR_ZERO_UNIT_PRICE,2026-09-07T10:19:27.317099
full_historical_baseline,561256,DCGS0003,ebay,-7,0.0,,United Kingdom,INVALID_OR_ZERO_UNIT_PRICE,2026-09-07T10:19:27.317099
full_historical_baseline,561271,10080,,170,0.0,,United Kingdom,INVALID_OR_ZERO_UNIT_PRICE,2026-09-07T10:19:27.317099
full_historical_baseline,561282,21868,,13,0.0,,United Kingdom,INVALID_OR_ZERO_UNIT_PRICE,2026-09-07T10:19:27.317099
full_historical_baseline,561284,22167, OVAL WALL MIRROR DIAMANTE ,1,0.0,16818.0,United Kingdom,INVALID_OR_ZERO_UNIT_PRICE,2026-09-07T10:19:27.317099
full_historical_baseline,561323,81952B,,11,0.0,,United Kingdom,INVALID_OR_ZERO_UNIT_PRICE,2026-09-07T10:19:27.317099
full_historical_baseline,561326,21294,damaged,-227,0.0,,United Kingdom,INVALID_OR_ZERO_UNIT_PRICE,2026-09-07T10:19:27.317099
full_historical_baseline,561327,85213,,36,0.0,,United Kingdom,INVALID_OR_ZERO_UNIT_PRICE,2026-09-07T10:19:27.317099
full_historical_baseline,561354,21792,,-8,0.0,,United Kingdom,INVALID_OR_ZERO_UNIT_PRICE,2026-09-07T10:19:27.317099
full_historical_baseline,561361,21294,,100,0.0,,United Kingdom,INVALID_OR_ZERO_UNIT_PRICE,2026-09-07T10:19:27.317099
full_historical_baseline,561362,84415A,,-11,0.0,,United Kingdom,INVALID_OR_ZERO_UNIT_PRICE,2026-09-07T10:19:27.317099
full_historical_baseline,561364,84415B,,-4,0.0,,United Kingdom,INVALID_OR_ZERO_UNIT_PRICE,2026-09-07T10:19:27.317099
full_historical_baseline,561365,84595E,,10,0.0,,United Kingdom,INVALID_OR_ZERO_UNIT_PRICE,2026-09-07T10:19:27.317099
full_historical_baseline,561392,79161A,,15,0.0,,United Kingdom,INVALID_OR_ZERO_UNIT_PRICE,2026-09-07T10:19:27.317099
full_historical_baseline,561475,84584,,-3,0.0,,United Kingdom,INVALID_OR_ZERO_UNIT_PRICE,2026-09-07T10:19:27.317099
full_historical_baseline,561476,21839,,-36,0.0,,United Kingdom,INVALID_OR_ZERO_UNIT_PRICE,2026-09-07T10:19:27.317099
full_historical_baseline,561477,40046A,,20,0.0,,United Kingdom,INVALID_OR_ZERO_UNIT_PRICE,2026-09-07T10:19:27.317099
full_historical_baseline,561478,20954,,-2,0.0,,United Kingdom,INVALID_OR_ZERO_UNIT_PRICE,2026-09-07T10:19:27.317099
full_historical_baseline,561479,21594,,-1,0.0,,United Kingdom,INVALID_OR_ZERO_UNIT_PRICE,2026-09-07T10:19:27.317099
full_historical_baseline,561480,21858,,-12,0.0,,United Kingdom,INVALID_OR_ZERO_UNIT_PRICE,2026-09-07T10:19:27.317099
full_historical_baseline,561481,20684,,-27,0.0,,United Kingdom,INVALID_OR_ZERO_UNIT_PRICE,2026-09-07T10:19:27.317099
full_historical_baseline,561482,21432,,-2,0.0,,United Kingdom,INVALID_OR_ZERO_UNIT_PRICE,2026-09-07T10:19:27.317099
full_historical_baseline,561483,77079,,4,0.0,,United Kingdom,INVALID_OR_ZERO_UNIT_PRICE,2026-09-07T10:19:27.317099
full_historical_baseline,561484,77081,,-39,0.0,,United Kingdom,INVALID_OR_ZERO_UNIT_PRICE,2026-09-07T10:19:27.317099
full_historical_baseline,561486,21765,,-2,0.0,,United Kingdom,INVALID_OR_ZERO_UNIT_PRICE,2026-09-07T10:19:27.317099
full_historical_baseline,561487,22168,,-1,0.0,,United Kingdom,INVALID_OR_ZERO_UNIT_PRICE,2026-09-07T10:19:27.317099
full_historical_baseline,561489,84905,,-2,0.0,,United Kingdom,INVALID_OR_ZERO_UNIT_PRICE,2026-09-07T10:19:27.317099
full_historical_baseline,561490,21275,,3,0.0,,United Kingdom,INVALID_OR_ZERO_UNIT_PRICE,2026-09-07T10:19:27.317099
full_historical_baseline,561491,21781,,-2,0.0,,United Kingdom,INVALID_OR_ZERO_UNIT_PRICE,2026-09-07T10:19:27.317099
full_historical_baseline,561492,22528,,-1,0.0,,United Kingdom,INVALID_OR_ZERO_UNIT_PRICE,2026-09-07T10:19:27.317099
full_historical_baseline,561493,84761,,-11,0.0,,United Kingdom,INVALID_OR_ZERO_UNIT_PRICE,2026-09-07T10:19:27.317099
full_historical_baseline,561494,18097A,,-23,0.0,,United Kingdom,INVALID_OR_ZERO_UNIT_PRICE,2026-09-07T10:19:27.317099
full_historical_baseline,561495,79336,,36,0.0,,United Kingdom,INVALID_OR_ZERO_UNIT_PRICE,2026-09-07T10:19:27.317099
full_historical_baseline,561496,17090D,,-10,0.0,,United Kingdom,INVALID_OR_ZERO_UNIT_PRICE,2026-09-07T10:19:27.317099
full_historical_baseline,561497,21609,,38,0.0,,United Kingdom,INVALID_OR_ZERO_UNIT_PRICE,2026-09-07T10:19:27.317099
full_historical_baseline,561498,21610,,-14,0.0,,United Kingdom,INVALID_OR_ZERO_UNIT_PRICE,2026-09-07T10:19:27.317099
full_historical_baseline,561499,72709,,52,0.0,,United Kingdom,INVALID_OR_ZERO_UNIT_PRICE,2026-09-07T10:19:27.317099
full_historical_baseline,561500,85040B,,-1,0.0,,United Kingdom,INVALID_OR_ZERO_UNIT_PRICE,2026-09-07T10:19:27.317099
full_historical_baseline,561501,21278,,-1,0.0,,United Kingdom,INVALID_OR_ZERO_UNIT_PRICE,2026-09-07T10:19:27.317099
full_historical_baseline,561503,22194,,-4,0.0,,United Kingdom,INVALID_OR_ZERO_UNIT_PRICE,2026-09-07T10:19:27.317099
full_historical_baseline,561504,21361,,-7,0.0,,United Kingdom,INVALID_OR_ZERO_UNIT_PRICE,2026-09-07T10:19:27.317099
full_historical_baseline,561505,84925D,,-12,0.0,,United Kingdom,INVALID_OR_ZERO_UNIT_PRICE,2026-09-07T10:19:27.317099
full_historical_baseline,561506,72051S,,-1,0.0,,United Kingdom,INVALID_OR_ZERO_UNIT_PRICE,2026-09-07T10:19:27.317099
full_historical_baseline,561523,20973,,-45,0.0,,United Kingdom,INVALID_OR_ZERO_UNIT_PRICE,2026-09-07T10:19:27.317099
full_historical_baseline,561524,16020C,,-2,0.0,,United Kingdom,INVALID_OR_ZERO_UNIT_PRICE,2026-09-07T10:19:27.317099
full_historical_baseline,561525,84466,,-1,0.0,,United Kingdom,INVALID_OR_ZERO_UNIT_PRICE,2026-09-07T10:19:27.317099
full_historical_baseline,561526,21051,,-2,0.0,,United Kingdom,INVALID_OR_ZERO_UNIT_PRICE,2026-09-07T10:19:27.317099
full_historical_baseline,561527,20666,,-5,0.0,,United Kingdom,INVALID_OR_ZERO_UNIT_PRICE,2026-09-07T10:19:27.317099
full_historical_baseline,561536,84927E,,-2,0.0,,United Kingdom,INVALID_OR_ZERO_UNIT_PRICE,2026-09-07T10:19:27.317099
full_historical_baseline,561538,84927D,,-1,0.0,,United Kingdom,INVALID_OR_ZERO_UNIT_PRICE,2026-09-07T10:19:27.317099
full_historical_baseline,561539,79026B,,-1,0.0,,United Kingdom,INVALID_OR_ZERO_UNIT_PRICE,2026-09-07T10:19:27.317099
full_historical_baseline,561540,84279B,,-1,0.0,,United Kingdom,INVALID_OR_ZERO_UNIT_PRICE,2026-09-07T10:19:27.317099
full_historical_baseline,561541,21658,,-1,0.0,,United Kingdom,INVALID_OR_ZERO_UNIT_PRICE,2026-09-07T10:19:27.317099
full_historical_baseline,561543,22202,,-1,0.0,,United Kingdom,INVALID_OR_ZERO_UNIT_PRICE,2026-09-07T10:19:27.317099
full_historical_baseline,561553,21392,,-29,0.0,,United Kingdom,INVALID_OR_ZERO_UNIT_PRICE,2026-09-07T10:19:27.317099
full_historical_baseline,561555,37477B,,-11,0.0,,United Kingdom,INVALID_OR_ZERO_UNIT_PRICE,2026-09-07T10:19:27.317099
full_historical_baseline,561557,37477C,,-31,0.0,,United Kingdom,INVALID_OR_ZERO_UNIT_PRICE,2026-09-07T10:19:27.317099
full_historical_baseline,561565,35965,,18,0.0,,United Kingdom,INVALID_OR_ZERO_UNIT_PRICE,2026-09-07T10:19:27.317099
full_historical_baseline,561609,47589,,-1,0.0,,United Kingdom,INVALID_OR_ZERO_UNIT_PRICE,2026-09-07T10:19:27.317099
full_historical_baseline,561639,84799,,-346,0.0,,United Kingdom,INVALID_OR_ZERO_UNIT_PRICE,2026-09-07T10:19:27.317099
full_historical_baseline,561640,84802B,,-125,0.0,,United Kingdom,INVALID_OR_ZERO_UNIT_PRICE,2026-09-07T10:19:27.317099
full_historical_baseline,561652,84847,,2,0.0,,United Kingdom,INVALID_OR_ZERO_UNIT_PRICE,2026-09-07T10:19:27.317099
full_historical_baseline,561660,22502,,1,0.0,,United Kingdom,INVALID_OR_ZERO_UNIT_PRICE,2026-09-07T10:19:27.317099
full_historical_baseline,561663,22501,incorrectly put back into stock,-108,0.0,,United Kingdom,INVALID_OR_ZERO_UNIT_PRICE,2026-09-07T10:19:27.317099
full_historical_baseline,561665,22171,?,142,0.0,,United Kingdom,INVALID_OR_ZERO_UNIT_PRICE,2026-09-07T10:19:27.317099
full_historical_baseline,561666,22502,,30,0.0,,United Kingdom,INVALID_OR_ZERO_UNIT_PRICE,2026-09-07T10:19:27.317099
full_historical_baseline,561668,44091A,,-2,0.0,,United Kingdom,INVALID_OR_ZERO_UNIT_PRICE,2026-09-07T10:19:27.317099
full_historical_baseline,561669,22960,JAM MAKING SET WITH JARS,11,0.0,12507.0,Spain,INVALID_OR_ZERO_UNIT_PRICE,2026-09-07T10:19:27.317099
full_historical_baseline,561673,23134,,107,0.0,,United Kingdom,INVALID_OR_ZERO_UNIT_PRICE,2026-09-07T10:19:27.317099
full_historical_baseline,561674,21445,,1,0.0,,United Kingdom,INVALID_OR_ZERO_UNIT_PRICE,2026-09-07T10:19:27.317099
full_historical_baseline,561805,23284,,-15,0.0,,United Kingdom,INVALID_OR_ZERO_UNIT_PRICE,2026-09-07T10:19:27.317099
full_historical_baseline,561812,84944,,8,0.0,,United Kingdom,INVALID_OR_ZERO_UNIT_PRICE,2026-09-07T10:19:27.317099
full_historical_baseline,561916,M,Manual,1,0.0,15581.0,United Kingdom,INVALID_OR_ZERO_UNIT_PRICE,2026-09-07T10:19:27.317099
full_historical_baseline,561918,85127,,-6,0.0,,United Kingdom,INVALID_OR_ZERO_UNIT_PRICE,2026-09-07T10:19:27.317099
full_historical_baseline,561919,85017B,,-188,0.0,,United Kingdom,INVALID_OR_ZERO_UNIT_PRICE,2026-09-07T10:19:27.317099
full_historical_baseline,561920,84352,Damages/samples,-52,0.0,,United Kingdom,INVALID_OR_ZERO_UNIT_PRICE,2026-09-07T10:19:27.317099
full_historical_baseline,561921,22044,,-240,0.0,,United Kingdom,INVALID_OR_ZERO_UNIT_PRICE,2026-09-07T10:19:27.317099
full_historical_baseline,561924,22042,,-197,0.0,,United Kingdom,INVALID_OR_ZERO_UNIT_PRICE,2026-09-07T10:19:27.317099
full_historical_baseline,561927,22740,?,-1060,0.0,,United Kingdom,INVALID_OR_ZERO_UNIT_PRICE,2026-09-07T10:19:27.317099
full_historical_baseline,562134,22722,,1,0.0,,United Kingdom,INVALID_OR_ZERO_UNIT_PRICE,2026-09-07T10:19:27.317099
full_historical_baseline,562135,84847,,1,0.0,,United Kingdom,INVALID_OR_ZERO_UNIT_PRICE,2026-09-07T10:19:27.317099
full_historical_baseline,562164,21257,?,-94,0.0,,United Kingdom,INVALID_OR_ZERO_UNIT_PRICE,2026-09-07T10:19:27.317099
full_historical_baseline,562212,21187,,-97,0.0,,United Kingdom,INVALID_OR_ZERO_UNIT_PRICE,2026-09-07T10:19:27.317099
full_historical_baseline,562215,21147,,100,0.0,,United Kingdom,INVALID_OR_ZERO_UNIT_PRICE,2026-09-07T10:19:27.317099
full_historical_baseline,562278,21391,Sold as 1 on dotcom,-342,0.0,,United Kingdom,INVALID_OR_ZERO_UNIT_PRICE,2026-09-07T10:19:27.317099
full_historical_baseline,562279,21391,,-26,0.0,,United Kingdom,INVALID_OR_ZERO_UNIT_PRICE,2026-09-07T10:19:27.317099
full_historical_baseline,562352,21735,damages,-59,0.0,,United Kingdom,INVALID_OR_ZERO_UNIT_PRICE,2026-09-07T10:19:27.317099
full_historical_baseline,562382,22927,?,-40,0.0,,United Kingdom,INVALID_OR_ZERO_UNIT_PRICE,2026-09-07T10:19:27.317099
full_historical_baseline,562383,22523,?,-90,0.0,,United Kingdom,INVALID_OR_ZERO_UNIT_PRICE,2026-09-07T10:19:27.317099
full_historical_baseline,562384,23175,,-44,0.0,,United Kingdom,INVALID_OR_ZERO_UNIT_PRICE,2026-09-07T10:19:27.317099
full_historical_baseline,562385,47559B,,-84,0.0,,United Kingdom,INVALID_OR_ZERO_UNIT_PRICE,2026-09-07T10:19:27.317099
full_historical_baseline,562386,84596L,,-21,0.0,,United Kingdom,INVALID_OR_ZERO_UNIT_PRICE,2026-09-07T10:19:27.317099
full_historical_baseline,562390,21246,,-92,0.0,,United Kingdom,INVALID_OR_ZERO_UNIT_PRICE,2026-09-07T10:19:27.317099
full_historical_baseline,562391,22854,,-40,0.0,,United Kingdom,INVALID_OR_ZERO_UNIT_PRICE,2026-09-07T10:19:27.317099
full_historical_baseline,562463,85152,,-6,0.0,,United Kingdom,INVALID_OR_ZERO_UNIT_PRICE,2026-09-07T10:19:27.317099
full_historical_baseline,562464,20701,,-24,0.0,,United Kingdom,INVALID_OR_ZERO_UNIT_PRICE,2026-09-07T10:19:27.317099
full_historical_baseline,562544,84920,,-9,0.0,,United Kingdom,INVALID_OR_ZERO_UNIT_PRICE,2026-09-07T10:19:27.317099
full_historical_baseline,562546,20694,?,-110,0.0,,United Kingdom,INVALID_OR_ZERO_UNIT_PRICE,2026-09-07T10:19:27.317099
full_historical_baseline,562547,21918,,-343,0.0,,United Kingdom,INVALID_OR_ZERO_UNIT_PRICE,2026-09-07T10:19:27.317099
full_historical_baseline,562548,23084,,-84,0.0,,United Kingdom,INVALID_OR_ZERO_UNIT_PRICE,2026-09-07T10:19:27.317099
full_historical_baseline,562653,21359,,-30,0.0,,United Kingdom,INVALID_OR_ZERO_UNIT_PRICE,2026-09-07T10:19:27.317099
full_historical_baseline,562714,22501,,64,0.0,,United Kingdom,INVALID_OR_ZERO_UNIT_PRICE,2026-09-07T10:19:27.317099
full_historical_baseline,562785,21033,,-455,0.0,,United Kingdom,INVALID_OR_ZERO_UNIT_PRICE,2026-09-07T10:19:27.317099
full_historical_baseline,562855,84800M,,-124,0.0,,United Kingdom,INVALID_OR_ZERO_UNIT_PRICE,2026-09-07T10:19:27.317099
full_historical_baseline,562945,79000,,425,0.0,,United Kingdom,INVALID_OR_ZERO_UNIT_PRICE,2026-09-07T10:19:27.317099
full_historical_baseline,562973,23157,SET OF 6 NATIVITY MAGNETS ,240,0.0,14911.0,EIRE,INVALID_OR_ZERO_UNIT_PRICE,2026-09-07T10:19:27.317099
full_historical_baseline,563015,46000M,POLYESTER FILLER PAD 45x45cm,160,0.0,,United Kingdom,INVALID_OR_ZERO_UNIT_PRICE,2026-09-07T10:19:27.317099
full_historical_baseline,563015,46000S,POLYESTER FILLER PAD 40x40cm,220,0.0,,United Kingdom,INVALID_OR_ZERO_UNIT_PRICE,2026-09-07T10:19:27.317099
full_historical_baseline,563101,22084,,1,0.0,,United Kingdom,INVALID_OR_ZERO_UNIT_PRICE,2026-09-07T10:19:27.317099
full_historical_baseline,563102,21359,,1,0.0,,United Kingdom,INVALID_OR_ZERO_UNIT_PRICE,2026-09-07T10:19:27.317099
full_historical_baseline,563105,22194,,2,0.0,,United Kingdom,INVALID_OR_ZERO_UNIT_PRICE,2026-09-07T10:19:27.317099
full_historical_baseline,563106,21658,,3,0.0,,United Kingdom,INVALID_OR_ZERO_UNIT_PRICE,2026-09-07T10:19:27.317099
full_historical_baseline,563108,21033,,37,0.0,,United Kingdom,INVALID_OR_ZERO_UNIT_PRICE,2026-09-07T10:19:27.317099
full_historical_baseline,563148,21033,,-37,0.0,,United Kingdom,INVALID_OR_ZERO_UNIT_PRICE,2026-09-07T10:19:27.317099
full_historical_baseline,A563186,B,Adjust bad debt,1,-11062.06,,United Kingdom,INVALID_OR_ZERO_UNIT_PRICE,2026-09-07T10:19:27.317099
full_historical_baseline,A563187,B,Adjust bad debt,1,-11062.06,,United Kingdom,INVALID_OR_ZERO_UNIT_PRICE,2026-09-07T10:19:27.317099
full_historical_baseline,563244,22740,,-36,0.0,,United Kingdom,INVALID_OR_ZERO_UNIT_PRICE,2026-09-07T10:19:27.317099
full_historical_baseline,563359,23084,,20,0.0,,United Kingdom,INVALID_OR_ZERO_UNIT_PRICE,2026-09-07T10:19:27.317099
full_historical_baseline,563445,85049D,,1,0.0,,United Kingdom,INVALID_OR_ZERO_UNIT_PRICE,2026-09-07T10:19:27.317099
full_historical_baseline,563447,21033,,50,0.0,,United Kingdom,INVALID_OR_ZERO_UNIT_PRICE,2026-09-07T10:19:27.317099
full_historical_baseline,563449,85152,,2,0.0,,United Kingdom,INVALID_OR_ZERO_UNIT_PRICE,2026-09-07T10:19:27.317099
full_historical_baseline,563452,21033,,12,0.0,,United Kingdom,INVALID_OR_ZERO_UNIT_PRICE,2026-09-07T10:19:27.317099
full_historical_baseline,563453,21033,taig adjust no stock,-24,0.0,,United Kingdom,INVALID_OR_ZERO_UNIT_PRICE,2026-09-07T10:19:27.317099
full_historical_baseline,563568,20774,,12,0.0,,United Kingdom,INVALID_OR_ZERO_UNIT_PRICE,2026-09-07T10:19:27.317099
full_historical_baseline,563650,79163,,-156,0.0,,United Kingdom,INVALID_OR_ZERO_UNIT_PRICE,2026-09-07T10:19:27.317099
full_historical_baseline,563652,22461,,-36,0.0,,United Kingdom,INVALID_OR_ZERO_UNIT_PRICE,2026-09-07T10:19:27.317099
full_historical_baseline,563700,85106,,-553,0.0,,United Kingdom,INVALID_OR_ZERO_UNIT_PRICE,2026-09-07T10:19:27.317099
full_historical_baseline,563701,85106,,20,0.0,,United Kingdom,INVALID_OR_ZERO_UNIT_PRICE,2026-09-07T10:19:27.317099
full_historical_baseline,563702,85107,,65,0.0,,United Kingdom,INVALID_OR_ZERO_UNIT_PRICE,2026-09-07T10:19:27.317099
full_historical_baseline,563704,37342,,-66,0.0,,United Kingdom,INVALID_OR_ZERO_UNIT_PRICE,2026-09-07T10:19:27.317099
full_historical_baseline,563715,90120D,,-18,0.0,,United Kingdom,INVALID_OR_ZERO_UNIT_PRICE,2026-09-07T10:19:27.317099
full_historical_baseline,564220,20684,,1,0.0,,United Kingdom,INVALID_OR_ZERO_UNIT_PRICE,2026-09-07T10:19:27.317099
full_historical_baseline,564229,82583,amazon,20,0.0,,United Kingdom,INVALID_OR_ZERO_UNIT_PRICE,2026-09-07T10:19:27.317099
full_historical_baseline,564530,22683,FRENCH BLUE METAL DOOR SIGN 8,3,0.0,,United Kingdom,INVALID_OR_ZERO_UNIT_PRICE,2026-09-07T10:19:27.317099
full_historical_baseline,564530,22682,FRENCH BLUE METAL DOOR SIGN 7,1,0.0,,United Kingdom,INVALID_OR_ZERO_UNIT_PRICE,2026-09-07T10:19:27.317099
full_historical_baseline,564530,22681,FRENCH BLUE METAL DOOR SIGN 6,3,0.0,,United Kingdom,INVALID_OR_ZERO_UNIT_PRICE,2026-09-07T10:19:27.317099
full_historical_baseline,564530,22680,FRENCH BLUE METAL DOOR SIGN 5,1,0.0,,United Kingdom,INVALID_OR_ZERO_UNIT_PRICE,2026-09-07T10:19:27.317099
full_historical_baseline,564530,22679,FRENCH BLUE METAL DOOR SIGN 4,3,0.0,,United Kingdom,INVALID_OR_ZERO_UNIT_PRICE,2026-09-07T10:19:27.317099
full_historical_baseline,564530,22678,FRENCH BLUE METAL DOOR SIGN 3,3,0.0,,United Kingdom,INVALID_OR_ZERO_UNIT_PRICE,2026-09-07T10:19:27.317099
full_historical_baseline,564530,22677,FRENCH BLUE METAL DOOR SIGN 2,4,0.0,,United Kingdom,INVALID_OR_ZERO_UNIT_PRICE,2026-09-07T10:19:27.317099
full_historical_baseline,564530,21172,PARTY METAL SIGN ,1,0.0,,United Kingdom,INVALID_OR_ZERO_UNIT_PRICE,2026-09-07T10:19:27.317099
full_historical_baseline,564530,21116,OWL DOORSTOP,1,0.0,,United Kingdom,INVALID_OR_ZERO_UNIT_PRICE,2026-09-07T10:19:27.317099
full_historical_baseline,564530,20682,RED RETROSPOT CHILDRENS UMBRELLA,1,0.0,,United Kingdom,INVALID_OR_ZERO_UNIT_PRICE,2026-09-07T10:19:27.317099
full_historical_baseline,564530,85123A,WHITE HANGING HEART T-LIGHT HOLDER,1,0.0,,United Kingdom,INVALID_OR_ZERO_UNIT_PRICE,2026-09-07T10:19:27.317099
full_historical_baseline,564530,22692,DOORMAT WELCOME TO OUR HOME,1,0.0,,United Kingdom,INVALID_OR_ZERO_UNIT_PRICE,2026-09-07T10:19:27.317099
full_historical_baseline,564530,22686,FRENCH BLUE METAL DOOR SIGN No,2,0.0,,United Kingdom,INVALID_OR_ZERO_UNIT_PRICE,2026-09-07T10:19:27.317099
full_historical_baseline,564530,22627,MINT KITCHEN SCALES,3,0.0,,United Kingdom,INVALID_OR_ZERO_UNIT_PRICE,2026-09-07T10:19:27.317099
full_historical_baseline,564530,22427,ENAMEL FLOWER JUG CREAM,1,0.0,,United Kingdom,INVALID_OR_ZERO_UNIT_PRICE,2026-09-07T10:19:27.317099
full_historical_baseline,564530,22366,DOORMAT AIRMAIL ,1,0.0,,United Kingdom,INVALID_OR_ZERO_UNIT_PRICE,2026-09-07T10:19:27.317099
full_historical_baseline,564530,22365,DOORMAT RESPECTABLE HOUSE,1,0.0,,United Kingdom,INVALID_OR_ZERO_UNIT_PRICE,2026-09-07T10:19:27.317099
full_historical_baseline,564530,22362,GLASS JAR PEACOCK BATH SALTS,1,0.0,,United Kingdom,INVALID_OR_ZERO_UNIT_PRICE,2026-09-07T10:19:27.317099
full_historical_baseline,564530,22363,GLASS JAR MARMALADE ,1,0.0,,United Kingdom,INVALID_OR_ZERO_UNIT_PRICE,2026-09-07T10:19:27.317099
full_historical_baseline,564530,22359,GLASS JAR KINGS CHOICE,1,0.0,,United Kingdom,INVALID_OR_ZERO_UNIT_PRICE,2026-09-07T10:19:27.317099
full_historical_baseline,564530,22357,KINGS CHOICE BISCUIT TIN,1,0.0,,United Kingdom,INVALID_OR_ZERO_UNIT_PRICE,2026-09-07T10:19:27.317099
full_historical_baseline,564530,21899,GARAGE KEY FOB,1,0.0,,United Kingdom,INVALID_OR_ZERO_UNIT_PRICE,2026-09-07T10:19:27.317099
full_historical_baseline,564530,21900,"KEY FOB , SHED",1,0.0,,United Kingdom,INVALID_OR_ZERO_UNIT_PRICE,2026-09-07T10:19:27.317099
full_historical_baseline,564530,21901,"KEY FOB , BACK DOOR ",1,0.0,,United Kingdom,INVALID_OR_ZERO_UNIT_PRICE,2026-09-07T10:19:27.317099
full_historical_baseline,564530,21561,DINOSAUR LUNCH BOX WITH CUTLERY,1,0.0,,United Kingdom,INVALID_OR_ZERO_UNIT_PRICE,2026-09-07T10:19:27.317099
full_historical_baseline,564530,21452,TOADSTOOL MONEY BOX,1,0.0,,United Kingdom,INVALID_OR_ZERO_UNIT_PRICE,2026-09-07T10:19:27.317099
full_historical_baseline,564530,22685,FRENCH BLUE METAL DOOR SIGN 0,3,0.0,,United Kingdom,INVALID_OR_ZERO_UNIT_PRICE,2026-09-07T10:19:27.317099
full_historical_baseline,564530,22676,FRENCH BLUE METAL DOOR SIGN 1,3,0.0,,United Kingdom,INVALID_OR_ZERO_UNIT_PRICE,2026-09-07T10:19:27.317099
full_historical_baseline,564530,22684,FRENCH BLUE METAL DOOR SIGN 9,1,0.0,,United Kingdom,INVALID_OR_ZERO_UNIT_PRICE,2026-09-07T10:19:27.317099
full_historical_baseline,564533,23348,,100,0.0,,United Kingdom,INVALID_OR_ZERO_UNIT_PRICE,2026-09-07T10:19:27.317099
full_historical_baseline,564633,23084,,400,0.0,,United Kingdom,INVALID_OR_ZERO_UNIT_PRICE,2026-09-07T10:19:27.317099
full_historical_baseline,564644,82583,,5,0.0,,United Kingdom,INVALID_OR_ZERO_UNIT_PRICE,2026-09-07T10:19:27.317099
full_historical_baseline,564645,82583,amazon,44,0.0,,United Kingdom,INVALID_OR_ZERO_UNIT_PRICE,2026-09-07T10:19:27.317099
full_historical_baseline,564651,23270,SET OF 2 CERAMIC PAINTED HEARTS ,96,0.0,14646.0,Netherlands,INVALID_OR_ZERO_UNIT_PRICE,2026-09-07T10:19:27.317099
full_historical_baseline,564651,23268,SET OF 2 CERAMIC CHRISTMAS REINDEER,192,0.0,14646.0,Netherlands,INVALID_OR_ZERO_UNIT_PRICE,2026-09-07T10:19:27.317099
full_historical_baseline,564651,22955,36 FOIL STAR CAKE CASES ,144,0.0,14646.0,Netherlands,INVALID_OR_ZERO_UNIT_PRICE,2026-09-07T10:19:27.317099
full_historical_baseline,564651,21786,POLKADOT RAIN HAT ,144,0.0,14646.0,Netherlands,INVALID_OR_ZERO_UNIT_PRICE,2026-09-07T10:19:27.317099
full_historical_baseline,564667,23084,,-400,0.0,,United Kingdom,INVALID_OR_ZERO_UNIT_PRICE,2026-09-07T10:19:27.317099
full_historical_baseline,564761,gift_0001_30,,30,0.0,,United Kingdom,INVALID_OR_ZERO_UNIT_PRICE,2026-09-07T10:19:27.317099
full_historical_baseline,564762,gift_0001_10,,30,0.0,,United Kingdom,INVALID_OR_ZERO_UNIT_PRICE,2026-09-07T10:19:27.317099
full_historical_baseline,564914,85132C,damages,-109,0.0,,United Kingdom,INVALID_OR_ZERO_UNIT_PRICE,2026-09-07T10:19:27.317099
full_historical_baseline,564915,21673,,26,0.0,,United Kingdom,INVALID_OR_ZERO_UNIT_PRICE,2026-09-07T10:19:27.317099
full_historical_baseline,564916,22157,,31,0.0,,United Kingdom,INVALID_OR_ZERO_UNIT_PRICE,2026-09-07T10:19:27.317099
full_historical_baseline,564917,79000,,245,0.0,,United Kingdom,INVALID_OR_ZERO_UNIT_PRICE,2026-09-07T10:19:27.317099
full_historical_baseline,564918,16046,,21,0.0,,United Kingdom,INVALID_OR_ZERO_UNIT_PRICE,2026-09-07T10:19:27.317099
full_historical_baseline,564919,23284,,8,0.0,,United Kingdom,INVALID_OR_ZERO_UNIT_PRICE,2026-09-07T10:19:27.317099
full_historical_baseline,564920,48116,,8,0.0,,United Kingdom,INVALID_OR_ZERO_UNIT_PRICE,2026-09-07T10:19:27.317099
full_historical_baseline,564921,85214,,6,0.0,,United Kingdom,INVALID_OR_ZERO_UNIT_PRICE,2026-09-07T10:19:27.317099
full_historical_baseline,564922,22084,,5,0.0,,United Kingdom,INVALID_OR_ZERO_UNIT_PRICE,2026-09-07T10:19:27.317099
full_historical_baseline,564923,21868,,2,0.0,,United Kingdom,INVALID_OR_ZERO_UNIT_PRICE,2026-09-07T10:19:27.317099
full_historical_baseline,564924,21272,,1,0.0,,United Kingdom,INVALID_OR_ZERO_UNIT_PRICE,2026-09-07T10:19:27.317099
full_historical_baseline,564925,21662,,1,0.0,,United Kingdom,INVALID_OR_ZERO_UNIT_PRICE,2026-09-07T10:19:27.317099
full_historical_baseline,564926,22968,,9,0.0,,United Kingdom,INVALID_OR_ZERO_UNIT_PRICE,2026-09-07T10:19:27.317099
full_historical_baseline,564927,23175,,2,0.0,,United Kingdom,INVALID_OR_ZERO_UNIT_PRICE,2026-09-07T10:19:27.317099
full_historical_baseline,564928,35966,,1,0.0,,United Kingdom,INVALID_OR_ZERO_UNIT_PRICE,2026-09-07T10:19:27.317099
full_historical_baseline,564929,37501,,1,0.0,,United Kingdom,INVALID_OR_ZERO_UNIT_PRICE,2026-09-07T10:19:27.317099
full_historical_baseline,565042,85185B,,-27,0.0,,United Kingdom,INVALID_OR_ZERO_UNIT_PRICE,2026-09-07T10:19:27.317099
full_historical_baseline,565043,22171,,8,0.0,,United Kingdom,INVALID_OR_ZERO_UNIT_PRICE,2026-09-07T10:19:27.317099
full_historical_baseline,565045,21670,,-115,0.0,,United Kingdom,INVALID_OR_ZERO_UNIT_PRICE,2026-09-07T10:19:27.317099
full_historical_baseline,565046,22606,,-49,0.0,,United Kingdom,INVALID_OR_ZERO_UNIT_PRICE,2026-09-07T10:19:27.317099
full_historical_baseline,565047,21257,,7,0.0,,United Kingdom,INVALID_OR_ZERO_UNIT_PRICE,2026-09-07T10:19:27.317099
full_historical_baseline,565048,84976,,-66,0.0,,United Kingdom,INVALID_OR_ZERO_UNIT_PRICE,2026-09-07T10:19:27.317099
full_historical_baseline,565049,21907,,-77,0.0,,United Kingdom,INVALID_OR_ZERO_UNIT_PRICE,2026-09-07T10:19:27.317099
full_historical_baseline,565052,21179,,-60,0.0,,United Kingdom,INVALID_OR_ZERO_UNIT_PRICE,2026-09-07T10:19:27.317099
full_historical_baseline,565055,21172,,-10,0.0,,United Kingdom,INVALID_OR_ZERO_UNIT_PRICE,2026-09-07T10:19:27.317099
full_historical_baseline,565057,82551,,-110,0.0,,United Kingdom,INVALID_OR_ZERO_UNIT_PRICE,2026-09-07T10:19:27.317099
full_historical_baseline,565060,21165,,-46,0.0,,United Kingdom,INVALID_OR_ZERO_UNIT_PRICE,2026-09-07T10:19:27.317099
full_historical_baseline,565063,21175,,-18,0.0,,United Kingdom,INVALID_OR_ZERO_UNIT_PRICE,2026-09-07T10:19:27.317099
full_historical_baseline,565069,20665,,-49,0.0,,United Kingdom,INVALID_OR_ZERO_UNIT_PRICE,2026-09-07T10:19:27.317099
full_historical_baseline,565070,85032D,,171,0.0,,United Kingdom,INVALID_OR_ZERO_UNIT_PRICE,2026-09-07T10:19:27.317099
full_historical_baseline,565071,84754,,-242,0.0,,United Kingdom,INVALID_OR_ZERO_UNIT_PRICE,2026-09-07T10:19:27.317099
full_historical_baseline,565072,21820,,-210,0.0,,United Kingdom,INVALID_OR_ZERO_UNIT_PRICE,2026-09-07T10:19:27.317099
full_historical_baseline,565081,21067,,1,0.0,,United Kingdom,INVALID_OR_ZERO_UNIT_PRICE,2026-09-07T10:19:27.317099
full_historical_baseline,565275,90209C,,-72,0.0,,United Kingdom,INVALID_OR_ZERO_UNIT_PRICE,2026-09-07T10:19:27.317099
full_historical_baseline,565288,23135,?,101,0.0,,United Kingdom,INVALID_OR_ZERO_UNIT_PRICE,2026-09-07T10:19:27.317099
full_historical_baseline,565296,84929,code mix up? 84930,-967,0.0,,United Kingdom,INVALID_OR_ZERO_UNIT_PRICE,2026-09-07T10:19:27.317099
full_historical_baseline,565297,84877D,?,-203,0.0,,United Kingdom,INVALID_OR_ZERO_UNIT_PRICE,2026-09-07T10:19:27.317099
full_historical_baseline,565302,21682,?display?,-156,0.0,,United Kingdom,INVALID_OR_ZERO_UNIT_PRICE,2026-09-07T10:19:27.317099
full_historical_baseline,565304,16259,,-3167,0.0,,United Kingdom,INVALID_OR_ZERO_UNIT_PRICE,2026-09-07T10:19:27.317099
full_historical_baseline,565306,21830,sold as 1,-252,0.0,,United Kingdom,INVALID_OR_ZERO_UNIT_PRICE,2026-09-07T10:19:27.317099
full_historical_baseline,565307,21830,?,-443,0.0,,United Kingdom,INVALID_OR_ZERO_UNIT_PRICE,2026-09-07T10:19:27.317099
full_historical_baseline,565308,21829,sold as 1,-432,0.0,,United Kingdom,INVALID_OR_ZERO_UNIT_PRICE,2026-09-07T10:19:27.317099
full_historical_baseline,565310,21829,?missing,-1897,0.0,,United Kingdom,INVALID_OR_ZERO_UNIT_PRICE,2026-09-07T10:19:27.317099
full_historical_baseline,565314,84660C,,-21,0.0,,United Kingdom,INVALID_OR_ZERO_UNIT_PRICE,2026-09-07T10:19:27.317099
full_historical_baseline,565319,23348,,225,0.0,,United Kingdom,INVALID_OR_ZERO_UNIT_PRICE,2026-09-07T10:19:27.317099
full_historical_baseline,565368,21784,,1,0.0,,United Kingdom,INVALID_OR_ZERO_UNIT_PRICE,2026-09-07T10:19:27.317099
full_historical_baseline,565369,37342,,1,0.0,,United Kingdom,INVALID_OR_ZERO_UNIT_PRICE,2026-09-07T10:19:27.317099
full_historical_baseline,565370,82494L,crushed ctn,-33,0.0,,United Kingdom,INVALID_OR_ZERO_UNIT_PRICE,2026-09-07T10:19:27.317099
full_historical_baseline,565371,82483,crushed,-13,0.0,,United Kingdom,INVALID_OR_ZERO_UNIT_PRICE,2026-09-07T10:19:27.317099
full_historical_baseline,565376,21682,,144,0.0,,United Kingdom,INVALID_OR_ZERO_UNIT_PRICE,2026-09-07T10:19:27.317099
full_historical_baseline,565385,22435,?missing,-434,0.0,,United Kingdom,INVALID_OR_ZERO_UNIT_PRICE,2026-09-07T10:19:27.317099
full_historical_baseline,565389,47343A,,-16,0.0,,United Kingdom,INVALID_OR_ZERO_UNIT_PRICE,2026-09-07T10:19:27.317099
full_historical_baseline,565543,22502,,8,0.0,,United Kingdom,INVALID_OR_ZERO_UNIT_PRICE,2026-09-07T10:19:27.317099
full_historical_baseline,565544,84989A,,1,0.0,,United Kingdom,INVALID_OR_ZERO_UNIT_PRICE,2026-09-07T10:19:27.317099
full_historical_baseline,565545,20973,,1,0.0,,United Kingdom,INVALID_OR_ZERO_UNIT_PRICE,2026-09-07T10:19:27.317099
full_historical_baseline,565556,POST,,750,0.0,,United Kingdom,INVALID_OR_ZERO_UNIT_PRICE,2026-09-07T10:19:27.317099
full_historical_baseline,565797,47570B,,1,0.0,,United Kingdom,INVALID_OR_ZERO_UNIT_PRICE,2026-09-07T10:19:27.317099
full_historical_baseline,565798,85232D,,1,0.0,,United Kingdom,INVALID_OR_ZERO_UNIT_PRICE,2026-09-07T10:19:27.317099
full_historical_baseline,565935,23064,Crushed,-8,0.0,,United Kingdom,INVALID_OR_ZERO_UNIT_PRICE,2026-09-07T10:19:27.317099
full_historical_baseline,565938,23066,,-13,0.0,,United Kingdom,INVALID_OR_ZERO_UNIT_PRICE,2026-09-07T10:19:27.317099
full_historical_baseline,566064,22355,test,1,0.0,,United Kingdom,INVALID_OR_ZERO_UNIT_PRICE,2026-09-07T10:19:27.317099
full_historical_baseline,566065,84660C,,1,0.0,,United Kingdom,INVALID_OR_ZERO_UNIT_PRICE,2026-09-07T10:19:27.317099
full_historical_baseline,566066,15060B,,-52,0.0,,United Kingdom,INVALID_OR_ZERO_UNIT_PRICE,2026-09-07T10:19:27.317099
full_historical_baseline,566067,20686,,-95,0.0,,United Kingdom,INVALID_OR_ZERO_UNIT_PRICE,2026-09-07T10:19:27.317099
full_historical_baseline,566068,22268,,-86,0.0,,United Kingdom,INVALID_OR_ZERO_UNIT_PRICE,2026-09-07T10:19:27.317099
full_historical_baseline,566121,23306,,-682,0.0,,United Kingdom,INVALID_OR_ZERO_UNIT_PRICE,2026-09-07T10:19:27.317099
full_historical_baseline,566122,23084,temp adjustment,-484,0.0,,United Kingdom,INVALID_OR_ZERO_UNIT_PRICE,2026-09-07T10:19:27.317099
full_historical_baseline,566316,23306,,682,0.0,,United Kingdom,INVALID_OR_ZERO_UNIT_PRICE,2026-09-07T10:19:27.317099
full_historical_baseline,566323,22035,,1,0.0,,United Kingdom,INVALID_OR_ZERO_UNIT_PRICE,2026-09-07T10:19:27.317099
full_historical_baseline,566324,22035,taig adjust,1,0.0,,United Kingdom,INVALID_OR_ZERO_UNIT_PRICE,2026-09-07T10:19:27.317099
full_historical_baseline,566325,22035,taig adjust,36,0.0,,United Kingdom,INVALID_OR_ZERO_UNIT_PRICE,2026-09-07T10:19:27.317099
full_historical_baseline,566327,23084,allocate stock for dotcom orders ta,4,0.0,,United Kingdom,INVALID_OR_ZERO_UNIT_PRICE,2026-09-07T10:19:27.317099
full_historical_baseline,566449,20856,??,-140,0.0,,United Kingdom,INVALID_OR_ZERO_UNIT_PRICE,2026-09-07T10:19:27.317099
full_historical_baseline,566476,23084,add stock to allocate online orders,2,0.0,,United Kingdom,INVALID_OR_ZERO_UNIT_PRICE,2026-09-07T10:19:27.317099
full_historical_baseline,566478,23084,for online retail orders,1,0.0,,United Kingdom,INVALID_OR_ZERO_UNIT_PRICE,2026-09-07T10:19:27.317099
full_historical_baseline,566493,23284,,1,0.0,,United Kingdom,INVALID_OR_ZERO_UNIT_PRICE,2026-09-07T10:19:27.317099
full_historical_baseline,566573,22823,test,-22,0.0,,United Kingdom,INVALID_OR_ZERO_UNIT_PRICE,2026-09-07T10:19:27.317099
full_historical_baseline,566574,22823,test,22,0.0,,United Kingdom,INVALID_OR_ZERO_UNIT_PRICE,2026-09-07T10:19:27.317099
full_historical_baseline,566593,22035,,18,0.0,,United Kingdom,INVALID_OR_ZERO_UNIT_PRICE,2026-09-07T10:19:27.317099
full_historical_baseline,566615,23084,,344,0.0,,United Kingdom,INVALID_OR_ZERO_UNIT_PRICE,2026-09-07T10:19:27.317099
full_historical_baseline,566710,16207B,,-4,0.0,,United Kingdom,INVALID_OR_ZERO_UNIT_PRICE,2026-09-07T10:19:27.317099
full_historical_baseline,566711,21578,,-31,0.0,,United Kingdom,INVALID_OR_ZERO_UNIT_PRICE,2026-09-07T10:19:27.317099
full_historical_baseline,566712,22030,??,-635,0.0,,United Kingdom,INVALID_OR_ZERO_UNIT_PRICE,2026-09-07T10:19:27.317099
full_historical_baseline,566762,85232D,,143,0.0,,United Kingdom,INVALID_OR_ZERO_UNIT_PRICE,2026-09-07T10:19:27.317099
full_historical_baseline,566763,84708B,,-5,0.0,,United Kingdom,INVALID_OR_ZERO_UNIT_PRICE,2026-09-07T10:19:27.317099
full_historical_baseline,566764,23065,,-13,0.0,,United Kingdom,INVALID_OR_ZERO_UNIT_PRICE,2026-09-07T10:19:27.317099
full_historical_baseline,566765,22244,,-9,0.0,,United Kingdom,INVALID_OR_ZERO_UNIT_PRICE,2026-09-07T10:19:27.317099
full_historical_baseline,566766,21311,,-117,0.0,,United Kingdom,INVALID_OR_ZERO_UNIT_PRICE,2026-09-07T10:19:27.317099
full_historical_baseline,566767,20977,,-188,0.0,,United Kingdom,INVALID_OR_ZERO_UNIT_PRICE,2026-09-07T10:19:27.317099
full_historical_baseline,566768,16045,,-3667,0.0,,United Kingdom,INVALID_OR_ZERO_UNIT_PRICE,2026-09-07T10:19:27.317099
full_historical_baseline,566924,79163,,15,0.0,,United Kingdom,INVALID_OR_ZERO_UNIT_PRICE,2026-09-07T10:19:27.317099
full_historical_baseline,566977,48173C,,-54,0.0,,United Kingdom,INVALID_OR_ZERO_UNIT_PRICE,2026-09-07T10:19:27.317099
full_historical_baseline,566982,85049B,Amazon,1,0.0,,United Kingdom,INVALID_OR_ZERO_UNIT_PRICE,2026-09-07T10:19:27.317099
full_historical_baseline,566983,23084,Amazon,1,0.0,,United Kingdom,INVALID_OR_ZERO_UNIT_PRICE,2026-09-07T10:19:27.317099
full_historical_baseline,567056,22050,,25,0.0,,United Kingdom,INVALID_OR_ZERO_UNIT_PRICE,2026-09-07T10:19:27.317099
full_historical_baseline,567057,84725,,-8,0.0,,United Kingdom,INVALID_OR_ZERO_UNIT_PRICE,2026-09-07T10:19:27.317099
full_historical_baseline,567058,22453,,-12,0.0,,United Kingdom,INVALID_OR_ZERO_UNIT_PRICE,2026-09-07T10:19:27.317099
full_historical_baseline,567059,22452,,-63,0.0,,United Kingdom,INVALID_OR_ZERO_UNIT_PRICE,2026-09-07T10:19:27.317099
full_historical_baseline,567060,22445,,-62,0.0,,United Kingdom,INVALID_OR_ZERO_UNIT_PRICE,2026-09-07T10:19:27.317099
full_historical_baseline,567061,84877B,,-27,0.0,,United Kingdom,INVALID_OR_ZERO_UNIT_PRICE,2026-09-07T10:19:27.317099
full_historical_baseline,567063,23135,,-27,0.0,,United Kingdom,INVALID_OR_ZERO_UNIT_PRICE,2026-09-07T10:19:27.317099
full_historical_baseline,567064,23135,,27,0.0,,United Kingdom,INVALID_OR_ZERO_UNIT_PRICE,2026-09-07T10:19:27.317099
full_historical_baseline,567113,85215,Damaged,-29,0.0,,United Kingdom,INVALID_OR_ZERO_UNIT_PRICE,2026-09-07T10:19:27.317099
full_historical_baseline,567125,21246,damaged,-2,0.0,,United Kingdom,INVALID_OR_ZERO_UNIT_PRICE,2026-09-07T10:19:27.317099
full_historical_baseline,567127,85230E,Damaged,-48,0.0,,United Kingdom,INVALID_OR_ZERO_UNIT_PRICE,2026-09-07T10:19:27.317099
full_historical_baseline,567129,72127,found box,24,0.0,,United Kingdom,INVALID_OR_ZERO_UNIT_PRICE,2026-09-07T10:19:27.317099
full_historical_baseline,567131,21830,damaged,192,0.0,,United Kingdom,INVALID_OR_ZERO_UNIT_PRICE,2026-09-07T10:19:27.317099
full_historical_baseline,567132,21830,OOPS ! adjustment,-384,0.0,,United Kingdom,INVALID_OR_ZERO_UNIT_PRICE,2026-09-07T10:19:27.317099
full_historical_baseline,567133,85185B,Found in w/hse,50,0.0,,United Kingdom,INVALID_OR_ZERO_UNIT_PRICE,2026-09-07T10:19:27.317099
full_historical_baseline,567137,84929,found,600,0.0,,United Kingdom,INVALID_OR_ZERO_UNIT_PRICE,2026-09-07T10:19:27.317099
full_historical_baseline,567143,21179,damaged,-14,0.0,,United Kingdom,INVALID_OR_ZERO_UNIT_PRICE,2026-09-07T10:19:27.317099
full_historical_baseline,567149,35607B,thrown away,-9,0.0,,United Kingdom,INVALID_OR_ZERO_UNIT_PRICE,2026-09-07T10:19:27.317099
full_historical_baseline,567150,35817P,thrown away,-44,0.0,,United Kingdom,INVALID_OR_ZERO_UNIT_PRICE,2026-09-07T10:19:27.317099
full_historical_baseline,567151,35815P,,34,0.0,,United Kingdom,INVALID_OR_ZERO_UNIT_PRICE,2026-09-07T10:19:27.317099
full_historical_baseline,567152,35598C,found,3,0.0,,United Kingdom,INVALID_OR_ZERO_UNIT_PRICE,2026-09-07T10:19:27.317099
full_historical_baseline,567201,23084,website fixed,110,0.0,,United Kingdom,INVALID_OR_ZERO_UNIT_PRICE,2026-09-07T10:19:27.317099
full_historical_baseline,567207,35592T,,4,0.0,,United Kingdom,INVALID_OR_ZERO_UNIT_PRICE,2026-09-07T10:19:27.317099
full_historical_baseline,567208,35597D,,2,0.0,,United Kingdom,INVALID_OR_ZERO_UNIT_PRICE,2026-09-07T10:19:27.317099
full_historical_baseline,567335,35965,,6,0.0,,United Kingdom,INVALID_OR_ZERO_UNIT_PRICE,2026-09-07T10:19:27.317099
full_historical_baseline,567337,35965,,5,0.0,,United Kingdom,INVALID_OR_ZERO_UNIT_PRICE,2026-09-07T10:19:27.317099
full_historical_baseline,567363,23028,,-49,0.0,,United Kingdom,INVALID_OR_ZERO_UNIT_PRICE,2026-09-07T10:19:27.317099
full_historical_baseline,567364,22925,,-20,0.0,,United Kingdom,INVALID_OR_ZERO_UNIT_PRICE,2026-09-07T10:19:27.317099
full_historical_baseline,567366,21174,,-138,0.0,,United Kingdom,INVALID_OR_ZERO_UNIT_PRICE,2026-09-07T10:19:27.317099
full_historical_baseline,567367,17012A,,-86,0.0,,United Kingdom,INVALID_OR_ZERO_UNIT_PRICE,2026-09-07T10:19:27.317099
full_historical_baseline,567371,22084,,7,0.0,,United Kingdom,INVALID_OR_ZERO_UNIT_PRICE,2026-09-07T10:19:27.317099
full_historical_baseline,567629,40016,?,-752,0.0,,United Kingdom,INVALID_OR_ZERO_UNIT_PRICE,2026-09-07T10:19:27.317099
full_historical_baseline,567645,21447,,-53,0.0,,United Kingdom,INVALID_OR_ZERO_UNIT_PRICE,2026-09-07T10:19:27.317099
full_historical_baseline,567680,23284,,4,0.0,,United Kingdom,INVALID_OR_ZERO_UNIT_PRICE,2026-09-07T10:19:27.317099
full_historical_baseline,567693,85199L,?,-250,0.0,,United Kingdom,INVALID_OR_ZERO_UNIT_PRICE,2026-09-07T10:19:27.317099
full_historical_baseline,567694,22665,,-24,0.0,,United Kingdom,INVALID_OR_ZERO_UNIT_PRICE,2026-09-07T10:19:27.317099
full_historical_baseline,567695,22688,,-42,0.0,,United Kingdom,INVALID_OR_ZERO_UNIT_PRICE,2026-09-07T10:19:27.317099
full_historical_baseline,567696,23091,,-15,0.0,,United Kingdom,INVALID_OR_ZERO_UNIT_PRICE,2026-09-07T10:19:27.317099
full_historical_baseline,567719,20980,,-7,0.0,,United Kingdom,INVALID_OR_ZERO_UNIT_PRICE,2026-09-07T10:19:27.317099
full_historical_baseline,567861,35597A,,-14,0.0,,United Kingdom,INVALID_OR_ZERO_UNIT_PRICE,2026-09-07T10:19:27.317099
full_historical_baseline,567862,35591T,,-4,0.0,,United Kingdom,INVALID_OR_ZERO_UNIT_PRICE,2026-09-07T10:19:27.317099
full_historical_baseline,567863,35598A,,8,0.0,,United Kingdom,INVALID_OR_ZERO_UNIT_PRICE,2026-09-07T10:19:27.317099
full_historical_baseline,567918,79163,damaged,-1,0.0,,United Kingdom,INVALID_OR_ZERO_UNIT_PRICE,2026-09-07T10:19:27.317099
full_historical_baseline,567920,84875D,found,5,0.0,,United Kingdom,INVALID_OR_ZERO_UNIT_PRICE,2026-09-07T10:19:27.317099
full_historical_baseline,567921,21089,damaged,-7,0.0,,United Kingdom,INVALID_OR_ZERO_UNIT_PRICE,2026-09-07T10:19:27.317099
full_historical_baseline,567923,37343,damaged,-2,0.0,,United Kingdom,INVALID_OR_ZERO_UNIT_PRICE,2026-09-07T10:19:27.317099
full_historical_baseline,567925,84876D,damaged,-2,0.0,,United Kingdom,INVALID_OR_ZERO_UNIT_PRICE,2026-09-07T10:19:27.317099
full_historical_baseline,567926,84877D,found,1,0.0,,United Kingdom,INVALID_OR_ZERO_UNIT_PRICE,2026-09-07T10:19:27.317099
full_historical_baseline,567927,21654,Damaged,-3,0.0,,United Kingdom,INVALID_OR_ZERO_UNIT_PRICE,2026-09-07T10:19:27.317099
full_historical_baseline,567931,84563B,damaged,-11,0.0,,United Kingdom,INVALID_OR_ZERO_UNIT_PRICE,2026-09-07T10:19:27.317099
full_historical_baseline,567932,85213,,-12,0.0,,United Kingdom,INVALID_OR_ZERO_UNIT_PRICE,2026-09-07T10:19:27.317099
full_historical_baseline,567933,84422,Dagamed,-30,0.0,,United Kingdom,INVALID_OR_ZERO_UNIT_PRICE,2026-09-07T10:19:27.317099
full_historical_baseline,568052,90209C,,-3,0.0,,United Kingdom,INVALID_OR_ZERO_UNIT_PRICE,2026-09-07T10:19:27.317099
full_historical_baseline,568053,90209C,,3,0.0,,United Kingdom,INVALID_OR_ZERO_UNIT_PRICE,2026-09-07T10:19:27.317099
full_historical_baseline,568079,85197,,-1,0.0,,United Kingdom,INVALID_OR_ZERO_UNIT_PRICE,2026-09-07T10:19:27.317099
full_historical_baseline,568080,44236,,-2,0.0,,United Kingdom,INVALID_OR_ZERO_UNIT_PRICE,2026-09-07T10:19:27.317099
full_historical_baseline,568081,84663A,,-9,0.0,,United Kingdom,INVALID_OR_ZERO_UNIT_PRICE,2026-09-07T10:19:27.317099
full_historical_baseline,568084,84927A,,-7,0.0,,United Kingdom,INVALID_OR_ZERO_UNIT_PRICE,2026-09-07T10:19:27.317099
full_historical_baseline,568085,84912A,,2,0.0,,United Kingdom,INVALID_OR_ZERO_UNIT_PRICE,2026-09-07T10:19:27.317099
full_historical_baseline,568087,85049D,,-8,0.0,,United Kingdom,INVALID_OR_ZERO_UNIT_PRICE,2026-09-07T10:19:27.317099
full_historical_baseline,568088,21641,,-49,0.0,,United Kingdom,INVALID_OR_ZERO_UNIT_PRICE,2026-09-07T10:19:27.317099
full_historical_baseline,568089,22245,,-37,0.0,,United Kingdom,INVALID_OR_ZERO_UNIT_PRICE,2026-09-07T10:19:27.317099
full_historical_baseline,568090,20793,,-5,0.0,,United Kingdom,INVALID_OR_ZERO_UNIT_PRICE,2026-09-07T10:19:27.317099
full_historical_baseline,568091,85211,,-3,0.0,,United Kingdom,INVALID_OR_ZERO_UNIT_PRICE,2026-09-07T10:19:27.317099
full_historical_baseline,568092,23134,,1,0.0,,United Kingdom,INVALID_OR_ZERO_UNIT_PRICE,2026-09-07T10:19:27.317099
full_historical_baseline,568093,20773,,-9,0.0,,United Kingdom,INVALID_OR_ZERO_UNIT_PRICE,2026-09-07T10:19:27.317099
full_historical_baseline,568102,35911A,,20,0.0,,United Kingdom,INVALID_OR_ZERO_UNIT_PRICE,2026-09-07T10:19:27.317099
full_historical_baseline,568158,PADS,PADS TO MATCH ALL CUSHIONS,1,0.0,16133.0,United Kingdom,INVALID_OR_ZERO_UNIT_PRICE,2026-09-07T10:19:27.317099
full_historical_baseline,568233,21586,,-147,0.0,,United Kingdom,INVALID_OR_ZERO_UNIT_PRICE,2026-09-07T10:19:27.317099
full_historical_baseline,568302,20700,?,-121,0.0,,United Kingdom,INVALID_OR_ZERO_UNIT_PRICE,2026-09-07T10:19:27.317099
full_historical_baseline,568365,84663A,,30,0.0,,United Kingdom,INVALID_OR_ZERO_UNIT_PRICE,2026-09-07T10:19:27.317099
full_historical_baseline,568371,22687,,-41,0.0,,United Kingdom,INVALID_OR_ZERO_UNIT_PRICE,2026-09-07T10:19:27.317099
full_historical_baseline,568372,90082D,,-19,0.0,,United Kingdom,INVALID_OR_ZERO_UNIT_PRICE,2026-09-07T10:19:27.317099
full_historical_baseline,568384,M,Manual,1,0.0,12748.0,United Kingdom,INVALID_OR_ZERO_UNIT_PRICE,2026-09-07T10:19:27.317099
full_historical_baseline,568401,21394,damages,-35,0.0,,United Kingdom,INVALID_OR_ZERO_UNIT_PRICE,2026-09-07T10:19:27.317099
full_historical_baseline,568403,84905,,-3,0.0,,United Kingdom,INVALID_OR_ZERO_UNIT_PRICE,2026-09-07T10:19:27.317099
full_historical_baseline,568404,22497,,-17,0.0,,United Kingdom,INVALID_OR_ZERO_UNIT_PRICE,2026-09-07T10:19:27.317099
full_historical_baseline,568405,22893,,-42,0.0,,United Kingdom,INVALID_OR_ZERO_UNIT_PRICE,2026-09-07T10:19:27.317099
full_historical_baseline,568406,18094C,,-67,0.0,,United Kingdom,INVALID_OR_ZERO_UNIT_PRICE,2026-09-07T10:19:27.317099
full_historical_baseline,568407,84660A,,-8,0.0,,United Kingdom,INVALID_OR_ZERO_UNIT_PRICE,2026-09-07T10:19:27.317099
full_historical_baseline,568442,37327,damages,-131,0.0,,United Kingdom,INVALID_OR_ZERO_UNIT_PRICE,2026-09-07T10:19:27.317099
full_historical_baseline,568543,84920,,-21,0.0,,United Kingdom,INVALID_OR_ZERO_UNIT_PRICE,2026-09-07T10:19:27.317099
full_historical_baseline,568544,84921,,5,0.0,,United Kingdom,INVALID_OR_ZERO_UNIT_PRICE,2026-09-07T10:19:27.317099
full_historical_baseline,568545,22548,,-70,0.0,,United Kingdom,INVALID_OR_ZERO_UNIT_PRICE,2026-09-07T10:19:27.317099
full_historical_baseline,568546,22409,,-20,0.0,,United Kingdom,INVALID_OR_ZERO_UNIT_PRICE,2026-09-07T10:19:27.317099
full_historical_baseline,568548,21830,,240,0.0,,United Kingdom,INVALID_OR_ZERO_UNIT_PRICE,2026-09-07T10:19:27.317099
full_historical_baseline,568567,46000S,POLYESTER FILLER PAD 40x40cm,320,0.0,,United Kingdom,INVALID_OR_ZERO_UNIT_PRICE,2026-09-07T10:19:27.317099
full_historical_baseline,568567,46000M,POLYESTER FILLER PAD 45x45cm,140,0.0,,United Kingdom,INVALID_OR_ZERO_UNIT_PRICE,2026-09-07T10:19:27.317099
full_historical_baseline,568724,84816,damages,-21,0.0,,United Kingdom,INVALID_OR_ZERO_UNIT_PRICE,2026-09-07T10:19:27.317099
full_historical_baseline,568725,79000,,-209,0.0,,United Kingdom,INVALID_OR_ZERO_UNIT_PRICE,2026-09-07T10:19:27.317099
full_historical_baseline,568946,22740,adjustment,89,0.0,,United Kingdom,INVALID_OR_ZERO_UNIT_PRICE,2026-09-07T10:19:27.317099
full_historical_baseline,568948,20984,found,120,0.0,,United Kingdom,INVALID_OR_ZERO_UNIT_PRICE,2026-09-07T10:19:27.317099
full_historical_baseline,569083,23084,,3,0.0,,United Kingdom,INVALID_OR_ZERO_UNIT_PRICE,2026-09-07T10:19:27.317099
full_historical_baseline,569098,21098,damages?,-231,0.0,,United Kingdom,INVALID_OR_ZERO_UNIT_PRICE,2026-09-07T10:19:27.317099
full_historical_baseline,569102,21098,,-129,0.0,,United Kingdom,INVALID_OR_ZERO_UNIT_PRICE,2026-09-07T10:19:27.317099
full_historical_baseline,569121,21244,,-38,0.0,,United Kingdom,INVALID_OR_ZERO_UNIT_PRICE,2026-09-07T10:19:27.317099
full_historical_baseline,569131,22927,damaged,-5,0.0,,United Kingdom,INVALID_OR_ZERO_UNIT_PRICE,2026-09-07T10:19:27.317099
full_historical_baseline,569135,21349,,5,0.0,,United Kingdom,INVALID_OR_ZERO_UNIT_PRICE,2026-09-07T10:19:27.317099
full_historical_baseline,569256,20774,damaged,-14,0.0,,United Kingdom,INVALID_OR_ZERO_UNIT_PRICE,2026-09-07T10:19:27.317099
full_historical_baseline,569335,84660A,damaged,-15,0.0,,United Kingdom,INVALID_OR_ZERO_UNIT_PRICE,2026-09-07T10:19:27.317099
full_historical_baseline,569341,82600,historic computer difference?....se,-458,0.0,,United Kingdom,INVALID_OR_ZERO_UNIT_PRICE,2026-09-07T10:19:27.317099
full_historical_baseline,569347,85086A,,-6,0.0,,United Kingdom,INVALID_OR_ZERO_UNIT_PRICE,2026-09-07T10:19:27.317099
full_historical_baseline,569375,22829,,3,0.0,,United Kingdom,INVALID_OR_ZERO_UNIT_PRICE,2026-09-07T10:19:27.317099
full_historical_baseline,569376,85106,,-9,0.0,,United Kingdom,INVALID_OR_ZERO_UNIT_PRICE,2026-09-07T10:19:27.317099
full_historical_baseline,569377,22784,,-14,0.0,,United Kingdom,INVALID_OR_ZERO_UNIT_PRICE,2026-09-07T10:19:27.317099
full_historical_baseline,569378,72799F,,-5,0.0,,United Kingdom,INVALID_OR_ZERO_UNIT_PRICE,2026-09-07T10:19:27.317099
full_historical_baseline,569379,16015,,-69,0.0,,United Kingdom,INVALID_OR_ZERO_UNIT_PRICE,2026-09-07T10:19:27.317099
full_historical_baseline,569380,21809,,-140,0.0,,United Kingdom,INVALID_OR_ZERO_UNIT_PRICE,2026-09-07T10:19:27.317099
full_historical_baseline,569381,84660A,,15,0.0,,United Kingdom,INVALID_OR_ZERO_UNIT_PRICE,2026-09-07T10:19:27.317099
full_historical_baseline,569391,84625C,,-32,0.0,,United Kingdom,INVALID_OR_ZERO_UNIT_PRICE,2026-09-07T10:19:27.317099
full_historical_baseline,569392,47504K,,-275,0.0,,United Kingdom,INVALID_OR_ZERO_UNIT_PRICE,2026-09-07T10:19:27.317099
full_historical_baseline,569393,23152,,-23,0.0,,United Kingdom,INVALID_OR_ZERO_UNIT_PRICE,2026-09-07T10:19:27.317099
full_historical_baseline,569394,21163,,-70,0.0,,United Kingdom,INVALID_OR_ZERO_UNIT_PRICE,2026-09-07T10:19:27.317099
full_historical_baseline,569458,20984,,58,0.0,,United Kingdom,INVALID_OR_ZERO_UNIT_PRICE,2026-09-07T10:19:27.317099
full_historical_baseline,569463,23268,Lighthouse Trading zero invc incorr,192,0.0,,United Kingdom,INVALID_OR_ZERO_UNIT_PRICE,2026-09-07T10:19:27.317099
full_historical_baseline,569464,23268,Incorrect stock entry.,-1440,0.0,,United Kingdom,INVALID_OR_ZERO_UNIT_PRICE,2026-09-07T10:19:27.317099
full_historical_baseline,569465,23269,incorrect stock entry.,-1440,0.0,,United Kingdom,INVALID_OR_ZERO_UNIT_PRICE,2026-09-07T10:19:27.317099
full_historical_baseline,569466,23270,incorrect stock entry.,-2880,0.0,,United Kingdom,INVALID_OR_ZERO_UNIT_PRICE,2026-09-07T10:19:27.317099
full_historical_baseline,569517,23084,,14,0.0,,United Kingdom,INVALID_OR_ZERO_UNIT_PRICE,2026-09-07T10:19:27.317099
full_historical_baseline,569540,21586,,96,0.0,,United Kingdom,INVALID_OR_ZERO_UNIT_PRICE,2026-09-07T10:19:27.317099
full_historical_baseline,569541,21587,,48,0.0,,United Kingdom,INVALID_OR_ZERO_UNIT_PRICE,2026-09-07T10:19:27.317099
full_historical_baseline,569578,23084,,5,0.0,,United Kingdom,INVALID_OR_ZERO_UNIT_PRICE,2026-09-07T10:19:27.317099
full_historical_baseline,569657,84944,michel oops,22,0.0,,United Kingdom,INVALID_OR_ZERO_UNIT_PRICE,2026-09-07T10:19:27.317099
full_historical_baseline,569681,84944,,25,0.0,,United Kingdom,INVALID_OR_ZERO_UNIT_PRICE,2026-09-07T10:19:27.317099
full_historical_baseline,569716,22778,GLASS CLOCHE SMALL,2,0.0,15804.0,United Kingdom,INVALID_OR_ZERO_UNIT_PRICE,2026-09-07T10:19:27.317099
full_historical_baseline,569817,21870,,-26,0.0,,United Kingdom,INVALID_OR_ZERO_UNIT_PRICE,2026-09-07T10:19:27.317099
full_historical_baseline,569830,23343,wrongly coded 20713,800,0.0,,United Kingdom,INVALID_OR_ZERO_UNIT_PRICE,2026-09-07T10:19:27.317099
full_historical_baseline,569831,20713,wrongly coded-23343,-800,0.0,,United Kingdom,INVALID_OR_ZERO_UNIT_PRICE,2026-09-07T10:19:27.317099
full_historical_baseline,569854,35954,counted,-430,0.0,,United Kingdom,INVALID_OR_ZERO_UNIT_PRICE,2026-09-07T10:19:27.317099
full_historical_baseline,569855,23412,?,-30,0.0,,United Kingdom,INVALID_OR_ZERO_UNIT_PRICE,2026-09-07T10:19:27.317099
full_historical_baseline,569874,90180A,stock check,-32,0.0,,United Kingdom,INVALID_OR_ZERO_UNIT_PRICE,2026-09-07T10:19:27.317099
full_historical_baseline,569875,90195A,check,-45,0.0,,United Kingdom,INVALID_OR_ZERO_UNIT_PRICE,2026-09-07T10:19:27.317099
full_historical_baseline,569876,90210D,check,-28,0.0,,United Kingdom,INVALID_OR_ZERO_UNIT_PRICE,2026-09-07T10:19:27.317099
full_historical_baseline,569877,90210C,,-10,0.0,,United Kingdom,INVALID_OR_ZERO_UNIT_PRICE,2026-09-07T10:19:27.317099
full_historical_baseline,569878,90057,crushed boxes,-380,0.0,,United Kingdom,INVALID_OR_ZERO_UNIT_PRICE,2026-09-07T10:19:27.317099
full_historical_baseline,569879,90012B,check,-5,0.0,,United Kingdom,INVALID_OR_ZERO_UNIT_PRICE,2026-09-07T10:19:27.317099
full_historical_baseline,569880,90012A,stock check,-18,0.0,,United Kingdom,INVALID_OR_ZERO_UNIT_PRICE,2026-09-07T10:19:27.317099
full_historical_baseline,569881,90014C,,-8,0.0,,United Kingdom,INVALID_OR_ZERO_UNIT_PRICE,2026-09-07T10:19:27.317099
full_historical_baseline,569882,90014B,,-1,0.0,,United Kingdom,INVALID_OR_ZERO_UNIT_PRICE,2026-09-07T10:19:27.317099
full_historical_baseline,569883,90014A,check,-12,0.0,,United Kingdom,INVALID_OR_ZERO_UNIT_PRICE,2026-09-07T10:19:27.317099
full_historical_baseline,569884,90164B,,-14,0.0,,United Kingdom,INVALID_OR_ZERO_UNIT_PRICE,2026-09-07T10:19:27.317099
full_historical_baseline,569885,90164A,,-15,0.0,,United Kingdom,INVALID_OR_ZERO_UNIT_PRICE,2026-09-07T10:19:27.317099
full_historical_baseline,569886,90191,??,-60,0.0,,United Kingdom,INVALID_OR_ZERO_UNIT_PRICE,2026-09-07T10:19:27.317099
full_historical_baseline,569895,23348,,420,0.0,,United Kingdom,INVALID_OR_ZERO_UNIT_PRICE,2026-09-07T10:19:27.317099
full_historical_baseline,569924,22837,,9,0.0,,United Kingdom,INVALID_OR_ZERO_UNIT_PRICE,2026-09-07T10:19:27.317099
full_historical_baseline,569925,21067,,6,0.0,,United Kingdom,INVALID_OR_ZERO_UNIT_PRICE,2026-09-07T10:19:27.317099
full_historical_baseline,569926,35815P,,6,0.0,,United Kingdom,INVALID_OR_ZERO_UNIT_PRICE,2026-09-07T10:19:27.317099
full_historical_baseline,569927,22171,,9,0.0,,United Kingdom,INVALID_OR_ZERO_UNIT_PRICE,2026-09-07T10:19:27.317099
full_historical_baseline,569928,22062,,16,0.0,,United Kingdom,INVALID_OR_ZERO_UNIT_PRICE,2026-09-07T10:19:27.317099
full_historical_baseline,569929,22084,,2,0.0,,United Kingdom,INVALID_OR_ZERO_UNIT_PRICE,2026-09-07T10:19:27.317099
full_historical_baseline,569930,35914,,2,0.0,,United Kingdom,INVALID_OR_ZERO_UNIT_PRICE,2026-09-07T10:19:27.317099
full_historical_baseline,569931,37370,,18,0.0,,United Kingdom,INVALID_OR_ZERO_UNIT_PRICE,2026-09-07T10:19:27.317099
full_historical_baseline,569933,84849D,,101,0.0,,United Kingdom,INVALID_OR_ZERO_UNIT_PRICE,2026-09-07T10:19:27.317099
full_historical_baseline,569934,85049D,,1,0.0,,United Kingdom,INVALID_OR_ZERO_UNIT_PRICE,2026-09-07T10:19:27.317099
full_historical_baseline,569935,90209B,,1,0.0,,United Kingdom,INVALID_OR_ZERO_UNIT_PRICE,2026-09-07T10:19:27.317099
full_historical_baseline,569937,90209C,,1,0.0,,United Kingdom,INVALID_OR_ZERO_UNIT_PRICE,2026-09-07T10:19:27.317099
full_historical_baseline,569947,22062,,20,0.0,,United Kingdom,INVALID_OR_ZERO_UNIT_PRICE,2026-09-07T10:19:27.317099
full_historical_baseline,570013,21395,,-38,0.0,,United Kingdom,INVALID_OR_ZERO_UNIT_PRICE,2026-09-07T10:19:27.317099
full_historical_baseline,570015,21394,,42,0.0,,United Kingdom,INVALID_OR_ZERO_UNIT_PRICE,2026-09-07T10:19:27.317099
full_historical_baseline,570065,22688,,2,0.0,,United Kingdom,INVALID_OR_ZERO_UNIT_PRICE,2026-09-07T10:19:27.317099
full_historical_baseline,570110,22570,?,-74,0.0,,United Kingdom,INVALID_OR_ZERO_UNIT_PRICE,2026-09-07T10:19:27.317099
full_historical_baseline,570112,22569,?,-84,0.0,,United Kingdom,INVALID_OR_ZERO_UNIT_PRICE,2026-09-07T10:19:27.317099
full_historical_baseline,570120,22570,,6,0.0,,United Kingdom,INVALID_OR_ZERO_UNIT_PRICE,2026-09-07T10:19:27.317099
full_historical_baseline,570185,21090,WET/MOULDY,-192,0.0,,United Kingdom,INVALID_OR_ZERO_UNIT_PRICE,2026-09-07T10:19:27.317099
full_historical_baseline,570193,22449,can't find,-125,0.0,,United Kingdom,INVALID_OR_ZERO_UNIT_PRICE,2026-09-07T10:19:27.317099
full_historical_baseline,570198,47504K,,72,0.0,,United Kingdom,INVALID_OR_ZERO_UNIT_PRICE,2026-09-07T10:19:27.317099
full_historical_baseline,570259,22336,,-114,0.0,,United Kingdom,INVALID_OR_ZERO_UNIT_PRICE,2026-09-07T10:19:27.317099
full_historical_baseline,570260,35933,,-34,0.0,,United Kingdom,INVALID_OR_ZERO_UNIT_PRICE,2026-09-07T10:19:27.317099
full_historical_baseline,570261,35933,,10,0.0,,United Kingdom,INVALID_OR_ZERO_UNIT_PRICE,2026-09-07T10:19:27.317099
full_historical_baseline,570262,35954,,-80,0.0,,United Kingdom,INVALID_OR_ZERO_UNIT_PRICE,2026-09-07T10:19:27.317099
full_historical_baseline,570263,23412,,2,0.0,,United Kingdom,INVALID_OR_ZERO_UNIT_PRICE,2026-09-07T10:19:27.317099
full_historical_baseline,570264,21288,,-22,0.0,,United Kingdom,INVALID_OR_ZERO_UNIT_PRICE,2026-09-07T10:19:27.317099
full_historical_baseline,570294,84249A,damaged,-25,0.0,,United Kingdom,INVALID_OR_ZERO_UNIT_PRICE,2026-09-07T10:19:27.317099
full_historical_baseline,570403,47574A,check,-61,0.0,,United Kingdom,INVALID_OR_ZERO_UNIT_PRICE,2026-09-07T10:19:27.317099
full_historical_baseline,570440,21424,damages,-40,0.0,,United Kingdom,INVALID_OR_ZERO_UNIT_PRICE,2026-09-07T10:19:27.317099
full_historical_baseline,570451,37467,,15,0.0,,United Kingdom,INVALID_OR_ZERO_UNIT_PRICE,2026-09-07T10:19:27.317099
full_historical_baseline,570518,23268,,4,0.0,,United Kingdom,INVALID_OR_ZERO_UNIT_PRICE,2026-09-07T10:19:27.317099
full_historical_baseline,570519,21244,,5,0.0,,United Kingdom,INVALID_OR_ZERO_UNIT_PRICE,2026-09-07T10:19:27.317099
full_historical_baseline,570520,23412,,2,0.0,,United Kingdom,INVALID_OR_ZERO_UNIT_PRICE,2026-09-07T10:19:27.317099
full_historical_baseline,570595,21823,check,-94,0.0,,United Kingdom,INVALID_OR_ZERO_UNIT_PRICE,2026-09-07T10:19:27.317099
full_historical_baseline,570596,21803,check,-38,0.0,,United Kingdom,INVALID_OR_ZERO_UNIT_PRICE,2026-09-07T10:19:27.317099
full_historical_baseline,570599,84596G,??,-365,0.0,,United Kingdom,INVALID_OR_ZERO_UNIT_PRICE,2026-09-07T10:19:27.317099
full_historical_baseline,570645,84247E,,24,0.0,,United Kingdom,INVALID_OR_ZERO_UNIT_PRICE,2026-09-07T10:19:27.317099
full_historical_baseline,570691,85231G,check,-110,0.0,,United Kingdom,INVALID_OR_ZERO_UNIT_PRICE,2026-09-07T10:19:27.317099
full_historical_baseline,570709,21098,,19,0.0,,United Kingdom,INVALID_OR_ZERO_UNIT_PRICE,2026-09-07T10:19:27.317099
full_historical_baseline,570710,21918,,10,0.0,,United Kingdom,INVALID_OR_ZERO_UNIT_PRICE,2026-09-07T10:19:27.317099
full_historical_baseline,570711,21622,damages,-45,0.0,,United Kingdom,INVALID_OR_ZERO_UNIT_PRICE,2026-09-07T10:19:27.317099
full_historical_baseline,570712,22121,?,-90,0.0,,United Kingdom,INVALID_OR_ZERO_UNIT_PRICE,2026-09-07T10:19:27.317099
full_historical_baseline,570822,22501,Found,24,0.0,,United Kingdom,INVALID_OR_ZERO_UNIT_PRICE,2026-09-07T10:19:27.317099
full_historical_baseline,570860,16168M,found,44,0.0,,United Kingdom,INVALID_OR_ZERO_UNIT_PRICE,2026-09-07T10:19:27.317099
full_historical_baseline,570868,21311,,96,0.0,,United Kingdom,INVALID_OR_ZERO_UNIT_PRICE,2026-09-07T10:19:27.317099
full_historical_baseline,570869,79164,,36,0.0,,United Kingdom,INVALID_OR_ZERO_UNIT_PRICE,2026-09-07T10:19:27.317099
full_historical_baseline,570873,23322,mouldy,-40,0.0,,United Kingdom,INVALID_OR_ZERO_UNIT_PRICE,2026-09-07T10:19:27.317099
full_historical_baseline,570874,23020,smashed,-4,0.0,,United Kingdom,INVALID_OR_ZERO_UNIT_PRICE,2026-09-07T10:19:27.317099
full_historical_baseline,571010,22848,,-16,0.0,,United Kingdom,INVALID_OR_ZERO_UNIT_PRICE,2026-09-07T10:19:27.317099
full_historical_baseline,571011,21078,,-207,0.0,,United Kingdom,INVALID_OR_ZERO_UNIT_PRICE,2026-09-07T10:19:27.317099
full_historical_baseline,571012,21402,,-147,0.0,,United Kingdom,INVALID_OR_ZERO_UNIT_PRICE,2026-09-07T10:19:27.317099
full_historical_baseline,571013,23306,,-104,0.0,,United Kingdom,INVALID_OR_ZERO_UNIT_PRICE,2026-09-07T10:19:27.317099
full_historical_baseline,571016,84596G,,288,0.0,,United Kingdom,INVALID_OR_ZERO_UNIT_PRICE,2026-09-07T10:19:27.317099
full_historical_baseline,571024,22812,?,-270,0.0,,United Kingdom,INVALID_OR_ZERO_UNIT_PRICE,2026-09-07T10:19:27.317099
full_historical_baseline,571027,72816,,-36,0.0,,United Kingdom,INVALID_OR_ZERO_UNIT_PRICE,2026-09-07T10:19:27.317099
full_historical_baseline,571035,M,Manual,1,0.0,12446.0,RSA,INVALID_OR_ZERO_UNIT_PRICE,2026-09-07T10:19:27.317099
full_historical_baseline,571037,20669,,-25,0.0,,United Kingdom,INVALID_OR_ZERO_UNIT_PRICE,2026-09-07T10:19:27.317099
full_historical_baseline,571042,23306,,48,0.0,,United Kingdom,INVALID_OR_ZERO_UNIT_PRICE,2026-09-07T10:19:27.317099
full_historical_baseline,571112,22637,damages,-65,0.0,,United Kingdom,INVALID_OR_ZERO_UNIT_PRICE,2026-09-07T10:19:27.317099
full_historical_baseline,571113,21407,,-19,0.0,,United Kingdom,INVALID_OR_ZERO_UNIT_PRICE,2026-09-07T10:19:27.317099
full_historical_baseline,571114,23159,,-99,0.0,,United Kingdom,INVALID_OR_ZERO_UNIT_PRICE,2026-09-07T10:19:27.317099
full_historical_baseline,571115,82567,,-73,0.0,,United Kingdom,INVALID_OR_ZERO_UNIT_PRICE,2026-09-07T10:19:27.317099
full_historical_baseline,571116,23131,?,-49,0.0,,United Kingdom,INVALID_OR_ZERO_UNIT_PRICE,2026-09-07T10:19:27.317099
full_historical_baseline,571124,72802A,Wet pallet-thrown away,-306,0.0,,United Kingdom,INVALID_OR_ZERO_UNIT_PRICE,2026-09-07T10:19:27.317099
full_historical_baseline,571126,72802A,?,-50,0.0,,United Kingdom,INVALID_OR_ZERO_UNIT_PRICE,2026-09-07T10:19:27.317099
full_historical_baseline,571128,72802A,Had been put aside.,54,0.0,,United Kingdom,INVALID_OR_ZERO_UNIT_PRICE,2026-09-07T10:19:27.317099
full_historical_baseline,571130,72802C,check,-37,0.0,,United Kingdom,INVALID_OR_ZERO_UNIT_PRICE,2026-09-07T10:19:27.317099
full_historical_baseline,571131,72802B,check,-51,0.0,,United Kingdom,INVALID_OR_ZERO_UNIT_PRICE,2026-09-07T10:19:27.317099
full_historical_baseline,571198,21190,,48,0.0,,United Kingdom,INVALID_OR_ZERO_UNIT_PRICE,2026-09-07T10:19:27.317099
full_historical_baseline,571249,23084,,6,0.0,,United Kingdom,INVALID_OR_ZERO_UNIT_PRICE,2026-09-07T10:19:27.317099
full_historical_baseline,571254,23427,damaged,-2,0.0,,United Kingdom,INVALID_OR_ZERO_UNIT_PRICE,2026-09-07T10:19:27.317099
full_historical_baseline,571458,21761,damaged,-2,0.0,,United Kingdom,INVALID_OR_ZERO_UNIT_PRICE,2026-09-07T10:19:27.317099
full_historical_baseline,571459,20839,damages,-80,0.0,,United Kingdom,INVALID_OR_ZERO_UNIT_PRICE,2026-09-07T10:19:27.317099
full_historical_baseline,571460,46775D,,6,0.0,,United Kingdom,INVALID_OR_ZERO_UNIT_PRICE,2026-09-07T10:19:27.317099
full_historical_baseline,571633,20713,found,100,0.0,,United Kingdom,INVALID_OR_ZERO_UNIT_PRICE,2026-09-07T10:19:27.317099
full_historical_baseline,571674,23702,,100,0.0,,United Kingdom,INVALID_OR_ZERO_UNIT_PRICE,2026-09-07T10:19:27.317099
full_historical_baseline,571686,22149,damages,-40,0.0,,United Kingdom,INVALID_OR_ZERO_UNIT_PRICE,2026-09-07T10:19:27.317099
full_historical_baseline,571687,22149,check,-46,0.0,,United Kingdom,INVALID_OR_ZERO_UNIT_PRICE,2026-09-07T10:19:27.317099
full_historical_baseline,571688,22149,,46,0.0,,United Kingdom,INVALID_OR_ZERO_UNIT_PRICE,2026-09-07T10:19:27.317099
full_historical_baseline,571689,85135B,,-27,0.0,,United Kingdom,INVALID_OR_ZERO_UNIT_PRICE,2026-09-07T10:19:27.317099
full_historical_baseline,571704,23579,Sale error,4,0.0,,United Kingdom,INVALID_OR_ZERO_UNIT_PRICE,2026-09-07T10:19:27.317099
full_historical_baseline,571718,21801,,5,0.0,,United Kingdom,INVALID_OR_ZERO_UNIT_PRICE,2026-09-07T10:19:27.317099
full_historical_baseline,571719,22729,,7,0.0,,United Kingdom,INVALID_OR_ZERO_UNIT_PRICE,2026-09-07T10:19:27.317099
full_historical_baseline,571720,85211,,3,0.0,,United Kingdom,INVALID_OR_ZERO_UNIT_PRICE,2026-09-07T10:19:27.317099
full_historical_baseline,571721,21738,,2,0.0,,United Kingdom,INVALID_OR_ZERO_UNIT_PRICE,2026-09-07T10:19:27.317099
full_historical_baseline,571722,22062,,1,0.0,,United Kingdom,INVALID_OR_ZERO_UNIT_PRICE,2026-09-07T10:19:27.317099
full_historical_baseline,571723,85211,,-1,0.0,,United Kingdom,INVALID_OR_ZERO_UNIT_PRICE,2026-09-07T10:19:27.317099
full_historical_baseline,571731,21911,,1,0.0,,United Kingdom,INVALID_OR_ZERO_UNIT_PRICE,2026-09-07T10:19:27.317099
full_historical_baseline,571915,21627,check,-32,0.0,,United Kingdom,INVALID_OR_ZERO_UNIT_PRICE,2026-09-07T10:19:27.317099
full_historical_baseline,572239,84247E,,1,0.0,,United Kingdom,INVALID_OR_ZERO_UNIT_PRICE,2026-09-07T10:19:27.317099
full_historical_baseline,572341,85036A,,-82,0.0,,United Kingdom,INVALID_OR_ZERO_UNIT_PRICE,2026-09-07T10:19:27.317099
full_historical_baseline,572345,20713,Found,100,0.0,,United Kingdom,INVALID_OR_ZERO_UNIT_PRICE,2026-09-07T10:19:27.317099
full_historical_baseline,572468,72803A,damages,-160,0.0,,United Kingdom,INVALID_OR_ZERO_UNIT_PRICE,2026-09-07T10:19:27.317099
full_historical_baseline,572476,20665,dotcom,21,0.0,,United Kingdom,INVALID_OR_ZERO_UNIT_PRICE,2026-09-07T10:19:27.317099
full_historical_baseline,572477,20665,adjustment,-15,0.0,,United Kingdom,INVALID_OR_ZERO_UNIT_PRICE,2026-09-07T10:19:27.317099
full_historical_baseline,572480,22049,damaged,-100,0.0,,United Kingdom,INVALID_OR_ZERO_UNIT_PRICE,2026-09-07T10:19:27.317099
full_historical_baseline,572510,20967,Amazon Adjustment,1,0.0,,United Kingdom,INVALID_OR_ZERO_UNIT_PRICE,2026-09-07T10:19:27.317099
full_historical_baseline,572514,20774,,-4,0.0,,United Kingdom,INVALID_OR_ZERO_UNIT_PRICE,2026-09-07T10:19:27.317099
full_historical_baseline,572516,22336,damaged,-71,0.0,,United Kingdom,INVALID_OR_ZERO_UNIT_PRICE,2026-09-07T10:19:27.317099
full_historical_baseline,572527,20984,damaged,-46,0.0,,United Kingdom,INVALID_OR_ZERO_UNIT_PRICE,2026-09-07T10:19:27.317099
full_historical_baseline,572533,84877D,,-1,0.0,,United Kingdom,INVALID_OR_ZERO_UNIT_PRICE,2026-09-07T10:19:27.317099
full_historical_baseline,572534,35597D,,-2,0.0,,United Kingdom,INVALID_OR_ZERO_UNIT_PRICE,2026-09-07T10:19:27.317099
full_historical_baseline,572536,21294,,-8,0.0,,United Kingdom,INVALID_OR_ZERO_UNIT_PRICE,2026-09-07T10:19:27.317099
full_historical_baseline,572537,37327,,2,0.0,,United Kingdom,INVALID_OR_ZERO_UNIT_PRICE,2026-09-07T10:19:27.317099
full_historical_baseline,572539,79030D,,13,0.0,,United Kingdom,INVALID_OR_ZERO_UNIT_PRICE,2026-09-07T10:19:27.317099
full_historical_baseline,572543,22570,,-32,0.0,,United Kingdom,INVALID_OR_ZERO_UNIT_PRICE,2026-09-07T10:19:27.317099
full_historical_baseline,572547,20713,wrongly marked 23343,200,0.0,,United Kingdom,INVALID_OR_ZERO_UNIT_PRICE,2026-09-07T10:19:27.317099
full_historical_baseline,572548,23343,20713 wrongly marked,-200,0.0,,United Kingdom,INVALID_OR_ZERO_UNIT_PRICE,2026-09-07T10:19:27.317099
full_historical_baseline,572557,22427,damages,-29,0.0,,United Kingdom,INVALID_OR_ZERO_UNIT_PRICE,2026-09-07T10:19:27.317099
full_historical_baseline,572564,40016,,-108,0.0,,United Kingdom,INVALID_OR_ZERO_UNIT_PRICE,2026-09-07T10:19:27.317099
full_historical_baseline,572614,23595,adjustment,5,0.0,,United Kingdom,INVALID_OR_ZERO_UNIT_PRICE,2026-09-07T10:19:27.317099
full_historical_baseline,572615,23595,re-adjustment,-5,0.0,,United Kingdom,INVALID_OR_ZERO_UNIT_PRICE,2026-09-07T10:19:27.317099
full_historical_baseline,572684,23029,damages,-20,0.0,,United Kingdom,INVALID_OR_ZERO_UNIT_PRICE,2026-09-07T10:19:27.317099
full_historical_baseline,572685,23032,damages,-60,0.0,,United Kingdom,INVALID_OR_ZERO_UNIT_PRICE,2026-09-07T10:19:27.317099
full_historical_baseline,572686,23118,Breakages,-30,0.0,,United Kingdom,INVALID_OR_ZERO_UNIT_PRICE,2026-09-07T10:19:27.317099
full_historical_baseline,572687,20840,damages,-30,0.0,,United Kingdom,INVALID_OR_ZERO_UNIT_PRICE,2026-09-07T10:19:27.317099
full_historical_baseline,572689,84969,check,-50,0.0,,United Kingdom,INVALID_OR_ZERO_UNIT_PRICE,2026-09-07T10:19:27.317099
full_historical_baseline,572690,21539,damages?,-111,0.0,,United Kingdom,INVALID_OR_ZERO_UNIT_PRICE,2026-09-07T10:19:27.317099
full_historical_baseline,572691,22426,check,-15,0.0,,United Kingdom,INVALID_OR_ZERO_UNIT_PRICE,2026-09-07T10:19:27.317099
full_historical_baseline,572692,21071,check,-82,0.0,,United Kingdom,INVALID_OR_ZERO_UNIT_PRICE,2026-09-07T10:19:27.317099
full_historical_baseline,572693,35810A,check,-78,0.0,,United Kingdom,INVALID_OR_ZERO_UNIT_PRICE,2026-09-07T10:19:27.317099
full_historical_baseline,572694,35810B,,12,0.0,,United Kingdom,INVALID_OR_ZERO_UNIT_PRICE,2026-09-07T10:19:27.317099
full_historical_baseline,572697,22087,Amazon,6,0.0,,United Kingdom,INVALID_OR_ZERO_UNIT_PRICE,2026-09-07T10:19:27.317099
full_historical_baseline,572698,82613A,Amazon,1,0.0,,United Kingdom,INVALID_OR_ZERO_UNIT_PRICE,2026-09-07T10:19:27.317099
full_historical_baseline,572699,72818,,-48,0.0,,United Kingdom,INVALID_OR_ZERO_UNIT_PRICE,2026-09-07T10:19:27.317099
full_historical_baseline,572700,72818,,1,0.0,,United Kingdom,INVALID_OR_ZERO_UNIT_PRICE,2026-09-07T10:19:27.317099
full_historical_baseline,572701,85078,missing,-840,0.0,,United Kingdom,INVALID_OR_ZERO_UNIT_PRICE,2026-09-07T10:19:27.317099
full_historical_baseline,572702,37479P,??,-184,0.0,,United Kingdom,INVALID_OR_ZERO_UNIT_PRICE,2026-09-07T10:19:27.317099
full_historical_baseline,572716,22829,,2,0.0,,United Kingdom,INVALID_OR_ZERO_UNIT_PRICE,2026-09-07T10:19:27.317099
full_historical_baseline,572723,21829,adjustment,12,0.0,,United Kingdom,INVALID_OR_ZERO_UNIT_PRICE,2026-09-07T10:19:27.317099
full_historical_baseline,572724,84507C,adjustment,4,0.0,,United Kingdom,INVALID_OR_ZERO_UNIT_PRICE,2026-09-07T10:19:27.317099
full_historical_baseline,572725,20754,Found,57,0.0,,United Kingdom,INVALID_OR_ZERO_UNIT_PRICE,2026-09-07T10:19:27.317099
full_historical_baseline,572731,35914,,2,0.0,,United Kingdom,INVALID_OR_ZERO_UNIT_PRICE,2026-09-07T10:19:27.317099
full_historical_baseline,572739,21578,found,16,0.0,,United Kingdom,INVALID_OR_ZERO_UNIT_PRICE,2026-09-07T10:19:27.317099
full_historical_baseline,572740,22687,adjustment,1,0.0,,United Kingdom,INVALID_OR_ZERO_UNIT_PRICE,2026-09-07T10:19:27.317099
full_historical_baseline,572748,21824,check,-103,0.0,,United Kingdom,INVALID_OR_ZERO_UNIT_PRICE,2026-09-07T10:19:27.317099
full_historical_baseline,572749,22572,??,-335,0.0,,United Kingdom,INVALID_OR_ZERO_UNIT_PRICE,2026-09-07T10:19:27.317099
full_historical_baseline,572759,37468,,-2,0.0,,United Kingdom,INVALID_OR_ZERO_UNIT_PRICE,2026-09-07T10:19:27.317099
full_historical_baseline,572890,20713,Marked as 23343,400,0.0,,United Kingdom,INVALID_OR_ZERO_UNIT_PRICE,2026-09-07T10:19:27.317099
full_historical_baseline,572891,23343,20713,-400,0.0,,United Kingdom,INVALID_OR_ZERO_UNIT_PRICE,2026-09-07T10:19:27.317099
full_historical_baseline,572893,21208,PASTEL COLOUR HONEYCOMB FAN,5,0.0,18059.0,United Kingdom,INVALID_OR_ZERO_UNIT_PRICE,2026-09-07T10:19:27.317099
full_historical_baseline,572898,22180,,-15,0.0,,United Kingdom,INVALID_OR_ZERO_UNIT_PRICE,2026-09-07T10:19:27.317099
full_historical_baseline,572919,72802C,check,-17,0.0,,United Kingdom,INVALID_OR_ZERO_UNIT_PRICE,2026-09-07T10:19:27.317099
full_historical_baseline,572920,72803A,?,117,0.0,,United Kingdom,INVALID_OR_ZERO_UNIT_PRICE,2026-09-07T10:19:27.317099
full_historical_baseline,572996,23462,damages,-34,0.0,,United Kingdom,INVALID_OR_ZERO_UNIT_PRICE,2026-09-07T10:19:27.317099
full_historical_baseline,573107,21794,adjustment,10,0.0,,United Kingdom,INVALID_OR_ZERO_UNIT_PRICE,2026-09-07T10:19:27.317099
full_historical_baseline,573114,20713,wrongly coded 23343,1000,0.0,,United Kingdom,INVALID_OR_ZERO_UNIT_PRICE,2026-09-07T10:19:27.317099
full_historical_baseline,573115,23343,wrongly coded 20713,-1000,0.0,,United Kingdom,INVALID_OR_ZERO_UNIT_PRICE,2026-09-07T10:19:27.317099
full_historical_baseline,573118,85032D,damaged,-1,0.0,,United Kingdom,INVALID_OR_ZERO_UNIT_PRICE,2026-09-07T10:19:27.317099
full_historical_baseline,573120,72816,,-1,0.0,,United Kingdom,INVALID_OR_ZERO_UNIT_PRICE,2026-09-07T10:19:27.317099
full_historical_baseline,573169,35600A,Found by jackie,1,0.0,,United Kingdom,INVALID_OR_ZERO_UNIT_PRICE,2026-09-07T10:19:27.317099
full_historical_baseline,573170,21174,found,71,0.0,,United Kingdom,INVALID_OR_ZERO_UNIT_PRICE,2026-09-07T10:19:27.317099
full_historical_baseline,573254,85135C,Damages,-49,0.0,,United Kingdom,INVALID_OR_ZERO_UNIT_PRICE,2026-09-07T10:19:27.317099
full_historical_baseline,573255,85135B,check,3,0.0,,United Kingdom,INVALID_OR_ZERO_UNIT_PRICE,2026-09-07T10:19:27.317099
full_historical_baseline,573256,85135A,,12,0.0,,United Kingdom,INVALID_OR_ZERO_UNIT_PRICE,2026-09-07T10:19:27.317099
full_historical_baseline,573258,85136C,damages,-36,0.0,,United Kingdom,INVALID_OR_ZERO_UNIT_PRICE,2026-09-07T10:19:27.317099
full_historical_baseline,573259,85136A,damages,-77,0.0,,United Kingdom,INVALID_OR_ZERO_UNIT_PRICE,2026-09-07T10:19:27.317099
full_historical_baseline,573293,21181,adjustment,10,0.0,,United Kingdom,INVALID_OR_ZERO_UNIT_PRICE,2026-09-07T10:19:27.317099
full_historical_baseline,573317,21804,,-84,0.0,,United Kingdom,INVALID_OR_ZERO_UNIT_PRICE,2026-09-07T10:19:27.317099
full_historical_baseline,573318,84944,,-47,0.0,,United Kingdom,INVALID_OR_ZERO_UNIT_PRICE,2026-09-07T10:19:27.317099
full_historical_baseline,573463,17012B,check,-70,0.0,,United Kingdom,INVALID_OR_ZERO_UNIT_PRICE,2026-09-07T10:19:27.317099
full_historical_baseline,573482,21181,check,-54,0.0,,United Kingdom,INVALID_OR_ZERO_UNIT_PRICE,2026-09-07T10:19:27.317099
full_historical_baseline,573487,23400,check,-19,0.0,,United Kingdom,INVALID_OR_ZERO_UNIT_PRICE,2026-09-07T10:19:27.317099
full_historical_baseline,573488,23400,,1,0.0,,United Kingdom,INVALID_OR_ZERO_UNIT_PRICE,2026-09-07T10:19:27.317099
full_historical_baseline,573489,85035B,check,-36,0.0,,United Kingdom,INVALID_OR_ZERO_UNIT_PRICE,2026-09-07T10:19:27.317099
full_historical_baseline,573490,85035A,CHECK,-59,0.0,,United Kingdom,INVALID_OR_ZERO_UNIT_PRICE,2026-09-07T10:19:27.317099
full_historical_baseline,573491,21618,CHECK,-54,0.0,,United Kingdom,INVALID_OR_ZERO_UNIT_PRICE,2026-09-07T10:19:27.317099
full_historical_baseline,573493,21619,check,-94,0.0,,United Kingdom,INVALID_OR_ZERO_UNIT_PRICE,2026-09-07T10:19:27.317099
full_historical_baseline,573494,47503H,check,-24,0.0,,United Kingdom,INVALID_OR_ZERO_UNIT_PRICE,2026-09-07T10:19:27.317099
full_historical_baseline,573495,22117,check,184,0.0,,United Kingdom,INVALID_OR_ZERO_UNIT_PRICE,2026-09-07T10:19:27.317099
full_historical_baseline,573497,21642,check,-138,0.0,,United Kingdom,INVALID_OR_ZERO_UNIT_PRICE,2026-09-07T10:19:27.317099
full_historical_baseline,573498,21636,check,-22,0.0,,United Kingdom,INVALID_OR_ZERO_UNIT_PRICE,2026-09-07T10:19:27.317099
full_historical_baseline,573499,21192,check,-164,0.0,,United Kingdom,INVALID_OR_ZERO_UNIT_PRICE,2026-09-07T10:19:27.317099
full_historical_baseline,573503,22595,check,-80,0.0,,United Kingdom,INVALID_OR_ZERO_UNIT_PRICE,2026-09-07T10:19:27.317099
full_historical_baseline,573505,85208,check,-22,0.0,,United Kingdom,INVALID_OR_ZERO_UNIT_PRICE,2026-09-07T10:19:27.317099
full_historical_baseline,573547,84818,damages,-70,0.0,,United Kingdom,INVALID_OR_ZERO_UNIT_PRICE,2026-09-07T10:19:27.317099
full_historical_baseline,573590,79323G,"Unsaleable, destroyed.",-657,0.0,,United Kingdom,INVALID_OR_ZERO_UNIT_PRICE,2026-09-07T10:19:27.317099
full_historical_baseline,573591,79323B,"Unsaleable, destroyed.",-1671,0.0,,United Kingdom,INVALID_OR_ZERO_UNIT_PRICE,2026-09-07T10:19:27.317099
full_historical_baseline,573592,79323GR,"Unsaleable, destroyed.",-1158,0.0,,United Kingdom,INVALID_OR_ZERO_UNIT_PRICE,2026-09-07T10:19:27.317099
full_historical_baseline,573593,79323LP,"Unsaleable, destroyed.",-2618,0.0,,United Kingdom,INVALID_OR_ZERO_UNIT_PRICE,2026-09-07T10:19:27.317099
full_historical_baseline,573594,79323P,"Unsaleable, destroyed.",-2003,0.0,,United Kingdom,INVALID_OR_ZERO_UNIT_PRICE,2026-09-07T10:19:27.317099
full_historical_baseline,573595,79323S,"Unsaleable, destroyed.",-674,0.0,,United Kingdom,INVALID_OR_ZERO_UNIT_PRICE,2026-09-07T10:19:27.317099
full_historical_baseline,573596,79323W,"Unsaleable, destroyed.",-4830,0.0,,United Kingdom,INVALID_OR_ZERO_UNIT_PRICE,2026-09-07T10:19:27.317099
full_historical_baseline,573597,79341,"Unsaleable, destroyed.",-905,0.0,,United Kingdom,INVALID_OR_ZERO_UNIT_PRICE,2026-09-07T10:19:27.317099
full_historical_baseline,573598,79342B,"Unsaleable, destroyed.",-1128,0.0,,United Kingdom,INVALID_OR_ZERO_UNIT_PRICE,2026-09-07T10:19:27.317099
full_historical_baseline,573664,21192,wrongly marked,48,0.0,,United Kingdom,INVALID_OR_ZERO_UNIT_PRICE,2026-09-07T10:19:27.317099
full_historical_baseline,573670,22176,check,-28,0.0,,United Kingdom,INVALID_OR_ZERO_UNIT_PRICE,2026-09-07T10:19:27.317099
full_historical_baseline,573672,22522,check,-126,0.0,,United Kingdom,INVALID_OR_ZERO_UNIT_PRICE,2026-09-07T10:19:27.317099
full_historical_baseline,573726,72817,check,-67,0.0,,United Kingdom,INVALID_OR_ZERO_UNIT_PRICE,2026-09-07T10:19:27.317099
full_historical_baseline,573734,72818,check,-26,0.0,,United Kingdom,INVALID_OR_ZERO_UNIT_PRICE,2026-09-07T10:19:27.317099
full_historical_baseline,573751,46000U,check,10,0.0,,United Kingdom,INVALID_OR_ZERO_UNIT_PRICE,2026-09-07T10:19:27.317099
full_historical_baseline,573752,46000S,dotcom sales,-90,0.0,,United Kingdom,INVALID_OR_ZERO_UNIT_PRICE,2026-09-07T10:19:27.317099
full_historical_baseline,573815,20902,check,-3,0.0,,United Kingdom,INVALID_OR_ZERO_UNIT_PRICE,2026-09-07T10:19:27.317099
full_historical_baseline,573816,20898,check,-10,0.0,,United Kingdom,INVALID_OR_ZERO_UNIT_PRICE,2026-09-07T10:19:27.317099
full_historical_baseline,573880,22812,check,48,0.0,,United Kingdom,INVALID_OR_ZERO_UNIT_PRICE,2026-09-07T10:19:27.317099
full_historical_baseline,573881,21098,had been put aside,108,0.0,,United Kingdom,INVALID_OR_ZERO_UNIT_PRICE,2026-09-07T10:19:27.317099
full_historical_baseline,573882,23131,had been put aside,48,0.0,,United Kingdom,INVALID_OR_ZERO_UNIT_PRICE,2026-09-07T10:19:27.317099
full_historical_baseline,573883,22121,had been put aside,32,0.0,,United Kingdom,INVALID_OR_ZERO_UNIT_PRICE,2026-09-07T10:19:27.317099
full_historical_baseline,573884,22687,had been put aside,20,0.0,,United Kingdom,INVALID_OR_ZERO_UNIT_PRICE,2026-09-07T10:19:27.317099
full_historical_baseline,573885,22689,had been put aside,40,0.0,,United Kingdom,INVALID_OR_ZERO_UNIT_PRICE,2026-09-07T10:19:27.317099
full_historical_baseline,573919,21352,check,-23,0.0,,United Kingdom,INVALID_OR_ZERO_UNIT_PRICE,2026-09-07T10:19:27.317099
full_historical_baseline,573920,84050,check,14,0.0,,United Kingdom,INVALID_OR_ZERO_UNIT_PRICE,2026-09-07T10:19:27.317099
full_historical_baseline,573926,47503A,check,65,0.0,,United Kingdom,INVALID_OR_ZERO_UNIT_PRICE,2026-09-07T10:19:27.317099
full_historical_baseline,573978,21644,check,27,0.0,,United Kingdom,INVALID_OR_ZERO_UNIT_PRICE,2026-09-07T10:19:27.317099
full_historical_baseline,573979,35968,check,9,0.0,,United Kingdom,INVALID_OR_ZERO_UNIT_PRICE,2026-09-07T10:19:27.317099
full_historical_baseline,573980,21539,check,4,0.0,,United Kingdom,INVALID_OR_ZERO_UNIT_PRICE,2026-09-07T10:19:27.317099
full_historical_baseline,573981,21700,check,26,0.0,,United Kingdom,INVALID_OR_ZERO_UNIT_PRICE,2026-09-07T10:19:27.317099
full_historical_baseline,573983,82600,check,3,0.0,,United Kingdom,INVALID_OR_ZERO_UNIT_PRICE,2026-09-07T10:19:27.317099
full_historical_baseline,573984,16207A,check,2,0.0,,United Kingdom,INVALID_OR_ZERO_UNIT_PRICE,2026-09-07T10:19:27.317099
full_historical_baseline,573985,22848,check,2,0.0,,United Kingdom,INVALID_OR_ZERO_UNIT_PRICE,2026-09-07T10:19:27.317099
full_historical_baseline,573986,84659A,check,19,0.0,,United Kingdom,INVALID_OR_ZERO_UNIT_PRICE,2026-09-07T10:19:27.317099
full_historical_baseline,573987,21349,check,1,0.0,,United Kingdom,INVALID_OR_ZERO_UNIT_PRICE,2026-09-07T10:19:27.317099
full_historical_baseline,573988,22925,check,1,0.0,,United Kingdom,INVALID_OR_ZERO_UNIT_PRICE,2026-09-07T10:19:27.317099
full_historical_baseline,573989,23091,check,2,0.0,,United Kingdom,INVALID_OR_ZERO_UNIT_PRICE,2026-09-07T10:19:27.317099
full_historical_baseline,573990,22606,check,1,0.0,,United Kingdom,INVALID_OR_ZERO_UNIT_PRICE,2026-09-07T10:19:27.317099
full_historical_baseline,573991,21804,check,36,0.0,,United Kingdom,INVALID_OR_ZERO_UNIT_PRICE,2026-09-07T10:19:27.317099
full_historical_baseline,574073,23579,,3,0.0,,United Kingdom,INVALID_OR_ZERO_UNIT_PRICE,2026-09-07T10:19:27.317099
full_historical_baseline,574094,22147,check,-80,0.0,,United Kingdom,INVALID_OR_ZERO_UNIT_PRICE,2026-09-07T10:19:27.317099
full_historical_baseline,574101,22180,,1,0.0,,United Kingdom,INVALID_OR_ZERO_UNIT_PRICE,2026-09-07T10:19:27.317099
full_historical_baseline,574123,22652,check,-111,0.0,,United Kingdom,INVALID_OR_ZERO_UNIT_PRICE,2026-09-07T10:19:27.317099
full_historical_baseline,574133,21071,,1,0.0,,United Kingdom,INVALID_OR_ZERO_UNIT_PRICE,2026-09-07T10:19:27.317099
full_historical_baseline,574138,23234,BISCUIT TIN VINTAGE CHRISTMAS,216,0.0,12415.0,Australia,INVALID_OR_ZERO_UNIT_PRICE,2026-09-07T10:19:27.317099
full_historical_baseline,574171,21818,check,-130,0.0,,United Kingdom,INVALID_OR_ZERO_UNIT_PRICE,2026-09-07T10:19:27.317099
full_historical_baseline,574173,35923,check,-42,0.0,,United Kingdom,INVALID_OR_ZERO_UNIT_PRICE,2026-09-07T10:19:27.317099
full_historical_baseline,574175,22065,CHRISTMAS PUDDING TRINKET POT ,12,0.0,14110.0,United Kingdom,INVALID_OR_ZERO_UNIT_PRICE,2026-09-07T10:19:27.317099
full_historical_baseline,574176,85054,check,-39,0.0,,United Kingdom,INVALID_OR_ZERO_UNIT_PRICE,2026-09-07T10:19:27.317099
full_historical_baseline,574198,21159,damaged,-40,0.0,,United Kingdom,INVALID_OR_ZERO_UNIT_PRICE,2026-09-07T10:19:27.317099
full_historical_baseline,574252,M,Manual,1,0.0,12437.0,France,INVALID_OR_ZERO_UNIT_PRICE,2026-09-07T10:19:27.317099
full_historical_baseline,574257,72818,,-3,0.0,,United Kingdom,INVALID_OR_ZERO_UNIT_PRICE,2026-09-07T10:19:27.317099
full_historical_baseline,574438,85054,found,27,0.0,,United Kingdom,INVALID_OR_ZERO_UNIT_PRICE,2026-09-07T10:19:27.317099
full_historical_baseline,574469,22385,JUMBO BAG SPACEBOY DESIGN,12,0.0,12431.0,Australia,INVALID_OR_ZERO_UNIT_PRICE,2026-09-07T10:19:27.317099
full_historical_baseline,574516,22162,,-24,0.0,,United Kingdom,INVALID_OR_ZERO_UNIT_PRICE,2026-09-07T10:19:27.317099
full_historical_baseline,574518,21174,,63,0.0,,United Kingdom,INVALID_OR_ZERO_UNIT_PRICE,2026-09-07T10:19:27.317099
full_historical_baseline,574520,21181,,-6,0.0,,United Kingdom,INVALID_OR_ZERO_UNIT_PRICE,2026-09-07T10:19:27.317099
full_historical_baseline,574577,21519,check,-80,0.0,,United Kingdom,INVALID_OR_ZERO_UNIT_PRICE,2026-09-07T10:19:27.317099
full_historical_baseline,574578,40001,check,-240,0.0,,United Kingdom,INVALID_OR_ZERO_UNIT_PRICE,2026-09-07T10:19:27.317099
full_historical_baseline,574579,72802B,check,-203,0.0,,United Kingdom,INVALID_OR_ZERO_UNIT_PRICE,2026-09-07T10:19:27.317099
full_historical_baseline,574580,20751,check,-35,0.0,,United Kingdom,INVALID_OR_ZERO_UNIT_PRICE,2026-09-07T10:19:27.317099
full_historical_baseline,574581,23187,check,-62,0.0,,United Kingdom,INVALID_OR_ZERO_UNIT_PRICE,2026-09-07T10:19:27.317099
full_historical_baseline,574582,84279P,check,-104,0.0,,United Kingdom,INVALID_OR_ZERO_UNIT_PRICE,2026-09-07T10:19:27.317099
full_historical_baseline,574583,22892,check,-62,0.0,,United Kingdom,INVALID_OR_ZERO_UNIT_PRICE,2026-09-07T10:19:27.317099
full_historical_baseline,574757,72802C,damages,-54,0.0,,United Kingdom,INVALID_OR_ZERO_UNIT_PRICE,2026-09-07T10:19:27.317099
full_historical_baseline,574816,85036C,damages wax,-1560,0.0,,United Kingdom,INVALID_OR_ZERO_UNIT_PRICE,2026-09-07T10:19:27.317099
full_historical_baseline,574822,85036B,damages wax,-1284,0.0,,United Kingdom,INVALID_OR_ZERO_UNIT_PRICE,2026-09-07T10:19:27.317099
full_historical_baseline,574879,22625,RED KITCHEN SCALES,2,0.0,13014.0,United Kingdom,INVALID_OR_ZERO_UNIT_PRICE,2026-09-07T10:19:27.317099
full_historical_baseline,574904,85017B,,11,0.0,,United Kingdom,INVALID_OR_ZERO_UNIT_PRICE,2026-09-07T10:19:27.317099
full_historical_baseline,574905,85017B,,-22,0.0,,United Kingdom,INVALID_OR_ZERO_UNIT_PRICE,2026-09-07T10:19:27.317099
full_historical_baseline,574906,85034A,damaged,-81,0.0,,United Kingdom,INVALID_OR_ZERO_UNIT_PRICE,2026-09-07T10:19:27.317099
full_historical_baseline,574920,22899,CHILDREN'S APRON DOLLY GIRL ,1,0.0,13985.0,United Kingdom,INVALID_OR_ZERO_UNIT_PRICE,2026-09-07T10:19:27.317099
full_historical_baseline,574920,23480,MINI LIGHTS WOODLAND MUSHROOMS,1,0.0,13985.0,United Kingdom,INVALID_OR_ZERO_UNIT_PRICE,2026-09-07T10:19:27.317099
full_historical_baseline,575048,84665,water damaged,-15,0.0,,United Kingdom,INVALID_OR_ZERO_UNIT_PRICE,2026-09-07T10:19:27.317099
full_historical_baseline,575175,84279P,found,84,0.0,,United Kingdom,INVALID_OR_ZERO_UNIT_PRICE,2026-09-07T10:19:27.317099
full_historical_baseline,575287,84508A,check,-39,0.0,,United Kingdom,INVALID_OR_ZERO_UNIT_PRICE,2026-09-07T10:19:27.317099
full_historical_baseline,575386,20977,,-16,0.0,,United Kingdom,INVALID_OR_ZERO_UNIT_PRICE,2026-09-07T10:19:27.317099
full_historical_baseline,575503,35933,,-2,0.0,,United Kingdom,INVALID_OR_ZERO_UNIT_PRICE,2026-09-07T10:19:27.317099
full_historical_baseline,575505,POST,,800,0.0,,United Kingdom,INVALID_OR_ZERO_UNIT_PRICE,2026-09-07T10:19:27.317099
full_historical_baseline,575506,C2,,150,0.0,,United Kingdom,INVALID_OR_ZERO_UNIT_PRICE,2026-09-07T10:19:27.317099
full_historical_baseline,575513,35965,,7,0.0,,United Kingdom,INVALID_OR_ZERO_UNIT_PRICE,2026-09-07T10:19:27.317099
full_historical_baseline,575518,10080,check,22,0.0,,United Kingdom,INVALID_OR_ZERO_UNIT_PRICE,2026-09-07T10:19:27.317099
full_historical_baseline,575579,22437,SET OF 9 BLACK SKULL BALLOONS,20,0.0,13081.0,United Kingdom,INVALID_OR_ZERO_UNIT_PRICE,2026-09-07T10:19:27.317099
full_historical_baseline,575579,22089,PAPER BUNTING VINTAGE PAISLEY,24,0.0,13081.0,United Kingdom,INVALID_OR_ZERO_UNIT_PRICE,2026-09-07T10:19:27.317099
full_historical_baseline,575613,23118,check,-6,0.0,,United Kingdom,INVALID_OR_ZERO_UNIT_PRICE,2026-09-07T10:19:27.317099
full_historical_baseline,575614,22121,check,-10,0.0,,United Kingdom,INVALID_OR_ZERO_UNIT_PRICE,2026-09-07T10:19:27.317099
full_historical_baseline,575615,82582,??,-130,0.0,,United Kingdom,INVALID_OR_ZERO_UNIT_PRICE,2026-09-07T10:19:27.317099
full_historical_baseline,575617,21014,check,-90,0.0,,United Kingdom,INVALID_OR_ZERO_UNIT_PRICE,2026-09-07T10:19:27.317099
full_historical_baseline,575625,35972,check,-3,0.0,,United Kingdom,INVALID_OR_ZERO_UNIT_PRICE,2026-09-07T10:19:27.317099
full_historical_baseline,575704,21843,smashed,-63,0.0,,United Kingdom,INVALID_OR_ZERO_UNIT_PRICE,2026-09-07T10:19:27.317099
full_historical_baseline,575714,85125,check,-64,0.0,,United Kingdom,INVALID_OR_ZERO_UNIT_PRICE,2026-09-07T10:19:27.317099
full_historical_baseline,575715,72802B,check,-36,0.0,,United Kingdom,INVALID_OR_ZERO_UNIT_PRICE,2026-09-07T10:19:27.317099
full_historical_baseline,575716,72802C,check,-21,0.0,,United Kingdom,INVALID_OR_ZERO_UNIT_PRICE,2026-09-07T10:19:27.317099
full_historical_baseline,575717,85175,check,-42,0.0,,United Kingdom,INVALID_OR_ZERO_UNIT_PRICE,2026-09-07T10:19:27.317099
full_historical_baseline,575719,35954,check,24,0.0,,United Kingdom,INVALID_OR_ZERO_UNIT_PRICE,2026-09-07T10:19:27.317099
full_historical_baseline,575720,21817,check,-8,0.0,,United Kingdom,INVALID_OR_ZERO_UNIT_PRICE,2026-09-07T10:19:27.317099
full_historical_baseline,575721,22804,Wrongly mrked had 85123a in box,-256,0.0,,United Kingdom,INVALID_OR_ZERO_UNIT_PRICE,2026-09-07T10:19:27.317099
full_historical_baseline,575722,85123A,wrongly marked carton 22804,-256,0.0,,United Kingdom,INVALID_OR_ZERO_UNIT_PRICE,2026-09-07T10:19:27.317099
full_historical_baseline,575748,23298,SPOTTY BUNTING,1,0.0,,United Kingdom,INVALID_OR_ZERO_UNIT_PRICE,2026-09-07T10:19:27.317099
full_historical_baseline,575907,22268,check,-10,0.0,,United Kingdom,INVALID_OR_ZERO_UNIT_PRICE,2026-09-07T10:19:27.317099
full_historical_baseline,575909,20711,check,-220,0.0,,United Kingdom,INVALID_OR_ZERO_UNIT_PRICE,2026-09-07T10:19:27.317099
full_historical_baseline,575912,22943,check,-7,0.0,,United Kingdom,INVALID_OR_ZERO_UNIT_PRICE,2026-09-07T10:19:27.317099
full_historical_baseline,576109,21181,adjustment,180,0.0,,United Kingdom,INVALID_OR_ZERO_UNIT_PRICE,2026-09-07T10:19:27.317099
full_historical_baseline,576110,35965,,5,0.0,,United Kingdom,INVALID_OR_ZERO_UNIT_PRICE,2026-09-07T10:19:27.317099
full_historical_baseline,576185,22575,missing?,-130,0.0,,United Kingdom,INVALID_OR_ZERO_UNIT_PRICE,2026-09-07T10:19:27.317099
full_historical_baseline,576192,22827,,4,0.0,,United Kingdom,INVALID_OR_ZERO_UNIT_PRICE,2026-09-07T10:19:27.317099
full_historical_baseline,576193,22827,,-8,0.0,,United Kingdom,INVALID_OR_ZERO_UNIT_PRICE,2026-09-07T10:19:27.317099
full_historical_baseline,576250,71279,damages,-74,0.0,,United Kingdom,INVALID_OR_ZERO_UNIT_PRICE,2026-09-07T10:19:27.317099
full_historical_baseline,576258,22812,,11,0.0,,United Kingdom,INVALID_OR_ZERO_UNIT_PRICE,2026-09-07T10:19:27.317099
full_historical_baseline,576299,21181,,16,0.0,,United Kingdom,INVALID_OR_ZERO_UNIT_PRICE,2026-09-07T10:19:27.317099
full_historical_baseline,576302,22812,,46,0.0,,United Kingdom,INVALID_OR_ZERO_UNIT_PRICE,2026-09-07T10:19:27.317099
full_historical_baseline,576336,21809,,16,0.0,,United Kingdom,INVALID_OR_ZERO_UNIT_PRICE,2026-09-07T10:19:27.317099
full_historical_baseline,576366,23072,damages,-50,0.0,,United Kingdom,INVALID_OR_ZERO_UNIT_PRICE,2026-09-07T10:19:27.317099
full_historical_baseline,576367,23071,damages,-65,0.0,,United Kingdom,INVALID_OR_ZERO_UNIT_PRICE,2026-09-07T10:19:27.317099
full_historical_baseline,576368,21135,wet rusty,-864,0.0,,United Kingdom,INVALID_OR_ZERO_UNIT_PRICE,2026-09-07T10:19:27.317099
full_historical_baseline,576369,21135,wet rusty,-288,0.0,,United Kingdom,INVALID_OR_ZERO_UNIT_PRICE,2026-09-07T10:19:27.317099
full_historical_baseline,576404,22687,,18,0.0,,United Kingdom,INVALID_OR_ZERO_UNIT_PRICE,2026-09-07T10:19:27.317099
full_historical_baseline,576407,47590B,check,-57,0.0,,United Kingdom,INVALID_OR_ZERO_UNIT_PRICE,2026-09-07T10:19:27.317099
full_historical_baseline,576410,71038,check,-16,0.0,,United Kingdom,INVALID_OR_ZERO_UNIT_PRICE,2026-09-07T10:19:27.317099
full_historical_baseline,576411,85111,check,-117,0.0,,United Kingdom,INVALID_OR_ZERO_UNIT_PRICE,2026-09-07T10:19:27.317099
full_historical_baseline,576413,17012C,check,-22,0.0,,United Kingdom,INVALID_OR_ZERO_UNIT_PRICE,2026-09-07T10:19:27.317099
full_historical_baseline,576414,17012F,check,14,0.0,,United Kingdom,INVALID_OR_ZERO_UNIT_PRICE,2026-09-07T10:19:27.317099
full_historical_baseline,576415,17012B,,-2,0.0,,United Kingdom,INVALID_OR_ZERO_UNIT_PRICE,2026-09-07T10:19:27.317099
full_historical_baseline,576419,85036B,check,-23,0.0,,United Kingdom,INVALID_OR_ZERO_UNIT_PRICE,2026-09-07T10:19:27.317099
full_historical_baseline,576424,85036C,check,-4,0.0,,United Kingdom,INVALID_OR_ZERO_UNIT_PRICE,2026-09-07T10:19:27.317099
full_historical_baseline,576426,21051,found,240,0.0,,United Kingdom,INVALID_OR_ZERO_UNIT_PRICE,2026-09-07T10:19:27.317099
full_historical_baseline,576431,22688,,15,0.0,,United Kingdom,INVALID_OR_ZERO_UNIT_PRICE,2026-09-07T10:19:27.317099
full_historical_baseline,576436,22943,check,-26,0.0,,United Kingdom,INVALID_OR_ZERO_UNIT_PRICE,2026-09-07T10:19:27.317099
full_historical_baseline,576473,21868,,-108,0.0,,United Kingdom,INVALID_OR_ZERO_UNIT_PRICE,2026-09-07T10:19:27.317099
full_historical_baseline,576509,21868,,144,0.0,,United Kingdom,INVALID_OR_ZERO_UNIT_PRICE,2026-09-07T10:19:27.317099
full_historical_baseline,576517,22121,,17,0.0,,United Kingdom,INVALID_OR_ZERO_UNIT_PRICE,2026-09-07T10:19:27.317099
full_historical_baseline,576547,21809,,56,0.0,,United Kingdom,INVALID_OR_ZERO_UNIT_PRICE,2026-09-07T10:19:27.317099
full_historical_baseline,576566,21830,,-186,0.0,,United Kingdom,INVALID_OR_ZERO_UNIT_PRICE,2026-09-07T10:19:27.317099
full_historical_baseline,576569,47504K,,-21,0.0,,United Kingdom,INVALID_OR_ZERO_UNIT_PRICE,2026-09-07T10:19:27.317099
full_historical_baseline,576578,22412,,-37,0.0,,United Kingdom,INVALID_OR_ZERO_UNIT_PRICE,2026-09-07T10:19:27.317099
full_historical_baseline,576580,22034,,-5,0.0,,United Kingdom,INVALID_OR_ZERO_UNIT_PRICE,2026-09-07T10:19:27.317099
full_historical_baseline,576585,84247E,,22,0.0,,United Kingdom,INVALID_OR_ZERO_UNIT_PRICE,2026-09-07T10:19:27.317099
full_historical_baseline,576594,21394,,1,0.0,,United Kingdom,INVALID_OR_ZERO_UNIT_PRICE,2026-09-07T10:19:27.317099
full_historical_baseline,576619,21054,,1,0.0,,United Kingdom,INVALID_OR_ZERO_UNIT_PRICE,2026-09-07T10:19:27.317099
full_historical_baseline,576620,16207A,,1,0.0,,United Kingdom,INVALID_OR_ZERO_UNIT_PRICE,2026-09-07T10:19:27.317099
full_historical_baseline,576632,21823,amazon adjust,10,0.0,,United Kingdom,INVALID_OR_ZERO_UNIT_PRICE,2026-09-07T10:19:27.317099
full_historical_baseline,576643,85127,found,6,0.0,,United Kingdom,INVALID_OR_ZERO_UNIT_PRICE,2026-09-07T10:19:27.317099
full_historical_baseline,576662,22570,,1,0.0,,United Kingdom,INVALID_OR_ZERO_UNIT_PRICE,2026-09-07T10:19:27.317099
full_historical_baseline,576673,22548,adjustment,4,0.0,,United Kingdom,INVALID_OR_ZERO_UNIT_PRICE,2026-09-07T10:19:27.317099
full_historical_baseline,576674,21823,damaged,-6,0.0,,United Kingdom,INVALID_OR_ZERO_UNIT_PRICE,2026-09-07T10:19:27.317099
full_historical_baseline,576675,37327,adjustment,3,0.0,,United Kingdom,INVALID_OR_ZERO_UNIT_PRICE,2026-09-07T10:19:27.317099
full_historical_baseline,576762,21744,check,-21,0.0,,United Kingdom,INVALID_OR_ZERO_UNIT_PRICE,2026-09-07T10:19:27.317099
full_historical_baseline,576763,23035,check,-64,0.0,,United Kingdom,INVALID_OR_ZERO_UNIT_PRICE,2026-09-07T10:19:27.317099
full_historical_baseline,576764,16008,check,-1510,0.0,,United Kingdom,INVALID_OR_ZERO_UNIT_PRICE,2026-09-07T10:19:27.317099
full_historical_baseline,576765,22219,???lost,-550,0.0,,United Kingdom,INVALID_OR_ZERO_UNIT_PRICE,2026-09-07T10:19:27.317099
full_historical_baseline,576766,85019B,check,15,0.0,,United Kingdom,INVALID_OR_ZERO_UNIT_PRICE,2026-09-07T10:19:27.317099
full_historical_baseline,576767,22339,check,-60,0.0,,United Kingdom,INVALID_OR_ZERO_UNIT_PRICE,2026-09-07T10:19:27.317099
full_historical_baseline,576773,22181,check,-92,0.0,,United Kingdom,INVALID_OR_ZERO_UNIT_PRICE,2026-09-07T10:19:27.317099
full_historical_baseline,576776,21811,check,-240,0.0,,United Kingdom,INVALID_OR_ZERO_UNIT_PRICE,2026-09-07T10:19:27.317099
full_historical_baseline,576777,22121,,4,0.0,,United Kingdom,INVALID_OR_ZERO_UNIT_PRICE,2026-09-07T10:19:27.317099
full_historical_baseline,576835,21618,,-2,0.0,,United Kingdom,INVALID_OR_ZERO_UNIT_PRICE,2026-09-07T10:19:27.317099
full_historical_baseline,576839,35818B,adjustment,-22,0.0,,United Kingdom,INVALID_OR_ZERO_UNIT_PRICE,2026-09-07T10:19:27.317099
full_historical_baseline,576843,10133,damaged,-82,0.0,,United Kingdom,INVALID_OR_ZERO_UNIT_PRICE,2026-09-07T10:19:27.317099
full_historical_baseline,577037,72817,dotcomstock,4,0.0,,United Kingdom,INVALID_OR_ZERO_UNIT_PRICE,2026-09-07T10:19:27.317099
full_historical_baseline,577102,21915,John Lewis,200,0.0,,United Kingdom,INVALID_OR_ZERO_UNIT_PRICE,2026-09-07T10:19:27.317099
full_historical_baseline,577111,22587,check,-41,0.0,,United Kingdom,INVALID_OR_ZERO_UNIT_PRICE,2026-09-07T10:19:27.317099
full_historical_baseline,577112,22586,check,-30,0.0,,United Kingdom,INVALID_OR_ZERO_UNIT_PRICE,2026-09-07T10:19:27.317099
full_historical_baseline,577113,22271,check,-43,0.0,,United Kingdom,INVALID_OR_ZERO_UNIT_PRICE,2026-09-07T10:19:27.317099
full_historical_baseline,577114,21786,check,-209,0.0,,United Kingdom,INVALID_OR_ZERO_UNIT_PRICE,2026-09-07T10:19:27.317099
full_historical_baseline,577115,85035C,check,-24,0.0,,United Kingdom,INVALID_OR_ZERO_UNIT_PRICE,2026-09-07T10:19:27.317099
full_historical_baseline,577116,21165,check,-28,0.0,,United Kingdom,INVALID_OR_ZERO_UNIT_PRICE,2026-09-07T10:19:27.317099
full_historical_baseline,577117,22149,check,34,0.0,,United Kingdom,INVALID_OR_ZERO_UNIT_PRICE,2026-09-07T10:19:27.317099
full_historical_baseline,577118,22286,check,-47,0.0,,United Kingdom,INVALID_OR_ZERO_UNIT_PRICE,2026-09-07T10:19:27.317099
full_historical_baseline,577119,22778,check,-10,0.0,,United Kingdom,INVALID_OR_ZERO_UNIT_PRICE,2026-09-07T10:19:27.317099
full_historical_baseline,577120,20752,check,-10,0.0,,United Kingdom,INVALID_OR_ZERO_UNIT_PRICE,2026-09-07T10:19:27.317099
full_historical_baseline,577122,23348,sold with wrong barcode,-57,0.0,,United Kingdom,INVALID_OR_ZERO_UNIT_PRICE,2026-09-07T10:19:27.317099
full_historical_baseline,577123,23288,check,-63,0.0,,United Kingdom,INVALID_OR_ZERO_UNIT_PRICE,2026-09-07T10:19:27.317099
full_historical_baseline,577124,22759,check,-327,0.0,,United Kingdom,INVALID_OR_ZERO_UNIT_PRICE,2026-09-07T10:19:27.317099
full_historical_baseline,577129,22464,HANGING METAL HEART LANTERN,4,0.0,15602.0,United Kingdom,INVALID_OR_ZERO_UNIT_PRICE,2026-09-07T10:19:27.317099
full_historical_baseline,577144,22759,found,96,0.0,,United Kingdom,INVALID_OR_ZERO_UNIT_PRICE,2026-09-07T10:19:27.317099
full_historical_baseline,577145,20832,check,110,0.0,,United Kingdom,INVALID_OR_ZERO_UNIT_PRICE,2026-09-07T10:19:27.317099
full_historical_baseline,577168,M,Manual,1,0.0,12603.0,Germany,INVALID_OR_ZERO_UNIT_PRICE,2026-09-07T10:19:27.317099
full_historical_baseline,577251,72802C,,1,0.0,,United Kingdom,INVALID_OR_ZERO_UNIT_PRICE,2026-09-07T10:19:27.317099
full_historical_baseline,577263,47503H,found,66,0.0,,United Kingdom,INVALID_OR_ZERO_UNIT_PRICE,2026-09-07T10:19:27.317099
full_historical_baseline,577264,85125,,3,0.0,,United Kingdom,INVALID_OR_ZERO_UNIT_PRICE,2026-09-07T10:19:27.317099
full_historical_baseline,577265,23268,,2,0.0,,United Kingdom,INVALID_OR_ZERO_UNIT_PRICE,2026-09-07T10:19:27.317099
full_historical_baseline,577304,20956,check,-152,0.0,,United Kingdom,INVALID_OR_ZERO_UNIT_PRICE,2026-09-07T10:19:27.317099
full_historical_baseline,577305,22946,check,-21,0.0,,United Kingdom,INVALID_OR_ZERO_UNIT_PRICE,2026-09-07T10:19:27.317099
full_historical_baseline,577306,72817,,12,0.0,,United Kingdom,INVALID_OR_ZERO_UNIT_PRICE,2026-09-07T10:19:27.317099
full_historical_baseline,577307,16169E,check,-313,0.0,,United Kingdom,INVALID_OR_ZERO_UNIT_PRICE,2026-09-07T10:19:27.317099
full_historical_baseline,577314,23407,SET OF 2 TRAYS HOME SWEET HOME,2,0.0,12444.0,Norway,INVALID_OR_ZERO_UNIT_PRICE,2026-09-07T10:19:27.317099
full_historical_baseline,577339,15060B,,9,0.0,,United Kingdom,INVALID_OR_ZERO_UNIT_PRICE,2026-09-07T10:19:27.317099
full_historical_baseline,577340,22570,,40,0.0,,United Kingdom,INVALID_OR_ZERO_UNIT_PRICE,2026-09-07T10:19:27.317099
full_historical_baseline,577608,35400,,5,0.0,,United Kingdom,INVALID_OR_ZERO_UNIT_PRICE,2026-09-07T10:19:27.317099
full_historical_baseline,577611,23118,dotcom adjust,10,0.0,,United Kingdom,INVALID_OR_ZERO_UNIT_PRICE,2026-09-07T10:19:27.317099
full_historical_baseline,577612,21181,dotcom,20,0.0,,United Kingdom,INVALID_OR_ZERO_UNIT_PRICE,2026-09-07T10:19:27.317099
full_historical_baseline,577696,M,Manual,1,0.0,16406.0,United Kingdom,INVALID_OR_ZERO_UNIT_PRICE,2026-09-07T10:19:27.317099
full_historical_baseline,577787,23055,rusty thrown away,-398,0.0,,United Kingdom,INVALID_OR_ZERO_UNIT_PRICE,2026-09-07T10:19:27.317099
full_historical_baseline,577788,23056,rusty throw away,-210,0.0,,United Kingdom,INVALID_OR_ZERO_UNIT_PRICE,2026-09-07T10:19:27.317099
full_historical_baseline,577789,23057,rusty throw away,-280,0.0,,United Kingdom,INVALID_OR_ZERO_UNIT_PRICE,2026-09-07T10:19:27.317099
full_historical_baseline,577829,85231G,amazon,1,0.0,,United Kingdom,INVALID_OR_ZERO_UNIT_PRICE,2026-09-07T10:19:27.317099
full_historical_baseline,577836,21888,check,-57,0.0,,United Kingdom,INVALID_OR_ZERO_UNIT_PRICE,2026-09-07T10:19:27.317099
full_historical_baseline,577942,21811,check,26,0.0,,United Kingdom,INVALID_OR_ZERO_UNIT_PRICE,2026-09-07T10:19:27.317099
full_historical_baseline,577944,47503A,check,56,0.0,,United Kingdom,INVALID_OR_ZERO_UNIT_PRICE,2026-09-07T10:19:27.317099
full_historical_baseline,577947,21992,check,13,0.0,,United Kingdom,INVALID_OR_ZERO_UNIT_PRICE,2026-09-07T10:19:27.317099
full_historical_baseline,577949,21804,check,44,0.0,,United Kingdom,INVALID_OR_ZERO_UNIT_PRICE,2026-09-07T10:19:27.317099
full_historical_baseline,577953,23348,check,5,0.0,,United Kingdom,INVALID_OR_ZERO_UNIT_PRICE,2026-09-07T10:19:27.317099
full_historical_baseline,577954,17136A,check,3,0.0,,United Kingdom,INVALID_OR_ZERO_UNIT_PRICE,2026-09-07T10:19:27.317099
full_historical_baseline,577956,21145,,3,0.0,,United Kingdom,INVALID_OR_ZERO_UNIT_PRICE,2026-09-07T10:19:27.317099
full_historical_baseline,577959,85107,check?,374,0.0,,United Kingdom,INVALID_OR_ZERO_UNIT_PRICE,2026-09-07T10:19:27.317099
full_historical_baseline,577961,23268,,2,0.0,,United Kingdom,INVALID_OR_ZERO_UNIT_PRICE,2026-09-07T10:19:27.317099
full_historical_baseline,577964,37489A,,2,0.0,,United Kingdom,INVALID_OR_ZERO_UNIT_PRICE,2026-09-07T10:19:27.317099
full_historical_baseline,577966,85045,,2,0.0,,United Kingdom,INVALID_OR_ZERO_UNIT_PRICE,2026-09-07T10:19:27.317099
full_historical_baseline,577968,85135B,,2,0.0,,United Kingdom,INVALID_OR_ZERO_UNIT_PRICE,2026-09-07T10:19:27.317099
full_historical_baseline,577970,85135A,,4,0.0,,United Kingdom,INVALID_OR_ZERO_UNIT_PRICE,2026-09-07T10:19:27.317099
full_historical_baseline,577971,22606,,1,0.0,,United Kingdom,INVALID_OR_ZERO_UNIT_PRICE,2026-09-07T10:19:27.317099
full_historical_baseline,577972,84663A,,1,0.0,,United Kingdom,INVALID_OR_ZERO_UNIT_PRICE,2026-09-07T10:19:27.317099
full_historical_baseline,577999,21018,damaged,-63,0.0,,United Kingdom,INVALID_OR_ZERO_UNIT_PRICE,2026-09-07T10:19:27.317099
full_historical_baseline,578095,23397,damaged,-9,0.0,,United Kingdom,INVALID_OR_ZERO_UNIT_PRICE,2026-09-07T10:19:27.317099
full_historical_baseline,578145,22579,dotcom,-40,0.0,,United Kingdom,INVALID_OR_ZERO_UNIT_PRICE,2026-09-07T10:19:27.317099
full_historical_baseline,578245,22568,?? missing,-170,0.0,,United Kingdom,INVALID_OR_ZERO_UNIT_PRICE,2026-09-07T10:19:27.317099
full_historical_baseline,578327,72807A,wet pallet,-504,0.0,,United Kingdom,INVALID_OR_ZERO_UNIT_PRICE,2026-09-07T10:19:27.317099
full_historical_baseline,578328,72807B,wet pallet,-696,0.0,,United Kingdom,INVALID_OR_ZERO_UNIT_PRICE,2026-09-07T10:19:27.317099
full_historical_baseline,578329,72807C,wet pallet,-408,0.0,,United Kingdom,INVALID_OR_ZERO_UNIT_PRICE,2026-09-07T10:19:27.317099
full_historical_baseline,578336,23579,,1,0.0,,United Kingdom,INVALID_OR_ZERO_UNIT_PRICE,2026-09-07T10:19:27.317099
full_historical_baseline,578337,23348,,1,0.0,,United Kingdom,INVALID_OR_ZERO_UNIT_PRICE,2026-09-07T10:19:27.317099
full_historical_baseline,578338,22125,,1,0.0,,United Kingdom,INVALID_OR_ZERO_UNIT_PRICE,2026-09-07T10:19:27.317099
full_historical_baseline,578340,22568,,8,0.0,,United Kingdom,INVALID_OR_ZERO_UNIT_PRICE,2026-09-07T10:19:27.317099
full_historical_baseline,578360,84971L,,2,0.0,,United Kingdom,INVALID_OR_ZERO_UNIT_PRICE,2026-09-07T10:19:27.317099
full_historical_baseline,578374,21937,found,50,0.0,,United Kingdom,INVALID_OR_ZERO_UNIT_PRICE,2026-09-07T10:19:27.317099
full_historical_baseline,578426,23131,,-12,0.0,,United Kingdom,INVALID_OR_ZERO_UNIT_PRICE,2026-09-07T10:19:27.317099
full_historical_baseline,578431,22579,,-18,0.0,,United Kingdom,INVALID_OR_ZERO_UNIT_PRICE,2026-09-07T10:19:27.317099
full_historical_baseline,578456,22579,,11,0.0,,United Kingdom,INVALID_OR_ZERO_UNIT_PRICE,2026-09-07T10:19:27.317099
full_historical_baseline,578473,72807B,damages,-101,0.0,,United Kingdom,INVALID_OR_ZERO_UNIT_PRICE,2026-09-07T10:19:27.317099
full_historical_baseline,578474,72807A,damages,-56,0.0,,United Kingdom,INVALID_OR_ZERO_UNIT_PRICE,2026-09-07T10:19:27.317099
full_historical_baseline,578475,72807C,damages,-149,0.0,,United Kingdom,INVALID_OR_ZERO_UNIT_PRICE,2026-09-07T10:19:27.317099
full_historical_baseline,578476,72807B,????missing,-124,0.0,,United Kingdom,INVALID_OR_ZERO_UNIT_PRICE,2026-09-07T10:19:27.317099
full_historical_baseline,578477,72807A,???missing,-224,0.0,,United Kingdom,INVALID_OR_ZERO_UNIT_PRICE,2026-09-07T10:19:27.317099
full_historical_baseline,578478,72807C,???missing,-428,0.0,,United Kingdom,INVALID_OR_ZERO_UNIT_PRICE,2026-09-07T10:19:27.317099
full_historical_baseline,578524,22810,check,-25,0.0,,United Kingdom,INVALID_OR_ZERO_UNIT_PRICE,2026-09-07T10:19:27.317099
full_historical_baseline,578525,22152,check,-179,0.0,,United Kingdom,INVALID_OR_ZERO_UNIT_PRICE,2026-09-07T10:19:27.317099
full_historical_baseline,578527,21819,check,-14,0.0,,United Kingdom,INVALID_OR_ZERO_UNIT_PRICE,2026-09-07T10:19:27.317099
full_historical_baseline,578528,22601,check,-20,0.0,,United Kingdom,INVALID_OR_ZERO_UNIT_PRICE,2026-09-07T10:19:27.317099
full_historical_baseline,578529,22087,,-23,0.0,,United Kingdom,INVALID_OR_ZERO_UNIT_PRICE,2026-09-07T10:19:27.317099
full_historical_baseline,578628,23541,,20,0.0,,United Kingdom,INVALID_OR_ZERO_UNIT_PRICE,2026-09-07T10:19:27.317099
full_historical_baseline,578629,22943,,24,0.0,,United Kingdom,INVALID_OR_ZERO_UNIT_PRICE,2026-09-07T10:19:27.317099
full_historical_baseline,578632,22579,,4,0.0,,United Kingdom,INVALID_OR_ZERO_UNIT_PRICE,2026-09-07T10:19:27.317099
full_historical_baseline,578691,85034A,check,24,0.0,,United Kingdom,INVALID_OR_ZERO_UNIT_PRICE,2026-09-07T10:19:27.317099
full_historical_baseline,578692,23157,check,212,0.0,,United Kingdom,INVALID_OR_ZERO_UNIT_PRICE,2026-09-07T10:19:27.317099
full_historical_baseline,578693,21811,,1,0.0,,United Kingdom,INVALID_OR_ZERO_UNIT_PRICE,2026-09-07T10:19:27.317099
full_historical_baseline,578700,72807A,AMAZON,1,0.0,,United Kingdom,INVALID_OR_ZERO_UNIT_PRICE,2026-09-07T10:19:27.317099
full_historical_baseline,578733,21643,damaged,-9,0.0,,United Kingdom,INVALID_OR_ZERO_UNIT_PRICE,2026-09-07T10:19:27.317099
full_historical_baseline,578738,21638,,-33,0.0,,United Kingdom,INVALID_OR_ZERO_UNIT_PRICE,2026-09-07T10:19:27.317099
full_historical_baseline,578837,35833P,check,-24,0.0,,United Kingdom,INVALID_OR_ZERO_UNIT_PRICE,2026-09-07T10:19:27.317099
full_historical_baseline,578838,21591,check,-267,0.0,,United Kingdom,INVALID_OR_ZERO_UNIT_PRICE,2026-09-07T10:19:27.317099
full_historical_baseline,578839,22959,check,-175,0.0,,United Kingdom,INVALID_OR_ZERO_UNIT_PRICE,2026-09-07T10:19:27.317099
full_historical_baseline,578840,22142,check,-70,0.0,,United Kingdom,INVALID_OR_ZERO_UNIT_PRICE,2026-09-07T10:19:27.317099
full_historical_baseline,578841,84826,ASSTD DESIGN 3D PAPER STICKERS,12540,0.0,13256.0,United Kingdom,INVALID_OR_ZERO_UNIT_PRICE,2026-09-07T10:19:27.317099
full_historical_baseline,578930,22848,AMAZON,1,0.0,,United Kingdom,INVALID_OR_ZERO_UNIT_PRICE,2026-09-07T10:19:27.317099
full_historical_baseline,579272,22812,,2,0.0,,United Kingdom,INVALID_OR_ZERO_UNIT_PRICE,2026-09-07T10:19:27.317099
full_historical_baseline,579275,22176,amazon,1,0.0,,United Kingdom,INVALID_OR_ZERO_UNIT_PRICE,2026-09-07T10:19:27.317099
full_historical_baseline,579429,20711,lost in space,-98,0.0,,United Kingdom,INVALID_OR_ZERO_UNIT_PRICE,2026-09-07T10:19:27.317099
full_historical_baseline,579460,21110,,-151,0.0,,United Kingdom,INVALID_OR_ZERO_UNIT_PRICE,2026-09-07T10:19:27.317099
full_historical_baseline,579500,22810,,33,0.0,,United Kingdom,INVALID_OR_ZERO_UNIT_PRICE,2026-09-07T10:19:27.317099
full_historical_baseline,579563,85135C,found,36,0.0,,United Kingdom,INVALID_OR_ZERO_UNIT_PRICE,2026-09-07T10:19:27.317099
full_historical_baseline,579680,22533,check,60,0.0,,United Kingdom,INVALID_OR_ZERO_UNIT_PRICE,2026-09-07T10:19:27.317099
full_historical_baseline,579681,21615,check,-26,0.0,,United Kingdom,INVALID_OR_ZERO_UNIT_PRICE,2026-09-07T10:19:27.317099
full_historical_baseline,579682,85172,check,-145,0.0,,United Kingdom,INVALID_OR_ZERO_UNIT_PRICE,2026-09-07T10:19:27.317099
full_historical_baseline,579683,21868,check,-28,0.0,,United Kingdom,INVALID_OR_ZERO_UNIT_PRICE,2026-09-07T10:19:27.317099
full_historical_baseline,579688,21116,,-33,0.0,,United Kingdom,INVALID_OR_ZERO_UNIT_PRICE,2026-09-07T10:19:27.317099
full_historical_baseline,579691,47503A,,-5,0.0,,United Kingdom,INVALID_OR_ZERO_UNIT_PRICE,2026-09-07T10:19:27.317099
full_historical_baseline,579731,35648,check,-46,0.0,,United Kingdom,INVALID_OR_ZERO_UNIT_PRICE,2026-09-07T10:19:27.317099
full_historical_baseline,579732,35648,check,-10,0.0,,United Kingdom,INVALID_OR_ZERO_UNIT_PRICE,2026-09-07T10:19:27.317099
full_historical_baseline,579733,84581,check,-41,0.0,,United Kingdom,INVALID_OR_ZERO_UNIT_PRICE,2026-09-07T10:19:27.317099
full_historical_baseline,579734,84859C,wet?,-153,0.0,,United Kingdom,INVALID_OR_ZERO_UNIT_PRICE,2026-09-07T10:19:27.317099
full_historical_baseline,579735,21793,check,-40,0.0,,United Kingdom,INVALID_OR_ZERO_UNIT_PRICE,2026-09-07T10:19:27.317099
full_historical_baseline,579738,21927,,8,0.0,,United Kingdom,INVALID_OR_ZERO_UNIT_PRICE,2026-09-07T10:19:27.317099
full_historical_baseline,579742,85204,lost??,-1131,0.0,,United Kingdom,INVALID_OR_ZERO_UNIT_PRICE,2026-09-07T10:19:27.317099
full_historical_baseline,579743,21810,check,-135,0.0,,United Kingdom,INVALID_OR_ZERO_UNIT_PRICE,2026-09-07T10:19:27.317099
full_historical_baseline,579745,22043,check,-40,0.0,,United Kingdom,INVALID_OR_ZERO_UNIT_PRICE,2026-09-07T10:19:27.317099
full_historical_baseline,579755,84912B,damaged,-14,0.0,,United Kingdom,INVALID_OR_ZERO_UNIT_PRICE,2026-09-07T10:19:27.317099
full_historical_baseline,579873,35819B,check,18,0.0,,United Kingdom,INVALID_OR_ZERO_UNIT_PRICE,2026-09-07T10:19:27.317099
full_historical_baseline,579879,22759,check,17,0.0,,United Kingdom,INVALID_OR_ZERO_UNIT_PRICE,2026-09-07T10:19:27.317099
full_historical_baseline,579880,22947,,5,0.0,,United Kingdom,INVALID_OR_ZERO_UNIT_PRICE,2026-09-07T10:19:27.317099
full_historical_baseline,580087,84341B,,-2,0.0,,United Kingdom,INVALID_OR_ZERO_UNIT_PRICE,2026-09-07T10:19:27.317099
full_historical_baseline,580145,22925,AMAZON,1,0.0,,United Kingdom,INVALID_OR_ZERO_UNIT_PRICE,2026-09-07T10:19:27.317099
full_historical_baseline,580197,22696,,6,0.0,,United Kingdom,INVALID_OR_ZERO_UNIT_PRICE,2026-09-07T10:19:27.317099
full_historical_baseline,580218,22577,check,-300,0.0,,United Kingdom,INVALID_OR_ZERO_UNIT_PRICE,2026-09-07T10:19:27.317099
full_historical_baseline,580359,20775,,-35,0.0,,United Kingdom,INVALID_OR_ZERO_UNIT_PRICE,2026-09-07T10:19:27.317099
full_historical_baseline,580366,22923,FRIDGE MAGNETS LES ENFANTS ASSORTED,6,0.0,,United Kingdom,INVALID_OR_ZERO_UNIT_PRICE,2026-09-07T10:19:27.317099
full_historical_baseline,580366,23169,CLASSIC GLASS COOKIE JAR,6,0.0,,United Kingdom,INVALID_OR_ZERO_UNIT_PRICE,2026-09-07T10:19:27.317099
full_historical_baseline,580366,DOT,DOTCOM POSTAGE,1,0.0,,United Kingdom,INVALID_OR_ZERO_UNIT_PRICE,2026-09-07T10:19:27.317099
full_historical_baseline,580376,22606,check,8,0.0,,United Kingdom,INVALID_OR_ZERO_UNIT_PRICE,2026-09-07T10:19:27.317099
full_historical_baseline,580377,84609,damages,-29,0.0,,United Kingdom,INVALID_OR_ZERO_UNIT_PRICE,2026-09-07T10:19:27.317099
full_historical_baseline,580378,22792,damages,-73,0.0,,United Kingdom,INVALID_OR_ZERO_UNIT_PRICE,2026-09-07T10:19:27.317099
full_historical_baseline,580379,72225C,,-144,0.0,,United Kingdom,INVALID_OR_ZERO_UNIT_PRICE,2026-09-07T10:19:27.317099
full_historical_baseline,580380,21620,check,-20,0.0,,United Kingdom,INVALID_OR_ZERO_UNIT_PRICE,2026-09-07T10:19:27.317099
full_historical_baseline,580381,21758,,-9,0.0,,United Kingdom,INVALID_OR_ZERO_UNIT_PRICE,2026-09-07T10:19:27.317099
full_historical_baseline,580382,16045,check,-900,0.0,,United Kingdom,INVALID_OR_ZERO_UNIT_PRICE,2026-09-07T10:19:27.317099
full_historical_baseline,580383,20652,check,-37,0.0,,United Kingdom,INVALID_OR_ZERO_UNIT_PRICE,2026-09-07T10:19:27.317099
full_historical_baseline,580390,21888,Amazon,1,0.0,,United Kingdom,INVALID_OR_ZERO_UNIT_PRICE,2026-09-07T10:19:27.317099
full_historical_baseline,580391,21868,Amazon,1,0.0,,United Kingdom,INVALID_OR_ZERO_UNIT_PRICE,2026-09-07T10:19:27.317099
full_historical_baseline,580546,23406,CHECK,-21,0.0,,United Kingdom,INVALID_OR_ZERO_UNIT_PRICE,2026-09-07T10:19:27.317099
full_historical_baseline,580547,21201,???,-390,0.0,,United Kingdom,INVALID_OR_ZERO_UNIT_PRICE,2026-09-07T10:19:27.317099
full_historical_baseline,580549,84876B,found,66,0.0,,United Kingdom,INVALID_OR_ZERO_UNIT_PRICE,2026-09-07T10:19:27.317099
full_historical_baseline,580561,22043,dotcom,-9,0.0,,United Kingdom,INVALID_OR_ZERO_UNIT_PRICE,2026-09-07T10:19:27.317099
full_historical_baseline,580580,21804,,10,0.0,,United Kingdom,INVALID_OR_ZERO_UNIT_PRICE,2026-09-07T10:19:27.317099
full_historical_baseline,580586,21804,dotcom,4,0.0,,United Kingdom,INVALID_OR_ZERO_UNIT_PRICE,2026-09-07T10:19:27.317099
full_historical_baseline,580588,21808,,5,0.0,,United Kingdom,INVALID_OR_ZERO_UNIT_PRICE,2026-09-07T10:19:27.317099
full_historical_baseline,580609,22927,Amazon,1,0.0,,United Kingdom,INVALID_OR_ZERO_UNIT_PRICE,2026-09-07T10:19:27.317099
full_historical_baseline,580743,47591B,,1,0.0,,United Kingdom,INVALID_OR_ZERO_UNIT_PRICE,2026-09-07T10:19:27.317099
full_historical_baseline,580990,21109,wet,-48,0.0,,United Kingdom,INVALID_OR_ZERO_UNIT_PRICE,2026-09-07T10:19:27.317099
full_historical_baseline,580991,22481,wet boxes,-288,0.0,,United Kingdom,INVALID_OR_ZERO_UNIT_PRICE,2026-09-07T10:19:27.317099
full_historical_baseline,581102,21803,,20,0.0,,United Kingdom,INVALID_OR_ZERO_UNIT_PRICE,2026-09-07T10:19:27.317099
full_historical_baseline,581103,22689,,4,0.0,,United Kingdom,INVALID_OR_ZERO_UNIT_PRICE,2026-09-07T10:19:27.317099
full_historical_baseline,581190,84801A,check,-102,0.0,,United Kingdom,INVALID_OR_ZERO_UNIT_PRICE,2026-09-07T10:19:27.317099
full_historical_baseline,581198,22025,check,-30,0.0,,United Kingdom,INVALID_OR_ZERO_UNIT_PRICE,2026-09-07T10:19:27.317099
full_historical_baseline,581199,84581,,-2,0.0,,United Kingdom,INVALID_OR_ZERO_UNIT_PRICE,2026-09-07T10:19:27.317099
full_historical_baseline,581200,84508C,check,-21,0.0,,United Kingdom,INVALID_OR_ZERO_UNIT_PRICE,2026-09-07T10:19:27.317099
full_historical_baseline,581201,22217,damages?,-155,0.0,,United Kingdom,INVALID_OR_ZERO_UNIT_PRICE,2026-09-07T10:19:27.317099
full_historical_baseline,581202,23404,check,41,0.0,,United Kingdom,INVALID_OR_ZERO_UNIT_PRICE,2026-09-07T10:19:27.317099
full_historical_baseline,581203,23406,,15,0.0,,United Kingdom,INVALID_OR_ZERO_UNIT_PRICE,2026-09-07T10:19:27.317099
full_historical_baseline,581204,85104,????damages????,-355,0.0,,United Kingdom,INVALID_OR_ZERO_UNIT_PRICE,2026-09-07T10:19:27.317099
full_historical_baseline,581205,20893,damages,-55,0.0,,United Kingdom,INVALID_OR_ZERO_UNIT_PRICE,2026-09-07T10:19:27.317099
full_historical_baseline,581206,21693,mixed up,-87,0.0,,United Kingdom,INVALID_OR_ZERO_UNIT_PRICE,2026-09-07T10:19:27.317099
full_historical_baseline,581207,21688,mixed up,-337,0.0,,United Kingdom,INVALID_OR_ZERO_UNIT_PRICE,2026-09-07T10:19:27.317099
full_historical_baseline,581208,72801C,check,-10,0.0,,United Kingdom,INVALID_OR_ZERO_UNIT_PRICE,2026-09-07T10:19:27.317099
full_historical_baseline,581209,21620,,6,0.0,,United Kingdom,INVALID_OR_ZERO_UNIT_PRICE,2026-09-07T10:19:27.317099
full_historical_baseline,581210,23395,check,-26,0.0,,United Kingdom,INVALID_OR_ZERO_UNIT_PRICE,2026-09-07T10:19:27.317099
full_historical_baseline,581211,22142,check,14,0.0,,United Kingdom,INVALID_OR_ZERO_UNIT_PRICE,2026-09-07T10:19:27.317099
full_historical_baseline,581212,22578,lost,-1050,0.0,,United Kingdom,INVALID_OR_ZERO_UNIT_PRICE,2026-09-07T10:19:27.317099
full_historical_baseline,581213,22576,check,-30,0.0,,United Kingdom,INVALID_OR_ZERO_UNIT_PRICE,2026-09-07T10:19:27.317099
full_historical_baseline,581226,23090,missing,-338,0.0,,United Kingdom,INVALID_OR_ZERO_UNIT_PRICE,2026-09-07T10:19:27.317099
full_historical_baseline,581234,72817,,27,0.0,,United Kingdom,INVALID_OR_ZERO_UNIT_PRICE,2026-09-07T10:19:27.317099
full_historical_baseline,581406,46000M,POLYESTER FILLER PAD 45x45cm,240,0.0,,United Kingdom,INVALID_OR_ZERO_UNIT_PRICE,2026-09-07T10:19:27.317099
full_historical_baseline,581406,46000S,POLYESTER FILLER PAD 40x40cm,300,0.0,,United Kingdom,INVALID_OR_ZERO_UNIT_PRICE,2026-09-07T10:19:27.317099
full_historical_baseline,581408,85175,,20,0.0,,United Kingdom,INVALID_OR_ZERO_UNIT_PRICE,2026-09-07T10:19:27.317099
full_historical_baseline,581422,23169,smashed,-235,0.0,,United Kingdom,INVALID_OR_ZERO_UNIT_PRICE,2026-09-07T10:19:27.317099
full_historical_baseline,581483,23843,"PAPER CRAFT , LITTLE BIRDIE",80995,2.08,16446.0,United Kingdom,INVALID_OR_ZERO_QUANTITY,2026-09-07T10:19:27.317099
full_historical_baseline,C581484,23843,"PAPER CRAFT , LITTLE BIRDIE",-80995,2.08,16446.0,United Kingdom,INVALID_OR_ZERO_QUANTITY,2026-09-07T10:19:27.317099
full_historical_baseline,536414,22139,,56,0.0,,United Kingdom,INVALID_OR_ZERO_UNIT_PRICE,2026-09-07T10:20:38.157074
full_historical_baseline,536545,21134,,1,0.0,,United Kingdom,INVALID_OR_ZERO_UNIT_PRICE,2026-09-07T10:20:38.157074
full_historical_baseline,536546,22145,,1,0.0,,United Kingdom,INVALID_OR_ZERO_UNIT_PRICE,2026-09-07T10:20:38.157074
full_historical_baseline,536547,37509,,1,0.0,,United Kingdom,INVALID_OR_ZERO_UNIT_PRICE,2026-09-07T10:20:38.157074
full_historical_baseline,536549,85226A,,1,0.0,,United Kingdom,INVALID_OR_ZERO_UNIT_PRICE,2026-09-07T10:20:38.157074
full_historical_baseline,536550,85044,,1,0.0,,United Kingdom,INVALID_OR_ZERO_UNIT_PRICE,2026-09-07T10:20:38.157074
full_historical_baseline,536552,20950,,1,0.0,,United Kingdom,INVALID_OR_ZERO_UNIT_PRICE,2026-09-07T10:20:38.157074
full_historical_baseline,536553,37461,,3,0.0,,United Kingdom,INVALID_OR_ZERO_UNIT_PRICE,2026-09-07T10:20:38.157074
full_historical_baseline,536554,84670,,23,0.0,,United Kingdom,INVALID_OR_ZERO_UNIT_PRICE,2026-09-07T10:20:38.157074
full_historical_baseline,536589,21777,,-10,0.0,,United Kingdom,INVALID_OR_ZERO_UNIT_PRICE,2026-09-07T10:20:38.157074
full_historical_baseline,536764,84952C,,-38,0.0,,United Kingdom,INVALID_OR_ZERO_UNIT_PRICE,2026-09-07T10:20:38.157074
full_historical_baseline,536765,84952C,,19,0.0,,United Kingdom,INVALID_OR_ZERO_UNIT_PRICE,2026-09-07T10:20:38.157074
full_historical_baseline,536941,22734,amazon,20,0.0,,United Kingdom,INVALID_OR_ZERO_UNIT_PRICE,2026-09-07T10:20:38.157074
full_historical_baseline,536942,22139,amazon,15,0.0,,United Kingdom,INVALID_OR_ZERO_UNIT_PRICE,2026-09-07T10:20:38.157074
full_historical_baseline,536995,35951,,57,0.0,,United Kingdom,INVALID_OR_ZERO_UNIT_PRICE,2026-09-07T10:20:38.157074
full_historical_baseline,536996,22712,,-20,0.0,,United Kingdom,INVALID_OR_ZERO_UNIT_PRICE,2026-09-07T10:20:38.157074
full_historical_baseline,536997,22028,,-20,0.0,,United Kingdom,INVALID_OR_ZERO_UNIT_PRICE,2026-09-07T10:20:38.157074
full_historical_baseline,536998,85067,,-6,0.0,,United Kingdom,INVALID_OR_ZERO_UNIT_PRICE,2026-09-07T10:20:38.157074
full_historical_baseline,536999,21421,,110,0.0,,United Kingdom,INVALID_OR_ZERO_UNIT_PRICE,2026-09-07T10:20:38.157074
full_historical_baseline,537000,21414,,-22,0.0,,United Kingdom,INVALID_OR_ZERO_UNIT_PRICE,2026-09-07T10:20:38.157074
full_historical_baseline,537001,21653,,-6,0.0,,United Kingdom,INVALID_OR_ZERO_UNIT_PRICE,2026-09-07T10:20:38.157074
full_historical_baseline,537002,21651,,70,0.0,,United Kingdom,INVALID_OR_ZERO_UNIT_PRICE,2026-09-07T10:20:38.157074
full_historical_baseline,537003,85126,,-2,0.0,,United Kingdom,INVALID_OR_ZERO_UNIT_PRICE,2026-09-07T10:20:38.157074
full_historical_baseline,537004,21814,,-30,0.0,,United Kingdom,INVALID_OR_ZERO_UNIT_PRICE,2026-09-07T10:20:38.157074
full_historical_baseline,537005,21692,,-70,0.0,,United Kingdom,INVALID_OR_ZERO_UNIT_PRICE,2026-09-07T10:20:38.157074
full_historical_baseline,537006,21648,,-130,0.0,,United Kingdom,INVALID_OR_ZERO_UNIT_PRICE,2026-09-07T10:20:38.157074
full_historical_baseline,537007,21172,,-80,0.0,,United Kingdom,INVALID_OR_ZERO_UNIT_PRICE,2026-09-07T10:20:38.157074
full_historical_baseline,537008,21161,,-120,0.0,,United Kingdom,INVALID_OR_ZERO_UNIT_PRICE,2026-09-07T10:20:38.157074
full_historical_baseline,537009,84534B,,-80,0.0,,United Kingdom,INVALID_OR_ZERO_UNIT_PRICE,2026-09-07T10:20:38.157074
full_historical_baseline,537010,22162,,-40,0.0,,United Kingdom,INVALID_OR_ZERO_UNIT_PRICE,2026-09-07T10:20:38.157074
full_historical_baseline,537011,22139,,-5,0.0,,United Kingdom,INVALID_OR_ZERO_UNIT_PRICE,2026-09-07T10:20:38.157074
full_historical_baseline,537012,21535,,-12,0.0,,United Kingdom,INVALID_OR_ZERO_UNIT_PRICE,2026-09-07T10:20:38.157074
full_historical_baseline,537013,35965,,-25,0.0,,United Kingdom,INVALID_OR_ZERO_UNIT_PRICE,2026-09-07T10:20:38.157074
full_historical_baseline,537014,21040,,-20,0.0,,United Kingdom,INVALID_OR_ZERO_UNIT_PRICE,2026-09-07T10:20:38.157074
full_historical_baseline,537015,37464,,-14,0.0,,United Kingdom,INVALID_OR_ZERO_UNIT_PRICE,2026-09-07T10:20:38.157074
full_historical_baseline,537016,21836,,-15,0.0,,United Kingdom,INVALID_OR_ZERO_UNIT_PRICE,2026-09-07T10:20:38.157074
full_historical_baseline,537017,47556B,,-69,0.0,,United Kingdom,INVALID_OR_ZERO_UNIT_PRICE,2026-09-07T10:20:38.157074
full_historical_baseline,537018,84562A,,-3,0.0,,United Kingdom,INVALID_OR_ZERO_UNIT_PRICE,2026-09-07T10:20:38.157074
full_historical_baseline,537019,37474,,-15,0.0,,United Kingdom,INVALID_OR_ZERO_UNIT_PRICE,2026-09-07T10:20:38.157074
full_historical_baseline,537020,21807,,-30,0.0,,United Kingdom,INVALID_OR_ZERO_UNIT_PRICE,2026-09-07T10:20:38.157074
full_historical_baseline,537021,21011,,-20,0.0,,United Kingdom,INVALID_OR_ZERO_UNIT_PRICE,2026-09-07T10:20:38.157074
full_historical_baseline,537027,18098C,,-140,0.0,,United Kingdom,INVALID_OR_ZERO_UNIT_PRICE,2026-09-07T10:20:38.157074
full_historical_baseline,537028,21696,,-320,0.0,,United Kingdom,INVALID_OR_ZERO_UNIT_PRICE,2026-09-07T10:20:38.157074
full_historical_baseline,537029,37476,,-6,0.0,,United Kingdom,INVALID_OR_ZERO_UNIT_PRICE,2026-09-07T10:20:38.157074
full_historical_baseline,537032,21275,?,-30,0.0,,United Kingdom,INVALID_OR_ZERO_UNIT_PRICE,2026-09-07T10:20:38.157074
full_historical_baseline,537197,22841,ROUND CAKE TIN VINTAGE GREEN,1,0.0,12647.0,Germany,INVALID_OR_ZERO_UNIT_PRICE,2026-09-07T10:20:38.157074
full_historical_baseline,537361,21777,,5,0.0,,United Kingdom,INVALID_OR_ZERO_UNIT_PRICE,2026-09-07T10:20:38.157074
full_historical_baseline,537363,84569B,,-20,0.0,,United Kingdom,INVALID_OR_ZERO_UNIT_PRICE,2026-09-07T10:20:38.157074
full_historical_baseline,537364,21027,,-70,0.0,,United Kingdom,INVALID_OR_ZERO_UNIT_PRICE,2026-09-07T10:20:38.157074
full_historical_baseline,537401,84898F,,-24,0.0,,United Kingdom,INVALID_OR_ZERO_UNIT_PRICE,2026-09-07T10:20:38.157074
full_historical_baseline,537425,84968F,check,-20,0.0,,United Kingdom,INVALID_OR_ZERO_UNIT_PRICE,2026-09-07T10:20:38.157074
full_historical_baseline,537426,84968E,check,-35,0.0,,United Kingdom,INVALID_OR_ZERO_UNIT_PRICE,2026-09-07T10:20:38.157074
full_historical_baseline,537427,84968B,,-21,0.0,,United Kingdom,INVALID_OR_ZERO_UNIT_PRICE,2026-09-07T10:20:38.157074
full_historical_baseline,537430,85215,,120,0.0,,United Kingdom,INVALID_OR_ZERO_UNIT_PRICE,2026-09-07T10:20:38.157074
full_historical_baseline,537432,35833G,damages,-43,0.0,,United Kingdom,INVALID_OR_ZERO_UNIT_PRICE,2026-09-07T10:20:38.157074
full_historical_baseline,537436,84270,,7,0.0,,United Kingdom,INVALID_OR_ZERO_UNIT_PRICE,2026-09-07T10:20:38.157074
full_historical_baseline,537437,90167,,10,0.0,,United Kingdom,INVALID_OR_ZERO_UNIT_PRICE,2026-09-07T10:20:38.157074
full_historical_baseline,537438,22959,,13,0.0,,United Kingdom,INVALID_OR_ZERO_UNIT_PRICE,2026-09-07T10:20:38.157074
full_historical_baseline,537439,37474,,1,0.0,,United Kingdom,INVALID_OR_ZERO_UNIT_PRICE,2026-09-07T10:20:38.157074
full_historical_baseline,537449,21054,,-30,0.0,,United Kingdom,INVALID_OR_ZERO_UNIT_PRICE,2026-09-07T10:20:38.157074
full_historical_baseline,537450,20684,,-19,0.0,,United Kingdom,INVALID_OR_ZERO_UNIT_PRICE,2026-09-07T10:20:38.157074
full_historical_baseline,537451,84881,,-11,0.0,,United Kingdom,INVALID_OR_ZERO_UNIT_PRICE,2026-09-07T10:20:38.157074
full_historical_baseline,537452,20941,,-24,0.0,,United Kingdom,INVALID_OR_ZERO_UNIT_PRICE,2026-09-07T10:20:38.157074
full_historical_baseline,537453,21248,,-18,0.0,,United Kingdom,INVALID_OR_ZERO_UNIT_PRICE,2026-09-07T10:20:38.157074
full_historical_baseline,537454,21349,,-44,0.0,,United Kingdom,INVALID_OR_ZERO_UNIT_PRICE,2026-09-07T10:20:38.157074
full_historical_baseline,537455,22155,,-70,0.0,,United Kingdom,INVALID_OR_ZERO_UNIT_PRICE,2026-09-07T10:20:38.157074
full_historical_baseline,537466,21488,,-50,0.0,,United Kingdom,INVALID_OR_ZERO_UNIT_PRICE,2026-09-07T10:20:38.157074
full_historical_baseline,537534,85064,CREAM SWEETHEART LETTER RACK,1,0.0,,United Kingdom,INVALID_OR_ZERO_UNIT_PRICE,2026-09-07T10:20:38.157074
full_historical_baseline,537534,84832,ZINC WILLIE WINKIE  CANDLE STICK,1,0.0,,United Kingdom,INVALID_OR_ZERO_UNIT_PRICE,2026-09-07T10:20:38.157074
full_historical_baseline,537534,84692,BOX OF 24 COCKTAIL PARASOLS,2,0.0,,United Kingdom,INVALID_OR_ZERO_UNIT_PRICE,2026-09-07T10:20:38.157074
full_historical_baseline,537534,48184,DOORMAT ENGLISH ROSE ,3,0.0,,United Kingdom,INVALID_OR_ZERO_UNIT_PRICE,2026-09-07T10:20:38.157074
full_historical_baseline,537534,48111,DOORMAT 3 SMILEY CATS,1,0.0,,United Kingdom,INVALID_OR_ZERO_UNIT_PRICE,2026-09-07T10:20:38.157074
full_historical_baseline,537534,22697,GREEN REGENCY TEACUP AND SAUCER,1,0.0,,United Kingdom,INVALID_OR_ZERO_UNIT_PRICE,2026-09-07T10:20:38.157074
full_historical_baseline,537534,22682,FRENCH BLUE METAL DOOR SIGN 7,1,0.0,,United Kingdom,INVALID_OR_ZERO_UNIT_PRICE,2026-09-07T10:20:38.157074
full_historical_baseline,537534,22680,FRENCH BLUE METAL DOOR SIGN 5,1,0.0,,United Kingdom,INVALID_OR_ZERO_UNIT_PRICE,2026-09-07T10:20:38.157074
full_historical_baseline,537534,22681,FRENCH BLUE METAL DOOR SIGN 6,2,0.0,,United Kingdom,INVALID_OR_ZERO_UNIT_PRICE,2026-09-07T10:20:38.157074
full_historical_baseline,537534,22679,FRENCH BLUE METAL DOOR SIGN 4,5,0.0,,United Kingdom,INVALID_OR_ZERO_UNIT_PRICE,2026-09-07T10:20:38.157074
full_historical_baseline,537534,22686,FRENCH BLUE METAL DOOR SIGN No,2,0.0,,United Kingdom,INVALID_OR_ZERO_UNIT_PRICE,2026-09-07T10:20:38.157074
full_historical_baseline,537534,22683,FRENCH BLUE METAL DOOR SIGN 8,3,0.0,,United Kingdom,INVALID_OR_ZERO_UNIT_PRICE,2026-09-07T10:20:38.157074
full_historical_baseline,537534,22676,FRENCH BLUE METAL DOOR SIGN 1,3,0.0,,United Kingdom,INVALID_OR_ZERO_UNIT_PRICE,2026-09-07T10:20:38.157074
full_historical_baseline,537534,22625,RED KITCHEN SCALES,1,0.0,,United Kingdom,INVALID_OR_ZERO_UNIT_PRICE,2026-09-07T10:20:38.157074
full_historical_baseline,537534,22624,IVORY KITCHEN SCALES,3,0.0,,United Kingdom,INVALID_OR_ZERO_UNIT_PRICE,2026-09-07T10:20:38.157074
full_historical_baseline,537534,22619,SET OF 6 SOLDIER SKITTLES,1,0.0,,United Kingdom,INVALID_OR_ZERO_UNIT_PRICE,2026-09-07T10:20:38.157074
full_historical_baseline,537534,22520,CHILDS GARDEN TROWEL BLUE ,1,0.0,,United Kingdom,INVALID_OR_ZERO_UNIT_PRICE,2026-09-07T10:20:38.157074
full_historical_baseline,537534,22524,CHILDRENS GARDEN GLOVES BLUE,3,0.0,,United Kingdom,INVALID_OR_ZERO_UNIT_PRICE,2026-09-07T10:20:38.157074
full_historical_baseline,537534,22502,PICNIC BASKET WICKER SMALL,29,0.0,,United Kingdom,INVALID_OR_ZERO_UNIT_PRICE,2026-09-07T10:20:38.157074
full_historical_baseline,537534,22501,PICNIC BASKET WICKER LARGE,2,0.0,,United Kingdom,INVALID_OR_ZERO_UNIT_PRICE,2026-09-07T10:20:38.157074
full_historical_baseline,537534,22476,EMPIRE UNION JACK TV DINNER TRAY,1,0.0,,United Kingdom,INVALID_OR_ZERO_UNIT_PRICE,2026-09-07T10:20:38.157074
full_historical_baseline,537534,22473,TV DINNER TRAY VINTAGE PAISLEY,1,0.0,,United Kingdom,INVALID_OR_ZERO_UNIT_PRICE,2026-09-07T10:20:38.157074
full_historical_baseline,537534,22474,SPACEBOY TV DINNER TRAY,1,0.0,,United Kingdom,INVALID_OR_ZERO_UNIT_PRICE,2026-09-07T10:20:38.157074
full_historical_baseline,537534,22472,TV DINNER TRAY DOLLY GIRL,1,0.0,,United Kingdom,INVALID_OR_ZERO_UNIT_PRICE,2026-09-07T10:20:38.157074
full_historical_baseline,537534,22520,CHILDS GARDEN TROWEL BLUE ,1,0.0,,United Kingdom,INVALID_OR_ZERO_UNIT_PRICE,2026-09-07T10:20:38.157074
full_historical_baseline,537534,22514,CHILDS GARDEN SPADE BLUE,1,0.0,,United Kingdom,INVALID_OR_ZERO_UNIT_PRICE,2026-09-07T10:20:38.157074
full_historical_baseline,537534,22516,CHILDS GARDEN RAKE BLUE,1,0.0,,United Kingdom,INVALID_OR_ZERO_UNIT_PRICE,2026-09-07T10:20:38.157074
full_historical_baseline,537534,22432,WATERING CAN PINK BUNNY,1,0.0,,United Kingdom,INVALID_OR_ZERO_UNIT_PRICE,2026-09-07T10:20:38.157074
full_historical_baseline,537534,22428,ENAMEL FIRE BUCKET CREAM,3,0.0,,United Kingdom,INVALID_OR_ZERO_UNIT_PRICE,2026-09-07T10:20:38.157074
full_historical_baseline,537534,22427,ENAMEL FLOWER JUG CREAM,1,0.0,,United Kingdom,INVALID_OR_ZERO_UNIT_PRICE,2026-09-07T10:20:38.157074
full_historical_baseline,537534,22376,AIRLINE BAG VINTAGE JET SET WHITE,1,0.0,,United Kingdom,INVALID_OR_ZERO_UNIT_PRICE,2026-09-07T10:20:38.157074
full_historical_baseline,537534,22375,AIRLINE BAG VINTAGE JET SET BROWN,1,0.0,,United Kingdom,INVALID_OR_ZERO_UNIT_PRICE,2026-09-07T10:20:38.157074
full_historical_baseline,537534,22372,AIRLINE BAG VINTAGE WORLD CHAMPION ,1,0.0,,United Kingdom,INVALID_OR_ZERO_UNIT_PRICE,2026-09-07T10:20:38.157074
full_historical_baseline,537534,22371,AIRLINE BAG VINTAGE TOKYO 78,5,0.0,,United Kingdom,INVALID_OR_ZERO_UNIT_PRICE,2026-09-07T10:20:38.157074
full_historical_baseline,537534,22620,4 TRADITIONAL SPINNING TOPS,1,0.0,,United Kingdom,INVALID_OR_ZERO_UNIT_PRICE,2026-09-07T10:20:38.157074
full_historical_baseline,537534,22624,IVORY KITCHEN SCALES,1,0.0,,United Kingdom,INVALID_OR_ZERO_UNIT_PRICE,2026-09-07T10:20:38.157074
full_historical_baseline,537534,22109,FULL ENGLISH BREAKFAST PLATE,1,0.0,,United Kingdom,INVALID_OR_ZERO_UNIT_PRICE,2026-09-07T10:20:38.157074
full_historical_baseline,537534,22367,CHILDRENS APRON SPACEBOY DESIGN,1,0.0,,United Kingdom,INVALID_OR_ZERO_UNIT_PRICE,2026-09-07T10:20:38.157074
full_historical_baseline,537534,22366,DOORMAT AIRMAIL ,1,0.0,,United Kingdom,INVALID_OR_ZERO_UNIT_PRICE,2026-09-07T10:20:38.157074
full_historical_baseline,537534,22364,GLASS JAR DIGESTIVE BISCUITS,1,0.0,,United Kingdom,INVALID_OR_ZERO_UNIT_PRICE,2026-09-07T10:20:38.157074
full_historical_baseline,537534,22362,GLASS JAR PEACOCK BATH SALTS,3,0.0,,United Kingdom,INVALID_OR_ZERO_UNIT_PRICE,2026-09-07T10:20:38.157074
full_historical_baseline,537534,22360,GLASS JAR ENGLISH CONFECTIONERY,1,0.0,,United Kingdom,INVALID_OR_ZERO_UNIT_PRICE,2026-09-07T10:20:38.157074
full_historical_baseline,537534,22361,GLASS JAR DAISY FRESH COTTON WOOL,2,0.0,,United Kingdom,INVALID_OR_ZERO_UNIT_PRICE,2026-09-07T10:20:38.157074
full_historical_baseline,537534,22359,GLASS JAR KINGS CHOICE,1,0.0,,United Kingdom,INVALID_OR_ZERO_UNIT_PRICE,2026-09-07T10:20:38.157074
full_historical_baseline,537534,22353,LUNCH BOX WITH CUTLERY FAIRY CAKES ,1,0.0,,United Kingdom,INVALID_OR_ZERO_UNIT_PRICE,2026-09-07T10:20:38.157074
full_historical_baseline,537534,22350,ILLUSTRATED CAT BOWL ,1,0.0,,United Kingdom,INVALID_OR_ZERO_UNIT_PRICE,2026-09-07T10:20:38.157074
full_historical_baseline,537534,22327,ROUND SNACK BOXES SET OF 4 SKULLS,1,0.0,,United Kingdom,INVALID_OR_ZERO_UNIT_PRICE,2026-09-07T10:20:38.157074
full_historical_baseline,537534,21116,OWL DOORSTOP,1,0.0,,United Kingdom,INVALID_OR_ZERO_UNIT_PRICE,2026-09-07T10:20:38.157074
full_historical_baseline,537534,22202,MILK PAN PINK POLKADOT,2,0.0,,United Kingdom,INVALID_OR_ZERO_UNIT_PRICE,2026-09-07T10:20:38.157074
full_historical_baseline,537534,22550,HOLIDAY FUN LUDO,1,0.0,,United Kingdom,INVALID_OR_ZERO_UNIT_PRICE,2026-09-07T10:20:38.157074
full_historical_baseline,537534,21912,VINTAGE SNAKES & LADDERS,1,0.0,,United Kingdom,INVALID_OR_ZERO_UNIT_PRICE,2026-09-07T10:20:38.157074
full_historical_baseline,537534,21891,TRADITIONAL WOODEN SKIPPING ROPE,1,0.0,,United Kingdom,INVALID_OR_ZERO_UNIT_PRICE,2026-09-07T10:20:38.157074
full_historical_baseline,537534,21559,STRAWBERRY LUNCH BOX WITH CUTLERY,1,0.0,,United Kingdom,INVALID_OR_ZERO_UNIT_PRICE,2026-09-07T10:20:38.157074
full_historical_baseline,537534,21531,RED RETROSPOT SUGAR JAM BOWL,2,0.0,,United Kingdom,INVALID_OR_ZERO_UNIT_PRICE,2026-09-07T10:20:38.157074
full_historical_baseline,537534,20726,LUNCH BAG WOODLAND,1,0.0,,United Kingdom,INVALID_OR_ZERO_UNIT_PRICE,2026-09-07T10:20:38.157074
full_historical_baseline,537534,20652,BLUE POLKADOT LUGGAGE TAG ,1,0.0,,United Kingdom,INVALID_OR_ZERO_UNIT_PRICE,2026-09-07T10:20:38.157074
full_historical_baseline,537534,20615,BLUE POLKADOT PASSPORT COVER,1,0.0,,United Kingdom,INVALID_OR_ZERO_UNIT_PRICE,2026-09-07T10:20:38.157074
full_historical_baseline,537639,22734,amazon,30,0.0,,United Kingdom,INVALID_OR_ZERO_UNIT_PRICE,2026-09-07T10:20:38.157074
full_historical_baseline,537640,21232,STRAWBERRY CERAMIC TRINKET BOX,1,0.0,,United Kingdom,INVALID_OR_ZERO_UNIT_PRICE,2026-09-07T10:20:38.157074
full_historical_baseline,537687,84840,,-9,0.0,,United Kingdom,INVALID_OR_ZERO_UNIT_PRICE,2026-09-07T10:20:38.157074
full_historical_baseline,537870,21486,,-77,0.0,,United Kingdom,INVALID_OR_ZERO_UNIT_PRICE,2026-09-07T10:20:38.157074
full_historical_baseline,537872,21595,,1,0.0,,United Kingdom,INVALID_OR_ZERO_UNIT_PRICE,2026-09-07T10:20:38.157074
full_historical_baseline,537873,37461,,1,0.0,,United Kingdom,INVALID_OR_ZERO_UNIT_PRICE,2026-09-07T10:20:38.157074
full_historical_baseline,537874,85170A,,1,0.0,,United Kingdom,INVALID_OR_ZERO_UNIT_PRICE,2026-09-07T10:20:38.157074
full_historical_baseline,537875,20849,,1,0.0,,United Kingdom,INVALID_OR_ZERO_UNIT_PRICE,2026-09-07T10:20:38.157074
full_historical_baseline,537876,84977,,2,0.0,,United Kingdom,INVALID_OR_ZERO_UNIT_PRICE,2026-09-07T10:20:38.157074
full_historical_baseline,537877,21661,,1,0.0,,United Kingdom,INVALID_OR_ZERO_UNIT_PRICE,2026-09-07T10:20:38.157074
full_historical_baseline,537878,72803B,,1,0.0,,United Kingdom,INVALID_OR_ZERO_UNIT_PRICE,2026-09-07T10:20:38.157074
full_historical_baseline,537999,22034,,-223,0.0,,United Kingdom,INVALID_OR_ZERO_UNIT_PRICE,2026-09-07T10:20:38.157074
full_historical_baseline,538001,35958,,10,0.0,,United Kingdom,INVALID_OR_ZERO_UNIT_PRICE,2026-09-07T10:20:38.157074
full_historical_baseline,538004,22114,,144,0.0,,United Kingdom,INVALID_OR_ZERO_UNIT_PRICE,2026-09-07T10:20:38.157074
full_historical_baseline,538036,21690,,34,0.0,,United Kingdom,INVALID_OR_ZERO_UNIT_PRICE,2026-09-07T10:20:38.157074
full_historical_baseline,538038,21488,,8,0.0,,United Kingdom,INVALID_OR_ZERO_UNIT_PRICE,2026-09-07T10:20:38.157074
full_historical_baseline,538039,22139,,7,0.0,,United Kingdom,INVALID_OR_ZERO_UNIT_PRICE,2026-09-07T10:20:38.157074
full_historical_baseline,538041,22145,,30,0.0,,United Kingdom,INVALID_OR_ZERO_UNIT_PRICE,2026-09-07T10:20:38.157074
full_historical_baseline,538042,21763,,-4,0.0,,United Kingdom,INVALID_OR_ZERO_UNIT_PRICE,2026-09-07T10:20:38.157074
full_historical_baseline,538043,22833,,-1,0.0,,United Kingdom,INVALID_OR_ZERO_UNIT_PRICE,2026-09-07T10:20:38.157074
full_historical_baseline,538045,84688,,27,0.0,,United Kingdom,INVALID_OR_ZERO_UNIT_PRICE,2026-09-07T10:20:38.157074
full_historical_baseline,538046,85008,,-15,0.0,,United Kingdom,INVALID_OR_ZERO_UNIT_PRICE,2026-09-07T10:20:38.157074
full_historical_baseline,538047,21429,,-70,0.0,,United Kingdom,INVALID_OR_ZERO_UNIT_PRICE,2026-09-07T10:20:38.157074
full_historical_baseline,538054,85167B,,-24,0.0,,United Kingdom,INVALID_OR_ZERO_UNIT_PRICE,2026-09-07T10:20:38.157074
full_historical_baseline,538055,22454,,-20,0.0,,United Kingdom,INVALID_OR_ZERO_UNIT_PRICE,2026-09-07T10:20:38.157074
full_historical_baseline,538058,20966,,-150,0.0,,United Kingdom,INVALID_OR_ZERO_UNIT_PRICE,2026-09-07T10:20:38.157074
full_historical_baseline,538061,21801,,-38,0.0,,United Kingdom,INVALID_OR_ZERO_UNIT_PRICE,2026-09-07T10:20:38.157074
full_historical_baseline,538071,22585,PACK OF 6 BIRDY GIFT TAGS,1,0.0,,United Kingdom,INVALID_OR_ZERO_UNIT_PRICE,2026-09-07T10:20:38.157074
full_historical_baseline,538072,22423,faulty,-13,0.0,,United Kingdom,INVALID_OR_ZERO_UNIT_PRICE,2026-09-07T10:20:38.157074
full_historical_baseline,538074,21743,,-80,0.0,,United Kingdom,INVALID_OR_ZERO_UNIT_PRICE,2026-09-07T10:20:38.157074
full_historical_baseline,538090,20956,?,-723,0.0,,United Kingdom,INVALID_OR_ZERO_UNIT_PRICE,2026-09-07T10:20:38.157074
full_historical_baseline,538092,37467,,-177,0.0,,United Kingdom,INVALID_OR_ZERO_UNIT_PRICE,2026-09-07T10:20:38.157074
full_historical_baseline,538128,21357,,46,0.0,,United Kingdom,INVALID_OR_ZERO_UNIT_PRICE,2026-09-07T10:20:38.157074
full_historical_baseline,538129,84497,,79,0.0,,United Kingdom,INVALID_OR_ZERO_UNIT_PRICE,2026-09-07T10:20:38.157074
full_historical_baseline,538130,90042C,,10,0.0,,United Kingdom,INVALID_OR_ZERO_UNIT_PRICE,2026-09-07T10:20:38.157074
full_historical_baseline,538131,17091A,,84,0.0,,United Kingdom,INVALID_OR_ZERO_UNIT_PRICE,2026-09-07T10:20:38.157074
full_historical_baseline,538132,84773,,3,0.0,,United Kingdom,INVALID_OR_ZERO_UNIT_PRICE,2026-09-07T10:20:38.157074
full_historical_baseline,538133,85018C,,3,0.0,,United Kingdom,INVALID_OR_ZERO_UNIT_PRICE,2026-09-07T10:20:38.157074
full_historical_baseline,538134,20878,,2,0.0,,United Kingdom,INVALID_OR_ZERO_UNIT_PRICE,2026-09-07T10:20:38.157074
full_historical_baseline,538135,21186,,2,0.0,,United Kingdom,INVALID_OR_ZERO_UNIT_PRICE,2026-09-07T10:20:38.157074
full_historical_baseline,538136,37509,,2,0.0,,United Kingdom,INVALID_OR_ZERO_UNIT_PRICE,2026-09-07T10:20:38.157074
full_historical_baseline,538137,62095B,,2,0.0,,United Kingdom,INVALID_OR_ZERO_UNIT_PRICE,2026-09-07T10:20:38.157074
full_historical_baseline,538138,72814,,2,0.0,,United Kingdom,INVALID_OR_ZERO_UNIT_PRICE,2026-09-07T10:20:38.157074
full_historical_baseline,538139,84802A,,2,0.0,,United Kingdom,INVALID_OR_ZERO_UNIT_PRICE,2026-09-07T10:20:38.157074
full_historical_baseline,538140,90002D,,9,0.0,,United Kingdom,INVALID_OR_ZERO_UNIT_PRICE,2026-09-07T10:20:38.157074
full_historical_baseline,538141,22218,,2,0.0,,United Kingdom,INVALID_OR_ZERO_UNIT_PRICE,2026-09-07T10:20:38.157074
full_historical_baseline,538142,84247C,,1,0.0,,United Kingdom,INVALID_OR_ZERO_UNIT_PRICE,2026-09-07T10:20:38.157074
full_historical_baseline,538143,84534B,,1,0.0,,United Kingdom,INVALID_OR_ZERO_UNIT_PRICE,2026-09-07T10:20:38.157074
full_historical_baseline,538144,90042B,,1,0.0,,United Kingdom,INVALID_OR_ZERO_UNIT_PRICE,2026-09-07T10:20:38.157074
full_historical_baseline,538158,20892,,-32,0.0,,United Kingdom,INVALID_OR_ZERO_UNIT_PRICE,2026-09-07T10:20:38.157074
full_historical_baseline,538159,21324,,-18,0.0,,United Kingdom,INVALID_OR_ZERO_UNIT_PRICE,2026-09-07T10:20:38.157074
full_historical_baseline,538160,20956,,288,0.0,,United Kingdom,INVALID_OR_ZERO_UNIT_PRICE,2026-09-07T10:20:38.157074
full_historical_baseline,538161,46000S,Dotcom sales,-100,0.0,,United Kingdom,INVALID_OR_ZERO_UNIT_PRICE,2026-09-07T10:20:38.157074
full_historical_baseline,538162,46000M,Dotcom sales,-100,0.0,,United Kingdom,INVALID_OR_ZERO_UNIT_PRICE,2026-09-07T10:20:38.157074
full_historical_baseline,538173,22353,,-28,0.0,,United Kingdom,INVALID_OR_ZERO_UNIT_PRICE,2026-09-07T10:20:38.157074
full_historical_baseline,538241,21431,,-21,0.0,,United Kingdom,INVALID_OR_ZERO_UNIT_PRICE,2026-09-07T10:20:38.157074
full_historical_baseline,538247,79067,,-145,0.0,,United Kingdom,INVALID_OR_ZERO_UNIT_PRICE,2026-09-07T10:20:38.157074
full_historical_baseline,538249,85084,,25,0.0,,United Kingdom,INVALID_OR_ZERO_UNIT_PRICE,2026-09-07T10:20:38.157074
full_historical_baseline,538348,22734,amazon,30,0.0,,United Kingdom,INVALID_OR_ZERO_UNIT_PRICE,2026-09-07T10:20:38.157074
full_historical_baseline,538359,35958,,2,0.0,,United Kingdom,INVALID_OR_ZERO_UNIT_PRICE,2026-09-07T10:20:38.157074
full_historical_baseline,538360,35004P,,1,0.0,,United Kingdom,INVALID_OR_ZERO_UNIT_PRICE,2026-09-07T10:20:38.157074
full_historical_baseline,538837,85135B,,-40,0.0,,United Kingdom,INVALID_OR_ZERO_UNIT_PRICE,2026-09-07T10:20:38.157074
full_historical_baseline,538861,22444,,460,0.0,,United Kingdom,INVALID_OR_ZERO_UNIT_PRICE,2026-09-07T10:20:38.157074
full_historical_baseline,538873,22734,amazon sales,20,0.0,,United Kingdom,INVALID_OR_ZERO_UNIT_PRICE,2026-09-07T10:20:38.157074
full_historical_baseline,538877,21479,WHITE SKULL HOT WATER BOTTLE ,1,0.0,,United Kingdom,INVALID_OR_ZERO_UNIT_PRICE,2026-09-07T10:20:38.157074
full_historical_baseline,538877,22112,CHOCOLATE HOT WATER BOTTLE,1,0.0,,United Kingdom,INVALID_OR_ZERO_UNIT_PRICE,2026-09-07T10:20:38.157074
full_historical_baseline,538877,22356,CHARLOTTE BAG PINK POLKADOT,1,0.0,,United Kingdom,INVALID_OR_ZERO_UNIT_PRICE,2026-09-07T10:20:38.157074
full_historical_baseline,538906,21895,,-5,0.0,,United Kingdom,INVALID_OR_ZERO_UNIT_PRICE,2026-09-07T10:20:38.157074
full_historical_baseline,539263,22580,ADVENT CALENDAR GINGHAM SACK,4,0.0,16560.0,United Kingdom,INVALID_OR_ZERO_UNIT_PRICE,2026-09-07T10:20:38.157074
full_historical_baseline,539413,22959,,12,0.0,,United Kingdom,INVALID_OR_ZERO_UNIT_PRICE,2026-09-07T10:20:38.157074
full_historical_baseline,539494,21479,?,752,0.0,,United Kingdom,INVALID_OR_ZERO_UNIT_PRICE,2026-09-07T10:20:38.157074
full_historical_baseline,539495,22591,,36,0.0,,United Kingdom,INVALID_OR_ZERO_UNIT_PRICE,2026-09-07T10:20:38.157074
full_historical_baseline,539582,71477,,8,0.0,,United Kingdom,INVALID_OR_ZERO_UNIT_PRICE,2026-09-07T10:20:38.157074
full_historical_baseline,539583,35400,,1,0.0,,United Kingdom,INVALID_OR_ZERO_UNIT_PRICE,2026-09-07T10:20:38.157074
full_historical_baseline,539584,21491,,1,0.0,,United Kingdom,INVALID_OR_ZERO_UNIT_PRICE,2026-09-07T10:20:38.157074
full_historical_baseline,539585,21009,,1,0.0,,United Kingdom,INVALID_OR_ZERO_UNIT_PRICE,2026-09-07T10:20:38.157074
full_historical_baseline,539611,85135B,Found,53,0.0,,United Kingdom,INVALID_OR_ZERO_UNIT_PRICE,2026-09-07T10:20:38.157074
full_historical_baseline,539638,22139,,1,0.0,,United Kingdom,INVALID_OR_ZERO_UNIT_PRICE,2026-09-07T10:20:38.157074
full_historical_baseline,539722,22423,REGENCY CAKESTAND 3 TIER,10,0.0,14911.0,EIRE,INVALID_OR_ZERO_UNIT_PRICE,2026-09-07T10:20:38.157074
full_historical_baseline,539749,22734,,30,0.0,,United Kingdom,INVALID_OR_ZERO_UNIT_PRICE,2026-09-07T10:20:38.157074
full_historical_baseline,539750,22114,HOT WATER BOTTLE TEA AND SYMPATHY,1,0.0,,United Kingdom,INVALID_OR_ZERO_UNIT_PRICE,2026-09-07T10:20:38.157074
full_historical_baseline,539750,22652,TRAVEL SEWING KIT,1,0.0,,United Kingdom,INVALID_OR_ZERO_UNIT_PRICE,2026-09-07T10:20:38.157074
full_historical_baseline,539750,21080,SET/20 RED RETROSPOT PAPER NAPKINS ,2,0.0,,United Kingdom,INVALID_OR_ZERO_UNIT_PRICE,2026-09-07T10:20:38.157074
full_historical_baseline,539750,21481,FAWN BLUE HOT WATER BOTTLE,1,0.0,,United Kingdom,INVALID_OR_ZERO_UNIT_PRICE,2026-09-07T10:20:38.157074
full_historical_baseline,539856,22444,GROW YOUR OWN PLANT IN A CAN ,1,0.0,,United Kingdom,INVALID_OR_ZERO_UNIT_PRICE,2026-09-07T10:20:38.157074
full_historical_baseline,539856,20682,RED RETROSPOT CHILDRENS UMBRELLA,2,0.0,,United Kingdom,INVALID_OR_ZERO_UNIT_PRICE,2026-09-07T10:20:38.157074
full_historical_baseline,539856,20724,RED RETROSPOT CHARLOTTE BAG,2,0.0,,United Kingdom,INVALID_OR_ZERO_UNIT_PRICE,2026-09-07T10:20:38.157074
full_historical_baseline,539856,18098C,PORCELAIN BUTTERFLY OIL BURNER,2,0.0,,United Kingdom,INVALID_OR_ZERO_UNIT_PRICE,2026-09-07T10:20:38.157074
full_historical_baseline,539856,85123A,WHITE HANGING HEART T-LIGHT HOLDER,1,0.0,,United Kingdom,INVALID_OR_ZERO_UNIT_PRICE,2026-09-07T10:20:38.157074
full_historical_baseline,539856,84968E,SET OF 16 VINTAGE BLACK CUTLERY,1,0.0,,United Kingdom,INVALID_OR_ZERO_UNIT_PRICE,2026-09-07T10:20:38.157074
full_historical_baseline,539856,84872A,TEATIME FUNKY FLOWER BACKPACK FOR 2,2,0.0,,United Kingdom,INVALID_OR_ZERO_UNIT_PRICE,2026-09-07T10:20:38.157074
full_historical_baseline,539856,22518,CHILDS GARDEN BRUSH BLUE,1,0.0,,United Kingdom,INVALID_OR_ZERO_UNIT_PRICE,2026-09-07T10:20:38.157074
full_historical_baseline,539856,84692,BOX OF 24 COCKTAIL PARASOLS,2,0.0,,United Kingdom,INVALID_OR_ZERO_UNIT_PRICE,2026-09-07T10:20:38.157074
full_historical_baseline,539856,79321,CHILLI LIGHTS,1,0.0,,United Kingdom,INVALID_OR_ZERO_UNIT_PRICE,2026-09-07T10:20:38.157074
full_historical_baseline,539856,48194,DOORMAT HEARTS,2,0.0,,United Kingdom,INVALID_OR_ZERO_UNIT_PRICE,2026-09-07T10:20:38.157074
full_historical_baseline,539856,37333,"RETRO ""TEA FOR ONE"" ",1,0.0,,United Kingdom,INVALID_OR_ZERO_UNIT_PRICE,2026-09-07T10:20:38.157074
full_historical_baseline,539856,22843,BISCUIT TIN VINTAGE GREEN,1,0.0,,United Kingdom,INVALID_OR_ZERO_UNIT_PRICE,2026-09-07T10:20:38.157074
full_historical_baseline,539856,22842,BISCUIT TIN VINTAGE RED,1,0.0,,United Kingdom,INVALID_OR_ZERO_UNIT_PRICE,2026-09-07T10:20:38.157074
full_historical_baseline,539856,22690,DOORMAT HOME SWEET HOME BLUE ,2,0.0,,United Kingdom,INVALID_OR_ZERO_UNIT_PRICE,2026-09-07T10:20:38.157074
full_historical_baseline,539856,85099B,JUMBO BAG RED RETROSPOT,1,0.0,,United Kingdom,INVALID_OR_ZERO_UNIT_PRICE,2026-09-07T10:20:38.157074
full_historical_baseline,539856,22685,FRENCH BLUE METAL DOOR SIGN 0,2,0.0,,United Kingdom,INVALID_OR_ZERO_UNIT_PRICE,2026-09-07T10:20:38.157074
full_historical_baseline,539856,22684,FRENCH BLUE METAL DOOR SIGN 9,1,0.0,,United Kingdom,INVALID_OR_ZERO_UNIT_PRICE,2026-09-07T10:20:38.157074
full_historical_baseline,539856,22686,FRENCH BLUE METAL DOOR SIGN No,2,0.0,,United Kingdom,INVALID_OR_ZERO_UNIT_PRICE,2026-09-07T10:20:38.157074
full_historical_baseline,539856,22682,FRENCH BLUE METAL DOOR SIGN 7,3,0.0,,United Kingdom,INVALID_OR_ZERO_UNIT_PRICE,2026-09-07T10:20:38.157074
full_historical_baseline,539856,22683,FRENCH BLUE METAL DOOR SIGN 8,2,0.0,,United Kingdom,INVALID_OR_ZERO_UNIT_PRICE,2026-09-07T10:20:38.157074
full_historical_baseline,539856,22681,FRENCH BLUE METAL DOOR SIGN 6,1,0.0,,United Kingdom,INVALID_OR_ZERO_UNIT_PRICE,2026-09-07T10:20:38.157074
full_historical_baseline,539856,22679,FRENCH BLUE METAL DOOR SIGN 4,2,0.0,,United Kingdom,INVALID_OR_ZERO_UNIT_PRICE,2026-09-07T10:20:38.157074
full_historical_baseline,539856,22678,FRENCH BLUE METAL DOOR SIGN 3,2,0.0,,United Kingdom,INVALID_OR_ZERO_UNIT_PRICE,2026-09-07T10:20:38.157074
full_historical_baseline,539856,22680,FRENCH BLUE METAL DOOR SIGN 5,1,0.0,,United Kingdom,INVALID_OR_ZERO_UNIT_PRICE,2026-09-07T10:20:38.157074
full_historical_baseline,539856,22677,FRENCH BLUE METAL DOOR SIGN 2,6,0.0,,United Kingdom,INVALID_OR_ZERO_UNIT_PRICE,2026-09-07T10:20:38.157074
full_historical_baseline,539856,22676,FRENCH BLUE METAL DOOR SIGN 1,5,0.0,,United Kingdom,INVALID_OR_ZERO_UNIT_PRICE,2026-09-07T10:20:38.157074
full_historical_baseline,539856,22666,RECIPE BOX PANTRY YELLOW DESIGN,7,0.0,,United Kingdom,INVALID_OR_ZERO_UNIT_PRICE,2026-09-07T10:20:38.157074
full_historical_baseline,539856,22665,RECIPE BOX BLUE SKETCHBOOK DESIGN,2,0.0,,United Kingdom,INVALID_OR_ZERO_UNIT_PRICE,2026-09-07T10:20:38.157074
full_historical_baseline,539856,22650,CERAMIC PIRATE CHEST MONEY BANK,1,0.0,,United Kingdom,INVALID_OR_ZERO_UNIT_PRICE,2026-09-07T10:20:38.157074
full_historical_baseline,539856,22647,CERAMIC LOVE HEART MONEY BANK,1,0.0,,United Kingdom,INVALID_OR_ZERO_UNIT_PRICE,2026-09-07T10:20:38.157074
full_historical_baseline,539856,22626,BLACK KITCHEN SCALES,3,0.0,,United Kingdom,INVALID_OR_ZERO_UNIT_PRICE,2026-09-07T10:20:38.157074
full_historical_baseline,539856,22625,RED KITCHEN SCALES,7,0.0,,United Kingdom,INVALID_OR_ZERO_UNIT_PRICE,2026-09-07T10:20:38.157074
full_historical_baseline,539856,22624,IVORY KITCHEN SCALES,3,0.0,,United Kingdom,INVALID_OR_ZERO_UNIT_PRICE,2026-09-07T10:20:38.157074
full_historical_baseline,539856,22619,SET OF 6 SOLDIER SKITTLES,1,0.0,,United Kingdom,INVALID_OR_ZERO_UNIT_PRICE,2026-09-07T10:20:38.157074
full_historical_baseline,539856,22526,WHEELBARROW FOR CHILDREN ,1,0.0,,United Kingdom,INVALID_OR_ZERO_UNIT_PRICE,2026-09-07T10:20:38.157074
full_historical_baseline,539856,22525,CHILDRENS GARDEN GLOVES PINK,3,0.0,,United Kingdom,INVALID_OR_ZERO_UNIT_PRICE,2026-09-07T10:20:38.157074
full_historical_baseline,539856,22524,CHILDRENS GARDEN GLOVES BLUE,1,0.0,,United Kingdom,INVALID_OR_ZERO_UNIT_PRICE,2026-09-07T10:20:38.157074
full_historical_baseline,539856,22518,CHILDS GARDEN BRUSH BLUE,1,0.0,,United Kingdom,INVALID_OR_ZERO_UNIT_PRICE,2026-09-07T10:20:38.157074
full_historical_baseline,539856,22514,CHILDS GARDEN SPADE BLUE,1,0.0,,United Kingdom,INVALID_OR_ZERO_UNIT_PRICE,2026-09-07T10:20:38.157074
full_historical_baseline,539856,22512,DOORSTOP RACING CAR DESIGN,1,0.0,,United Kingdom,INVALID_OR_ZERO_UNIT_PRICE,2026-09-07T10:20:38.157074
full_historical_baseline,539856,22475,SKULL DESIGN TV DINNER TRAY,5,0.0,,United Kingdom,INVALID_OR_ZERO_UNIT_PRICE,2026-09-07T10:20:38.157074
full_historical_baseline,539856,22431,WATERING CAN BLUE ELEPHANT,1,0.0,,United Kingdom,INVALID_OR_ZERO_UNIT_PRICE,2026-09-07T10:20:38.157074
full_historical_baseline,539856,22428,ENAMEL FIRE BUCKET CREAM,4,0.0,,United Kingdom,INVALID_OR_ZERO_UNIT_PRICE,2026-09-07T10:20:38.157074
full_historical_baseline,539856,22426,ENAMEL WASH BOWL CREAM,2,0.0,,United Kingdom,INVALID_OR_ZERO_UNIT_PRICE,2026-09-07T10:20:38.157074
full_historical_baseline,539856,22374,AIRLINE BAG VINTAGE JET SET RED,3,0.0,,United Kingdom,INVALID_OR_ZERO_UNIT_PRICE,2026-09-07T10:20:38.157074
full_historical_baseline,539856,22375,AIRLINE BAG VINTAGE JET SET BROWN,3,0.0,,United Kingdom,INVALID_OR_ZERO_UNIT_PRICE,2026-09-07T10:20:38.157074
full_historical_baseline,539856,22372,AIRLINE BAG VINTAGE WORLD CHAMPION ,1,0.0,,United Kingdom,INVALID_OR_ZERO_UNIT_PRICE,2026-09-07T10:20:38.157074
full_historical_baseline,539856,22371,AIRLINE BAG VINTAGE TOKYO 78,3,0.0,,United Kingdom,INVALID_OR_ZERO_UNIT_PRICE,2026-09-07T10:20:38.157074
full_historical_baseline,539856,22367,CHILDRENS APRON SPACEBOY DESIGN,2,0.0,,United Kingdom,INVALID_OR_ZERO_UNIT_PRICE,2026-09-07T10:20:38.157074
full_historical_baseline,539856,22361,GLASS JAR DAISY FRESH COTTON WOOL,2,0.0,,United Kingdom,INVALID_OR_ZERO_UNIT_PRICE,2026-09-07T10:20:38.157074
full_historical_baseline,539856,22360,GLASS JAR ENGLISH CONFECTIONERY,1,0.0,,United Kingdom,INVALID_OR_ZERO_UNIT_PRICE,2026-09-07T10:20:38.157074
full_historical_baseline,539856,22357,KINGS CHOICE BISCUIT TIN,7,0.0,,United Kingdom,INVALID_OR_ZERO_UNIT_PRICE,2026-09-07T10:20:38.157074
full_historical_baseline,539856,22350,ILLUSTRATED CAT BOWL ,1,0.0,,United Kingdom,INVALID_OR_ZERO_UNIT_PRICE,2026-09-07T10:20:38.157074
full_historical_baseline,539856,22327,ROUND SNACK BOXES SET OF 4 SKULLS,1,0.0,,United Kingdom,INVALID_OR_ZERO_UNIT_PRICE,2026-09-07T10:20:38.157074
full_historical_baseline,539856,22072,RED RETROSPOT TEA CUP AND SAUCER ,1,0.0,,United Kingdom,INVALID_OR_ZERO_UNIT_PRICE,2026-09-07T10:20:38.157074
full_historical_baseline,539856,21912,VINTAGE SNAKES & LADDERS,1,0.0,,United Kingdom,INVALID_OR_ZERO_UNIT_PRICE,2026-09-07T10:20:38.157074
full_historical_baseline,539856,21791,VINTAGE HEADS AND TAILS CARD GAME ,1,0.0,,United Kingdom,INVALID_OR_ZERO_UNIT_PRICE,2026-09-07T10:20:38.157074
full_historical_baseline,539856,22550,HOLIDAY FUN LUDO,1,0.0,,United Kingdom,INVALID_OR_ZERO_UNIT_PRICE,2026-09-07T10:20:38.157074
full_historical_baseline,539856,21888,BINGO SET,2,0.0,,United Kingdom,INVALID_OR_ZERO_UNIT_PRICE,2026-09-07T10:20:38.157074
full_historical_baseline,539856,21539,RED RETROSPOT BUTTER DISH,3,0.0,,United Kingdom,INVALID_OR_ZERO_UNIT_PRICE,2026-09-07T10:20:38.157074
full_historical_baseline,539856,21258,VICTORIAN SEWING BOX LARGE,3,0.0,,United Kingdom,INVALID_OR_ZERO_UNIT_PRICE,2026-09-07T10:20:38.157074
full_historical_baseline,539856,21116,OWL DOORSTOP,1,0.0,,United Kingdom,INVALID_OR_ZERO_UNIT_PRICE,2026-09-07T10:20:38.157074
full_historical_baseline,539856,20719,WOODLAND CHARLOTTE BAG,1,0.0,,United Kingdom,INVALID_OR_ZERO_UNIT_PRICE,2026-09-07T10:20:38.157074
full_historical_baseline,539980,35001W,,-36,0.0,,United Kingdom,INVALID_OR_ZERO_UNIT_PRICE,2026-09-07T10:20:38.157074
full_historical_baseline,539994,22830,,-1,0.0,,United Kingdom,INVALID_OR_ZERO_UNIT_PRICE,2026-09-07T10:20:38.157074
full_historical_baseline,539995,85064,,-12,0.0,,United Kingdom,INVALID_OR_ZERO_UNIT_PRICE,2026-09-07T10:20:38.157074
full_historical_baseline,539996,21784,,-10,0.0,,United Kingdom,INVALID_OR_ZERO_UNIT_PRICE,2026-09-07T10:20:38.157074
full_historical_baseline,539997,84689,,5,0.0,,United Kingdom,INVALID_OR_ZERO_UNIT_PRICE,2026-09-07T10:20:38.157074
full_historical_baseline,539998,84675,,2,0.0,,United Kingdom,INVALID_OR_ZERO_UNIT_PRICE,2026-09-07T10:20:38.157074
full_historical_baseline,539999,20892,,-1,0.0,,United Kingdom,INVALID_OR_ZERO_UNIT_PRICE,2026-09-07T10:20:38.157074
full_historical_baseline,540000,84499,,-9,0.0,,United Kingdom,INVALID_OR_ZERO_UNIT_PRICE,2026-09-07T10:20:38.157074
full_historical_baseline,540008,85230F,,-48,0.0,,United Kingdom,INVALID_OR_ZERO_UNIT_PRICE,2026-09-07T10:20:38.157074
full_historical_baseline,540009,22158,,-120,0.0,,United Kingdom,INVALID_OR_ZERO_UNIT_PRICE,2026-09-07T10:20:38.157074
full_historical_baseline,540010,22501,reverse 21/5/10 adjustment,-100,0.0,,United Kingdom,INVALID_OR_ZERO_UNIT_PRICE,2026-09-07T10:20:38.157074
full_historical_baseline,540011,22501,,30,0.0,,United Kingdom,INVALID_OR_ZERO_UNIT_PRICE,2026-09-07T10:20:38.157074
full_historical_baseline,540012,22502,reverse 21/5/10 adjustment,-100,0.0,,United Kingdom,INVALID_OR_ZERO_UNIT_PRICE,2026-09-07T10:20:38.157074
full_historical_baseline,540018,90112,,2,0.0,,United Kingdom,INVALID_OR_ZERO_UNIT_PRICE,2026-09-07T10:20:38.157074
full_historical_baseline,540100,22837,?,-106,0.0,,United Kingdom,INVALID_OR_ZERO_UNIT_PRICE,2026-09-07T10:20:38.157074
full_historical_baseline,540119,22865,,-60,0.0,,United Kingdom,INVALID_OR_ZERO_UNIT_PRICE,2026-09-07T10:20:38.157074
full_historical_baseline,540241,35957,,-939,0.0,,United Kingdom,INVALID_OR_ZERO_UNIT_PRICE,2026-09-07T10:20:38.157074
full_historical_baseline,540252,22198,,-100,0.0,,United Kingdom,INVALID_OR_ZERO_UNIT_PRICE,2026-09-07T10:20:38.157074
full_historical_baseline,540256,35957,,35,0.0,,United Kingdom,INVALID_OR_ZERO_UNIT_PRICE,2026-09-07T10:20:38.157074
full_historical_baseline,540272,90096,,-54,0.0,,United Kingdom,INVALID_OR_ZERO_UNIT_PRICE,2026-09-07T10:20:38.157074
full_historical_baseline,540355,20724,RED RETROSPOT CHARLOTTE BAG,1,0.0,,United Kingdom,INVALID_OR_ZERO_UNIT_PRICE,2026-09-07T10:20:38.157074
full_historical_baseline,540356,20724,RED RETROSPOT CHARLOTTE BAG,1,0.0,,United Kingdom,INVALID_OR_ZERO_UNIT_PRICE,2026-09-07T10:20:38.157074
full_historical_baseline,540369,47591D,,-201,0.0,,United Kingdom,INVALID_OR_ZERO_UNIT_PRICE,2026-09-07T10:20:38.157074
full_historical_baseline,540372,22090,PAPER BUNTING RETROSPOT,24,0.0,13081.0,United Kingdom,INVALID_OR_ZERO_UNIT_PRICE,2026-09-07T10:20:38.157074
full_historical_baseline,540372,22553,PLASTERS IN TIN SKULLS,24,0.0,13081.0,United Kingdom,INVALID_OR_ZERO_UNIT_PRICE,2026-09-07T10:20:38.157074
full_historical_baseline,540549,21587,,-53,0.0,,United Kingdom,INVALID_OR_ZERO_UNIT_PRICE,2026-09-07T10:20:38.157074
full_historical_baseline,540558,21258,?,-29,0.0,,United Kingdom,INVALID_OR_ZERO_UNIT_PRICE,2026-09-07T10:20:38.157074
full_historical_baseline,540560,21589,,-14,0.0,,United Kingdom,INVALID_OR_ZERO_UNIT_PRICE,2026-09-07T10:20:38.157074
full_historical_baseline,540564,22617,"mouldy, thrown away.",-2600,0.0,,United Kingdom,INVALID_OR_ZERO_UNIT_PRICE,2026-09-07T10:20:38.157074
full_historical_baseline,540637,21275,,-5,0.0,,United Kingdom,INVALID_OR_ZERO_UNIT_PRICE,2026-09-07T10:20:38.157074
full_historical_baseline,540638,72038P,damages,-990,0.0,,United Kingdom,INVALID_OR_ZERO_UNIT_PRICE,2026-09-07T10:20:38.157074
full_historical_baseline,540650,85124C,,-8,0.0,,United Kingdom,INVALID_OR_ZERO_UNIT_PRICE,2026-09-07T10:20:38.157074
full_historical_baseline,540651,82599,?,-290,0.0,,United Kingdom,INVALID_OR_ZERO_UNIT_PRICE,2026-09-07T10:20:38.157074
full_historical_baseline,540673,21644,found,144,0.0,,United Kingdom,INVALID_OR_ZERO_UNIT_PRICE,2026-09-07T10:20:38.157074
full_historical_baseline,540674,22837,Found,26,0.0,,United Kingdom,INVALID_OR_ZERO_UNIT_PRICE,2026-09-07T10:20:38.157074
full_historical_baseline,540675,20748,Found,40,0.0,,United Kingdom,INVALID_OR_ZERO_UNIT_PRICE,2026-09-07T10:20:38.157074
full_historical_baseline,540676,84534B,,12,0.0,,United Kingdom,INVALID_OR_ZERO_UNIT_PRICE,2026-09-07T10:20:38.157074
full_historical_baseline,540677,21667,,1,0.0,,United Kingdom,INVALID_OR_ZERO_UNIT_PRICE,2026-09-07T10:20:38.157074
full_historical_baseline,540678,21667,,-1,0.0,,United Kingdom,INVALID_OR_ZERO_UNIT_PRICE,2026-09-07T10:20:38.157074
full_historical_baseline,540679,21667,,-1,0.0,,United Kingdom,INVALID_OR_ZERO_UNIT_PRICE,2026-09-07T10:20:38.157074
full_historical_baseline,540683,84546,,-45,0.0,,United Kingdom,INVALID_OR_ZERO_UNIT_PRICE,2026-09-07T10:20:38.157074
full_historical_baseline,540684,35271S,,-13,0.0,,United Kingdom,INVALID_OR_ZERO_UNIT_PRICE,2026-09-07T10:20:38.157074
full_historical_baseline,540693,82605,,1,0.0,,United Kingdom,INVALID_OR_ZERO_UNIT_PRICE,2026-09-07T10:20:38.157074
full_historical_baseline,540694,71477,,1,0.0,,United Kingdom,INVALID_OR_ZERO_UNIT_PRICE,2026-09-07T10:20:38.157074
full_historical_baseline,540695,21661,,1,0.0,,United Kingdom,INVALID_OR_ZERO_UNIT_PRICE,2026-09-07T10:20:38.157074
full_historical_baseline,540696,84562A,,1,0.0,,United Kingdom,INVALID_OR_ZERO_UNIT_PRICE,2026-09-07T10:20:38.157074
full_historical_baseline,540699,POST,,1000,0.0,,United Kingdom,INVALID_OR_ZERO_UNIT_PRICE,2026-09-07T10:20:38.157074
full_historical_baseline,540778,84029E,,-50,0.0,,United Kingdom,INVALID_OR_ZERO_UNIT_PRICE,2026-09-07T10:20:38.157074
full_historical_baseline,540832,21670,BLUE SPOT CERAMIC DRAWER KNOB,2,0.0,,United Kingdom,INVALID_OR_ZERO_UNIT_PRICE,2026-09-07T10:20:38.157074
full_historical_baseline,540832,21673,WHITE SPOT BLUE CERAMIC DRAWER KNOB,1,0.0,,United Kingdom,INVALID_OR_ZERO_UNIT_PRICE,2026-09-07T10:20:38.157074
full_historical_baseline,540832,84692,BOX OF 24 COCKTAIL PARASOLS,1,0.0,,United Kingdom,INVALID_OR_ZERO_UNIT_PRICE,2026-09-07T10:20:38.157074
full_historical_baseline,540832,20724,RED RETROSPOT CHARLOTTE BAG,1,0.0,,United Kingdom,INVALID_OR_ZERO_UNIT_PRICE,2026-09-07T10:20:38.157074
full_historical_baseline,540832,22423,REGENCY CAKESTAND 3 TIER,1,0.0,,United Kingdom,INVALID_OR_ZERO_UNIT_PRICE,2026-09-07T10:20:38.157074
full_historical_baseline,540978,84050,counted,-310,0.0,,United Kingdom,INVALID_OR_ZERO_UNIT_PRICE,2026-09-07T10:20:38.157074
full_historical_baseline,540982,22323,,1,0.0,,United Kingdom,INVALID_OR_ZERO_UNIT_PRICE,2026-09-07T10:20:38.157074
full_historical_baseline,540987,17011A,,-61,0.0,,United Kingdom,INVALID_OR_ZERO_UNIT_PRICE,2026-09-07T10:20:38.157074
full_historical_baseline,541000,21632,,-41,0.0,,United Kingdom,INVALID_OR_ZERO_UNIT_PRICE,2026-09-07T10:20:38.157074
full_historical_baseline,541109,22168,ORGANISER WOOD ANTIQUE WHITE ,1,0.0,15107.0,United Kingdom,INVALID_OR_ZERO_UNIT_PRICE,2026-09-07T10:20:38.157074
full_historical_baseline,541431,23166,MEDIUM CERAMIC TOP STORAGE JAR,74215,1.04,12346.0,United Kingdom,INVALID_OR_ZERO_QUANTITY,2026-09-07T10:20:38.157074
full_historical_baseline,C541433,23166,MEDIUM CERAMIC TOP STORAGE JAR,-74215,1.04,12346.0,United Kingdom,INVALID_OR_ZERO_QUANTITY,2026-09-07T10:20:38.157074
full_historical_baseline,541482,22837,,-35,0.0,,United Kingdom,INVALID_OR_ZERO_UNIT_PRICE,2026-09-07T10:20:38.157074
full_historical_baseline,541487,85118,,-35,0.0,,United Kingdom,INVALID_OR_ZERO_UNIT_PRICE,2026-09-07T10:20:38.157074
full_historical_baseline,541519,21429,,-15,0.0,,United Kingdom,INVALID_OR_ZERO_UNIT_PRICE,2026-09-07T10:20:38.157074
full_historical_baseline,541600,22866,,-64,0.0,,United Kingdom,INVALID_OR_ZERO_UNIT_PRICE,2026-09-07T10:20:38.157074
full_historical_baseline,541601,22632,,-84,0.0,,United Kingdom,INVALID_OR_ZERO_UNIT_PRICE,2026-09-07T10:20:38.157074
full_historical_baseline,541685,22351,Given away,-1400,0.0,,United Kingdom,INVALID_OR_ZERO_UNIT_PRICE,2026-09-07T10:20:38.157074
full_historical_baseline,541687,46000S,Dotcom,-300,0.0,,United Kingdom,INVALID_OR_ZERO_UNIT_PRICE,2026-09-07T10:20:38.157074
full_historical_baseline,541697,21632,,8,0.0,,United Kingdom,INVALID_OR_ZERO_UNIT_PRICE,2026-09-07T10:20:38.157074
full_historical_baseline,541702,22451,,-30,0.0,,United Kingdom,INVALID_OR_ZERO_UNIT_PRICE,2026-09-07T10:20:38.157074
full_historical_baseline,541802,20854,,-80,0.0,,United Kingdom,INVALID_OR_ZERO_UNIT_PRICE,2026-09-07T10:20:38.157074
full_historical_baseline,541882,48185,?,-57,0.0,,United Kingdom,INVALID_OR_ZERO_UNIT_PRICE,2026-09-07T10:20:38.157074
full_historical_baseline,541967,84823,,-3,0.0,,United Kingdom,INVALID_OR_ZERO_UNIT_PRICE,2026-09-07T10:20:38.157074
full_historical_baseline,542156,21348,,8,0.0,,United Kingdom,INVALID_OR_ZERO_UNIT_PRICE,2026-09-07T10:20:38.157074
full_historical_baseline,542225,85096,label mix up,-59,0.0,,United Kingdom,INVALID_OR_ZERO_UNIT_PRICE,2026-09-07T10:20:38.157074
full_historical_baseline,542361,85161,samples/damages,-20,0.0,,United Kingdom,INVALID_OR_ZERO_UNIT_PRICE,2026-09-07T10:20:38.157074
full_historical_baseline,542362,20699,,-16,0.0,,United Kingdom,INVALID_OR_ZERO_UNIT_PRICE,2026-09-07T10:20:38.157074
full_historical_baseline,542363,84823,,1,0.0,,United Kingdom,INVALID_OR_ZERO_UNIT_PRICE,2026-09-07T10:20:38.157074
full_historical_baseline,542364,21324,,5,0.0,,United Kingdom,INVALID_OR_ZERO_UNIT_PRICE,2026-09-07T10:20:38.157074
full_historical_baseline,542365,21897,,-22,0.0,,United Kingdom,INVALID_OR_ZERO_UNIT_PRICE,2026-09-07T10:20:38.157074
full_historical_baseline,542367,82583,,-30,0.0,,United Kingdom,INVALID_OR_ZERO_UNIT_PRICE,2026-09-07T10:20:38.157074
full_historical_baseline,542368,85188B,,-70,0.0,,United Kingdom,INVALID_OR_ZERO_UNIT_PRICE,2026-09-07T10:20:38.157074
full_historical_baseline,542378,84279B,,192,0.0,,United Kingdom,INVALID_OR_ZERO_UNIT_PRICE,2026-09-07T10:20:38.157074
full_historical_baseline,542379,35922,,-30,0.0,,United Kingdom,INVALID_OR_ZERO_UNIT_PRICE,2026-09-07T10:20:38.157074
full_historical_baseline,542380,84917,,-50,0.0,,United Kingdom,INVALID_OR_ZERO_UNIT_PRICE,2026-09-07T10:20:38.157074
full_historical_baseline,542391,84455,,-31,0.0,,United Kingdom,INVALID_OR_ZERO_UNIT_PRICE,2026-09-07T10:20:38.157074
full_historical_baseline,542392,84227,,-2,0.0,,United Kingdom,INVALID_OR_ZERO_UNIT_PRICE,2026-09-07T10:20:38.157074
full_historical_baseline,542394,84452,,65,0.0,,United Kingdom,INVALID_OR_ZERO_UNIT_PRICE,2026-09-07T10:20:38.157074
full_historical_baseline,542396,22146,,-4,0.0,,United Kingdom,INVALID_OR_ZERO_UNIT_PRICE,2026-09-07T10:20:38.157074
full_historical_baseline,542414,84967A,,-2,0.0,,United Kingdom,INVALID_OR_ZERO_UNIT_PRICE,2026-09-07T10:20:38.157074
full_historical_baseline,542415,84967B,,-1,0.0,,United Kingdom,INVALID_OR_ZERO_UNIT_PRICE,2026-09-07T10:20:38.157074
full_historical_baseline,542417,84966B,,-11,0.0,,United Kingdom,INVALID_OR_ZERO_UNIT_PRICE,2026-09-07T10:20:38.157074
full_historical_baseline,542418,84966A,,-17,0.0,,United Kingdom,INVALID_OR_ZERO_UNIT_PRICE,2026-09-07T10:20:38.157074
full_historical_baseline,542504,37413,,5568,0.0,,United Kingdom,INVALID_OR_ZERO_UNIT_PRICE,2026-09-07T10:20:38.157074
full_historical_baseline,542505,79063D,,2560,0.0,,United Kingdom,INVALID_OR_ZERO_UNIT_PRICE,2026-09-07T10:20:38.157074
full_historical_baseline,542507,20798,,5,0.0,,United Kingdom,INVALID_OR_ZERO_UNIT_PRICE,2026-09-07T10:20:38.157074
full_historical_baseline,542508,37467,,136,0.0,,United Kingdom,INVALID_OR_ZERO_UNIT_PRICE,2026-09-07T10:20:38.157074
full_historical_baseline,542509,85049B,,3,0.0,,United Kingdom,INVALID_OR_ZERO_UNIT_PRICE,2026-09-07T10:20:38.157074
full_historical_baseline,542510,21667,,2,0.0,,United Kingdom,INVALID_OR_ZERO_UNIT_PRICE,2026-09-07T10:20:38.157074
full_historical_baseline,542512,22830,,2,0.0,,United Kingdom,INVALID_OR_ZERO_UNIT_PRICE,2026-09-07T10:20:38.157074
full_historical_baseline,542513,75013B,,2,0.0,,United Kingdom,INVALID_OR_ZERO_UNIT_PRICE,2026-09-07T10:20:38.157074
full_historical_baseline,542514,22866,,1,0.0,,United Kingdom,INVALID_OR_ZERO_UNIT_PRICE,2026-09-07T10:20:38.157074
full_historical_baseline,542515,35607A,,1,0.0,,United Kingdom,INVALID_OR_ZERO_UNIT_PRICE,2026-09-07T10:20:38.157074
full_historical_baseline,542516,71477,,4,0.0,,United Kingdom,INVALID_OR_ZERO_UNIT_PRICE,2026-09-07T10:20:38.157074
full_historical_baseline,542518,22184,,-13,0.0,,United Kingdom,INVALID_OR_ZERO_UNIT_PRICE,2026-09-07T10:20:38.157074
full_historical_baseline,542529,DCGS0055,,-1,0.0,,United Kingdom,INVALID_OR_ZERO_UNIT_PRICE,2026-09-07T10:20:38.157074
full_historical_baseline,542531,DCGS0072,,-1,0.0,,United Kingdom,INVALID_OR_ZERO_UNIT_PRICE,2026-09-07T10:20:38.157074
full_historical_baseline,542532,DCGS0074,,-1,0.0,,United Kingdom,INVALID_OR_ZERO_UNIT_PRICE,2026-09-07T10:20:38.157074
full_historical_baseline,542544,17165D,,-10,0.0,,United Kingdom,INVALID_OR_ZERO_UNIT_PRICE,2026-09-07T10:20:38.157074
full_historical_baseline,542545,17165D,,9,0.0,,United Kingdom,INVALID_OR_ZERO_UNIT_PRICE,2026-09-07T10:20:38.157074
full_historical_baseline,542546,20734,,-1,0.0,,United Kingdom,INVALID_OR_ZERO_UNIT_PRICE,2026-09-07T10:20:38.157074
full_historical_baseline,542547,20864,,-1,0.0,,United Kingdom,INVALID_OR_ZERO_UNIT_PRICE,2026-09-07T10:20:38.157074
full_historical_baseline,542548,20892,,-1,0.0,,United Kingdom,INVALID_OR_ZERO_UNIT_PRICE,2026-09-07T10:20:38.157074
full_historical_baseline,542550,20910,,-1,0.0,,United Kingdom,INVALID_OR_ZERO_UNIT_PRICE,2026-09-07T10:20:38.157074
full_historical_baseline,542551,21282,,-1,0.0,,United Kingdom,INVALID_OR_ZERO_UNIT_PRICE,2026-09-07T10:20:38.157074
full_historical_baseline,542552,21645,,-1,0.0,,United Kingdom,INVALID_OR_ZERO_UNIT_PRICE,2026-09-07T10:20:38.157074
full_historical_baseline,542553,21805,,-1,0.0,,United Kingdom,INVALID_OR_ZERO_UNIT_PRICE,2026-09-07T10:20:38.157074
full_historical_baseline,542554,21836,,-1,0.0,,United Kingdom,INVALID_OR_ZERO_UNIT_PRICE,2026-09-07T10:20:38.157074
full_historical_baseline,542555,21841,,-1,0.0,,United Kingdom,INVALID_OR_ZERO_UNIT_PRICE,2026-09-07T10:20:38.157074
full_historical_baseline,542556,22143,,-1,0.0,,United Kingdom,INVALID_OR_ZERO_UNIT_PRICE,2026-09-07T10:20:38.157074
full_historical_baseline,542557,22765,,-1,0.0,,United Kingdom,INVALID_OR_ZERO_UNIT_PRICE,2026-09-07T10:20:38.157074
full_historical_baseline,542558,35644,,-1,0.0,,United Kingdom,INVALID_OR_ZERO_UNIT_PRICE,2026-09-07T10:20:38.157074
full_historical_baseline,542559,35991,,-1,0.0,,United Kingdom,INVALID_OR_ZERO_UNIT_PRICE,2026-09-07T10:20:38.157074
full_historical_baseline,542560,47579,,-1,0.0,,United Kingdom,INVALID_OR_ZERO_UNIT_PRICE,2026-09-07T10:20:38.157074
full_historical_baseline,542561,84424A,,-1,0.0,,United Kingdom,INVALID_OR_ZERO_UNIT_PRICE,2026-09-07T10:20:38.157074
full_historical_baseline,542562,84499,,-1,0.0,,United Kingdom,INVALID_OR_ZERO_UNIT_PRICE,2026-09-07T10:20:38.157074
full_historical_baseline,542563,84509F,,-1,0.0,,United Kingdom,INVALID_OR_ZERO_UNIT_PRICE,2026-09-07T10:20:38.157074
full_historical_baseline,542564,84526,,-1,0.0,,United Kingdom,INVALID_OR_ZERO_UNIT_PRICE,2026-09-07T10:20:38.157074
full_historical_baseline,542565,84664,,-1,0.0,,United Kingdom,INVALID_OR_ZERO_UNIT_PRICE,2026-09-07T10:20:38.157074
full_historical_baseline,542566,84964B,,-1,0.0,,United Kingdom,INVALID_OR_ZERO_UNIT_PRICE,2026-09-07T10:20:38.157074
full_historical_baseline,542567,84975,,-1,0.0,,United Kingdom,INVALID_OR_ZERO_UNIT_PRICE,2026-09-07T10:20:38.157074
full_historical_baseline,542569,85028L,,-1,0.0,,United Kingdom,INVALID_OR_ZERO_UNIT_PRICE,2026-09-07T10:20:38.157074
full_historical_baseline,542570,85028S,,-1,0.0,,United Kingdom,INVALID_OR_ZERO_UNIT_PRICE,2026-09-07T10:20:38.157074
full_historical_baseline,542571,85031C,,-1,0.0,,United Kingdom,INVALID_OR_ZERO_UNIT_PRICE,2026-09-07T10:20:38.157074
full_historical_baseline,542572,85064,,-1,0.0,,United Kingdom,INVALID_OR_ZERO_UNIT_PRICE,2026-09-07T10:20:38.157074
full_historical_baseline,542573,85110,,-1,0.0,,United Kingdom,INVALID_OR_ZERO_UNIT_PRICE,2026-09-07T10:20:38.157074
full_historical_baseline,542574,85119,,-1,0.0,,United Kingdom,INVALID_OR_ZERO_UNIT_PRICE,2026-09-07T10:20:38.157074
full_historical_baseline,542575,85126,,-1,0.0,,United Kingdom,INVALID_OR_ZERO_UNIT_PRICE,2026-09-07T10:20:38.157074
full_historical_baseline,542576,85179B,,-1,0.0,,United Kingdom,INVALID_OR_ZERO_UNIT_PRICE,2026-09-07T10:20:38.157074
full_historical_baseline,542577,85232B,,-1,0.0,,United Kingdom,INVALID_OR_ZERO_UNIT_PRICE,2026-09-07T10:20:38.157074
full_historical_baseline,542579,90000C,,-1,0.0,,United Kingdom,INVALID_OR_ZERO_UNIT_PRICE,2026-09-07T10:20:38.157074
full_historical_baseline,542580,90095,,-1,0.0,,United Kingdom,INVALID_OR_ZERO_UNIT_PRICE,2026-09-07T10:20:38.157074
full_historical_baseline,542581,90091,,-1,0.0,,United Kingdom,INVALID_OR_ZERO_UNIT_PRICE,2026-09-07T10:20:38.157074
full_historical_baseline,542582,DCGS0057,,-6,0.0,,United Kingdom,INVALID_OR_ZERO_UNIT_PRICE,2026-09-07T10:20:38.157074
full_historical_baseline,542783,21690,,4,0.0,,United Kingdom,INVALID_OR_ZERO_UNIT_PRICE,2026-09-07T10:20:38.157074
full_historical_baseline,542784,84795C,,3,0.0,,United Kingdom,INVALID_OR_ZERO_UNIT_PRICE,2026-09-07T10:20:38.157074
full_historical_baseline,542861,47591B,?,-207,0.0,,United Kingdom,INVALID_OR_ZERO_UNIT_PRICE,2026-09-07T10:20:38.157074
full_historical_baseline,542879,22242,,-19,0.0,,United Kingdom,INVALID_OR_ZERO_UNIT_PRICE,2026-09-07T10:20:38.157074
full_historical_baseline,542880,22242,,10,0.0,,United Kingdom,INVALID_OR_ZERO_UNIT_PRICE,2026-09-07T10:20:38.157074
full_historical_baseline,542882,22162,,-40,0.0,,United Kingdom,INVALID_OR_ZERO_UNIT_PRICE,2026-09-07T10:20:38.157074
full_historical_baseline,542883,21448,,-40,0.0,,United Kingdom,INVALID_OR_ZERO_UNIT_PRICE,2026-09-07T10:20:38.157074
full_historical_baseline,542884,84748,,-52,0.0,,United Kingdom,INVALID_OR_ZERO_UNIT_PRICE,2026-09-07T10:20:38.157074
full_historical_baseline,542885,84465,,-6,0.0,,United Kingdom,INVALID_OR_ZERO_UNIT_PRICE,2026-09-07T10:20:38.157074
full_historical_baseline,542965,35400,,2,0.0,,United Kingdom,INVALID_OR_ZERO_UNIT_PRICE,2026-09-07T10:20:38.157074
full_historical_baseline,543014,47591B,,1,0.0,,United Kingdom,INVALID_OR_ZERO_UNIT_PRICE,2026-09-07T10:20:38.157074
full_historical_baseline,543034,85049F,,-130,0.0,,United Kingdom,INVALID_OR_ZERO_UNIT_PRICE,2026-09-07T10:20:38.157074
full_historical_baseline,543035,35004C,,-206,0.0,,United Kingdom,INVALID_OR_ZERO_UNIT_PRICE,2026-09-07T10:20:38.157074
full_historical_baseline,543049,79063C,,320,0.0,,United Kingdom,INVALID_OR_ZERO_UNIT_PRICE,2026-09-07T10:20:38.157074
full_historical_baseline,543051,79062D,,960,0.0,,United Kingdom,INVALID_OR_ZERO_UNIT_PRICE,2026-09-07T10:20:38.157074
full_historical_baseline,543176,22353,,60,0.0,,United Kingdom,INVALID_OR_ZERO_UNIT_PRICE,2026-09-07T10:20:38.157074
full_historical_baseline,543194,21355,,-217,0.0,,United Kingdom,INVALID_OR_ZERO_UNIT_PRICE,2026-09-07T10:20:38.157074
full_historical_baseline,543238,22833,,1,0.0,,United Kingdom,INVALID_OR_ZERO_UNIT_PRICE,2026-09-07T10:20:38.157074
full_historical_baseline,543254,35645,,18,0.0,,United Kingdom,INVALID_OR_ZERO_UNIT_PRICE,2026-09-07T10:20:38.157074
full_historical_baseline,543257,84611B,thrown away,-1430,0.0,,United Kingdom,INVALID_OR_ZERO_UNIT_PRICE,2026-09-07T10:20:38.157074
full_historical_baseline,543258,84611B,,1287,0.0,,United Kingdom,INVALID_OR_ZERO_UNIT_PRICE,2026-09-07T10:20:38.157074
full_historical_baseline,543259,84612B,thrown away,-162,0.0,,United Kingdom,INVALID_OR_ZERO_UNIT_PRICE,2026-09-07T10:20:38.157074
full_historical_baseline,543260,84613A,thrown away,-230,0.0,,United Kingdom,INVALID_OR_ZERO_UNIT_PRICE,2026-09-07T10:20:38.157074
full_historical_baseline,543261,84613C,,-173,0.0,,United Kingdom,INVALID_OR_ZERO_UNIT_PRICE,2026-09-07T10:20:38.157074
full_historical_baseline,543262,84614A,thrown away,-390,0.0,,United Kingdom,INVALID_OR_ZERO_UNIT_PRICE,2026-09-07T10:20:38.157074
full_historical_baseline,543265,84872A,,-4,0.0,,United Kingdom,INVALID_OR_ZERO_UNIT_PRICE,2026-09-07T10:20:38.157074
full_historical_baseline,543266,82095,,-5,0.0,,United Kingdom,INVALID_OR_ZERO_UNIT_PRICE,2026-09-07T10:20:38.157074
full_historical_baseline,543267,35645,,3,0.0,,United Kingdom,INVALID_OR_ZERO_UNIT_PRICE,2026-09-07T10:20:38.157074
full_historical_baseline,543268,84306,,3,0.0,,United Kingdom,INVALID_OR_ZERO_UNIT_PRICE,2026-09-07T10:20:38.157074
full_historical_baseline,543269,84638,,-18,0.0,,United Kingdom,INVALID_OR_ZERO_UNIT_PRICE,2026-09-07T10:20:38.157074
full_historical_baseline,543270,84631,,-19,0.0,,United Kingdom,INVALID_OR_ZERO_UNIT_PRICE,2026-09-07T10:20:38.157074
full_historical_baseline,543271,21087,,-6,0.0,,United Kingdom,INVALID_OR_ZERO_UNIT_PRICE,2026-09-07T10:20:38.157074
full_historical_baseline,543308,35969,,-3,0.0,,United Kingdom,INVALID_OR_ZERO_UNIT_PRICE,2026-09-07T10:20:38.157074
full_historical_baseline,543310,35954,,-234,0.0,,United Kingdom,INVALID_OR_ZERO_UNIT_PRICE,2026-09-07T10:20:38.157074
full_historical_baseline,543386,16207B,,4,0.0,,United Kingdom,INVALID_OR_ZERO_UNIT_PRICE,2026-09-07T10:20:38.157074
full_historical_baseline,543390,84880,,-5,0.0,,United Kingdom,INVALID_OR_ZERO_UNIT_PRICE,2026-09-07T10:20:38.157074
full_historical_baseline,543453,21429,,1,0.0,,United Kingdom,INVALID_OR_ZERO_UNIT_PRICE,2026-09-07T10:20:38.157074
full_historical_baseline,543471,85150,,118,0.0,,United Kingdom,INVALID_OR_ZERO_UNIT_PRICE,2026-09-07T10:20:38.157074
full_historical_baseline,543472,22451,,1,0.0,,United Kingdom,INVALID_OR_ZERO_UNIT_PRICE,2026-09-07T10:20:38.157074
full_historical_baseline,543473,21661,,1,0.0,,United Kingdom,INVALID_OR_ZERO_UNIT_PRICE,2026-09-07T10:20:38.157074
full_historical_baseline,543521,22769,,-6,0.0,,United Kingdom,INVALID_OR_ZERO_UNIT_PRICE,2026-09-07T10:20:38.157074
full_historical_baseline,543545,22627,,-11,0.0,,United Kingdom,INVALID_OR_ZERO_UNIT_PRICE,2026-09-07T10:20:38.157074
full_historical_baseline,543552,22847,,-10,0.0,,United Kingdom,INVALID_OR_ZERO_UNIT_PRICE,2026-09-07T10:20:38.157074
full_historical_baseline,543599,84535B,FAIRY CAKES NOTEBOOK A6 SIZE,16,0.0,17560.0,United Kingdom,INVALID_OR_ZERO_UNIT_PRICE,2026-09-07T10:20:38.157074
full_historical_baseline,543654,22525,,-57,0.0,,United Kingdom,INVALID_OR_ZERO_UNIT_PRICE,2026-09-07T10:20:38.157074
full_historical_baseline,543655,21717,,-42,0.0,,United Kingdom,INVALID_OR_ZERO_UNIT_PRICE,2026-09-07T10:20:38.157074
full_historical_baseline,543656,84801B,,-44,0.0,,United Kingdom,INVALID_OR_ZERO_UNIT_PRICE,2026-09-07T10:20:38.157074
full_historical_baseline,543781,21655,,19,0.0,,United Kingdom,INVALID_OR_ZERO_UNIT_PRICE,2026-09-07T10:20:38.157074
full_historical_baseline,543782,85232B,,6,0.0,,United Kingdom,INVALID_OR_ZERO_UNIT_PRICE,2026-09-07T10:20:38.157074
full_historical_baseline,543783,20966,,-41,0.0,,United Kingdom,INVALID_OR_ZERO_UNIT_PRICE,2026-09-07T10:20:38.157074
full_historical_baseline,543827,84406B,incorrectly made-thrown away.,-64,0.0,,United Kingdom,INVALID_OR_ZERO_UNIT_PRICE,2026-09-07T10:20:38.157074
full_historical_baseline,544046,21785,,-140,0.0,,United Kingdom,INVALID_OR_ZERO_UNIT_PRICE,2026-09-07T10:20:38.157074
full_historical_baseline,544063,22837,,-9,0.0,,United Kingdom,INVALID_OR_ZERO_UNIT_PRICE,2026-09-07T10:20:38.157074
full_historical_baseline,544072,22837,,26,0.0,,United Kingdom,INVALID_OR_ZERO_UNIT_PRICE,2026-09-07T10:20:38.157074
full_historical_baseline,544086,21785,,-7,0.0,,United Kingdom,INVALID_OR_ZERO_UNIT_PRICE,2026-09-07T10:20:38.157074
full_historical_baseline,544321,16033,,120,0.0,,United Kingdom,INVALID_OR_ZERO_UNIT_PRICE,2026-09-07T10:20:38.157074
full_historical_baseline,544342,22633,,-53,0.0,,United Kingdom,INVALID_OR_ZERO_UNIT_PRICE,2026-09-07T10:20:38.157074
full_historical_baseline,544343,22867,,-99,0.0,,United Kingdom,INVALID_OR_ZERO_UNIT_PRICE,2026-09-07T10:20:38.157074
full_historical_baseline,544344,22865,,51,0.0,,United Kingdom,INVALID_OR_ZERO_UNIT_PRICE,2026-09-07T10:20:38.157074
full_historical_baseline,544345,22866,,1,0.0,,United Kingdom,INVALID_OR_ZERO_UNIT_PRICE,2026-09-07T10:20:38.157074
full_historical_baseline,544346,22114,,-21,0.0,,United Kingdom,INVALID_OR_ZERO_UNIT_PRICE,2026-09-07T10:20:38.157074
full_historical_baseline,544347,22114,,-4,0.0,,United Kingdom,INVALID_OR_ZERO_UNIT_PRICE,2026-09-07T10:20:38.157074
full_historical_baseline,544348,84029E,,13,0.0,,United Kingdom,INVALID_OR_ZERO_UNIT_PRICE,2026-09-07T10:20:38.157074
full_historical_baseline,544396,62094B,,-92,0.0,,United Kingdom,INVALID_OR_ZERO_UNIT_PRICE,2026-09-07T10:20:38.157074
full_historical_baseline,544410,84997C,?,-741,0.0,,United Kingdom,INVALID_OR_ZERO_UNIT_PRICE,2026-09-07T10:20:38.157074
full_historical_baseline,544554,22588,,-41,0.0,,United Kingdom,INVALID_OR_ZERO_UNIT_PRICE,2026-09-07T10:20:38.157074
full_historical_baseline,544579,21651,,-6,0.0,,United Kingdom,INVALID_OR_ZERO_UNIT_PRICE,2026-09-07T10:20:38.157074
full_historical_baseline,544649,21621,?,-400,0.0,,United Kingdom,INVALID_OR_ZERO_UNIT_PRICE,2026-09-07T10:20:38.157074
full_historical_baseline,544703,22202,,-114,0.0,,United Kingdom,INVALID_OR_ZERO_UNIT_PRICE,2026-09-07T10:20:38.157074
full_historical_baseline,544832,62096A,,-88,0.0,,United Kingdom,INVALID_OR_ZERO_UNIT_PRICE,2026-09-07T10:20:38.157074
full_historical_baseline,544834,90200C,,-33,0.0,,United Kingdom,INVALID_OR_ZERO_UNIT_PRICE,2026-09-07T10:20:38.157074
full_historical_baseline,545127,22024,,-50,0.0,,United Kingdom,INVALID_OR_ZERO_UNIT_PRICE,2026-09-07T10:20:38.157074
full_historical_baseline,545135,22028,,-30,0.0,,United Kingdom,INVALID_OR_ZERO_UNIT_PRICE,2026-09-07T10:20:38.157074
full_historical_baseline,545160,22666,RECIPE BOX PANTRY YELLOW DESIGN,1,0.0,,United Kingdom,INVALID_OR_ZERO_UNIT_PRICE,2026-09-07T10:20:38.157074
full_historical_baseline,545160,22627,MINT KITCHEN SCALES,1,0.0,,United Kingdom,INVALID_OR_ZERO_UNIT_PRICE,2026-09-07T10:20:38.157074
full_historical_baseline,545160,22625,RED KITCHEN SCALES,1,0.0,,United Kingdom,INVALID_OR_ZERO_UNIT_PRICE,2026-09-07T10:20:38.157074
full_historical_baseline,545160,22559,SEASIDE FLYING DISC,1,0.0,,United Kingdom,INVALID_OR_ZERO_UNIT_PRICE,2026-09-07T10:20:38.157074
full_historical_baseline,545176,22470,HEART OF WICKER LARGE,1,0.0,,United Kingdom,INVALID_OR_ZERO_UNIT_PRICE,2026-09-07T10:20:38.157074
full_historical_baseline,545176,22374,AIRLINE BAG VINTAGE JET SET RED,2,0.0,,United Kingdom,INVALID_OR_ZERO_UNIT_PRICE,2026-09-07T10:20:38.157074
full_historical_baseline,545176,22371,AIRLINE BAG VINTAGE TOKYO 78,1,0.0,,United Kingdom,INVALID_OR_ZERO_UNIT_PRICE,2026-09-07T10:20:38.157074
full_historical_baseline,545176,22365,DOORMAT RESPECTABLE HOUSE,1,0.0,,United Kingdom,INVALID_OR_ZERO_UNIT_PRICE,2026-09-07T10:20:38.157074
full_historical_baseline,545176,22363,GLASS JAR MARMALADE ,1,0.0,,United Kingdom,INVALID_OR_ZERO_UNIT_PRICE,2026-09-07T10:20:38.157074
full_historical_baseline,545176,22360,GLASS JAR ENGLISH CONFECTIONERY,1,0.0,,United Kingdom,INVALID_OR_ZERO_UNIT_PRICE,2026-09-07T10:20:38.157074
full_historical_baseline,545176,22364,GLASS JAR DIGESTIVE BISCUITS,1,0.0,,United Kingdom,INVALID_OR_ZERO_UNIT_PRICE,2026-09-07T10:20:38.157074
full_historical_baseline,545176,22359,GLASS JAR KINGS CHOICE,2,0.0,,United Kingdom,INVALID_OR_ZERO_UNIT_PRICE,2026-09-07T10:20:38.157074
full_historical_baseline,545176,22357,KINGS CHOICE BISCUIT TIN,3,0.0,,United Kingdom,INVALID_OR_ZERO_UNIT_PRICE,2026-09-07T10:20:38.157074
full_historical_baseline,545176,22350,ILLUSTRATED CAT BOWL ,1,0.0,,United Kingdom,INVALID_OR_ZERO_UNIT_PRICE,2026-09-07T10:20:38.157074
full_historical_baseline,545176,22300,COFFEE MUG DOG + BALL DESIGN,1,0.0,,United Kingdom,INVALID_OR_ZERO_UNIT_PRICE,2026-09-07T10:20:38.157074
full_historical_baseline,545176,22064,PINK DOUGHNUT TRINKET POT ,1,0.0,,United Kingdom,INVALID_OR_ZERO_UNIT_PRICE,2026-09-07T10:20:38.157074
full_historical_baseline,545176,21888,BINGO SET,1,0.0,,United Kingdom,INVALID_OR_ZERO_UNIT_PRICE,2026-09-07T10:20:38.157074
full_historical_baseline,545176,21116,OWL DOORSTOP,5,0.0,,United Kingdom,INVALID_OR_ZERO_UNIT_PRICE,2026-09-07T10:20:38.157074
full_historical_baseline,545176,20724,RED RETROSPOT CHARLOTTE BAG,1,0.0,,United Kingdom,INVALID_OR_ZERO_UNIT_PRICE,2026-09-07T10:20:38.157074
full_historical_baseline,545176,20685,DOORMAT RED RETROSPOT,1,0.0,,United Kingdom,INVALID_OR_ZERO_UNIT_PRICE,2026-09-07T10:20:38.157074
full_historical_baseline,545176,20652,BLUE POLKADOT LUGGAGE TAG ,3,0.0,,United Kingdom,INVALID_OR_ZERO_UNIT_PRICE,2026-09-07T10:20:38.157074
full_historical_baseline,545176,20615,BLUE POLKADOT PASSPORT COVER,3,0.0,,United Kingdom,INVALID_OR_ZERO_UNIT_PRICE,2026-09-07T10:20:38.157074
full_historical_baseline,545176,18098C,PORCELAIN BUTTERFLY OIL BURNER,6,0.0,,United Kingdom,INVALID_OR_ZERO_UNIT_PRICE,2026-09-07T10:20:38.157074
full_historical_baseline,545176,22383,LUNCH BAG SUKI DESIGN ,1,0.0,,United Kingdom,INVALID_OR_ZERO_UNIT_PRICE,2026-09-07T10:20:38.157074
full_historical_baseline,545176,85099F,JUMBO BAG STRAWBERRY,1,0.0,,United Kingdom,INVALID_OR_ZERO_UNIT_PRICE,2026-09-07T10:20:38.157074
full_historical_baseline,545176,84968E,SET OF 16 VINTAGE BLACK CUTLERY,1,0.0,,United Kingdom,INVALID_OR_ZERO_UNIT_PRICE,2026-09-07T10:20:38.157074
full_historical_baseline,545176,84872A,TEATIME FUNKY FLOWER BACKPACK FOR 2,1,0.0,,United Kingdom,INVALID_OR_ZERO_UNIT_PRICE,2026-09-07T10:20:38.157074
full_historical_baseline,545176,22676,FRENCH BLUE METAL DOOR SIGN 1,1,0.0,,United Kingdom,INVALID_OR_ZERO_UNIT_PRICE,2026-09-07T10:20:38.157074
full_historical_baseline,545176,21899,"KEY FOB , GARAGE DESIGN",1,0.0,,United Kingdom,INVALID_OR_ZERO_UNIT_PRICE,2026-09-07T10:20:38.157074
full_historical_baseline,545176,22524,CHILDRENS GARDEN GLOVES BLUE,1,0.0,,United Kingdom,INVALID_OR_ZERO_UNIT_PRICE,2026-09-07T10:20:38.157074
full_historical_baseline,545176,84692,BOX OF 24 COCKTAIL PARASOLS,1,0.0,,United Kingdom,INVALID_OR_ZERO_UNIT_PRICE,2026-09-07T10:20:38.157074
full_historical_baseline,545176,79321,CHILLI LIGHTS,1,0.0,,United Kingdom,INVALID_OR_ZERO_UNIT_PRICE,2026-09-07T10:20:38.157074
full_historical_baseline,545176,37333,"RETRO ""TEA FOR ONE"" ",3,0.0,,United Kingdom,INVALID_OR_ZERO_UNIT_PRICE,2026-09-07T10:20:38.157074
full_historical_baseline,545176,22697,GREEN REGENCY TEACUP AND SAUCER,1,0.0,,United Kingdom,INVALID_OR_ZERO_UNIT_PRICE,2026-09-07T10:20:38.157074
full_historical_baseline,545176,22699,ROSES REGENCY TEACUP AND SAUCER ,1,0.0,,United Kingdom,INVALID_OR_ZERO_UNIT_PRICE,2026-09-07T10:20:38.157074
full_historical_baseline,545176,22698,PINK REGENCY TEACUP AND SAUCER,1,0.0,,United Kingdom,INVALID_OR_ZERO_UNIT_PRICE,2026-09-07T10:20:38.157074
full_historical_baseline,545176,22689,DOORMAT MERRY CHRISTMAS RED ,3,0.0,,United Kingdom,INVALID_OR_ZERO_UNIT_PRICE,2026-09-07T10:20:38.157074
full_historical_baseline,545176,22681,FRENCH BLUE METAL DOOR SIGN 6,2,0.0,,United Kingdom,INVALID_OR_ZERO_UNIT_PRICE,2026-09-07T10:20:38.157074
full_historical_baseline,545176,22678,FRENCH BLUE METAL DOOR SIGN 3,1,0.0,,United Kingdom,INVALID_OR_ZERO_UNIT_PRICE,2026-09-07T10:20:38.157074
full_historical_baseline,545176,22686,FRENCH BLUE METAL DOOR SIGN No,2,0.0,,United Kingdom,INVALID_OR_ZERO_UNIT_PRICE,2026-09-07T10:20:38.157074
full_historical_baseline,545176,22681,FRENCH BLUE METAL DOOR SIGN 6,3,0.0,,United Kingdom,INVALID_OR_ZERO_UNIT_PRICE,2026-09-07T10:20:38.157074
full_historical_baseline,545176,22677,FRENCH BLUE METAL DOOR SIGN 2,1,0.0,,United Kingdom,INVALID_OR_ZERO_UNIT_PRICE,2026-09-07T10:20:38.157074
full_historical_baseline,545176,22683,FRENCH BLUE METAL DOOR SIGN 8,1,0.0,,United Kingdom,INVALID_OR_ZERO_UNIT_PRICE,2026-09-07T10:20:38.157074
full_historical_baseline,545176,22676,FRENCH BLUE METAL DOOR SIGN 1,2,0.0,,United Kingdom,INVALID_OR_ZERO_UNIT_PRICE,2026-09-07T10:20:38.157074
full_historical_baseline,545176,22665,RECIPE BOX BLUE SKETCHBOOK DESIGN,1,0.0,,United Kingdom,INVALID_OR_ZERO_UNIT_PRICE,2026-09-07T10:20:38.157074
full_historical_baseline,545176,22649,STRAWBERRY FAIRY CAKE TEAPOT,1,0.0,,United Kingdom,INVALID_OR_ZERO_UNIT_PRICE,2026-09-07T10:20:38.157074
full_historical_baseline,545176,22627,MINT KITCHEN SCALES,1,0.0,,United Kingdom,INVALID_OR_ZERO_UNIT_PRICE,2026-09-07T10:20:38.157074
full_historical_baseline,545176,22625,RED KITCHEN SCALES,4,0.0,,United Kingdom,INVALID_OR_ZERO_UNIT_PRICE,2026-09-07T10:20:38.157074
full_historical_baseline,545176,22624,IVORY KITCHEN SCALES,8,0.0,,United Kingdom,INVALID_OR_ZERO_UNIT_PRICE,2026-09-07T10:20:38.157074
full_historical_baseline,545176,22619,SET OF 6 SOLDIER SKITTLES,1,0.0,,United Kingdom,INVALID_OR_ZERO_UNIT_PRICE,2026-09-07T10:20:38.157074
full_historical_baseline,545176,22550,HOLIDAY FUN LUDO,1,0.0,,United Kingdom,INVALID_OR_ZERO_UNIT_PRICE,2026-09-07T10:20:38.157074
full_historical_baseline,545176,22473,TV DINNER TRAY VINTAGE PAISLEY,1,0.0,,United Kingdom,INVALID_OR_ZERO_UNIT_PRICE,2026-09-07T10:20:38.157074
full_historical_baseline,545176,22475,SKULL DESIGN TV DINNER TRAY,3,0.0,,United Kingdom,INVALID_OR_ZERO_UNIT_PRICE,2026-09-07T10:20:38.157074
full_historical_baseline,545219,20738,,-36,0.0,,United Kingdom,INVALID_OR_ZERO_UNIT_PRICE,2026-09-07T10:20:38.157074
full_historical_baseline,545236,22797,damages,-15,0.0,,United Kingdom,INVALID_OR_ZERO_UNIT_PRICE,2026-09-07T10:20:38.157074
full_historical_baseline,545401,21769,showroom,-5,0.0,,United Kingdom,INVALID_OR_ZERO_UNIT_PRICE,2026-09-07T10:20:38.157074
full_historical_baseline,545402,22862,,-33,0.0,,United Kingdom,INVALID_OR_ZERO_UNIT_PRICE,2026-09-07T10:20:38.157074
full_historical_baseline,545546,84249A,check,-150,0.0,,United Kingdom,INVALID_OR_ZERO_UNIT_PRICE,2026-09-07T10:20:38.157074
full_historical_baseline,545547,85061W,,-391,0.0,,United Kingdom,INVALID_OR_ZERO_UNIT_PRICE,2026-09-07T10:20:38.157074
full_historical_baseline,545548,77101A,,-87,0.0,,United Kingdom,INVALID_OR_ZERO_UNIT_PRICE,2026-09-07T10:20:38.157074
full_historical_baseline,545549,15058B,,-61,0.0,,United Kingdom,INVALID_OR_ZERO_UNIT_PRICE,2026-09-07T10:20:38.157074
full_historical_baseline,545551,15058A,,20,0.0,,United Kingdom,INVALID_OR_ZERO_UNIT_PRICE,2026-09-07T10:20:38.157074
full_historical_baseline,545552,22021,,-20,0.0,,United Kingdom,INVALID_OR_ZERO_UNIT_PRICE,2026-09-07T10:20:38.157074
full_historical_baseline,545553,84459B,,16,0.0,,United Kingdom,INVALID_OR_ZERO_UNIT_PRICE,2026-09-07T10:20:38.157074
full_historical_baseline,545554,22988,,-70,0.0,,United Kingdom,INVALID_OR_ZERO_UNIT_PRICE,2026-09-07T10:20:38.157074
full_historical_baseline,545560,37464,,-2,0.0,,United Kingdom,INVALID_OR_ZERO_UNIT_PRICE,2026-09-07T10:20:38.157074
full_historical_baseline,545561,37379A,,-9,0.0,,United Kingdom,INVALID_OR_ZERO_UNIT_PRICE,2026-09-07T10:20:38.157074
full_historical_baseline,545562,20689,,-5,0.0,,United Kingdom,INVALID_OR_ZERO_UNIT_PRICE,2026-09-07T10:20:38.157074
full_historical_baseline,545563,20671,,-22,0.0,,United Kingdom,INVALID_OR_ZERO_UNIT_PRICE,2026-09-07T10:20:38.157074
full_historical_baseline,545564,85092,,-9,0.0,,United Kingdom,INVALID_OR_ZERO_UNIT_PRICE,2026-09-07T10:20:38.157074
full_historical_baseline,545565,47563B,,-10,0.0,,United Kingdom,INVALID_OR_ZERO_UNIT_PRICE,2026-09-07T10:20:38.157074
full_historical_baseline,545566,37477D,,-9,0.0,,United Kingdom,INVALID_OR_ZERO_UNIT_PRICE,2026-09-07T10:20:38.157074
full_historical_baseline,545567,37444B,,-3,0.0,,United Kingdom,INVALID_OR_ZERO_UNIT_PRICE,2026-09-07T10:20:38.157074
full_historical_baseline,545598,22080,,-278,0.0,,United Kingdom,INVALID_OR_ZERO_UNIT_PRICE,2026-09-07T10:20:38.157074
full_historical_baseline,545599,22272,,-140,0.0,,United Kingdom,INVALID_OR_ZERO_UNIT_PRICE,2026-09-07T10:20:38.157074
full_historical_baseline,545600,85160A,,-21,0.0,,United Kingdom,INVALID_OR_ZERO_UNIT_PRICE,2026-09-07T10:20:38.157074
full_historical_baseline,545651,21973,,140,0.0,,United Kingdom,INVALID_OR_ZERO_UNIT_PRICE,2026-09-07T10:20:38.157074
full_historical_baseline,545666,37468,,67,0.0,,United Kingdom,INVALID_OR_ZERO_UNIT_PRICE,2026-09-07T10:20:38.157074
full_historical_baseline,545857,20681,MIA,-154,0.0,,United Kingdom,INVALID_OR_ZERO_UNIT_PRICE,2026-09-07T10:20:38.157074
full_historical_baseline,545875,21736,Adjustment,34,0.0,,United Kingdom,INVALID_OR_ZERO_UNIT_PRICE,2026-09-07T10:20:38.157074
full_historical_baseline,545990,84598,check,-3000,0.0,,United Kingdom,INVALID_OR_ZERO_UNIT_PRICE,2026-09-07T10:20:38.157074
full_historical_baseline,546010,22423,damages,-19,0.0,,United Kingdom,INVALID_OR_ZERO_UNIT_PRICE,2026-09-07T10:20:38.157074
full_historical_baseline,546016,85172,Dotcom set,-675,0.0,,United Kingdom,INVALID_OR_ZERO_UNIT_PRICE,2026-09-07T10:20:38.157074
full_historical_baseline,546018,85172,wrongly sold as sets,-600,0.0,,United Kingdom,INVALID_OR_ZERO_UNIT_PRICE,2026-09-07T10:20:38.157074
full_historical_baseline,546020,85175,Amazon sold sets,-210,0.0,,United Kingdom,INVALID_OR_ZERO_UNIT_PRICE,2026-09-07T10:20:38.157074
full_historical_baseline,546021,85175,dotcom sold sets,-345,0.0,,United Kingdom,INVALID_OR_ZERO_UNIT_PRICE,2026-09-07T10:20:38.157074
full_historical_baseline,546023,85175,wrongly sold sets,-975,0.0,,United Kingdom,INVALID_OR_ZERO_UNIT_PRICE,2026-09-07T10:20:38.157074
full_historical_baseline,546024,85175,? sold as sets?,-1200,0.0,,United Kingdom,INVALID_OR_ZERO_UNIT_PRICE,2026-09-07T10:20:38.157074
full_historical_baseline,546025,85172,?sold as sets?,-600,0.0,,United Kingdom,INVALID_OR_ZERO_UNIT_PRICE,2026-09-07T10:20:38.157074
full_historical_baseline,546026,90200C,,4,0.0,,United Kingdom,INVALID_OR_ZERO_UNIT_PRICE,2026-09-07T10:20:38.157074
full_historical_baseline,546085,84535A,,144,0.0,,United Kingdom,INVALID_OR_ZERO_UNIT_PRICE,2026-09-07T10:20:38.157074
full_historical_baseline,546114,84247K,,47,0.0,,United Kingdom,INVALID_OR_ZERO_UNIT_PRICE,2026-09-07T10:20:38.157074
full_historical_baseline,546124,35610C,Thrown away.,-1121,0.0,,United Kingdom,INVALID_OR_ZERO_UNIT_PRICE,2026-09-07T10:20:38.157074
full_historical_baseline,546126,35611B,thrown away,-27,0.0,,United Kingdom,INVALID_OR_ZERO_UNIT_PRICE,2026-09-07T10:20:38.157074
full_historical_baseline,546129,35610B,thrown away,-541,0.0,,United Kingdom,INVALID_OR_ZERO_UNIT_PRICE,2026-09-07T10:20:38.157074
full_historical_baseline,546130,35610A,thrown away,-1277,0.0,,United Kingdom,INVALID_OR_ZERO_UNIT_PRICE,2026-09-07T10:20:38.157074
full_historical_baseline,546137,20893,damages/display,-197,0.0,,United Kingdom,INVALID_OR_ZERO_UNIT_PRICE,2026-09-07T10:20:38.157074
full_historical_baseline,546138,21815,?,-300,0.0,,United Kingdom,INVALID_OR_ZERO_UNIT_PRICE,2026-09-07T10:20:38.157074
full_historical_baseline,546139,84988,?,3000,0.0,,United Kingdom,INVALID_OR_ZERO_UNIT_PRICE,2026-09-07T10:20:38.157074
full_historical_baseline,546140,21527,damages,-30,0.0,,United Kingdom,INVALID_OR_ZERO_UNIT_PRICE,2026-09-07T10:20:38.157074
full_historical_baseline,546141,79302M,,73,0.0,,United Kingdom,INVALID_OR_ZERO_UNIT_PRICE,2026-09-07T10:20:38.157074
full_historical_baseline,546142,40016,damaged stock,-1100,0.0,,United Kingdom,INVALID_OR_ZERO_UNIT_PRICE,2026-09-07T10:20:38.157074
full_historical_baseline,546145,21537,?,-80,0.0,,United Kingdom,INVALID_OR_ZERO_UNIT_PRICE,2026-09-07T10:20:38.157074
full_historical_baseline,546146,20752,,-40,0.0,,United Kingdom,INVALID_OR_ZERO_UNIT_PRICE,2026-09-07T10:20:38.157074
full_historical_baseline,546147,21320,broken,-63,0.0,,United Kingdom,INVALID_OR_ZERO_UNIT_PRICE,2026-09-07T10:20:38.157074
full_historical_baseline,546148,85049D,?,-100,0.0,,United Kingdom,INVALID_OR_ZERO_UNIT_PRICE,2026-09-07T10:20:38.157074
full_historical_baseline,546149,20866,?,-230,0.0,,United Kingdom,INVALID_OR_ZERO_UNIT_PRICE,2026-09-07T10:20:38.157074
full_historical_baseline,546150,21503,,-140,0.0,,United Kingdom,INVALID_OR_ZERO_UNIT_PRICE,2026-09-07T10:20:38.157074
full_historical_baseline,546151,21504,,-80,0.0,,United Kingdom,INVALID_OR_ZERO_UNIT_PRICE,2026-09-07T10:20:38.157074
full_historical_baseline,546152,72140F,throw away,-5368,0.0,,United Kingdom,INVALID_OR_ZERO_UNIT_PRICE,2026-09-07T10:20:38.157074
full_historical_baseline,546240,85045,,20,0.0,,United Kingdom,INVALID_OR_ZERO_UNIT_PRICE,2026-09-07T10:20:38.157074
full_historical_baseline,546244,21484,,219,0.0,,United Kingdom,INVALID_OR_ZERO_UNIT_PRICE,2026-09-07T10:20:38.157074
full_historical_baseline,546245,85185B,?,-259,0.0,,United Kingdom,INVALID_OR_ZERO_UNIT_PRICE,2026-09-07T10:20:38.157074
full_historical_baseline,546307,84029G,,280,0.0,,United Kingdom,INVALID_OR_ZERO_UNIT_PRICE,2026-09-07T10:20:38.157074
full_historical_baseline,546308,21555,,232,0.0,,United Kingdom,INVALID_OR_ZERO_UNIT_PRICE,2026-09-07T10:20:38.157074
full_historical_baseline,546309,85185B,,180,0.0,,United Kingdom,INVALID_OR_ZERO_UNIT_PRICE,2026-09-07T10:20:38.157074
full_historical_baseline,546375,85096,,48,0.0,,United Kingdom,INVALID_OR_ZERO_UNIT_PRICE,2026-09-07T10:20:38.157074
full_historical_baseline,546379,72225C,,-82,0.0,,United Kingdom,INVALID_OR_ZERO_UNIT_PRICE,2026-09-07T10:20:38.157074
full_historical_baseline,546406,46000S,POLYESTER FILLER PAD 40x40cm,70,0.0,,United Kingdom,INVALID_OR_ZERO_UNIT_PRICE,2026-09-07T10:20:38.157074
full_historical_baseline,546406,46000M,POLYESTER FILLER PAD 45x45cm,60,0.0,,United Kingdom,INVALID_OR_ZERO_UNIT_PRICE,2026-09-07T10:20:38.157074
full_historical_baseline,546407,22719,wrong barcode (22467),-178,0.0,,United Kingdom,INVALID_OR_ZERO_UNIT_PRICE,2026-09-07T10:20:38.157074
full_historical_baseline,546408,22467,wrongly sold (22719) barcode,170,0.0,,United Kingdom,INVALID_OR_ZERO_UNIT_PRICE,2026-09-07T10:20:38.157074
full_historical_baseline,546409,21833,damages,-110,0.0,,United Kingdom,INVALID_OR_ZERO_UNIT_PRICE,2026-09-07T10:20:38.157074
full_historical_baseline,546551,84563A,,-10,0.0,,United Kingdom,INVALID_OR_ZERO_UNIT_PRICE,2026-09-07T10:20:38.157074
full_historical_baseline,546661,22777,,-25,0.0,,United Kingdom,INVALID_OR_ZERO_UNIT_PRICE,2026-09-07T10:20:38.157074
full_historical_baseline,546666,79321,,72,0.0,,United Kingdom,INVALID_OR_ZERO_UNIT_PRICE,2026-09-07T10:20:38.157074
full_historical_baseline,546672,85206A,,-77,0.0,,United Kingdom,INVALID_OR_ZERO_UNIT_PRICE,2026-09-07T10:20:38.157074
full_historical_baseline,546673,23348,,48,0.0,,United Kingdom,INVALID_OR_ZERO_UNIT_PRICE,2026-09-07T10:20:38.157074
full_historical_baseline,546756,79067,,-5,0.0,,United Kingdom,INVALID_OR_ZERO_UNIT_PRICE,2026-09-07T10:20:38.157074
full_historical_baseline,546933,85123A,WHITE HANGING HEART T-LIGHT HOLDER,1,0.0,,United Kingdom,INVALID_OR_ZERO_UNIT_PRICE,2026-09-07T10:20:38.157074
full_historical_baseline,546933,85099B,JUMBO BAG RED RETROSPOT,2,0.0,,United Kingdom,INVALID_OR_ZERO_UNIT_PRICE,2026-09-07T10:20:38.157074
full_historical_baseline,546933,48184,DOORMAT ENGLISH ROSE ,2,0.0,,United Kingdom,INVALID_OR_ZERO_UNIT_PRICE,2026-09-07T10:20:38.157074
full_historical_baseline,546933,22692,DOORMAT WELCOME TO OUR HOME,1,0.0,,United Kingdom,INVALID_OR_ZERO_UNIT_PRICE,2026-09-07T10:20:38.157074
full_historical_baseline,546933,22683,FRENCH BLUE METAL DOOR SIGN 8,2,0.0,,United Kingdom,INVALID_OR_ZERO_UNIT_PRICE,2026-09-07T10:20:38.157074
full_historical_baseline,546933,22686,FRENCH BLUE METAL DOOR SIGN No,3,0.0,,United Kingdom,INVALID_OR_ZERO_UNIT_PRICE,2026-09-07T10:20:38.157074
full_historical_baseline,546933,22681,FRENCH BLUE METAL DOOR SIGN 6,7,0.0,,United Kingdom,INVALID_OR_ZERO_UNIT_PRICE,2026-09-07T10:20:38.157074
full_historical_baseline,546933,22682,FRENCH BLUE METAL DOOR SIGN 7,3,0.0,,United Kingdom,INVALID_OR_ZERO_UNIT_PRICE,2026-09-07T10:20:38.157074
full_historical_baseline,546933,22685,FRENCH BLUE METAL DOOR SIGN 0,1,0.0,,United Kingdom,INVALID_OR_ZERO_UNIT_PRICE,2026-09-07T10:20:38.157074
full_historical_baseline,546933,22680,FRENCH BLUE METAL DOOR SIGN 5,3,0.0,,United Kingdom,INVALID_OR_ZERO_UNIT_PRICE,2026-09-07T10:20:38.157074
full_historical_baseline,546933,22684,FRENCH BLUE METAL DOOR SIGN 9,3,0.0,,United Kingdom,INVALID_OR_ZERO_UNIT_PRICE,2026-09-07T10:20:38.157074
full_historical_baseline,546933,22678,FRENCH BLUE METAL DOOR SIGN 3,3,0.0,,United Kingdom,INVALID_OR_ZERO_UNIT_PRICE,2026-09-07T10:20:38.157074
full_historical_baseline,546933,22679,FRENCH BLUE METAL DOOR SIGN 4,4,0.0,,United Kingdom,INVALID_OR_ZERO_UNIT_PRICE,2026-09-07T10:20:38.157074
full_historical_baseline,546933,22676,FRENCH BLUE METAL DOOR SIGN 1,3,0.0,,United Kingdom,INVALID_OR_ZERO_UNIT_PRICE,2026-09-07T10:20:38.157074
full_historical_baseline,546933,22666,RECIPE BOX PANTRY YELLOW DESIGN,9,0.0,,United Kingdom,INVALID_OR_ZERO_UNIT_PRICE,2026-09-07T10:20:38.157074
full_historical_baseline,546933,22627,MINT KITCHEN SCALES,1,0.0,,United Kingdom,INVALID_OR_ZERO_UNIT_PRICE,2026-09-07T10:20:38.157074
full_historical_baseline,546933,22626,BLACK KITCHEN SCALES,1,0.0,,United Kingdom,INVALID_OR_ZERO_UNIT_PRICE,2026-09-07T10:20:38.157074
full_historical_baseline,546933,22625,RED KITCHEN SCALES,3,0.0,,United Kingdom,INVALID_OR_ZERO_UNIT_PRICE,2026-09-07T10:20:38.157074
full_historical_baseline,546933,22623,BOX OF VINTAGE JIGSAW BLOCKS ,1,0.0,,United Kingdom,INVALID_OR_ZERO_UNIT_PRICE,2026-09-07T10:20:38.157074
full_historical_baseline,546933,22521,CHILDS GARDEN TROWEL PINK,1,0.0,,United Kingdom,INVALID_OR_ZERO_UNIT_PRICE,2026-09-07T10:20:38.157074
full_historical_baseline,546933,22430,ENAMEL WATERING CAN CREAM,3,0.0,,United Kingdom,INVALID_OR_ZERO_UNIT_PRICE,2026-09-07T10:20:38.157074
full_historical_baseline,546933,22375,AIRLINE BAG VINTAGE JET SET BROWN,1,0.0,,United Kingdom,INVALID_OR_ZERO_UNIT_PRICE,2026-09-07T10:20:38.157074
full_historical_baseline,546933,22374,AIRLINE BAG VINTAGE JET SET RED,1,0.0,,United Kingdom,INVALID_OR_ZERO_UNIT_PRICE,2026-09-07T10:20:38.157074
full_historical_baseline,546933,22366,DOORMAT AIRMAIL ,1,0.0,,United Kingdom,INVALID_OR_ZERO_UNIT_PRICE,2026-09-07T10:20:38.157074
full_historical_baseline,546933,22364,GLASS JAR DIGESTIVE BISCUITS,2,0.0,,United Kingdom,INVALID_OR_ZERO_UNIT_PRICE,2026-09-07T10:20:38.157074
full_historical_baseline,546933,22631,CIRCUS PARADE LUNCH BOX ,3,0.0,,United Kingdom,INVALID_OR_ZERO_UNIT_PRICE,2026-09-07T10:20:38.157074
full_historical_baseline,546933,21556,CERAMIC STRAWBERRY MONEY BOX,2,0.0,,United Kingdom,INVALID_OR_ZERO_UNIT_PRICE,2026-09-07T10:20:38.157074
full_historical_baseline,546933,22666,RECIPE BOX PANTRY YELLOW DESIGN,1,0.0,,United Kingdom,INVALID_OR_ZERO_UNIT_PRICE,2026-09-07T10:20:38.157074
full_historical_baseline,546933,22372,AIRLINE BAG VINTAGE WORLD CHAMPION ,1,0.0,,United Kingdom,INVALID_OR_ZERO_UNIT_PRICE,2026-09-07T10:20:38.157074
full_historical_baseline,546933,20719,WOODLAND CHARLOTTE BAG,1,0.0,,United Kingdom,INVALID_OR_ZERO_UNIT_PRICE,2026-09-07T10:20:38.157074
full_historical_baseline,547328,22272,,45,0.0,,United Kingdom,INVALID_OR_ZERO_UNIT_PRICE,2026-09-07T10:20:38.157074
full_historical_baseline,547329,20681,,-1,0.0,,United Kingdom,INVALID_OR_ZERO_UNIT_PRICE,2026-09-07T10:20:38.157074
full_historical_baseline,547330,21894,,-40,0.0,,United Kingdom,INVALID_OR_ZERO_UNIT_PRICE,2026-09-07T10:20:38.157074
full_historical_baseline,547331,17013D,,-20,0.0,,United Kingdom,INVALID_OR_ZERO_UNIT_PRICE,2026-09-07T10:20:38.157074
full_historical_baseline,547332,21613,,-47,0.0,,United Kingdom,INVALID_OR_ZERO_UNIT_PRICE,2026-09-07T10:20:38.157074
full_historical_baseline,547333,22791,,-70,0.0,,United Kingdom,INVALID_OR_ZERO_UNIT_PRICE,2026-09-07T10:20:38.157074
full_historical_baseline,547335,20934,,-15,0.0,,United Kingdom,INVALID_OR_ZERO_UNIT_PRICE,2026-09-07T10:20:38.157074
full_historical_baseline,547336,21689,wrong barcode,-323,0.0,,United Kingdom,INVALID_OR_ZERO_UNIT_PRICE,2026-09-07T10:20:38.157074
full_historical_baseline,547337,85025C,barcode problem,-230,0.0,,United Kingdom,INVALID_OR_ZERO_UNIT_PRICE,2026-09-07T10:20:38.157074
full_historical_baseline,547338,22245,,-110,0.0,,United Kingdom,INVALID_OR_ZERO_UNIT_PRICE,2026-09-07T10:20:38.157074
full_historical_baseline,547339,84406B,?,-450,0.0,,United Kingdom,INVALID_OR_ZERO_UNIT_PRICE,2026-09-07T10:20:38.157074
full_historical_baseline,547341,85049D,,-20,0.0,,United Kingdom,INVALID_OR_ZERO_UNIT_PRICE,2026-09-07T10:20:38.157074
full_historical_baseline,547343,77101A,,4,0.0,,United Kingdom,INVALID_OR_ZERO_UNIT_PRICE,2026-09-07T10:20:38.157074
full_historical_baseline,547344,22838,,5,0.0,,United Kingdom,INVALID_OR_ZERO_UNIT_PRICE,2026-09-07T10:20:38.157074
full_historical_baseline,547345,22838,,-10,0.0,,United Kingdom,INVALID_OR_ZERO_UNIT_PRICE,2026-09-07T10:20:38.157074
full_historical_baseline,547346,21000,,-41,0.0,,United Kingdom,INVALID_OR_ZERO_UNIT_PRICE,2026-09-07T10:20:38.157074
full_historical_baseline,547347,22470,,-6,0.0,,United Kingdom,INVALID_OR_ZERO_UNIT_PRICE,2026-09-07T10:20:38.157074
full_historical_baseline,547348,85206A,,4,0.0,,United Kingdom,INVALID_OR_ZERO_UNIT_PRICE,2026-09-07T10:20:38.157074
full_historical_baseline,547363,22459,?lost,-232,0.0,,United Kingdom,INVALID_OR_ZERO_UNIT_PRICE,2026-09-07T10:20:38.157074
full_historical_baseline,547369,21898,,-83,0.0,,United Kingdom,INVALID_OR_ZERO_UNIT_PRICE,2026-09-07T10:20:38.157074
full_historical_baseline,547394,71477,,1,0.0,,United Kingdom,INVALID_OR_ZERO_UNIT_PRICE,2026-09-07T10:20:38.157074
full_historical_baseline,547395,84977,,1,0.0,,United Kingdom,INVALID_OR_ZERO_UNIT_PRICE,2026-09-07T10:20:38.157074
full_historical_baseline,547396,79321,CHILLI LIGHTS,1,0.0,,United Kingdom,INVALID_OR_ZERO_UNIT_PRICE,2026-09-07T10:20:38.157074
full_historical_baseline,547402,85028L,,12,0.0,,United Kingdom,INVALID_OR_ZERO_UNIT_PRICE,2026-09-07T10:20:38.157074
full_historical_baseline,547403,85028L,,-2,0.0,,United Kingdom,INVALID_OR_ZERO_UNIT_PRICE,2026-09-07T10:20:38.157074
full_historical_baseline,547404,85028S,,24,0.0,,United Kingdom,INVALID_OR_ZERO_UNIT_PRICE,2026-09-07T10:20:38.157074
full_historical_baseline,547417,22062,CERAMIC BOWL WITH LOVE HEART DESIGN,36,0.0,13239.0,United Kingdom,INVALID_OR_ZERO_UNIT_PRICE,2026-09-07T10:20:38.157074
full_historical_baseline,547487,84596E,,-153,0.0,,United Kingdom,INVALID_OR_ZERO_UNIT_PRICE,2026-09-07T10:20:38.157074
full_historical_baseline,547505,22198,,-9,0.0,,United Kingdom,INVALID_OR_ZERO_UNIT_PRICE,2026-09-07T10:20:38.157074
full_historical_baseline,547506,21538,,-2,0.0,,United Kingdom,INVALID_OR_ZERO_UNIT_PRICE,2026-09-07T10:20:38.157074
full_historical_baseline,547522,21717,,5,0.0,,United Kingdom,INVALID_OR_ZERO_UNIT_PRICE,2026-09-07T10:20:38.157074
full_historical_baseline,547523,85197,,5,0.0,,United Kingdom,INVALID_OR_ZERO_UNIT_PRICE,2026-09-07T10:20:38.157074
full_historical_baseline,547524,22451,,4,0.0,,United Kingdom,INVALID_OR_ZERO_UNIT_PRICE,2026-09-07T10:20:38.157074
full_historical_baseline,547525,21258,,3,0.0,,United Kingdom,INVALID_OR_ZERO_UNIT_PRICE,2026-09-07T10:20:38.157074
full_historical_baseline,547526,22627,,3,0.0,,United Kingdom,INVALID_OR_ZERO_UNIT_PRICE,2026-09-07T10:20:38.157074
full_historical_baseline,547527,21826,,2,0.0,,United Kingdom,INVALID_OR_ZERO_UNIT_PRICE,2026-09-07T10:20:38.157074
full_historical_baseline,547528,84840,,2,0.0,,United Kingdom,INVALID_OR_ZERO_UNIT_PRICE,2026-09-07T10:20:38.157074
full_historical_baseline,547529,21841,,1,0.0,,United Kingdom,INVALID_OR_ZERO_UNIT_PRICE,2026-09-07T10:20:38.157074
full_historical_baseline,547530,22764,,3,0.0,,United Kingdom,INVALID_OR_ZERO_UNIT_PRICE,2026-09-07T10:20:38.157074
full_historical_baseline,547531,82605,,1,0.0,,United Kingdom,INVALID_OR_ZERO_UNIT_PRICE,2026-09-07T10:20:38.157074
full_historical_baseline,547532,84227,,1,0.0,,United Kingdom,INVALID_OR_ZERO_UNIT_PRICE,2026-09-07T10:20:38.157074
full_historical_baseline,547533,84968B,,2,0.0,,United Kingdom,INVALID_OR_ZERO_UNIT_PRICE,2026-09-07T10:20:38.157074
full_historical_baseline,547534,90084,,1,0.0,,United Kingdom,INVALID_OR_ZERO_UNIT_PRICE,2026-09-07T10:20:38.157074
full_historical_baseline,547536,90005A,,1,0.0,,United Kingdom,INVALID_OR_ZERO_UNIT_PRICE,2026-09-07T10:20:38.157074
full_historical_baseline,547557,22866,,2,0.0,,United Kingdom,INVALID_OR_ZERO_UNIT_PRICE,2026-09-07T10:20:38.157074
full_historical_baseline,547559,72759,thrown away-can't sell.,-524,0.0,,United Kingdom,INVALID_OR_ZERO_UNIT_PRICE,2026-09-07T10:20:38.157074
full_historical_baseline,547560,72732,thrown away-can't sell,-2472,0.0,,United Kingdom,INVALID_OR_ZERO_UNIT_PRICE,2026-09-07T10:20:38.157074
full_historical_baseline,547575,85025C,,144,0.0,,United Kingdom,INVALID_OR_ZERO_UNIT_PRICE,2026-09-07T10:20:38.157074
full_historical_baseline,547593,20785,,-2,0.0,,United Kingdom,INVALID_OR_ZERO_UNIT_PRICE,2026-09-07T10:20:38.157074
full_historical_baseline,547595,82483,,-12,0.0,,United Kingdom,INVALID_OR_ZERO_UNIT_PRICE,2026-09-07T10:20:38.157074
full_historical_baseline,547596,84306,,-5,0.0,,United Kingdom,INVALID_OR_ZERO_UNIT_PRICE,2026-09-07T10:20:38.157074
full_historical_baseline,547597,17011F,,-18,0.0,,United Kingdom,INVALID_OR_ZERO_UNIT_PRICE,2026-09-07T10:20:38.157074
full_historical_baseline,547598,21332,,-25,0.0,,United Kingdom,INVALID_OR_ZERO_UNIT_PRICE,2026-09-07T10:20:38.157074
full_historical_baseline,547599,21361,,-10,0.0,,United Kingdom,INVALID_OR_ZERO_UNIT_PRICE,2026-09-07T10:20:38.157074
full_historical_baseline,547606,22173,,-22,0.0,,United Kingdom,INVALID_OR_ZERO_UNIT_PRICE,2026-09-07T10:20:38.157074
full_historical_baseline,547611,84631,,-9,0.0,,United Kingdom,INVALID_OR_ZERO_UNIT_PRICE,2026-09-07T10:20:38.157074
full_historical_baseline,547618,21547,,-12,0.0,,United Kingdom,INVALID_OR_ZERO_UNIT_PRICE,2026-09-07T10:20:38.157074
full_historical_baseline,547626,20973,,60,0.0,,United Kingdom,INVALID_OR_ZERO_UNIT_PRICE,2026-09-07T10:20:38.157074
full_historical_baseline,547646,84849D,,-80,0.0,,United Kingdom,INVALID_OR_ZERO_UNIT_PRICE,2026-09-07T10:20:38.157074
full_historical_baseline,547673,47593A,found,13,0.0,,United Kingdom,INVALID_OR_ZERO_UNIT_PRICE,2026-09-07T10:20:38.157074
full_historical_baseline,547696,35809B,,12,0.0,,United Kingdom,INVALID_OR_ZERO_UNIT_PRICE,2026-09-07T10:20:38.157074
full_historical_baseline,547699,21143,,-32,0.0,,United Kingdom,INVALID_OR_ZERO_UNIT_PRICE,2026-09-07T10:20:38.157074
full_historical_baseline,547700,21147,,-105,0.0,,United Kingdom,INVALID_OR_ZERO_UNIT_PRICE,2026-09-07T10:20:38.157074
full_historical_baseline,547701,84559D,,-7,0.0,,United Kingdom,INVALID_OR_ZERO_UNIT_PRICE,2026-09-07T10:20:38.157074
full_historical_baseline,547704,21621,rcvd be air temp fix for dotcom sit,100,0.0,,United Kingdom,INVALID_OR_ZERO_UNIT_PRICE,2026-09-07T10:20:38.157074
full_historical_baseline,547813,84840,,1,0.0,,United Kingdom,INVALID_OR_ZERO_UNIT_PRICE,2026-09-07T10:20:38.157074
full_historical_baseline,547827,22444,,82,0.0,,United Kingdom,INVALID_OR_ZERO_UNIT_PRICE,2026-09-07T10:20:38.157074
full_historical_baseline,547916,22459,,-36,0.0,,United Kingdom,INVALID_OR_ZERO_UNIT_PRICE,2026-09-07T10:20:38.157074
full_historical_baseline,547917,21898,,6,0.0,,United Kingdom,INVALID_OR_ZERO_UNIT_PRICE,2026-09-07T10:20:38.157074
full_historical_baseline,547927,37444C,,5,0.0,,United Kingdom,INVALID_OR_ZERO_UNIT_PRICE,2026-09-07T10:20:38.157074
full_historical_baseline,547928,37444B,,1,0.0,,United Kingdom,INVALID_OR_ZERO_UNIT_PRICE,2026-09-07T10:20:38.157074
full_historical_baseline,547929,21393,,3,0.0,,United Kingdom,INVALID_OR_ZERO_UNIT_PRICE,2026-09-07T10:20:38.157074
full_historical_baseline,547932,85197,,24,0.0,,United Kingdom,INVALID_OR_ZERO_UNIT_PRICE,2026-09-07T10:20:38.157074
full_historical_baseline,547933,21445,,1,0.0,,United Kingdom,INVALID_OR_ZERO_UNIT_PRICE,2026-09-07T10:20:38.157074
full_historical_baseline,547943,21357,,1,0.0,,United Kingdom,INVALID_OR_ZERO_UNIT_PRICE,2026-09-07T10:20:38.157074
full_historical_baseline,547948,71038,,167,0.0,,United Kingdom,INVALID_OR_ZERO_UNIT_PRICE,2026-09-07T10:20:38.157074
full_historical_baseline,547950,35241,damages?,-40,0.0,,United Kingdom,INVALID_OR_ZERO_UNIT_PRICE,2026-09-07T10:20:38.157074
full_historical_baseline,547957,20713,,32,0.0,,United Kingdom,INVALID_OR_ZERO_UNIT_PRICE,2026-09-07T10:20:38.157074
full_historical_baseline,547959,20713,,23,0.0,,United Kingdom,INVALID_OR_ZERO_UNIT_PRICE,2026-09-07T10:20:38.157074
full_historical_baseline,547966,DOT,,1000,0.0,,United Kingdom,INVALID_OR_ZERO_UNIT_PRICE,2026-09-07T10:20:38.157074
full_historical_baseline,547989,21621,re dotcom quick fix.,-100,0.0,,United Kingdom,INVALID_OR_ZERO_UNIT_PRICE,2026-09-07T10:20:38.157074
full_historical_baseline,547994,21228,,-7,0.0,,United Kingdom,INVALID_OR_ZERO_UNIT_PRICE,2026-09-07T10:20:38.157074
full_historical_baseline,547995,35823P,,-12,0.0,,United Kingdom,INVALID_OR_ZERO_UNIT_PRICE,2026-09-07T10:20:38.157074
full_historical_baseline,547996,84534B,,-10,0.0,,United Kingdom,INVALID_OR_ZERO_UNIT_PRICE,2026-09-07T10:20:38.157074
full_historical_baseline,547997,20857,,-34,0.0,,United Kingdom,INVALID_OR_ZERO_UNIT_PRICE,2026-09-07T10:20:38.157074
full_historical_baseline,547998,20854,,-2,0.0,,United Kingdom,INVALID_OR_ZERO_UNIT_PRICE,2026-09-07T10:20:38.157074
full_historical_baseline,547999,20860,,-7,0.0,,United Kingdom,INVALID_OR_ZERO_UNIT_PRICE,2026-09-07T10:20:38.157074
full_historical_baseline,548000,85224,,-7,0.0,,United Kingdom,INVALID_OR_ZERO_UNIT_PRICE,2026-09-07T10:20:38.157074
full_historical_baseline,548001,22451,,11,0.0,,United Kingdom,INVALID_OR_ZERO_UNIT_PRICE,2026-09-07T10:20:38.157074
full_historical_baseline,548002,21051,,-25,0.0,,United Kingdom,INVALID_OR_ZERO_UNIT_PRICE,2026-09-07T10:20:38.157074
full_historical_baseline,548008,21190,,-80,0.0,,United Kingdom,INVALID_OR_ZERO_UNIT_PRICE,2026-09-07T10:20:38.157074
full_historical_baseline,548069,20713,,-22,0.0,,United Kingdom,INVALID_OR_ZERO_UNIT_PRICE,2026-09-07T10:20:38.157074
full_historical_baseline,548095,20850,,-3,0.0,,United Kingdom,INVALID_OR_ZERO_UNIT_PRICE,2026-09-07T10:20:38.157074
full_historical_baseline,548098,21283,,-15,0.0,,United Kingdom,INVALID_OR_ZERO_UNIT_PRICE,2026-09-07T10:20:38.157074
full_historical_baseline,548104,84854,,-3,0.0,,United Kingdom,INVALID_OR_ZERO_UNIT_PRICE,2026-09-07T10:20:38.157074
full_historical_baseline,548110,21911,,-27,0.0,,United Kingdom,INVALID_OR_ZERO_UNIT_PRICE,2026-09-07T10:20:38.157074
full_historical_baseline,548149,72821,,-2,0.0,,United Kingdom,INVALID_OR_ZERO_UNIT_PRICE,2026-09-07T10:20:38.157074
full_historical_baseline,548161,20734,,2,0.0,,United Kingdom,INVALID_OR_ZERO_UNIT_PRICE,2026-09-07T10:20:38.157074
full_historical_baseline,548173,85067,,-3,0.0,,United Kingdom,INVALID_OR_ZERO_UNIT_PRICE,2026-09-07T10:20:38.157074
full_historical_baseline,548175,46115B,,-2,0.0,,United Kingdom,INVALID_OR_ZERO_UNIT_PRICE,2026-09-07T10:20:38.157074
full_historical_baseline,548195,79321,,27,0.0,,United Kingdom,INVALID_OR_ZERO_UNIT_PRICE,2026-09-07T10:20:38.157074
full_historical_baseline,548205,21614,,48,0.0,,United Kingdom,INVALID_OR_ZERO_UNIT_PRICE,2026-09-07T10:20:38.157074
full_historical_baseline,548206,22469,,-53,0.0,,United Kingdom,INVALID_OR_ZERO_UNIT_PRICE,2026-09-07T10:20:38.157074
full_historical_baseline,548207,20713,,25,0.0,,United Kingdom,INVALID_OR_ZERO_UNIT_PRICE,2026-09-07T10:20:38.157074
full_historical_baseline,548209,21621,,-30,0.0,,United Kingdom,INVALID_OR_ZERO_UNIT_PRICE,2026-09-07T10:20:38.157074
full_historical_baseline,548220,79321,,14,0.0,,United Kingdom,INVALID_OR_ZERO_UNIT_PRICE,2026-09-07T10:20:38.157074
full_historical_baseline,548221,85049B,,1,0.0,,United Kingdom,INVALID_OR_ZERO_UNIT_PRICE,2026-09-07T10:20:38.157074
full_historical_baseline,548224,47593A,,2,0.0,,United Kingdom,INVALID_OR_ZERO_UNIT_PRICE,2026-09-07T10:20:38.157074
full_historical_baseline,548227,90099,,-19,0.0,,United Kingdom,INVALID_OR_ZERO_UNIT_PRICE,2026-09-07T10:20:38.157074
full_historical_baseline,548261,90104,,2,0.0,,United Kingdom,INVALID_OR_ZERO_UNIT_PRICE,2026-09-07T10:20:38.157074
full_historical_baseline,548269,22036,,-45,0.0,,United Kingdom,INVALID_OR_ZERO_UNIT_PRICE,2026-09-07T10:20:38.157074
full_historical_baseline,548286,10002,,180,0.0,,United Kingdom,INVALID_OR_ZERO_UNIT_PRICE,2026-09-07T10:20:38.157074
full_historical_baseline,548318,22055,MINI CAKE STAND  HANGING STRAWBERY,5,0.0,13113.0,United Kingdom,INVALID_OR_ZERO_UNIT_PRICE,2026-09-07T10:20:38.157074
full_historical_baseline,548328,21527,,-21,0.0,,United Kingdom,INVALID_OR_ZERO_UNIT_PRICE,2026-09-07T10:20:38.157074
full_historical_baseline,548339,21827,,-42,0.0,,United Kingdom,INVALID_OR_ZERO_UNIT_PRICE,2026-09-07T10:20:38.157074
full_historical_baseline,548364,21095,,53,0.0,,United Kingdom,INVALID_OR_ZERO_UNIT_PRICE,2026-09-07T10:20:38.157074
full_historical_baseline,548365,79172D,,-7,0.0,,United Kingdom,INVALID_OR_ZERO_UNIT_PRICE,2026-09-07T10:20:38.157074
full_historical_baseline,548366,84678,,-33,0.0,,United Kingdom,INVALID_OR_ZERO_UNIT_PRICE,2026-09-07T10:20:38.157074
full_historical_baseline,548369,84683,,-6,0.0,,United Kingdom,INVALID_OR_ZERO_UNIT_PRICE,2026-09-07T10:20:38.157074
full_historical_baseline,548376,22533,,-80,0.0,,United Kingdom,INVALID_OR_ZERO_UNIT_PRICE,2026-09-07T10:20:38.157074
full_historical_baseline,548377,85016,,-46,0.0,,United Kingdom,INVALID_OR_ZERO_UNIT_PRICE,2026-09-07T10:20:38.157074
full_historical_baseline,548378,22052,,-75,0.0,,United Kingdom,INVALID_OR_ZERO_UNIT_PRICE,2026-09-07T10:20:38.157074
full_historical_baseline,548379,20702,,11,0.0,,United Kingdom,INVALID_OR_ZERO_UNIT_PRICE,2026-09-07T10:20:38.157074
full_historical_baseline,548380,22127,Dotcom sold in 6's,-60,0.0,,United Kingdom,INVALID_OR_ZERO_UNIT_PRICE,2026-09-07T10:20:38.157074
full_historical_baseline,548381,22127,sold in set?,-690,0.0,,United Kingdom,INVALID_OR_ZERO_UNIT_PRICE,2026-09-07T10:20:38.157074
full_historical_baseline,548382,84898F,,-2,0.0,,United Kingdom,INVALID_OR_ZERO_UNIT_PRICE,2026-09-07T10:20:38.157074
full_historical_baseline,548383,84906,,5,0.0,,United Kingdom,INVALID_OR_ZERO_UNIT_PRICE,2026-09-07T10:20:38.157074
full_historical_baseline,548385,22168,,-19,0.0,,United Kingdom,INVALID_OR_ZERO_UNIT_PRICE,2026-09-07T10:20:38.157074
full_historical_baseline,548394,82494L,cracked,-39,0.0,,United Kingdom,INVALID_OR_ZERO_UNIT_PRICE,2026-09-07T10:20:38.157074
full_historical_baseline,548395,22194,,-9,0.0,,United Kingdom,INVALID_OR_ZERO_UNIT_PRICE,2026-09-07T10:20:38.157074
full_historical_baseline,548396,22719,sold as 22467,-25,0.0,,United Kingdom,INVALID_OR_ZERO_UNIT_PRICE,2026-09-07T10:20:38.157074
full_historical_baseline,548397,21195,,-30,0.0,,United Kingdom,INVALID_OR_ZERO_UNIT_PRICE,2026-09-07T10:20:38.157074
full_historical_baseline,548398,22482,,-66,0.0,,United Kingdom,INVALID_OR_ZERO_UNIT_PRICE,2026-09-07T10:20:38.157074
full_historical_baseline,548399,15030,,150,0.0,,United Kingdom,INVALID_OR_ZERO_UNIT_PRICE,2026-09-07T10:20:38.157074
full_historical_baseline,548402,21040,,-5,0.0,,United Kingdom,INVALID_OR_ZERO_UNIT_PRICE,2026-09-07T10:20:38.157074
full_historical_baseline,548535,90010A,,25,0.0,,United Kingdom,INVALID_OR_ZERO_UNIT_PRICE,2026-09-07T10:20:38.157074
full_historical_baseline,548536,90010B,,-50,0.0,,United Kingdom,INVALID_OR_ZERO_UNIT_PRICE,2026-09-07T10:20:38.157074
full_historical_baseline,548537,90173,,-28,0.0,,United Kingdom,INVALID_OR_ZERO_UNIT_PRICE,2026-09-07T10:20:38.157074
full_historical_baseline,548538,90082B,,3,0.0,,United Kingdom,INVALID_OR_ZERO_UNIT_PRICE,2026-09-07T10:20:38.157074
full_historical_baseline,548539,90005A,,2,0.0,,United Kingdom,INVALID_OR_ZERO_UNIT_PRICE,2026-09-07T10:20:38.157074
full_historical_baseline,548540,90035A,,-9,0.0,,United Kingdom,INVALID_OR_ZERO_UNIT_PRICE,2026-09-07T10:20:38.157074
full_historical_baseline,548615,16010,,-7,0.0,,United Kingdom,INVALID_OR_ZERO_UNIT_PRICE,2026-09-07T10:20:38.157074
full_historical_baseline,548620,84313B,Damaged,-32,0.0,,United Kingdom,INVALID_OR_ZERO_UNIT_PRICE,2026-09-07T10:20:38.157074
full_historical_baseline,548637,84596E,,5,0.0,,United Kingdom,INVALID_OR_ZERO_UNIT_PRICE,2026-09-07T10:20:38.157074
full_historical_baseline,548638,21258,,4,0.0,,United Kingdom,INVALID_OR_ZERO_UNIT_PRICE,2026-09-07T10:20:38.157074
full_historical_baseline,548639,22627,,1,0.0,,United Kingdom,INVALID_OR_ZERO_UNIT_PRICE,2026-09-07T10:20:38.157074
full_historical_baseline,548646,21472,,-140,0.0,,United Kingdom,INVALID_OR_ZERO_UNIT_PRICE,2026-09-07T10:20:38.157074
full_historical_baseline,548662,82494L,,-180,0.0,,United Kingdom,INVALID_OR_ZERO_UNIT_PRICE,2026-09-07T10:20:38.157074
full_historical_baseline,548675,85185D,,-2,0.0,,United Kingdom,INVALID_OR_ZERO_UNIT_PRICE,2026-09-07T10:20:38.157074
full_historical_baseline,548676,72800F,,-5,0.0,,United Kingdom,INVALID_OR_ZERO_UNIT_PRICE,2026-09-07T10:20:38.157074
full_historical_baseline,548677,72781,,-30,0.0,,United Kingdom,INVALID_OR_ZERO_UNIT_PRICE,2026-09-07T10:20:38.157074
full_historical_baseline,548678,35015,,-9,0.0,,United Kingdom,INVALID_OR_ZERO_UNIT_PRICE,2026-09-07T10:20:38.157074
full_historical_baseline,548679,72793,,-3,0.0,,United Kingdom,INVALID_OR_ZERO_UNIT_PRICE,2026-09-07T10:20:38.157074
full_historical_baseline,548680,72800D,,-18,0.0,,United Kingdom,INVALID_OR_ZERO_UNIT_PRICE,2026-09-07T10:20:38.157074
full_historical_baseline,548681,72800D,,3,0.0,,United Kingdom,INVALID_OR_ZERO_UNIT_PRICE,2026-09-07T10:20:38.157074
full_historical_baseline,548682,72789,,-2,0.0,,United Kingdom,INVALID_OR_ZERO_UNIT_PRICE,2026-09-07T10:20:38.157074
full_historical_baseline,548683,72801G,,47,0.0,,United Kingdom,INVALID_OR_ZERO_UNIT_PRICE,2026-09-07T10:20:38.157074
full_historical_baseline,548684,72798C,,-2,0.0,,United Kingdom,INVALID_OR_ZERO_UNIT_PRICE,2026-09-07T10:20:38.157074
full_historical_baseline,548685,85018B,,-2,0.0,,United Kingdom,INVALID_OR_ZERO_UNIT_PRICE,2026-09-07T10:20:38.157074
full_historical_baseline,548693,22720,,-60,0.0,,United Kingdom,INVALID_OR_ZERO_UNIT_PRICE,2026-09-07T10:20:38.157074
full_historical_baseline,548694,22720,,10,0.0,,United Kingdom,INVALID_OR_ZERO_UNIT_PRICE,2026-09-07T10:20:38.157074
full_historical_baseline,548871,22162,HEART GARLAND RUSTIC PADDED,2,0.0,14410.0,United Kingdom,INVALID_OR_ZERO_UNIT_PRICE,2026-09-07T10:20:38.157074
full_historical_baseline,548886,85118,,-6,0.0,,United Kingdom,INVALID_OR_ZERO_UNIT_PRICE,2026-09-07T10:20:38.157074
full_historical_baseline,548887,35824B,,-8,0.0,,United Kingdom,INVALID_OR_ZERO_UNIT_PRICE,2026-09-07T10:20:38.157074
full_historical_baseline,548888,84726,,-14,0.0,,United Kingdom,INVALID_OR_ZERO_UNIT_PRICE,2026-09-07T10:20:38.157074
full_historical_baseline,548889,84875A,,-17,0.0,,United Kingdom,INVALID_OR_ZERO_UNIT_PRICE,2026-09-07T10:20:38.157074
full_historical_baseline,548890,84876C,,-19,0.0,,United Kingdom,INVALID_OR_ZERO_UNIT_PRICE,2026-09-07T10:20:38.157074
full_historical_baseline,548897,47570B,,-70,0.0,,United Kingdom,INVALID_OR_ZERO_UNIT_PRICE,2026-09-07T10:20:38.157074
full_historical_baseline,548980,22114,,-194,0.0,,United Kingdom,INVALID_OR_ZERO_UNIT_PRICE,2026-09-07T10:20:38.157074
full_historical_baseline,548986,21210,,-177,0.0,,United Kingdom,INVALID_OR_ZERO_UNIT_PRICE,2026-09-07T10:20:38.157074
full_historical_baseline,548989,72799F,,-46,0.0,,United Kingdom,INVALID_OR_ZERO_UNIT_PRICE,2026-09-07T10:20:38.157074
full_historical_baseline,548997,84507B,,20,0.0,,United Kingdom,INVALID_OR_ZERO_UNIT_PRICE,2026-09-07T10:20:38.157074
full_historical_baseline,548998,84741C,,8,0.0,,United Kingdom,INVALID_OR_ZERO_UNIT_PRICE,2026-09-07T10:20:38.157074
full_historical_baseline,548999,84743C,damages,-26,0.0,,United Kingdom,INVALID_OR_ZERO_UNIT_PRICE,2026-09-07T10:20:38.157074
full_historical_baseline,549000,35972,,-45,0.0,,United Kingdom,INVALID_OR_ZERO_UNIT_PRICE,2026-09-07T10:20:38.157074
full_historical_baseline,549001,84845D,,-5,0.0,,United Kingdom,INVALID_OR_ZERO_UNIT_PRICE,2026-09-07T10:20:38.157074
full_historical_baseline,549002,21278,,17,0.0,,United Kingdom,INVALID_OR_ZERO_UNIT_PRICE,2026-09-07T10:20:38.157074
full_historical_baseline,549003,21279,,14,0.0,,United Kingdom,INVALID_OR_ZERO_UNIT_PRICE,2026-09-07T10:20:38.157074
full_historical_baseline,549004,21274,,-3,0.0,,United Kingdom,INVALID_OR_ZERO_UNIT_PRICE,2026-09-07T10:20:38.157074
full_historical_baseline,549005,16020C,,-5,0.0,,United Kingdom,INVALID_OR_ZERO_UNIT_PRICE,2026-09-07T10:20:38.157074
full_historical_baseline,549006,84508B,,-23,0.0,,United Kingdom,INVALID_OR_ZERO_UNIT_PRICE,2026-09-07T10:20:38.157074
full_historical_baseline,549008,21281,,-31,0.0,,United Kingdom,INVALID_OR_ZERO_UNIT_PRICE,2026-09-07T10:20:38.157074
full_historical_baseline,549009,21474,,-8,0.0,,United Kingdom,INVALID_OR_ZERO_UNIT_PRICE,2026-09-07T10:20:38.157074
full_historical_baseline,549010,21684,,-62,0.0,,United Kingdom,INVALID_OR_ZERO_UNIT_PRICE,2026-09-07T10:20:38.157074
full_historical_baseline,549011,62096B,,-8,0.0,,United Kingdom,INVALID_OR_ZERO_UNIT_PRICE,2026-09-07T10:20:38.157074
full_historical_baseline,549028,84569A,,-18,0.0,,United Kingdom,INVALID_OR_ZERO_UNIT_PRICE,2026-09-07T10:20:38.157074
full_historical_baseline,549029,84569B,,-17,0.0,,United Kingdom,INVALID_OR_ZERO_UNIT_PRICE,2026-09-07T10:20:38.157074
full_historical_baseline,549030,84520B,,-61,0.0,,United Kingdom,INVALID_OR_ZERO_UNIT_PRICE,2026-09-07T10:20:38.157074
full_historical_baseline,549031,10134,,-19,0.0,,United Kingdom,INVALID_OR_ZERO_UNIT_PRICE,2026-09-07T10:20:38.157074
full_historical_baseline,549032,20778,,-6,0.0,,United Kingdom,INVALID_OR_ZERO_UNIT_PRICE,2026-09-07T10:20:38.157074
full_historical_baseline,549033,16254,,-5,0.0,,United Kingdom,INVALID_OR_ZERO_UNIT_PRICE,2026-09-07T10:20:38.157074
full_historical_baseline,549034,16248B,,2,0.0,,United Kingdom,INVALID_OR_ZERO_UNIT_PRICE,2026-09-07T10:20:38.157074
full_historical_baseline,549035,72051S,,-15,0.0,,United Kingdom,INVALID_OR_ZERO_UNIT_PRICE,2026-09-07T10:20:38.157074
full_historical_baseline,549036,84993B,,-54,0.0,,United Kingdom,INVALID_OR_ZERO_UNIT_PRICE,2026-09-07T10:20:38.157074
full_historical_baseline,549037,84569C,,-37,0.0,,United Kingdom,INVALID_OR_ZERO_UNIT_PRICE,2026-09-07T10:20:38.157074
full_historical_baseline,549038,84569D,,-70,0.0,,United Kingdom,INVALID_OR_ZERO_UNIT_PRICE,2026-09-07T10:20:38.157074
full_historical_baseline,549042,21681,,-2,0.0,,United Kingdom,INVALID_OR_ZERO_UNIT_PRICE,2026-09-07T10:20:38.157074
full_historical_baseline,549043,84990,,-24,0.0,,United Kingdom,INVALID_OR_ZERO_UNIT_PRICE,2026-09-07T10:20:38.157074
full_historical_baseline,549100,21484,CHICK GREY HOT WATER BOTTLE,1,0.0,,United Kingdom,INVALID_OR_ZERO_UNIT_PRICE,2026-09-07T10:20:38.157074
full_historical_baseline,549103,82494L,,167,0.0,,United Kingdom,INVALID_OR_ZERO_UNIT_PRICE,2026-09-07T10:20:38.157074
full_historical_baseline,549132,20756,,-70,0.0,,United Kingdom,INVALID_OR_ZERO_UNIT_PRICE,2026-09-07T10:20:38.157074
full_historical_baseline,549133,20759,,-52,0.0,,United Kingdom,INVALID_OR_ZERO_UNIT_PRICE,2026-09-07T10:20:38.157074
full_historical_baseline,549134,20758,,-54,0.0,,United Kingdom,INVALID_OR_ZERO_UNIT_PRICE,2026-09-07T10:20:38.157074
full_historical_baseline,549135,20760,,31,0.0,,United Kingdom,INVALID_OR_ZERO_UNIT_PRICE,2026-09-07T10:20:38.157074
full_historical_baseline,549136,21414,,-3,0.0,,United Kingdom,INVALID_OR_ZERO_UNIT_PRICE,2026-09-07T10:20:38.157074
full_historical_baseline,549137,84459B,,-7,0.0,,United Kingdom,INVALID_OR_ZERO_UNIT_PRICE,2026-09-07T10:20:38.157074
full_historical_baseline,549138,22988,,12,0.0,,United Kingdom,INVALID_OR_ZERO_UNIT_PRICE,2026-09-07T10:20:38.157074
full_historical_baseline,549139,22988,,-91,0.0,,United Kingdom,INVALID_OR_ZERO_UNIT_PRICE,2026-09-07T10:20:38.157074
full_historical_baseline,549140,35819B,,7,0.0,,United Kingdom,INVALID_OR_ZERO_UNIT_PRICE,2026-09-07T10:20:38.157074
full_historical_baseline,549141,35819B,,70,0.0,,United Kingdom,INVALID_OR_ZERO_UNIT_PRICE,2026-09-07T10:20:38.157074
full_historical_baseline,549142,35650,,-24,0.0,,United Kingdom,INVALID_OR_ZERO_UNIT_PRICE,2026-09-07T10:20:38.157074
full_historical_baseline,549143,84597C,,-17,0.0,,United Kingdom,INVALID_OR_ZERO_UNIT_PRICE,2026-09-07T10:20:38.157074
full_historical_baseline,549144,21416,,-14,0.0,,United Kingdom,INVALID_OR_ZERO_UNIT_PRICE,2026-09-07T10:20:38.157074
full_historical_baseline,549145,21421,,26,0.0,,United Kingdom,INVALID_OR_ZERO_UNIT_PRICE,2026-09-07T10:20:38.157074
full_historical_baseline,549146,85017A,,-10,0.0,,United Kingdom,INVALID_OR_ZERO_UNIT_PRICE,2026-09-07T10:20:38.157074
full_historical_baseline,549147,20773,,-4,0.0,,United Kingdom,INVALID_OR_ZERO_UNIT_PRICE,2026-09-07T10:20:38.157074
full_historical_baseline,549149,35649,,-43,0.0,,United Kingdom,INVALID_OR_ZERO_UNIT_PRICE,2026-09-07T10:20:38.157074
full_historical_baseline,549150,79336,,-47,0.0,,United Kingdom,INVALID_OR_ZERO_UNIT_PRICE,2026-09-07T10:20:38.157074
full_historical_baseline,549151,21664,,20,0.0,,United Kingdom,INVALID_OR_ZERO_UNIT_PRICE,2026-09-07T10:20:38.157074
full_historical_baseline,549156,17013D,,-9,0.0,,United Kingdom,INVALID_OR_ZERO_UNIT_PRICE,2026-09-07T10:20:38.157074
full_historical_baseline,549157,21511,,-9,0.0,,United Kingdom,INVALID_OR_ZERO_UNIT_PRICE,2026-09-07T10:20:38.157074
full_historical_baseline,549158,21910,,-1,0.0,,United Kingdom,INVALID_OR_ZERO_UNIT_PRICE,2026-09-07T10:20:38.157074
full_historical_baseline,549159,22052,,-25,0.0,,United Kingdom,INVALID_OR_ZERO_UNIT_PRICE,2026-09-07T10:20:38.157074
full_historical_baseline,549160,81953P,,-7,0.0,,United Kingdom,INVALID_OR_ZERO_UNIT_PRICE,2026-09-07T10:20:38.157074
full_historical_baseline,549161,21518,,-31,0.0,,United Kingdom,INVALID_OR_ZERO_UNIT_PRICE,2026-09-07T10:20:38.157074
full_historical_baseline,549163,84247L,,8,0.0,,United Kingdom,INVALID_OR_ZERO_UNIT_PRICE,2026-09-07T10:20:38.157074
full_historical_baseline,549164,16169P,,-75,0.0,,United Kingdom,INVALID_OR_ZERO_UNIT_PRICE,2026-09-07T10:20:38.157074
full_historical_baseline,549165,35815P,,-63,0.0,,United Kingdom,INVALID_OR_ZERO_UNIT_PRICE,2026-09-07T10:20:38.157074
full_historical_baseline,549166,44265,,3,0.0,,United Kingdom,INVALID_OR_ZERO_UNIT_PRICE,2026-09-07T10:20:38.157074
full_historical_baseline,549167,84846A,,-8,0.0,,United Kingdom,INVALID_OR_ZERO_UNIT_PRICE,2026-09-07T10:20:38.157074
full_historical_baseline,549168,21161,,-10,0.0,,United Kingdom,INVALID_OR_ZERO_UNIT_PRICE,2026-09-07T10:20:38.157074
full_historical_baseline,549170,82545A,,-4,0.0,,United Kingdom,INVALID_OR_ZERO_UNIT_PRICE,2026-09-07T10:20:38.157074
full_historical_baseline,549171,84251F,,-2,0.0,,United Kingdom,INVALID_OR_ZERO_UNIT_PRICE,2026-09-07T10:20:38.157074
full_historical_baseline,549172,21637,,-139,0.0,,United Kingdom,INVALID_OR_ZERO_UNIT_PRICE,2026-09-07T10:20:38.157074
full_historical_baseline,549173,84218,,-2,0.0,,United Kingdom,INVALID_OR_ZERO_UNIT_PRICE,2026-09-07T10:20:38.157074
full_historical_baseline,549174,21160,,-7,0.0,,United Kingdom,INVALID_OR_ZERO_UNIT_PRICE,2026-09-07T10:20:38.157074
full_historical_baseline,549175,21171,,-30,0.0,,United Kingdom,INVALID_OR_ZERO_UNIT_PRICE,2026-09-07T10:20:38.157074
full_historical_baseline,549176,35603B,,-12,0.0,,United Kingdom,INVALID_OR_ZERO_UNIT_PRICE,2026-09-07T10:20:38.157074
full_historical_baseline,549177,20821,,9,0.0,,United Kingdom,INVALID_OR_ZERO_UNIT_PRICE,2026-09-07T10:20:38.157074
full_historical_baseline,549178,47502,,-19,0.0,,United Kingdom,INVALID_OR_ZERO_UNIT_PRICE,2026-09-07T10:20:38.157074
full_historical_baseline,549179,84007,,-3,0.0,,United Kingdom,INVALID_OR_ZERO_UNIT_PRICE,2026-09-07T10:20:38.157074
full_historical_baseline,549180,84522,,-30,0.0,,United Kingdom,INVALID_OR_ZERO_UNIT_PRICE,2026-09-07T10:20:38.157074
full_historical_baseline,549244,79331,,-3,0.0,,United Kingdom,INVALID_OR_ZERO_UNIT_PRICE,2026-09-07T10:20:38.157074
full_historical_baseline,549264,21337,,-21,0.0,,United Kingdom,INVALID_OR_ZERO_UNIT_PRICE,2026-09-07T10:20:38.157074
full_historical_baseline,549266,84593,,-5,0.0,,United Kingdom,INVALID_OR_ZERO_UNIT_PRICE,2026-09-07T10:20:38.157074
full_historical_baseline,549267,46037A,,-5,0.0,,United Kingdom,INVALID_OR_ZERO_UNIT_PRICE,2026-09-07T10:20:38.157074
full_historical_baseline,549268,84856S,,-7,0.0,,United Kingdom,INVALID_OR_ZERO_UNIT_PRICE,2026-09-07T10:20:38.157074
full_historical_baseline,549270,84856L,,-27,0.0,,United Kingdom,INVALID_OR_ZERO_UNIT_PRICE,2026-09-07T10:20:38.157074
full_historical_baseline,549271,62096B,,-2,0.0,,United Kingdom,INVALID_OR_ZERO_UNIT_PRICE,2026-09-07T10:20:38.157074
full_historical_baseline,549326,21738,,-5,0.0,,United Kingdom,INVALID_OR_ZERO_UNIT_PRICE,2026-09-07T10:20:38.157074
full_historical_baseline,549327,84912A,,70,0.0,,United Kingdom,INVALID_OR_ZERO_UNIT_PRICE,2026-09-07T10:20:38.157074
full_historical_baseline,549328,51008,,-110,0.0,,United Kingdom,INVALID_OR_ZERO_UNIT_PRICE,2026-09-07T10:20:38.157074
full_historical_baseline,549329,84989A,,-1,0.0,,United Kingdom,INVALID_OR_ZERO_UNIT_PRICE,2026-09-07T10:20:38.157074
full_historical_baseline,549330,84251J,,-28,0.0,,United Kingdom,INVALID_OR_ZERO_UNIT_PRICE,2026-09-07T10:20:38.157074
full_historical_baseline,549331,40018F,,-22,0.0,,United Kingdom,INVALID_OR_ZERO_UNIT_PRICE,2026-09-07T10:20:38.157074
full_historical_baseline,549332,84864A,,-2,0.0,,United Kingdom,INVALID_OR_ZERO_UNIT_PRICE,2026-09-07T10:20:38.157074
full_historical_baseline,549340,20774,,-11,0.0,,United Kingdom,INVALID_OR_ZERO_UNIT_PRICE,2026-09-07T10:20:38.157074
full_historical_baseline,549342,35818B,,-53,0.0,,United Kingdom,INVALID_OR_ZERO_UNIT_PRICE,2026-09-07T10:20:38.157074
full_historical_baseline,549343,72815,,-3,0.0,,United Kingdom,INVALID_OR_ZERO_UNIT_PRICE,2026-09-07T10:20:38.157074
full_historical_baseline,549344,21825,,-14,0.0,,United Kingdom,INVALID_OR_ZERO_UNIT_PRICE,2026-09-07T10:20:38.157074
full_historical_baseline,549345,20748,,12,0.0,,United Kingdom,INVALID_OR_ZERO_UNIT_PRICE,2026-09-07T10:20:38.157074
full_historical_baseline,549346,22033,,-50,0.0,,United Kingdom,INVALID_OR_ZERO_UNIT_PRICE,2026-09-07T10:20:38.157074
full_historical_baseline,549347,35914,,10,0.0,,United Kingdom,INVALID_OR_ZERO_UNIT_PRICE,2026-09-07T10:20:38.157074
full_historical_baseline,549348,84251B,,-60,0.0,,United Kingdom,INVALID_OR_ZERO_UNIT_PRICE,2026-09-07T10:20:38.157074
full_historical_baseline,549349,10123G,,-38,0.0,,United Kingdom,INVALID_OR_ZERO_UNIT_PRICE,2026-09-07T10:20:38.157074
full_historical_baseline,549350,84597B,,-13,0.0,,United Kingdom,INVALID_OR_ZERO_UNIT_PRICE,2026-09-07T10:20:38.157074
full_historical_baseline,549351,85006,,-21,0.0,,United Kingdom,INVALID_OR_ZERO_UNIT_PRICE,2026-09-07T10:20:38.157074
full_historical_baseline,549355,84899F,,-5,0.0,,United Kingdom,INVALID_OR_ZERO_UNIT_PRICE,2026-09-07T10:20:38.157074
full_historical_baseline,549371,84921,,-17,0.0,,United Kingdom,INVALID_OR_ZERO_UNIT_PRICE,2026-09-07T10:20:38.157074
full_historical_baseline,549373,85008,,-2,0.0,,United Kingdom,INVALID_OR_ZERO_UNIT_PRICE,2026-09-07T10:20:38.157074
full_historical_baseline,549374,20775,,-29,0.0,,United Kingdom,INVALID_OR_ZERO_UNIT_PRICE,2026-09-07T10:20:38.157074
full_historical_baseline,549375,20863,,-6,0.0,,United Kingdom,INVALID_OR_ZERO_UNIT_PRICE,2026-09-07T10:20:38.157074
full_historical_baseline,549376,17014A,,11,0.0,,United Kingdom,INVALID_OR_ZERO_UNIT_PRICE,2026-09-07T10:20:38.157074
full_historical_baseline,549426,22078,,-201,0.0,,United Kingdom,INVALID_OR_ZERO_UNIT_PRICE,2026-09-07T10:20:38.157074
full_historical_baseline,549427,22797,damages,-12,0.0,,United Kingdom,INVALID_OR_ZERO_UNIT_PRICE,2026-09-07T10:20:38.157074
full_historical_baseline,549453,84857C,,24,0.0,,United Kingdom,INVALID_OR_ZERO_UNIT_PRICE,2026-09-07T10:20:38.157074
full_historical_baseline,549454,84858C,,46,0.0,,United Kingdom,INVALID_OR_ZERO_UNIT_PRICE,2026-09-07T10:20:38.157074
full_historical_baseline,549455,84858C,,-10,0.0,,United Kingdom,INVALID_OR_ZERO_UNIT_PRICE,2026-09-07T10:20:38.157074
full_historical_baseline,549456,47341A,,-6,0.0,,United Kingdom,INVALID_OR_ZERO_UNIT_PRICE,2026-09-07T10:20:38.157074
full_historical_baseline,549457,47344B,,-16,0.0,,United Kingdom,INVALID_OR_ZERO_UNIT_PRICE,2026-09-07T10:20:38.157074
full_historical_baseline,549458,62097B,,-6,0.0,,United Kingdom,INVALID_OR_ZERO_UNIT_PRICE,2026-09-07T10:20:38.157074
full_historical_baseline,549459,62043B,,7,0.0,,United Kingdom,INVALID_OR_ZERO_UNIT_PRICE,2026-09-07T10:20:38.157074
full_historical_baseline,549460,20716,,-82,0.0,,United Kingdom,INVALID_OR_ZERO_UNIT_PRICE,2026-09-07T10:20:38.157074
full_historical_baseline,549461,20731,,-16,0.0,,United Kingdom,INVALID_OR_ZERO_UNIT_PRICE,2026-09-07T10:20:38.157074
full_historical_baseline,549462,84910A,,-16,0.0,,United Kingdom,INVALID_OR_ZERO_UNIT_PRICE,2026-09-07T10:20:38.157074
full_historical_baseline,549463,84919,,-17,0.0,,United Kingdom,INVALID_OR_ZERO_UNIT_PRICE,2026-09-07T10:20:38.157074
full_historical_baseline,549464,20701,,-6,0.0,,United Kingdom,INVALID_OR_ZERO_UNIT_PRICE,2026-09-07T10:20:38.157074
full_historical_baseline,549465,84415B,,-5,0.0,,United Kingdom,INVALID_OR_ZERO_UNIT_PRICE,2026-09-07T10:20:38.157074
full_historical_baseline,549466,20816,,-11,0.0,,United Kingdom,INVALID_OR_ZERO_UNIT_PRICE,2026-09-07T10:20:38.157074
full_historical_baseline,549470,46775D,,-8,0.0,,United Kingdom,INVALID_OR_ZERO_UNIT_PRICE,2026-09-07T10:20:38.157074
full_historical_baseline,549489,85146,,8,0.0,,United Kingdom,INVALID_OR_ZERO_UNIT_PRICE,2026-09-07T10:20:38.157074
full_historical_baseline,549492,21736,,5,0.0,,United Kingdom,INVALID_OR_ZERO_UNIT_PRICE,2026-09-07T10:20:38.157074
full_historical_baseline,549494,22168,,6,0.0,,United Kingdom,INVALID_OR_ZERO_UNIT_PRICE,2026-09-07T10:20:38.157074
full_historical_baseline,549497,21527,,3,0.0,,United Kingdom,INVALID_OR_ZERO_UNIT_PRICE,2026-09-07T10:20:38.157074
full_historical_baseline,549498,22847,,1,0.0,,United Kingdom,INVALID_OR_ZERO_UNIT_PRICE,2026-09-07T10:20:38.157074
full_historical_baseline,549500,79321,,1,0.0,,United Kingdom,INVALID_OR_ZERO_UNIT_PRICE,2026-09-07T10:20:38.157074
full_historical_baseline,549502,84459B,,1,0.0,,United Kingdom,INVALID_OR_ZERO_UNIT_PRICE,2026-09-07T10:20:38.157074
full_historical_baseline,549506,22415,,-31,0.0,,United Kingdom,INVALID_OR_ZERO_UNIT_PRICE,2026-09-07T10:20:38.157074
full_historical_baseline,549510,84559B,,-158,0.0,,United Kingdom,INVALID_OR_ZERO_UNIT_PRICE,2026-09-07T10:20:38.157074
full_historical_baseline,549514,20820,,-3,0.0,,United Kingdom,INVALID_OR_ZERO_UNIT_PRICE,2026-09-07T10:20:38.157074
full_historical_baseline,549527,21620,mystery! Only ever imported 1800,-1479,0.0,,United Kingdom,INVALID_OR_ZERO_UNIT_PRICE,2026-09-07T10:20:38.157074
full_historical_baseline,549528,21422,,-55,0.0,,United Kingdom,INVALID_OR_ZERO_UNIT_PRICE,2026-09-07T10:20:38.157074
full_historical_baseline,549529,21830,"MERCHANT CHANDLER CREDIT ERROR, STO",-576,0.0,,United Kingdom,INVALID_OR_ZERO_UNIT_PRICE,2026-09-07T10:20:38.157074
full_historical_baseline,549531,21622,POSSIBLE DAMAGES OR LOST?,-750,0.0,,United Kingdom,INVALID_OR_ZERO_UNIT_PRICE,2026-09-07T10:20:38.157074
full_historical_baseline,549695,84751B,,-24,0.0,,United Kingdom,INVALID_OR_ZERO_UNIT_PRICE,2026-09-07T10:20:38.157074
full_historical_baseline,549846,21100,Damaged,-6,0.0,,United Kingdom,INVALID_OR_ZERO_UNIT_PRICE,2026-09-07T10:20:38.157074
full_historical_baseline,549848,84531A,,-34,0.0,,United Kingdom,INVALID_OR_ZERO_UNIT_PRICE,2026-09-07T10:20:38.157074
full_historical_baseline,549849,84531B,,-23,0.0,,United Kingdom,INVALID_OR_ZERO_UNIT_PRICE,2026-09-07T10:20:38.157074
full_historical_baseline,549935,35915C,damaged,-43,0.0,,United Kingdom,INVALID_OR_ZERO_UNIT_PRICE,2026-09-07T10:20:38.157074
full_historical_baseline,549948,37488A,damaged,-1,0.0,,United Kingdom,INVALID_OR_ZERO_UNIT_PRICE,2026-09-07T10:20:38.157074
full_historical_baseline,549950,37487B,Damaged,-6,0.0,,United Kingdom,INVALID_OR_ZERO_UNIT_PRICE,2026-09-07T10:20:38.157074
full_historical_baseline,549952,37482P,Damaged,-93,0.0,,United Kingdom,INVALID_OR_ZERO_UNIT_PRICE,2026-09-07T10:20:38.157074
full_historical_baseline,550133,85099F,,-1092,0.0,,United Kingdom,INVALID_OR_ZERO_UNIT_PRICE,2026-09-07T10:20:38.157074
full_historical_baseline,550153,85167B,DAMAGED,-1,0.0,,United Kingdom,INVALID_OR_ZERO_UNIT_PRICE,2026-09-07T10:20:38.157074
full_historical_baseline,550188,22636,CHILDS BREAKFAST SET CIRCUS PARADE,1,0.0,12457.0,Switzerland,INVALID_OR_ZERO_UNIT_PRICE,2026-09-07T10:20:38.157074
full_historical_baseline,550460,47556B,did  a credit  and did not tick ret,1300,0.0,,United Kingdom,INVALID_OR_ZERO_UNIT_PRICE,2026-09-07T10:20:38.157074
full_historical_baseline,550501,35915C,,30,0.0,,United Kingdom,INVALID_OR_ZERO_UNIT_PRICE,2026-09-07T10:20:38.157074
full_historical_baseline,550502,84535A,,320,0.0,,United Kingdom,INVALID_OR_ZERO_UNIT_PRICE,2026-09-07T10:20:38.157074
full_historical_baseline,550753,84763,Display,-150,0.0,,United Kingdom,INVALID_OR_ZERO_UNIT_PRICE,2026-09-07T10:20:38.157074
full_historical_baseline,550757,16202B,,-9,0.0,,United Kingdom,INVALID_OR_ZERO_UNIT_PRICE,2026-09-07T10:20:38.157074
full_historical_baseline,550758,85017A,,-8,0.0,,United Kingdom,INVALID_OR_ZERO_UNIT_PRICE,2026-09-07T10:20:38.157074
full_historical_baseline,550759,21087,,-7,0.0,,United Kingdom,INVALID_OR_ZERO_UNIT_PRICE,2026-09-07T10:20:38.157074
full_historical_baseline,550760,84750B,,-4,0.0,,United Kingdom,INVALID_OR_ZERO_UNIT_PRICE,2026-09-07T10:20:38.157074
full_historical_baseline,550761,84388,,6,0.0,,United Kingdom,INVALID_OR_ZERO_UNIT_PRICE,2026-09-07T10:20:38.157074
full_historical_baseline,550762,85030,,-9,0.0,,United Kingdom,INVALID_OR_ZERO_UNIT_PRICE,2026-09-07T10:20:38.157074
full_historical_baseline,550763,84666,,-5,0.0,,United Kingdom,INVALID_OR_ZERO_UNIT_PRICE,2026-09-07T10:20:38.157074
full_historical_baseline,550800,22458,Missing,-65,0.0,,United Kingdom,INVALID_OR_ZERO_UNIT_PRICE,2026-09-07T10:20:38.157074
full_historical_baseline,550815,85027L,,8,0.0,,United Kingdom,INVALID_OR_ZERO_UNIT_PRICE,2026-09-07T10:20:38.157074
full_historical_baseline,550908,20827,damages,-68,0.0,,United Kingdom,INVALID_OR_ZERO_UNIT_PRICE,2026-09-07T10:20:38.157074
full_historical_baseline,550922,22784,damages,-25,0.0,,United Kingdom,INVALID_OR_ZERO_UNIT_PRICE,2026-09-07T10:20:38.157074
full_historical_baseline,550926,22469,,8,0.0,,United Kingdom,INVALID_OR_ZERO_UNIT_PRICE,2026-09-07T10:20:38.157074
full_historical_baseline,550927,84990,,1,0.0,,United Kingdom,INVALID_OR_ZERO_UNIT_PRICE,2026-09-07T10:20:38.157074
full_historical_baseline,550928,22867,,3,0.0,,United Kingdom,INVALID_OR_ZERO_UNIT_PRICE,2026-09-07T10:20:38.157074
full_historical_baseline,550929,22470,,2,0.0,,United Kingdom,INVALID_OR_ZERO_UNIT_PRICE,2026-09-07T10:20:38.157074
full_historical_baseline,550930,22988,,2,0.0,,United Kingdom,INVALID_OR_ZERO_UNIT_PRICE,2026-09-07T10:20:38.157074
full_historical_baseline,550943,21316,,-5,0.0,,United Kingdom,INVALID_OR_ZERO_UNIT_PRICE,2026-09-07T10:20:38.157074
full_historical_baseline,550945,79329,,-2,0.0,,United Kingdom,INVALID_OR_ZERO_UNIT_PRICE,2026-09-07T10:20:38.157074
full_historical_baseline,550947,21319,adjustment,3,0.0,,United Kingdom,INVALID_OR_ZERO_UNIT_PRICE,2026-09-07T10:20:38.157074
full_historical_baseline,550948,17109D,Adjustment,14,0.0,,United Kingdom,INVALID_OR_ZERO_UNIT_PRICE,2026-09-07T10:20:38.157074
full_historical_baseline,550950,17091A,found,84,0.0,,United Kingdom,INVALID_OR_ZERO_UNIT_PRICE,2026-09-07T10:20:38.157074
full_historical_baseline,550951,84531A,returned,2,0.0,,United Kingdom,INVALID_OR_ZERO_UNIT_PRICE,2026-09-07T10:20:38.157074
full_historical_baseline,550952,84531B,returned,2,0.0,,United Kingdom,INVALID_OR_ZERO_UNIT_PRICE,2026-09-07T10:20:38.157074
full_historical_baseline,550954,47013A,damaged,-2,0.0,,United Kingdom,INVALID_OR_ZERO_UNIT_PRICE,2026-09-07T10:20:38.157074
full_historical_baseline,550970,82599,,-11,0.0,,United Kingdom,INVALID_OR_ZERO_UNIT_PRICE,2026-09-07T10:20:38.157074
full_historical_baseline,550975,20941,,20,0.0,,United Kingdom,INVALID_OR_ZERO_UNIT_PRICE,2026-09-07T10:20:38.157074
full_historical_baseline,550976,84921,,6,0.0,,United Kingdom,INVALID_OR_ZERO_UNIT_PRICE,2026-09-07T10:20:38.157074
full_historical_baseline,550977,85200,,6,0.0,,United Kingdom,INVALID_OR_ZERO_UNIT_PRICE,2026-09-07T10:20:38.157074
full_historical_baseline,550979,85145,,9,0.0,,United Kingdom,INVALID_OR_ZERO_UNIT_PRICE,2026-09-07T10:20:38.157074
full_historical_baseline,550980,21445,,1,0.0,,United Kingdom,INVALID_OR_ZERO_UNIT_PRICE,2026-09-07T10:20:38.157074
full_historical_baseline,550981,21911,,1,0.0,,United Kingdom,INVALID_OR_ZERO_UNIT_PRICE,2026-09-07T10:20:38.157074
full_historical_baseline,550982,22632,,5,0.0,,United Kingdom,INVALID_OR_ZERO_UNIT_PRICE,2026-09-07T10:20:38.157074
full_historical_baseline,550983,22866,,4,0.0,,United Kingdom,INVALID_OR_ZERO_UNIT_PRICE,2026-09-07T10:20:38.157074
full_historical_baseline,550984,85008,,1,0.0,,United Kingdom,INVALID_OR_ZERO_UNIT_PRICE,2026-09-07T10:20:38.157074
full_historical_baseline,550985,22777,,4,0.0,,United Kingdom,INVALID_OR_ZERO_UNIT_PRICE,2026-09-07T10:20:38.157074
full_historical_baseline,551019,22467,wrong code?,-100,0.0,,United Kingdom,INVALID_OR_ZERO_UNIT_PRICE,2026-09-07T10:20:38.157074
full_historical_baseline,551020,22719,wrong code,-110,0.0,,United Kingdom,INVALID_OR_ZERO_UNIT_PRICE,2026-09-07T10:20:38.157074
full_historical_baseline,551126,82483,,18,0.0,,United Kingdom,INVALID_OR_ZERO_UNIT_PRICE,2026-09-07T10:20:38.157074
full_historical_baseline,551168,85068,,-4,0.0,,United Kingdom,INVALID_OR_ZERO_UNIT_PRICE,2026-09-07T10:20:38.157074
full_historical_baseline,551201,16015,,-620,0.0,,United Kingdom,INVALID_OR_ZERO_UNIT_PRICE,2026-09-07T10:20:38.157074
full_historical_baseline,551240,51020A,adjustment,41,0.0,,United Kingdom,INVALID_OR_ZERO_UNIT_PRICE,2026-09-07T10:20:38.157074
full_historical_baseline,551243,51020B,adjust,-53,0.0,,United Kingdom,INVALID_OR_ZERO_UNIT_PRICE,2026-09-07T10:20:38.157074
full_historical_baseline,551302,48189,damaged,-18,0.0,,United Kingdom,INVALID_OR_ZERO_UNIT_PRICE,2026-09-07T10:20:38.157074
full_historical_baseline,551304,48189,adjustment,2,0.0,,United Kingdom,INVALID_OR_ZERO_UNIT_PRICE,2026-09-07T10:20:38.157074
full_historical_baseline,551318,21898,,60,0.0,,United Kingdom,INVALID_OR_ZERO_UNIT_PRICE,2026-09-07T10:20:38.157074
full_historical_baseline,551319,22459,,65,0.0,,United Kingdom,INVALID_OR_ZERO_UNIT_PRICE,2026-09-07T10:20:38.157074
full_historical_baseline,551320,21897,,60,0.0,,United Kingdom,INVALID_OR_ZERO_UNIT_PRICE,2026-09-07T10:20:38.157074
full_historical_baseline,551321,22719,,36,0.0,,United Kingdom,INVALID_OR_ZERO_UNIT_PRICE,2026-09-07T10:20:38.157074
full_historical_baseline,551322,85099F,,101,0.0,,United Kingdom,INVALID_OR_ZERO_UNIT_PRICE,2026-09-07T10:20:38.157074
full_historical_baseline,551323,21398,damages,-9,0.0,,United Kingdom,INVALID_OR_ZERO_UNIT_PRICE,2026-09-07T10:20:38.157074
full_historical_baseline,551324,85017C,Found,13,0.0,,United Kingdom,INVALID_OR_ZERO_UNIT_PRICE,2026-09-07T10:20:38.157074
full_historical_baseline,551326,85017A,,-2,0.0,,United Kingdom,INVALID_OR_ZERO_UNIT_PRICE,2026-09-07T10:20:38.157074
full_historical_baseline,551327,84228,crushed,-4,0.0,,United Kingdom,INVALID_OR_ZERO_UNIT_PRICE,2026-09-07T10:20:38.157074
full_historical_baseline,551328,21320,,-23,0.0,,United Kingdom,INVALID_OR_ZERO_UNIT_PRICE,2026-09-07T10:20:38.157074
full_historical_baseline,551394,16015,,400,0.0,,United Kingdom,INVALID_OR_ZERO_UNIT_PRICE,2026-09-07T10:20:38.157074
full_historical_baseline,551422,22084,,-150,0.0,,United Kingdom,INVALID_OR_ZERO_UNIT_PRICE,2026-09-07T10:20:38.157074
full_historical_baseline,551429,10002,,-3,0.0,,United Kingdom,INVALID_OR_ZERO_UNIT_PRICE,2026-09-07T10:20:38.157074
full_historical_baseline,551430,20966,,-3,0.0,,United Kingdom,INVALID_OR_ZERO_UNIT_PRICE,2026-09-07T10:20:38.157074
full_historical_baseline,551431,44091A,,-2,0.0,,United Kingdom,INVALID_OR_ZERO_UNIT_PRICE,2026-09-07T10:20:38.157074
full_historical_baseline,551432,21923,,-5,0.0,,United Kingdom,INVALID_OR_ZERO_UNIT_PRICE,2026-09-07T10:20:38.157074
full_historical_baseline,551433,21784,,-2,0.0,,United Kingdom,INVALID_OR_ZERO_UNIT_PRICE,2026-09-07T10:20:38.157074
full_historical_baseline,551434,20896,,-5,0.0,,United Kingdom,INVALID_OR_ZERO_UNIT_PRICE,2026-09-07T10:20:38.157074
full_historical_baseline,551435,20825,,-5,0.0,,United Kingdom,INVALID_OR_ZERO_UNIT_PRICE,2026-09-07T10:20:38.157074
full_historical_baseline,551441,85136B,,-4,0.0,,United Kingdom,INVALID_OR_ZERO_UNIT_PRICE,2026-09-07T10:20:38.157074
full_historical_baseline,551442,85060,,-4,0.0,,United Kingdom,INVALID_OR_ZERO_UNIT_PRICE,2026-09-07T10:20:38.157074
full_historical_baseline,551443,35920,,-4,0.0,,United Kingdom,INVALID_OR_ZERO_UNIT_PRICE,2026-09-07T10:20:38.157074
full_historical_baseline,551444,35809B,,-4,0.0,,United Kingdom,INVALID_OR_ZERO_UNIT_PRICE,2026-09-07T10:20:38.157074
full_historical_baseline,551446,35594,,-4,0.0,,United Kingdom,INVALID_OR_ZERO_UNIT_PRICE,2026-09-07T10:20:38.157074
full_historical_baseline,551447,35004C,,-4,0.0,,United Kingdom,INVALID_OR_ZERO_UNIT_PRICE,2026-09-07T10:20:38.157074
full_historical_baseline,551448,22734,,-4,0.0,,United Kingdom,INVALID_OR_ZERO_UNIT_PRICE,2026-09-07T10:20:38.157074
full_historical_baseline,551449,22525,,-4,0.0,,United Kingdom,INVALID_OR_ZERO_UNIT_PRICE,2026-09-07T10:20:38.157074
full_historical_baseline,551450,21410,,-4,0.0,,United Kingdom,INVALID_OR_ZERO_UNIT_PRICE,2026-09-07T10:20:38.157074
full_historical_baseline,551451,21330,,-4,0.0,,United Kingdom,INVALID_OR_ZERO_UNIT_PRICE,2026-09-07T10:20:38.157074
full_historical_baseline,551452,84715,,-3,0.0,,United Kingdom,INVALID_OR_ZERO_UNIT_PRICE,2026-09-07T10:20:38.157074
full_historical_baseline,551453,82494L,,-3,0.0,,United Kingdom,INVALID_OR_ZERO_UNIT_PRICE,2026-09-07T10:20:38.157074
full_historical_baseline,551454,78027,,-3,0.0,,United Kingdom,INVALID_OR_ZERO_UNIT_PRICE,2026-09-07T10:20:38.157074
full_historical_baseline,551455,37333,,-1,0.0,,United Kingdom,INVALID_OR_ZERO_UNIT_PRICE,2026-09-07T10:20:38.157074
full_historical_baseline,551456,22795,,-3,0.0,,United Kingdom,INVALID_OR_ZERO_UNIT_PRICE,2026-09-07T10:20:38.157074
full_historical_baseline,551457,22719,,-3,0.0,,United Kingdom,INVALID_OR_ZERO_UNIT_PRICE,2026-09-07T10:20:38.157074
full_historical_baseline,551458,22451,,3,0.0,,United Kingdom,INVALID_OR_ZERO_UNIT_PRICE,2026-09-07T10:20:38.157074
full_historical_baseline,551459,22173,,-30,0.0,,United Kingdom,INVALID_OR_ZERO_UNIT_PRICE,2026-09-07T10:20:38.157074
full_historical_baseline,551460,22173,,27,0.0,,United Kingdom,INVALID_OR_ZERO_UNIT_PRICE,2026-09-07T10:20:38.157074
full_historical_baseline,551461,21806,,-3,0.0,,United Kingdom,INVALID_OR_ZERO_UNIT_PRICE,2026-09-07T10:20:38.157074
full_historical_baseline,551553,22521,,-90,0.0,,United Kingdom,INVALID_OR_ZERO_UNIT_PRICE,2026-09-07T10:20:38.157074
full_historical_baseline,551554,22720,,-4,0.0,,United Kingdom,INVALID_OR_ZERO_UNIT_PRICE,2026-09-07T10:20:38.157074
full_historical_baseline,551565,85135A,,-7,0.0,,United Kingdom,INVALID_OR_ZERO_UNIT_PRICE,2026-09-07T10:20:38.157074
full_historical_baseline,551567,21269,,13,0.0,,United Kingdom,INVALID_OR_ZERO_UNIT_PRICE,2026-09-07T10:20:38.157074
full_historical_baseline,551568,21038,,-6,0.0,,United Kingdom,INVALID_OR_ZERO_UNIT_PRICE,2026-09-07T10:20:38.157074
full_historical_baseline,551569,85226C,,-6,0.0,,United Kingdom,INVALID_OR_ZERO_UNIT_PRICE,2026-09-07T10:20:38.157074
full_historical_baseline,551570,85189,,-6,0.0,,United Kingdom,INVALID_OR_ZERO_UNIT_PRICE,2026-09-07T10:20:38.157074
full_historical_baseline,551571,47591A,,-6,0.0,,United Kingdom,INVALID_OR_ZERO_UNIT_PRICE,2026-09-07T10:20:38.157074
full_historical_baseline,551572,37424,,-6,0.0,,United Kingdom,INVALID_OR_ZERO_UNIT_PRICE,2026-09-07T10:20:38.157074
full_historical_baseline,551573,22726,,-5,0.0,,United Kingdom,INVALID_OR_ZERO_UNIT_PRICE,2026-09-07T10:20:38.157074
full_historical_baseline,551574,21692,,-6,0.0,,United Kingdom,INVALID_OR_ZERO_UNIT_PRICE,2026-09-07T10:20:38.157074
full_historical_baseline,551575,21412,,-6,0.0,,United Kingdom,INVALID_OR_ZERO_UNIT_PRICE,2026-09-07T10:20:38.157074
full_historical_baseline,551577,90100,,-5,0.0,,United Kingdom,INVALID_OR_ZERO_UNIT_PRICE,2026-09-07T10:20:38.157074
full_historical_baseline,551578,90037D,,-5,0.0,,United Kingdom,INVALID_OR_ZERO_UNIT_PRICE,2026-09-07T10:20:38.157074
full_historical_baseline,551579,85098B,,-5,0.0,,United Kingdom,INVALID_OR_ZERO_UNIT_PRICE,2026-09-07T10:20:38.157074
full_historical_baseline,551580,85084,,-5,0.0,,United Kingdom,INVALID_OR_ZERO_UNIT_PRICE,2026-09-07T10:20:38.157074
full_historical_baseline,551581,84873A,,5,0.0,,United Kingdom,INVALID_OR_ZERO_UNIT_PRICE,2026-09-07T10:20:38.157074
full_historical_baseline,551582,84857A,,-5,0.0,,United Kingdom,INVALID_OR_ZERO_UNIT_PRICE,2026-09-07T10:20:38.157074
full_historical_baseline,551583,84482,,-5,0.0,,United Kingdom,INVALID_OR_ZERO_UNIT_PRICE,2026-09-07T10:20:38.157074
full_historical_baseline,551586,21120,,-6,0.0,,United Kingdom,INVALID_OR_ZERO_UNIT_PRICE,2026-09-07T10:20:38.157074
full_historical_baseline,551589,21854,,-2,0.0,,United Kingdom,INVALID_OR_ZERO_UNIT_PRICE,2026-09-07T10:20:38.157074
full_historical_baseline,551663,84548,,-70,0.0,,United Kingdom,INVALID_OR_ZERO_UNIT_PRICE,2026-09-07T10:20:38.157074
full_historical_baseline,551664,20933,,-3,0.0,,United Kingdom,INVALID_OR_ZERO_UNIT_PRICE,2026-09-07T10:20:38.157074
full_historical_baseline,551666,84750A,,-10,0.0,,United Kingdom,INVALID_OR_ZERO_UNIT_PRICE,2026-09-07T10:20:38.157074
full_historical_baseline,551667,84539,,6,0.0,,United Kingdom,INVALID_OR_ZERO_UNIT_PRICE,2026-09-07T10:20:38.157074
full_historical_baseline,551668,22444,,-10,0.0,,United Kingdom,INVALID_OR_ZERO_UNIT_PRICE,2026-09-07T10:20:38.157074
full_historical_baseline,551669,21355,,90,0.0,,United Kingdom,INVALID_OR_ZERO_UNIT_PRICE,2026-09-07T10:20:38.157074
full_historical_baseline,551671,20734,,-10,0.0,,United Kingdom,INVALID_OR_ZERO_UNIT_PRICE,2026-09-07T10:20:38.157074
full_historical_baseline,551672,84631,,-4,0.0,,United Kingdom,INVALID_OR_ZERO_UNIT_PRICE,2026-09-07T10:20:38.157074
full_historical_baseline,551673,79192A,,-9,0.0,,United Kingdom,INVALID_OR_ZERO_UNIT_PRICE,2026-09-07T10:20:38.157074
full_historical_baseline,551689,22625,,-9,0.0,,United Kingdom,INVALID_OR_ZERO_UNIT_PRICE,2026-09-07T10:20:38.157074
full_historical_baseline,551690,21143,,-9,0.0,,United Kingdom,INVALID_OR_ZERO_UNIT_PRICE,2026-09-07T10:20:38.157074
full_historical_baseline,551691,18098C,,10,0.0,,United Kingdom,INVALID_OR_ZERO_UNIT_PRICE,2026-09-07T10:20:38.157074
full_historical_baseline,551692,84685,,14,0.0,,United Kingdom,INVALID_OR_ZERO_UNIT_PRICE,2026-09-07T10:20:38.157074
full_historical_baseline,551694,47589,,2,0.0,,United Kingdom,INVALID_OR_ZERO_UNIT_PRICE,2026-09-07T10:20:38.157074
full_historical_baseline,551695,22467,,-8,0.0,,United Kingdom,INVALID_OR_ZERO_UNIT_PRICE,2026-09-07T10:20:38.157074
full_historical_baseline,551700,85144,,-38,0.0,,United Kingdom,INVALID_OR_ZERO_UNIT_PRICE,2026-09-07T10:20:38.157074
full_historical_baseline,551701,84683,,-2,0.0,,United Kingdom,INVALID_OR_ZERO_UNIT_PRICE,2026-09-07T10:20:38.157074
full_historical_baseline,551704,22656,,-2,0.0,,United Kingdom,INVALID_OR_ZERO_UNIT_PRICE,2026-09-07T10:20:38.157074
full_historical_baseline,551705,22655,damages/showroom etc,-11,0.0,,United Kingdom,INVALID_OR_ZERO_UNIT_PRICE,2026-09-07T10:20:38.157074
full_historical_baseline,551722,20975,,-170,0.0,,United Kingdom,INVALID_OR_ZERO_UNIT_PRICE,2026-09-07T10:20:38.157074
full_historical_baseline,551723,22136,,-23,0.0,,United Kingdom,INVALID_OR_ZERO_UNIT_PRICE,2026-09-07T10:20:38.157074
full_historical_baseline,551735,21656,samples,-19,0.0,,United Kingdom,INVALID_OR_ZERO_UNIT_PRICE,2026-09-07T10:20:38.157074
full_historical_baseline,551837,79164,damages/credits from ASOS.,-1512,0.0,,United Kingdom,INVALID_OR_ZERO_UNIT_PRICE,2026-09-07T10:20:38.157074
full_historical_baseline,551838,35609A,,-51,0.0,,United Kingdom,INVALID_OR_ZERO_UNIT_PRICE,2026-09-07T10:20:38.157074
full_historical_baseline,551900,20778,,2,0.0,,United Kingdom,INVALID_OR_ZERO_UNIT_PRICE,2026-09-07T10:20:38.157074
full_historical_baseline,551964,20851,,1,0.0,,United Kingdom,INVALID_OR_ZERO_UNIT_PRICE,2026-09-07T10:20:38.157074
full_historical_baseline,551965,21429,,1,0.0,,United Kingdom,INVALID_OR_ZERO_UNIT_PRICE,2026-09-07T10:20:38.157074
full_historical_baseline,552050,84916,,-32,0.0,,United Kingdom,INVALID_OR_ZERO_UNIT_PRICE,2026-09-07T10:20:38.157074
full_historical_baseline,552052,84917,,-8,0.0,,United Kingdom,INVALID_OR_ZERO_UNIT_PRICE,2026-09-07T10:20:38.157074
full_historical_baseline,552175,23200,mailout ,100,0.0,,United Kingdom,INVALID_OR_ZERO_UNIT_PRICE,2026-09-07T10:20:38.157074
full_historical_baseline,552177,23202,mailout,100,0.0,,United Kingdom,INVALID_OR_ZERO_UNIT_PRICE,2026-09-07T10:20:38.157074
full_historical_baseline,552178,23203,mailout,100,0.0,,United Kingdom,INVALID_OR_ZERO_UNIT_PRICE,2026-09-07T10:20:38.157074
full_historical_baseline,552187,23209,mailout,100,0.0,,United Kingdom,INVALID_OR_ZERO_UNIT_PRICE,2026-09-07T10:20:38.157074
full_historical_baseline,552214,84872A,,-12,0.0,,United Kingdom,INVALID_OR_ZERO_UNIT_PRICE,2026-09-07T10:20:38.157074
full_historical_baseline,552215,17096,,-41,0.0,,United Kingdom,INVALID_OR_ZERO_UNIT_PRICE,2026-09-07T10:20:38.157074
full_historical_baseline,552216,21363,,-19,0.0,,United Kingdom,INVALID_OR_ZERO_UNIT_PRICE,2026-09-07T10:20:38.157074
full_historical_baseline,552218,84406B,,-38,0.0,,United Kingdom,INVALID_OR_ZERO_UNIT_PRICE,2026-09-07T10:20:38.157074
full_historical_baseline,552219,22073,,-56,0.0,,United Kingdom,INVALID_OR_ZERO_UNIT_PRICE,2026-09-07T10:20:38.157074
full_historical_baseline,552220,22202,,1,0.0,,United Kingdom,INVALID_OR_ZERO_UNIT_PRICE,2026-09-07T10:20:38.157074
full_historical_baseline,552221,21043,,-38,0.0,,United Kingdom,INVALID_OR_ZERO_UNIT_PRICE,2026-09-07T10:20:38.157074
full_historical_baseline,552222,21974,,-45,0.0,,United Kingdom,INVALID_OR_ZERO_UNIT_PRICE,2026-09-07T10:20:38.157074
full_historical_baseline,552223,22524,,-49,0.0,,United Kingdom,INVALID_OR_ZERO_UNIT_PRICE,2026-09-07T10:20:38.157074
full_historical_baseline,552224,84766,,-37,0.0,,United Kingdom,INVALID_OR_ZERO_UNIT_PRICE,2026-09-07T10:20:38.157074
full_historical_baseline,552225,22775,,-40,0.0,,United Kingdom,INVALID_OR_ZERO_UNIT_PRICE,2026-09-07T10:20:38.157074
full_historical_baseline,552226,22035,,-160,0.0,,United Kingdom,INVALID_OR_ZERO_UNIT_PRICE,2026-09-07T10:20:38.157074
full_historical_baseline,552227,84596J,,70,0.0,,United Kingdom,INVALID_OR_ZERO_UNIT_PRICE,2026-09-07T10:20:38.157074
full_historical_baseline,552228,84912B,,-93,0.0,,United Kingdom,INVALID_OR_ZERO_UNIT_PRICE,2026-09-07T10:20:38.157074
full_historical_baseline,552230,20735,BLACK MINI TAPE MEASURE ,1,0.0,,United Kingdom,INVALID_OR_ZERO_UNIT_PRICE,2026-09-07T10:20:38.157074
full_historical_baseline,552230,22617,BAKING SET SPACEBOY DESIGN,1,0.0,,United Kingdom,INVALID_OR_ZERO_UNIT_PRICE,2026-09-07T10:20:38.157074
full_historical_baseline,552230,37327,ASSTD MULTICOLOUR CIRCLES MUG,1,0.0,,United Kingdom,INVALID_OR_ZERO_UNIT_PRICE,2026-09-07T10:20:38.157074
full_historical_baseline,552230,84375,SET OF 20 KIDS COOKIE CUTTERS,1,0.0,,United Kingdom,INVALID_OR_ZERO_UNIT_PRICE,2026-09-07T10:20:38.157074
full_historical_baseline,552230,84969,BOX OF 6 ASSORTED COLOUR TEASPOONS,1,0.0,,United Kingdom,INVALID_OR_ZERO_UNIT_PRICE,2026-09-07T10:20:38.157074
full_historical_baseline,552230,DOT,DOTCOM POSTAGE,1,0.0,,United Kingdom,INVALID_OR_ZERO_UNIT_PRICE,2026-09-07T10:20:38.157074
full_historical_baseline,552331,22667,damaged,-30,0.0,,United Kingdom,INVALID_OR_ZERO_UNIT_PRICE,2026-09-07T10:20:38.157074
full_historical_baseline,552443,22796,Not rcvd in 10/11/2010 delivery,-360,0.0,,United Kingdom,INVALID_OR_ZERO_UNIT_PRICE,2026-09-07T10:20:38.157074
full_historical_baseline,552527,20964,,2,0.0,,United Kingdom,INVALID_OR_ZERO_UNIT_PRICE,2026-09-07T10:20:38.157074
full_historical_baseline,552653,22926,,-48,0.0,,United Kingdom,INVALID_OR_ZERO_UNIT_PRICE,2026-09-07T10:20:38.157074
full_historical_baseline,552733,23059,Thrown away-rusty,-2376,0.0,,United Kingdom,INVALID_OR_ZERO_UNIT_PRICE,2026-09-07T10:20:38.157074
full_historical_baseline,552763,21137,,-25,0.0,,United Kingdom,INVALID_OR_ZERO_UNIT_PRICE,2026-09-07T10:20:38.157074
full_historical_baseline,552766,22084,,-56,0.0,,United Kingdom,INVALID_OR_ZERO_UNIT_PRICE,2026-09-07T10:20:38.157074
full_historical_baseline,552767,79164,,-47,0.0,,United Kingdom,INVALID_OR_ZERO_UNIT_PRICE,2026-09-07T10:20:38.157074
full_historical_baseline,552768,22087,,-26,0.0,,United Kingdom,INVALID_OR_ZERO_UNIT_PRICE,2026-09-07T10:20:38.157074
full_historical_baseline,552979,35970,,-217,0.0,,United Kingdom,INVALID_OR_ZERO_UNIT_PRICE,2026-09-07T10:20:38.157074
full_historical_baseline,553000,47566,PARTY BUNTING,4,0.0,17667.0,United Kingdom,INVALID_OR_ZERO_UNIT_PRICE,2026-09-07T10:20:38.157074
full_historical_baseline,553041,22521,,-9,0.0,,United Kingdom,INVALID_OR_ZERO_UNIT_PRICE,2026-09-07T10:20:38.157074
full_historical_baseline,553147,84879,damaged,-160,0.0,,United Kingdom,INVALID_OR_ZERO_UNIT_PRICE,2026-09-07T10:20:38.157074
full_historical_baseline,553163,22726,,1,0.0,,United Kingdom,INVALID_OR_ZERO_UNIT_PRICE,2026-09-07T10:20:38.157074
full_historical_baseline,553349,22719,,1,0.0,,United Kingdom,INVALID_OR_ZERO_UNIT_PRICE,2026-09-07T10:20:38.157074
full_historical_baseline,553391,37370,sold as set/6 by dotcom,-786,0.0,,United Kingdom,INVALID_OR_ZERO_UNIT_PRICE,2026-09-07T10:20:38.157074
full_historical_baseline,553394,15058A,wet/rusty,-30,0.0,,United Kingdom,INVALID_OR_ZERO_UNIT_PRICE,2026-09-07T10:20:38.157074
full_historical_baseline,553395,15058C,wet/rusty,-30,0.0,,United Kingdom,INVALID_OR_ZERO_UNIT_PRICE,2026-09-07T10:20:38.157074
full_historical_baseline,553396,22423,damages,-21,0.0,,United Kingdom,INVALID_OR_ZERO_UNIT_PRICE,2026-09-07T10:20:38.157074
full_historical_baseline,553398,37370,damages/dotcom?,-590,0.0,,United Kingdom,INVALID_OR_ZERO_UNIT_PRICE,2026-09-07T10:20:38.157074
full_historical_baseline,553399,84789,,-2,0.0,,United Kingdom,INVALID_OR_ZERO_UNIT_PRICE,2026-09-07T10:20:38.157074
full_historical_baseline,553400,20803,damages,-40,0.0,,United Kingdom,INVALID_OR_ZERO_UNIT_PRICE,2026-09-07T10:20:38.157074
full_historical_baseline,553401,22060,,-16,0.0,,United Kingdom,INVALID_OR_ZERO_UNIT_PRICE,2026-09-07T10:20:38.157074
full_historical_baseline,553413,21259,,-51,0.0,,United Kingdom,INVALID_OR_ZERO_UNIT_PRICE,2026-09-07T10:20:38.157074
full_historical_baseline,553480,21143,,24,0.0,,United Kingdom,INVALID_OR_ZERO_UNIT_PRICE,2026-09-07T10:20:38.157074
full_historical_baseline,553481,21181,on cargo order,192,0.0,,United Kingdom,INVALID_OR_ZERO_UNIT_PRICE,2026-09-07T10:20:38.157074
full_historical_baseline,553521,85099F,JUMBO BAG STRAWBERRY,1,0.0,,United Kingdom,INVALID_OR_ZERO_UNIT_PRICE,2026-09-07T10:20:38.157074
full_historical_baseline,553521,48184,DOORMAT ENGLISH ROSE ,1,0.0,,United Kingdom,INVALID_OR_ZERO_UNIT_PRICE,2026-09-07T10:20:38.157074
full_historical_baseline,553521,22692,DOORMAT WELCOME TO OUR HOME,1,0.0,,United Kingdom,INVALID_OR_ZERO_UNIT_PRICE,2026-09-07T10:20:38.157074
full_historical_baseline,553521,22684,FRENCH BLUE METAL DOOR SIGN 9,2,0.0,,United Kingdom,INVALID_OR_ZERO_UNIT_PRICE,2026-09-07T10:20:38.157074
full_historical_baseline,553521,22682,FRENCH BLUE METAL DOOR SIGN 7,3,0.0,,United Kingdom,INVALID_OR_ZERO_UNIT_PRICE,2026-09-07T10:20:38.157074
full_historical_baseline,553521,22686,FRENCH BLUE METAL DOOR SIGN No,11,0.0,,United Kingdom,INVALID_OR_ZERO_UNIT_PRICE,2026-09-07T10:20:38.157074
full_historical_baseline,553521,22683,FRENCH BLUE METAL DOOR SIGN 8,5,0.0,,United Kingdom,INVALID_OR_ZERO_UNIT_PRICE,2026-09-07T10:20:38.157074
full_historical_baseline,553521,22679,FRENCH BLUE METAL DOOR SIGN 4,4,0.0,,United Kingdom,INVALID_OR_ZERO_UNIT_PRICE,2026-09-07T10:20:38.157074
full_historical_baseline,553521,22684,FRENCH BLUE METAL DOOR SIGN 9,2,0.0,,United Kingdom,INVALID_OR_ZERO_UNIT_PRICE,2026-09-07T10:20:38.157074
full_historical_baseline,553521,22678,FRENCH BLUE METAL DOOR SIGN 3,5,0.0,,United Kingdom,INVALID_OR_ZERO_UNIT_PRICE,2026-09-07T10:20:38.157074
full_historical_baseline,553521,22680,FRENCH BLUE METAL DOOR SIGN 5,2,0.0,,United Kingdom,INVALID_OR_ZERO_UNIT_PRICE,2026-09-07T10:20:38.157074
full_historical_baseline,553521,22677,FRENCH BLUE METAL DOOR SIGN 2,4,0.0,,United Kingdom,INVALID_OR_ZERO_UNIT_PRICE,2026-09-07T10:20:38.157074
full_historical_baseline,553521,22676,FRENCH BLUE METAL DOOR SIGN 1,2,0.0,,United Kingdom,INVALID_OR_ZERO_UNIT_PRICE,2026-09-07T10:20:38.157074
full_historical_baseline,553521,22666,RECIPE BOX PANTRY YELLOW DESIGN,1,0.0,,United Kingdom,INVALID_OR_ZERO_UNIT_PRICE,2026-09-07T10:20:38.157074
full_historical_baseline,553521,22665,RECIPE BOX BLUE SKETCHBOOK DESIGN,2,0.0,,United Kingdom,INVALID_OR_ZERO_UNIT_PRICE,2026-09-07T10:20:38.157074
full_historical_baseline,553521,22649,STRAWBERRY FAIRY CAKE TEAPOT,1,0.0,,United Kingdom,INVALID_OR_ZERO_UNIT_PRICE,2026-09-07T10:20:38.157074
full_historical_baseline,553521,22646,CERAMIC STRAWBERRY CAKE MONEY BANK,1,0.0,,United Kingdom,INVALID_OR_ZERO_UNIT_PRICE,2026-09-07T10:20:38.157074
full_historical_baseline,553521,22644,CERAMIC CHERRY CAKE MONEY BANK,1,0.0,,United Kingdom,INVALID_OR_ZERO_UNIT_PRICE,2026-09-07T10:20:38.157074
full_historical_baseline,553521,22645,CERAMIC HEART FAIRY CAKE MONEY BANK,1,0.0,,United Kingdom,INVALID_OR_ZERO_UNIT_PRICE,2026-09-07T10:20:38.157074
full_historical_baseline,553521,22637,PIGGY BANK RETROSPOT ,2,0.0,,United Kingdom,INVALID_OR_ZERO_UNIT_PRICE,2026-09-07T10:20:38.157074
full_historical_baseline,553521,22626,BLACK KITCHEN SCALES,1,0.0,,United Kingdom,INVALID_OR_ZERO_UNIT_PRICE,2026-09-07T10:20:38.157074
full_historical_baseline,553521,22559,SEASIDE FLYING DISC,1,0.0,,United Kingdom,INVALID_OR_ZERO_UNIT_PRICE,2026-09-07T10:20:38.157074
full_historical_baseline,553521,22524,CHILDRENS GARDEN GLOVES BLUE,1,0.0,,United Kingdom,INVALID_OR_ZERO_UNIT_PRICE,2026-09-07T10:20:38.157074
full_historical_baseline,553521,22520,CHILDS GARDEN TROWEL BLUE ,1,0.0,,United Kingdom,INVALID_OR_ZERO_UNIT_PRICE,2026-09-07T10:20:38.157074
full_historical_baseline,553521,22518,CHILDS GARDEN BRUSH BLUE,1,0.0,,United Kingdom,INVALID_OR_ZERO_UNIT_PRICE,2026-09-07T10:20:38.157074
full_historical_baseline,553521,22519,CHILDS GARDEN BRUSH PINK,1,0.0,,United Kingdom,INVALID_OR_ZERO_UNIT_PRICE,2026-09-07T10:20:38.157074
full_historical_baseline,553521,22515,CHILDS GARDEN SPADE PINK,1,0.0,,United Kingdom,INVALID_OR_ZERO_UNIT_PRICE,2026-09-07T10:20:38.157074
full_historical_baseline,553521,22514,CHILDS GARDEN SPADE BLUE,2,0.0,,United Kingdom,INVALID_OR_ZERO_UNIT_PRICE,2026-09-07T10:20:38.157074
full_historical_baseline,553521,22430,ENAMEL WATERING CAN CREAM,1,0.0,,United Kingdom,INVALID_OR_ZERO_UNIT_PRICE,2026-09-07T10:20:38.157074
full_historical_baseline,553521,22427,ENAMEL FLOWER JUG CREAM,1,0.0,,United Kingdom,INVALID_OR_ZERO_UNIT_PRICE,2026-09-07T10:20:38.157074
full_historical_baseline,553521,22414,DOORMAT NEIGHBOURHOOD WITCH ,1,0.0,,United Kingdom,INVALID_OR_ZERO_UNIT_PRICE,2026-09-07T10:20:38.157074
full_historical_baseline,553521,22365,DOORMAT RESPECTABLE HOUSE,1,0.0,,United Kingdom,INVALID_OR_ZERO_UNIT_PRICE,2026-09-07T10:20:38.157074
full_historical_baseline,553521,22363,GLASS JAR MARMALADE ,1,0.0,,United Kingdom,INVALID_OR_ZERO_UNIT_PRICE,2026-09-07T10:20:38.157074
full_historical_baseline,553521,22362,GLASS JAR PEACOCK BATH SALTS,1,0.0,,United Kingdom,INVALID_OR_ZERO_UNIT_PRICE,2026-09-07T10:20:38.157074
full_historical_baseline,553521,22359,GLASS JAR KINGS CHOICE,1,0.0,,United Kingdom,INVALID_OR_ZERO_UNIT_PRICE,2026-09-07T10:20:38.157074
full_historical_baseline,553521,22356,CHARLOTTE BAG PINK POLKADOT,1,0.0,,United Kingdom,INVALID_OR_ZERO_UNIT_PRICE,2026-09-07T10:20:38.157074
full_historical_baseline,553521,22301,COFFEE MUG CAT + BIRD DESIGN,1,0.0,,United Kingdom,INVALID_OR_ZERO_UNIT_PRICE,2026-09-07T10:20:38.157074
full_historical_baseline,553521,22203,MILK PAN RED RETROSPOT,1,0.0,,United Kingdom,INVALID_OR_ZERO_UNIT_PRICE,2026-09-07T10:20:38.157074
full_historical_baseline,553521,21889,WOODEN BOX OF DOMINOES,1,0.0,,United Kingdom,INVALID_OR_ZERO_UNIT_PRICE,2026-09-07T10:20:38.157074
full_historical_baseline,553521,21116,OWL DOORSTOP,1,0.0,,United Kingdom,INVALID_OR_ZERO_UNIT_PRICE,2026-09-07T10:20:38.157074
full_historical_baseline,553539,22425,ENAMEL COLANDER CREAM,1,0.0,,United Kingdom,INVALID_OR_ZERO_UNIT_PRICE,2026-09-07T10:20:38.157074
full_historical_baseline,553539,22414,DOORMAT NEIGHBOURHOOD WITCH ,1,0.0,,United Kingdom,INVALID_OR_ZERO_UNIT_PRICE,2026-09-07T10:20:38.157074
full_historical_baseline,553539,22301,COFFEE MUG CAT + BIRD DESIGN,1,0.0,,United Kingdom,INVALID_OR_ZERO_UNIT_PRICE,2026-09-07T10:20:38.157074
full_historical_baseline,553539,22201,FRYING PAN BLUE POLKADOT,1,0.0,,United Kingdom,INVALID_OR_ZERO_UNIT_PRICE,2026-09-07T10:20:38.157074
full_historical_baseline,553539,21922,UNION STRIPE WITH FRINGE  HAMMOCK,1,0.0,,United Kingdom,INVALID_OR_ZERO_UNIT_PRICE,2026-09-07T10:20:38.157074
full_historical_baseline,553539,22692,DOORMAT WELCOME TO OUR HOME,1,0.0,,United Kingdom,INVALID_OR_ZERO_UNIT_PRICE,2026-09-07T10:20:38.157074
full_historical_baseline,553539,21559,STRAWBERRY LUNCH BOX WITH CUTLERY,1,0.0,,United Kingdom,INVALID_OR_ZERO_UNIT_PRICE,2026-09-07T10:20:38.157074
full_historical_baseline,553539,21116,OWL DOORSTOP,2,0.0,,United Kingdom,INVALID_OR_ZERO_UNIT_PRICE,2026-09-07T10:20:38.157074
full_historical_baseline,553539,20711,JUMBO BAG TOYS ,1,0.0,,United Kingdom,INVALID_OR_ZERO_UNIT_PRICE,2026-09-07T10:20:38.157074
full_historical_baseline,553539,20682,RED RETROSPOT CHILDRENS UMBRELLA,1,0.0,,United Kingdom,INVALID_OR_ZERO_UNIT_PRICE,2026-09-07T10:20:38.157074
full_historical_baseline,553539,22843,BISCUIT TIN VINTAGE GREEN,1,0.0,,United Kingdom,INVALID_OR_ZERO_UNIT_PRICE,2026-09-07T10:20:38.157074
full_historical_baseline,553539,22682,FRENCH BLUE METAL DOOR SIGN 7,1,0.0,,United Kingdom,INVALID_OR_ZERO_UNIT_PRICE,2026-09-07T10:20:38.157074
full_historical_baseline,553539,22679,FRENCH BLUE METAL DOOR SIGN 4,2,0.0,,United Kingdom,INVALID_OR_ZERO_UNIT_PRICE,2026-09-07T10:20:38.157074
full_historical_baseline,553539,22678,FRENCH BLUE METAL DOOR SIGN 3,5,0.0,,United Kingdom,INVALID_OR_ZERO_UNIT_PRICE,2026-09-07T10:20:38.157074
full_historical_baseline,553539,22677,FRENCH BLUE METAL DOOR SIGN 2,2,0.0,,United Kingdom,INVALID_OR_ZERO_UNIT_PRICE,2026-09-07T10:20:38.157074
full_historical_baseline,553539,22683,FRENCH BLUE METAL DOOR SIGN 8,1,0.0,,United Kingdom,INVALID_OR_ZERO_UNIT_PRICE,2026-09-07T10:20:38.157074
full_historical_baseline,553539,22666,RECIPE BOX PANTRY YELLOW DESIGN,1,0.0,,United Kingdom,INVALID_OR_ZERO_UNIT_PRICE,2026-09-07T10:20:38.157074
full_historical_baseline,553539,22665,RECIPE BOX BLUE SKETCHBOOK DESIGN,1,0.0,,United Kingdom,INVALID_OR_ZERO_UNIT_PRICE,2026-09-07T10:20:38.157074
full_historical_baseline,553539,22685,FRENCH BLUE METAL DOOR SIGN 0,2,0.0,,United Kingdom,INVALID_OR_ZERO_UNIT_PRICE,2026-09-07T10:20:38.157074
full_historical_baseline,553539,22676,FRENCH BLUE METAL DOOR SIGN 1,4,0.0,,United Kingdom,INVALID_OR_ZERO_UNIT_PRICE,2026-09-07T10:20:38.157074
full_historical_baseline,553539,22646,CERAMIC STRAWBERRY CAKE MONEY BANK,1,0.0,,United Kingdom,INVALID_OR_ZERO_UNIT_PRICE,2026-09-07T10:20:38.157074
full_historical_baseline,553539,22520,CHILDS GARDEN TROWEL BLUE ,1,0.0,,United Kingdom,INVALID_OR_ZERO_UNIT_PRICE,2026-09-07T10:20:38.157074
full_historical_baseline,553539,22523,CHILDS GARDEN FORK PINK,1,0.0,,United Kingdom,INVALID_OR_ZERO_UNIT_PRICE,2026-09-07T10:20:38.157074
full_historical_baseline,553539,22522,CHILDS GARDEN FORK BLUE ,1,0.0,,United Kingdom,INVALID_OR_ZERO_UNIT_PRICE,2026-09-07T10:20:38.157074
full_historical_baseline,553539,22519,CHILDS GARDEN BRUSH PINK,1,0.0,,United Kingdom,INVALID_OR_ZERO_UNIT_PRICE,2026-09-07T10:20:38.157074
full_historical_baseline,553539,22514,CHILDS GARDEN SPADE BLUE,1,0.0,,United Kingdom,INVALID_OR_ZERO_UNIT_PRICE,2026-09-07T10:20:38.157074
full_historical_baseline,553539,22515,CHILDS GARDEN SPADE PINK,2,0.0,,United Kingdom,INVALID_OR_ZERO_UNIT_PRICE,2026-09-07T10:20:38.157074
full_historical_baseline,553539,22501,PICNIC BASKET WICKER LARGE,1,0.0,,United Kingdom,INVALID_OR_ZERO_UNIT_PRICE,2026-09-07T10:20:38.157074
full_historical_baseline,553539,22474,SPACEBOY TV DINNER TRAY,1,0.0,,United Kingdom,INVALID_OR_ZERO_UNIT_PRICE,2026-09-07T10:20:38.157074
full_historical_baseline,553539,22430,ENAMEL WATERING CAN CREAM,2,0.0,,United Kingdom,INVALID_OR_ZERO_UNIT_PRICE,2026-09-07T10:20:38.157074
full_historical_baseline,553539,22426,ENAMEL WASH BOWL CREAM,1,0.0,,United Kingdom,INVALID_OR_ZERO_UNIT_PRICE,2026-09-07T10:20:38.157074
full_historical_baseline,553548,75131,,-48,0.0,,United Kingdom,INVALID_OR_ZERO_UNIT_PRICE,2026-09-07T10:20:38.157074
full_historical_baseline,553651,46126A,,-23,0.0,,United Kingdom,INVALID_OR_ZERO_UNIT_PRICE,2026-09-07T10:20:38.157074
full_historical_baseline,553652,20826,,-168,0.0,,United Kingdom,INVALID_OR_ZERO_UNIT_PRICE,2026-09-07T10:20:38.157074
full_historical_baseline,553659,20967,,-77,0.0,,United Kingdom,INVALID_OR_ZERO_UNIT_PRICE,2026-09-07T10:20:38.157074
full_historical_baseline,553688,22078,,4,0.0,,United Kingdom,INVALID_OR_ZERO_UNIT_PRICE,2026-09-07T10:20:38.157074
full_historical_baseline,553716,37444A,,3,0.0,,United Kingdom,INVALID_OR_ZERO_UNIT_PRICE,2026-09-07T10:20:38.157074
full_historical_baseline,553717,22087,,2,0.0,,United Kingdom,INVALID_OR_ZERO_UNIT_PRICE,2026-09-07T10:20:38.157074
full_historical_baseline,553719,85017C,adjustment,1,0.0,,United Kingdom,INVALID_OR_ZERO_UNIT_PRICE,2026-09-07T10:20:38.157074
full_historical_baseline,553728,21324,,2,0.0,,United Kingdom,INVALID_OR_ZERO_UNIT_PRICE,2026-09-07T10:20:38.157074
full_historical_baseline,553729,82599,,2,0.0,,United Kingdom,INVALID_OR_ZERO_UNIT_PRICE,2026-09-07T10:20:38.157074
full_historical_baseline,553743,21318,,-62,0.0,,United Kingdom,INVALID_OR_ZERO_UNIT_PRICE,2026-09-07T10:20:38.157074
full_historical_baseline,553744,85141,,-7,0.0,,United Kingdom,INVALID_OR_ZERO_UNIT_PRICE,2026-09-07T10:20:38.157074
full_historical_baseline,553745,84760S,,2,0.0,,United Kingdom,INVALID_OR_ZERO_UNIT_PRICE,2026-09-07T10:20:38.157074
full_historical_baseline,553746,84990,,1,0.0,,United Kingdom,INVALID_OR_ZERO_UNIT_PRICE,2026-09-07T10:20:38.157074
full_historical_baseline,553769,23444,,200,0.0,,United Kingdom,INVALID_OR_ZERO_UNIT_PRICE,2026-09-07T10:20:38.157074
full_historical_baseline,554017,22520,,-101,0.0,,United Kingdom,INVALID_OR_ZERO_UNIT_PRICE,2026-09-07T10:20:38.157074
full_historical_baseline,554020,22518,,-30,0.0,,United Kingdom,INVALID_OR_ZERO_UNIT_PRICE,2026-09-07T10:20:38.157074
full_historical_baseline,554021,20886,,-65,0.0,,United Kingdom,INVALID_OR_ZERO_UNIT_PRICE,2026-09-07T10:20:38.157074
full_historical_baseline,554022,20886,,10,0.0,,United Kingdom,INVALID_OR_ZERO_UNIT_PRICE,2026-09-07T10:20:38.157074
full_historical_baseline,554023,82613B,,-71,0.0,,United Kingdom,INVALID_OR_ZERO_UNIT_PRICE,2026-09-07T10:20:38.157074
full_historical_baseline,554024,20998,,-11,0.0,,United Kingdom,INVALID_OR_ZERO_UNIT_PRICE,2026-09-07T10:20:38.157074
full_historical_baseline,554037,22619,SET OF 6 SOLDIER SKITTLES,80,0.0,12415.0,Australia,INVALID_OR_ZERO_UNIT_PRICE,2026-09-07T10:20:38.157074
full_historical_baseline,554128,84563A,damaged,-4,0.0,,United Kingdom,INVALID_OR_ZERO_UNIT_PRICE,2026-09-07T10:20:38.157074
full_historical_baseline,554133,84596J,,-3,0.0,,United Kingdom,INVALID_OR_ZERO_UNIT_PRICE,2026-09-07T10:20:38.157074
full_historical_baseline,554143,79030G,damages,-413,0.0,,United Kingdom,INVALID_OR_ZERO_UNIT_PRICE,2026-09-07T10:20:38.157074
full_historical_baseline,554144,79030D,damages,-664,0.0,,United Kingdom,INVALID_OR_ZERO_UNIT_PRICE,2026-09-07T10:20:38.157074
full_historical_baseline,554145,84313C,,-12,0.0,,United Kingdom,INVALID_OR_ZERO_UNIT_PRICE,2026-09-07T10:20:38.157074
full_historical_baseline,554148,20966,,1,0.0,,United Kingdom,INVALID_OR_ZERO_UNIT_PRICE,2026-09-07T10:20:38.157074
full_historical_baseline,554149,85185D,,1,0.0,,United Kingdom,INVALID_OR_ZERO_UNIT_PRICE,2026-09-07T10:20:38.157074
full_historical_baseline,554267,84313C,,6,0.0,,United Kingdom,INVALID_OR_ZERO_UNIT_PRICE,2026-09-07T10:20:38.157074
full_historical_baseline,554276,22966,,-58,0.0,,United Kingdom,INVALID_OR_ZERO_UNIT_PRICE,2026-09-07T10:20:38.157074
full_historical_baseline,554287,22700,smashed,-48,0.0,,United Kingdom,INVALID_OR_ZERO_UNIT_PRICE,2026-09-07T10:20:38.157074
full_historical_baseline,554299,20975,,-39,0.0,,United Kingdom,INVALID_OR_ZERO_UNIT_PRICE,2026-09-07T10:20:38.157074
full_historical_baseline,554311,84743C,,-16,0.0,,United Kingdom,INVALID_OR_ZERO_UNIT_PRICE,2026-09-07T10:20:38.157074
full_historical_baseline,554312,84741C,,-2,0.0,,United Kingdom,INVALID_OR_ZERO_UNIT_PRICE,2026-09-07T10:20:38.157074
full_historical_baseline,554313,21144,,-63,0.0,,United Kingdom,INVALID_OR_ZERO_UNIT_PRICE,2026-09-07T10:20:38.157074
full_historical_baseline,554314,85195,,-13,0.0,,United Kingdom,INVALID_OR_ZERO_UNIT_PRICE,2026-09-07T10:20:38.157074
full_historical_baseline,554316,21195,,-1,0.0,,United Kingdom,INVALID_OR_ZERO_UNIT_PRICE,2026-09-07T10:20:38.157074
full_historical_baseline,554317,85198,,-11,0.0,,United Kingdom,INVALID_OR_ZERO_UNIT_PRICE,2026-09-07T10:20:38.157074
full_historical_baseline,554318,84535A,,-65,0.0,,United Kingdom,INVALID_OR_ZERO_UNIT_PRICE,2026-09-07T10:20:38.157074
full_historical_baseline,554319,47574B,,-13,0.0,,United Kingdom,INVALID_OR_ZERO_UNIT_PRICE,2026-09-07T10:20:38.157074
full_historical_baseline,554320,16053,,-102,0.0,,United Kingdom,INVALID_OR_ZERO_UNIT_PRICE,2026-09-07T10:20:38.157074
full_historical_baseline,554321,16244B,,-5,0.0,,United Kingdom,INVALID_OR_ZERO_UNIT_PRICE,2026-09-07T10:20:38.157074
full_historical_baseline,554328,21609,,-46,0.0,,United Kingdom,INVALID_OR_ZERO_UNIT_PRICE,2026-09-07T10:20:38.157074
full_historical_baseline,554352,22720,,4,0.0,,United Kingdom,INVALID_OR_ZERO_UNIT_PRICE,2026-09-07T10:20:38.157074
full_historical_baseline,554360,22524,,-13,0.0,,United Kingdom,INVALID_OR_ZERO_UNIT_PRICE,2026-09-07T10:20:38.157074
full_historical_baseline,554377,79164,,47,0.0,,United Kingdom,INVALID_OR_ZERO_UNIT_PRICE,2026-09-07T10:20:38.157074
full_historical_baseline,554378,20975,,3,0.0,,United Kingdom,INVALID_OR_ZERO_UNIT_PRICE,2026-09-07T10:20:38.157074
full_historical_baseline,554432,85132A,damaged,-97,0.0,,United Kingdom,INVALID_OR_ZERO_UNIT_PRICE,2026-09-07T10:20:38.157074
full_historical_baseline,554488,84913A,,-75,0.0,,United Kingdom,INVALID_OR_ZERO_UNIT_PRICE,2026-09-07T10:20:38.157074
full_historical_baseline,554550,47566B,incorrectly credited C550456 see 47,1300,0.0,,United Kingdom,INVALID_OR_ZERO_UNIT_PRICE,2026-09-07T10:20:38.157074
full_historical_baseline,554551,47566B,reverse previous adjustment,-1300,0.0,,United Kingdom,INVALID_OR_ZERO_UNIT_PRICE,2026-09-07T10:20:38.157074
full_historical_baseline,554553,47566B,incorrectly credited C550456 see 47,-1300,0.0,,United Kingdom,INVALID_OR_ZERO_UNIT_PRICE,2026-09-07T10:20:38.157074
full_historical_baseline,554559,16151A,,-2,0.0,,United Kingdom,INVALID_OR_ZERO_UNIT_PRICE,2026-09-07T10:20:38.157074
full_historical_baseline,554627,84746,,67,0.0,,United Kingdom,INVALID_OR_ZERO_UNIT_PRICE,2026-09-07T10:20:38.157074
full_historical_baseline,554634,85214,,64,0.0,,United Kingdom,INVALID_OR_ZERO_UNIT_PRICE,2026-09-07T10:20:38.157074
full_historical_baseline,554673,35653,,24,0.0,,United Kingdom,INVALID_OR_ZERO_UNIT_PRICE,2026-09-07T10:20:38.157074
full_historical_baseline,554675,20903,,-33,0.0,,United Kingdom,INVALID_OR_ZERO_UNIT_PRICE,2026-09-07T10:20:38.157074
full_historical_baseline,554676,71143,,-31,0.0,,United Kingdom,INVALID_OR_ZERO_UNIT_PRICE,2026-09-07T10:20:38.157074
full_historical_baseline,554677,20664,,9,0.0,,United Kingdom,INVALID_OR_ZERO_UNIT_PRICE,2026-09-07T10:20:38.157074
full_historical_baseline,554678,85086A,,-30,0.0,,United Kingdom,INVALID_OR_ZERO_UNIT_PRICE,2026-09-07T10:20:38.157074
full_historical_baseline,554679,35916A,,-21,0.0,,United Kingdom,INVALID_OR_ZERO_UNIT_PRICE,2026-09-07T10:20:38.157074
full_historical_baseline,554680,35916B,,-21,0.0,,United Kingdom,INVALID_OR_ZERO_UNIT_PRICE,2026-09-07T10:20:38.157074
full_historical_baseline,554681,35916C,,-32,0.0,,United Kingdom,INVALID_OR_ZERO_UNIT_PRICE,2026-09-07T10:20:38.157074
full_historical_baseline,554696,85016,,5,0.0,,United Kingdom,INVALID_OR_ZERO_UNIT_PRICE,2026-09-07T10:20:38.157074
full_historical_baseline,554828,16049,,74,0.0,,United Kingdom,INVALID_OR_ZERO_UNIT_PRICE,2026-09-07T10:20:38.157074
full_historical_baseline,554829,20801,,6,0.0,,United Kingdom,INVALID_OR_ZERO_UNIT_PRICE,2026-09-07T10:20:38.157074
full_historical_baseline,554830,21904,,3,0.0,,United Kingdom,INVALID_OR_ZERO_UNIT_PRICE,2026-09-07T10:20:38.157074
full_historical_baseline,554831,84906,,2,0.0,,United Kingdom,INVALID_OR_ZERO_UNIT_PRICE,2026-09-07T10:20:38.157074
full_historical_baseline,554852,21272,?,-212,0.0,,United Kingdom,INVALID_OR_ZERO_UNIT_PRICE,2026-09-07T10:20:38.157074
full_historical_baseline,554857,POST,,800,0.0,,United Kingdom,INVALID_OR_ZERO_UNIT_PRICE,2026-09-07T10:20:38.157074
full_historical_baseline,554907,40003,,-11,0.0,,United Kingdom,INVALID_OR_ZERO_UNIT_PRICE,2026-09-07T10:20:38.157074
full_historical_baseline,554928,21763,,-3,0.0,,United Kingdom,INVALID_OR_ZERO_UNIT_PRICE,2026-09-07T10:20:38.157074
full_historical_baseline,554962,84691,,2,0.0,,United Kingdom,INVALID_OR_ZERO_UNIT_PRICE,2026-09-07T10:20:38.157074
full_historical_baseline,555330,84804A,wet damaged,-125,0.0,,United Kingdom,INVALID_OR_ZERO_UNIT_PRICE,2026-09-07T10:20:38.157074
full_historical_baseline,555331,84800L,wet damaged,-144,0.0,,United Kingdom,INVALID_OR_ZERO_UNIT_PRICE,2026-09-07T10:20:38.157074
full_historical_baseline,555332,84801A,wet damaged,-48,0.0,,United Kingdom,INVALID_OR_ZERO_UNIT_PRICE,2026-09-07T10:20:38.157074
full_historical_baseline,555333,84805B,wet damaged,-96,0.0,,United Kingdom,INVALID_OR_ZERO_UNIT_PRICE,2026-09-07T10:20:38.157074
full_historical_baseline,555334,84805A,wet damaged,-96,0.0,,United Kingdom,INVALID_OR_ZERO_UNIT_PRICE,2026-09-07T10:20:38.157074
full_historical_baseline,555335,84804B,,-96,0.0,,United Kingdom,INVALID_OR_ZERO_UNIT_PRICE,2026-09-07T10:20:38.157074
full_historical_baseline,555387,22276,,-59,0.0,,United Kingdom,INVALID_OR_ZERO_UNIT_PRICE,2026-09-07T10:20:38.157074
full_historical_baseline,555390,22501,,50,0.0,,United Kingdom,INVALID_OR_ZERO_UNIT_PRICE,2026-09-07T10:20:38.157074
full_historical_baseline,555391,22501,,-10,0.0,,United Kingdom,INVALID_OR_ZERO_UNIT_PRICE,2026-09-07T10:20:38.157074
full_historical_baseline,555402,22501,,10,0.0,,United Kingdom,INVALID_OR_ZERO_UNIT_PRICE,2026-09-07T10:20:38.157074
full_historical_baseline,555469,84917,,1,0.0,,United Kingdom,INVALID_OR_ZERO_UNIT_PRICE,2026-09-07T10:20:38.157074
full_historical_baseline,555503,84313C,damaged,-1,0.0,,United Kingdom,INVALID_OR_ZERO_UNIT_PRICE,2026-09-07T10:20:38.157074
full_historical_baseline,555505,79030G,Water damaged,-16,0.0,,United Kingdom,INVALID_OR_ZERO_UNIT_PRICE,2026-09-07T10:20:38.157074
full_historical_baseline,555506,21397,damaged,-57,0.0,,United Kingdom,INVALID_OR_ZERO_UNIT_PRICE,2026-09-07T10:20:38.157074
full_historical_baseline,555821,21399,,-116,0.0,,United Kingdom,INVALID_OR_ZERO_UNIT_PRICE,2026-09-07T10:20:38.157074
full_historical_baseline,555822,35809A,,-13,0.0,,United Kingdom,INVALID_OR_ZERO_UNIT_PRICE,2026-09-07T10:20:38.157074
full_historical_baseline,555823,47021G,,-52,0.0,,United Kingdom,INVALID_OR_ZERO_UNIT_PRICE,2026-09-07T10:20:38.157074
full_historical_baseline,555824,21043,,-12,0.0,,United Kingdom,INVALID_OR_ZERO_UNIT_PRICE,2026-09-07T10:20:38.157074
full_historical_baseline,555838,22966,,-6,0.0,,United Kingdom,INVALID_OR_ZERO_UNIT_PRICE,2026-09-07T10:20:38.157074
full_historical_baseline,556012,15044B,,-27,0.0,,United Kingdom,INVALID_OR_ZERO_UNIT_PRICE,2026-09-07T10:20:38.157074
full_historical_baseline,556013,21662,,-17,0.0,,United Kingdom,INVALID_OR_ZERO_UNIT_PRICE,2026-09-07T10:20:38.157074
full_historical_baseline,556014,37476,,-3,0.0,,United Kingdom,INVALID_OR_ZERO_UNIT_PRICE,2026-09-07T10:20:38.157074
full_historical_baseline,556015,37501,,-13,0.0,,United Kingdom,INVALID_OR_ZERO_UNIT_PRICE,2026-09-07T10:20:38.157074
full_historical_baseline,556046,21890,missing,-140,0.0,,United Kingdom,INVALID_OR_ZERO_UNIT_PRICE,2026-09-07T10:20:38.157074
full_historical_baseline,556061,20906,,-21,0.0,,United Kingdom,INVALID_OR_ZERO_UNIT_PRICE,2026-09-07T10:20:38.157074
full_historical_baseline,556069,84226,,-34,0.0,,United Kingdom,INVALID_OR_ZERO_UNIT_PRICE,2026-09-07T10:20:38.157074
full_historical_baseline,556074,22519,,-19,0.0,,United Kingdom,INVALID_OR_ZERO_UNIT_PRICE,2026-09-07T10:20:38.157074
full_historical_baseline,556122,85019C,Damaged,-108,0.0,,United Kingdom,INVALID_OR_ZERO_UNIT_PRICE,2026-09-07T10:20:38.157074
full_historical_baseline,556123,22272,Damaged,-15,0.0,,United Kingdom,INVALID_OR_ZERO_UNIT_PRICE,2026-09-07T10:20:38.157074
full_historical_baseline,556124,17007B,,-4,0.0,,United Kingdom,INVALID_OR_ZERO_UNIT_PRICE,2026-09-07T10:20:38.157074
full_historical_baseline,556180,22502,,40,0.0,,United Kingdom,INVALID_OR_ZERO_UNIT_PRICE,2026-09-07T10:20:38.157074
full_historical_baseline,556200,84796B,,17,0.0,,United Kingdom,INVALID_OR_ZERO_UNIT_PRICE,2026-09-07T10:20:38.157074
full_historical_baseline,556231,85123A,?,4000,0.0,,United Kingdom,INVALID_OR_ZERO_UNIT_PRICE,2026-09-07T10:20:38.157074
full_historical_baseline,556232,21135,sold as set on dotcom,-304,0.0,,United Kingdom,INVALID_OR_ZERO_UNIT_PRICE,2026-09-07T10:20:38.157074
full_historical_baseline,556233,21136,sold as set on dotcom,-272,0.0,,United Kingdom,INVALID_OR_ZERO_UNIT_PRICE,2026-09-07T10:20:38.157074
full_historical_baseline,556242,21700,sold as set on dotcom and amazon,-1206,0.0,,United Kingdom,INVALID_OR_ZERO_UNIT_PRICE,2026-09-07T10:20:38.157074
full_historical_baseline,556260,37340,sold as set on dotcom,-18,0.0,,United Kingdom,INVALID_OR_ZERO_UNIT_PRICE,2026-09-07T10:20:38.157074
full_historical_baseline,556261,79051A,sold as set on dotcom,-6,0.0,,United Kingdom,INVALID_OR_ZERO_UNIT_PRICE,2026-09-07T10:20:38.157074
full_historical_baseline,556262,37327,sold as set on dotcom,-95,0.0,,United Kingdom,INVALID_OR_ZERO_UNIT_PRICE,2026-09-07T10:20:38.157074
full_historical_baseline,556286,16052,,-16,0.0,,United Kingdom,INVALID_OR_ZERO_UNIT_PRICE,2026-09-07T10:20:38.157074
full_historical_baseline,556287,16043,,-45,0.0,,United Kingdom,INVALID_OR_ZERO_UNIT_PRICE,2026-09-07T10:20:38.157074
full_historical_baseline,556289,20823,,-102,0.0,,United Kingdom,INVALID_OR_ZERO_UNIT_PRICE,2026-09-07T10:20:38.157074
full_historical_baseline,556291,79164,,2,0.0,,United Kingdom,INVALID_OR_ZERO_UNIT_PRICE,2026-09-07T10:20:38.157074
full_historical_baseline,556292,21472,,-1,0.0,,United Kingdom,INVALID_OR_ZERO_UNIT_PRICE,2026-09-07T10:20:38.157074
full_historical_baseline,556299,21937,?,-161,0.0,,United Kingdom,INVALID_OR_ZERO_UNIT_PRICE,2026-09-07T10:20:38.157074
full_historical_baseline,556300,20735,,-472,0.0,,United Kingdom,INVALID_OR_ZERO_UNIT_PRICE,2026-09-07T10:20:38.157074
full_historical_baseline,556301,22968,water damage,-50,0.0,,United Kingdom,INVALID_OR_ZERO_UNIT_PRICE,2026-09-07T10:20:38.157074
full_historical_baseline,556306,37479B,sold as set by dotcom,-30,0.0,,United Kingdom,INVALID_OR_ZERO_UNIT_PRICE,2026-09-07T10:20:38.157074
full_historical_baseline,556307,37479P,sold as set on dotcom,-30,0.0,,United Kingdom,INVALID_OR_ZERO_UNIT_PRICE,2026-09-07T10:20:38.157074
full_historical_baseline,556308,22130,sold as set on dotcom,-390,0.0,,United Kingdom,INVALID_OR_ZERO_UNIT_PRICE,2026-09-07T10:20:38.157074
full_historical_baseline,556309,22856,sold as set on dotcom,-30,0.0,,United Kingdom,INVALID_OR_ZERO_UNIT_PRICE,2026-09-07T10:20:38.157074
full_historical_baseline,556310,22944,sold as set on dotcom,-42,0.0,,United Kingdom,INVALID_OR_ZERO_UNIT_PRICE,2026-09-07T10:20:38.157074
full_historical_baseline,556311,37471,sold as set on dotcom,-12,0.0,,United Kingdom,INVALID_OR_ZERO_UNIT_PRICE,2026-09-07T10:20:38.157074
full_historical_baseline,556312,22924,sold as set on dotcom,-30,0.0,,United Kingdom,INVALID_OR_ZERO_UNIT_PRICE,2026-09-07T10:20:38.157074
full_historical_baseline,556313,22923,sold as set on dotcom,-12,0.0,,United Kingdom,INVALID_OR_ZERO_UNIT_PRICE,2026-09-07T10:20:38.157074
full_historical_baseline,556314,23155,sold as set on dotcom,-84,0.0,,United Kingdom,INVALID_OR_ZERO_UNIT_PRICE,2026-09-07T10:20:38.157074
full_historical_baseline,556315,22948,sold as set on dotcom,-108,0.0,,United Kingdom,INVALID_OR_ZERO_UNIT_PRICE,2026-09-07T10:20:38.157074
full_historical_baseline,556316,22128,sold as set on dotcom,-24,0.0,,United Kingdom,INVALID_OR_ZERO_UNIT_PRICE,2026-09-07T10:20:38.157074
full_historical_baseline,556317,22857,sold as set on dotcom,-48,0.0,,United Kingdom,INVALID_OR_ZERO_UNIT_PRICE,2026-09-07T10:20:38.157074
full_historical_baseline,556319,22945,sold as set on dotcom,-618,0.0,,United Kingdom,INVALID_OR_ZERO_UNIT_PRICE,2026-09-07T10:20:38.157074
full_historical_baseline,556320,22922,sold as set on dotcom,-42,0.0,,United Kingdom,INVALID_OR_ZERO_UNIT_PRICE,2026-09-07T10:20:38.157074
full_historical_baseline,556321,79163,sold as set on dotcom,-24,0.0,,United Kingdom,INVALID_OR_ZERO_UNIT_PRICE,2026-09-07T10:20:38.157074
full_historical_baseline,556322,22915,sold as set on dotcom,-204,0.0,,United Kingdom,INVALID_OR_ZERO_UNIT_PRICE,2026-09-07T10:20:38.157074
full_historical_baseline,556326,20731,,10,0.0,,United Kingdom,INVALID_OR_ZERO_UNIT_PRICE,2026-09-07T10:20:38.157074
full_historical_baseline,556328,21027,,47,0.0,,United Kingdom,INVALID_OR_ZERO_UNIT_PRICE,2026-09-07T10:20:38.157074
full_historical_baseline,556418,47021G,,288,0.0,,United Kingdom,INVALID_OR_ZERO_UNIT_PRICE,2026-09-07T10:20:38.157074
full_historical_baseline,556430,22968,,19,0.0,,United Kingdom,INVALID_OR_ZERO_UNIT_PRICE,2026-09-07T10:20:38.157074
full_historical_baseline,556438,37479B,,8,0.0,,United Kingdom,INVALID_OR_ZERO_UNIT_PRICE,2026-09-07T10:20:38.157074
full_historical_baseline,556687,23003,Printing smudges/thrown away,-9058,0.0,,United Kingdom,INVALID_OR_ZERO_UNIT_PRICE,2026-09-07T10:20:38.157074
full_historical_baseline,556690,23005,printing smudges/thrown away,-9600,0.0,,United Kingdom,INVALID_OR_ZERO_UNIT_PRICE,2026-09-07T10:20:38.157074
full_historical_baseline,556691,23005,printing smudges/thrown away,-9600,0.0,,United Kingdom,INVALID_OR_ZERO_UNIT_PRICE,2026-09-07T10:20:38.157074
full_historical_baseline,556884,22698,,-61,0.0,,United Kingdom,INVALID_OR_ZERO_UNIT_PRICE,2026-09-07T10:20:38.157074
full_historical_baseline,556933,22783,,2,0.0,,United Kingdom,INVALID_OR_ZERO_UNIT_PRICE,2026-09-07T10:20:38.157074
full_historical_baseline,556934,37479B,,1,0.0,,United Kingdom,INVALID_OR_ZERO_UNIT_PRICE,2026-09-07T10:20:38.157074
full_historical_baseline,556939,46000M,POLYESTER FILLER PAD 45x45cm,80,0.0,,United Kingdom,INVALID_OR_ZERO_UNIT_PRICE,2026-09-07T10:20:38.157074
full_historical_baseline,556939,46000S,POLYESTER FILLER PAD 40x40cm,160,0.0,,United Kingdom,INVALID_OR_ZERO_UNIT_PRICE,2026-09-07T10:20:38.157074
full_historical_baseline,556943,84809A,,-126,0.0,,United Kingdom,INVALID_OR_ZERO_UNIT_PRICE,2026-09-07T10:20:38.157074
full_historical_baseline,556944,84800L,,-29,0.0,,United Kingdom,INVALID_OR_ZERO_UNIT_PRICE,2026-09-07T10:20:38.157074
full_historical_baseline,556945,21614,,3,0.0,,United Kingdom,INVALID_OR_ZERO_UNIT_PRICE,2026-09-07T10:20:38.157074
full_historical_baseline,556946,37444A,,2,0.0,,United Kingdom,INVALID_OR_ZERO_UNIT_PRICE,2026-09-07T10:20:38.157074
full_historical_baseline,556947,22444,,1,0.0,,United Kingdom,INVALID_OR_ZERO_UNIT_PRICE,2026-09-07T10:20:38.157074
full_historical_baseline,556948,90104,,1,0.0,,United Kingdom,INVALID_OR_ZERO_UNIT_PRICE,2026-09-07T10:20:38.157074
full_historical_baseline,556949,85185D,,1,0.0,,United Kingdom,INVALID_OR_ZERO_UNIT_PRICE,2026-09-07T10:20:38.157074
full_historical_baseline,556950,84548,,1,0.0,,United Kingdom,INVALID_OR_ZERO_UNIT_PRICE,2026-09-07T10:20:38.157074
full_historical_baseline,556951,20975,,2,0.0,,United Kingdom,INVALID_OR_ZERO_UNIT_PRICE,2026-09-07T10:20:38.157074
full_historical_baseline,556952,21784,,1,0.0,,United Kingdom,INVALID_OR_ZERO_UNIT_PRICE,2026-09-07T10:20:38.157074
full_historical_baseline,556955,gift_0001_20,to push order througha s stock was ,10,0.0,,United Kingdom,INVALID_OR_ZERO_UNIT_PRICE,2026-09-07T10:20:38.157074
full_historical_baseline,556962,35965,,12,0.0,,United Kingdom,INVALID_OR_ZERO_UNIT_PRICE,2026-09-07T10:20:38.157074
full_historical_baseline,556963,35965,found some more on shelf,-9,0.0,,United Kingdom,INVALID_OR_ZERO_UNIT_PRICE,2026-09-07T10:20:38.157074
full_historical_baseline,557025,22192,,-9,0.0,,United Kingdom,INVALID_OR_ZERO_UNIT_PRICE,2026-09-07T10:20:38.157074
full_historical_baseline,557028,79071B,,-4,0.0,,United Kingdom,INVALID_OR_ZERO_UNIT_PRICE,2026-09-07T10:20:38.157074
full_historical_baseline,557029,22480,,-24,0.0,,United Kingdom,INVALID_OR_ZERO_UNIT_PRICE,2026-09-07T10:20:38.157074
full_historical_baseline,557030,21446,,-50,0.0,,United Kingdom,INVALID_OR_ZERO_UNIT_PRICE,2026-09-07T10:20:38.157074
full_historical_baseline,557031,21447,,-65,0.0,,United Kingdom,INVALID_OR_ZERO_UNIT_PRICE,2026-09-07T10:20:38.157074
full_historical_baseline,557035,82583,?,-220,0.0,,United Kingdom,INVALID_OR_ZERO_UNIT_PRICE,2026-09-07T10:20:38.157074
full_historical_baseline,557036,20867,?,-271,0.0,,United Kingdom,INVALID_OR_ZERO_UNIT_PRICE,2026-09-07T10:20:38.157074
full_historical_baseline,557108,23113,Damaged,-1440,0.0,,United Kingdom,INVALID_OR_ZERO_UNIT_PRICE,2026-09-07T10:20:38.157074
full_historical_baseline,557137,85141,,3,0.0,,United Kingdom,INVALID_OR_ZERO_UNIT_PRICE,2026-09-07T10:20:38.157074
full_historical_baseline,557138,21095,,2,0.0,,United Kingdom,INVALID_OR_ZERO_UNIT_PRICE,2026-09-07T10:20:38.157074
full_historical_baseline,557139,35965,,2,0.0,,United Kingdom,INVALID_OR_ZERO_UNIT_PRICE,2026-09-07T10:20:38.157074
full_historical_baseline,557390,21360,Show Samples,-4,0.0,,United Kingdom,INVALID_OR_ZERO_UNIT_PRICE,2026-09-07T10:20:38.157074
full_historical_baseline,557412,35965,,5,0.0,,United Kingdom,INVALID_OR_ZERO_UNIT_PRICE,2026-09-07T10:20:38.157074
full_historical_baseline,557415,21937,,12,0.0,,United Kingdom,INVALID_OR_ZERO_UNIT_PRICE,2026-09-07T10:20:38.157074
full_historical_baseline,557417,84809B,damaged,-324,0.0,,United Kingdom,INVALID_OR_ZERO_UNIT_PRICE,2026-09-07T10:20:38.157074
full_historical_baseline,557486,22084,,44,0.0,,United Kingdom,INVALID_OR_ZERO_UNIT_PRICE,2026-09-07T10:20:38.157074
full_historical_baseline,557491,85213,,66,0.0,,United Kingdom,INVALID_OR_ZERO_UNIT_PRICE,2026-09-07T10:20:38.157074
full_historical_baseline,557596,23114,Damaged,-1440,0.0,,United Kingdom,INVALID_OR_ZERO_UNIT_PRICE,2026-09-07T10:20:38.157074
full_historical_baseline,557597,23115,Damaged,-1440,0.0,,United Kingdom,INVALID_OR_ZERO_UNIT_PRICE,2026-09-07T10:20:38.157074
full_historical_baseline,557599,23116,Damaged,-1440,0.0,,United Kingdom,INVALID_OR_ZERO_UNIT_PRICE,2026-09-07T10:20:38.157074
full_historical_baseline,557600,23117,Damaged,-1440,0.0,,United Kingdom,INVALID_OR_ZERO_UNIT_PRICE,2026-09-07T10:20:38.157074
full_historical_baseline,557613,21841,,80,0.0,,United Kingdom,INVALID_OR_ZERO_UNIT_PRICE,2026-09-07T10:20:38.157074
full_historical_baseline,557756,22567,,-14,0.0,,United Kingdom,INVALID_OR_ZERO_UNIT_PRICE,2026-09-07T10:20:38.157074
full_historical_baseline,557777,44265,,-5,0.0,,United Kingdom,INVALID_OR_ZERO_UNIT_PRICE,2026-09-07T10:20:38.157074
full_historical_baseline,557778,21161,,-38,0.0,,United Kingdom,INVALID_OR_ZERO_UNIT_PRICE,2026-09-07T10:20:38.157074
full_historical_baseline,557784,21421,damaged,-5,0.0,,United Kingdom,INVALID_OR_ZERO_UNIT_PRICE,2026-09-07T10:20:38.157074
full_historical_baseline,557806,84706D,,-5,0.0,,United Kingdom,INVALID_OR_ZERO_UNIT_PRICE,2026-09-07T10:20:38.157074
full_historical_baseline,557847,84387A,,11,0.0,,United Kingdom,INVALID_OR_ZERO_UNIT_PRICE,2026-09-07T10:20:38.157074
full_historical_baseline,557851,85130A,,-23,0.0,,United Kingdom,INVALID_OR_ZERO_UNIT_PRICE,2026-09-07T10:20:38.157074
full_historical_baseline,558032,22443,,-7,0.0,,United Kingdom,INVALID_OR_ZERO_UNIT_PRICE,2026-09-07T10:20:38.157074
full_historical_baseline,558033,84876B,,-59,0.0,,United Kingdom,INVALID_OR_ZERO_UNIT_PRICE,2026-09-07T10:20:38.157074
full_historical_baseline,558034,20658,,-78,0.0,,United Kingdom,INVALID_OR_ZERO_UNIT_PRICE,2026-09-07T10:20:38.157074
full_historical_baseline,558238,22722,,-21,0.0,,United Kingdom,INVALID_OR_ZERO_UNIT_PRICE,2026-09-07T10:20:38.157074
full_historical_baseline,558244,84796B,,-2,0.0,,United Kingdom,INVALID_OR_ZERO_UNIT_PRICE,2026-09-07T10:20:38.157074
full_historical_baseline,558245,22734,FOUND,8,0.0,,United Kingdom,INVALID_OR_ZERO_UNIT_PRICE,2026-09-07T10:20:38.157074
full_historical_baseline,558268,21351,damaged,-220,0.0,,United Kingdom,INVALID_OR_ZERO_UNIT_PRICE,2026-09-07T10:20:38.157074
full_historical_baseline,558305,21027,,7,0.0,,United Kingdom,INVALID_OR_ZERO_UNIT_PRICE,2026-09-07T10:20:38.157074
full_historical_baseline,558306,85232D,mix up with c,-118,0.0,,United Kingdom,INVALID_OR_ZERO_UNIT_PRICE,2026-09-07T10:20:38.157074
full_historical_baseline,558307,22088,,-39,0.0,,United Kingdom,INVALID_OR_ZERO_UNIT_PRICE,2026-09-07T10:20:38.157074
full_historical_baseline,558308,84576,,-10,0.0,,United Kingdom,INVALID_OR_ZERO_UNIT_PRICE,2026-09-07T10:20:38.157074
full_historical_baseline,558309,85132B,,-42,0.0,,United Kingdom,INVALID_OR_ZERO_UNIT_PRICE,2026-09-07T10:20:38.157074
full_historical_baseline,558318,85232A,,-14,0.0,,United Kingdom,INVALID_OR_ZERO_UNIT_PRICE,2026-09-07T10:20:38.157074
full_historical_baseline,558340,22514,CHILDS GARDEN SPADE BLUE,1,0.0,,United Kingdom,INVALID_OR_ZERO_UNIT_PRICE,2026-09-07T10:20:38.157074
full_historical_baseline,558340,85123A,WHITE HANGING HEART T-LIGHT HOLDER,1,0.0,,United Kingdom,INVALID_OR_ZERO_UNIT_PRICE,2026-09-07T10:20:38.157074
full_historical_baseline,558340,22431,WATERING CAN BLUE ELEPHANT,1,0.0,,United Kingdom,INVALID_OR_ZERO_UNIT_PRICE,2026-09-07T10:20:38.157074
full_historical_baseline,558340,22430,ENAMEL WATERING CAN CREAM,1,0.0,,United Kingdom,INVALID_OR_ZERO_UNIT_PRICE,2026-09-07T10:20:38.157074
full_historical_baseline,558340,22414,DOORMAT NEIGHBOURHOOD WITCH ,1,0.0,,United Kingdom,INVALID_OR_ZERO_UNIT_PRICE,2026-09-07T10:20:38.157074
full_historical_baseline,558340,22385,JUMBO BAG SPACEBOY DESIGN,1,0.0,,United Kingdom,INVALID_OR_ZERO_UNIT_PRICE,2026-09-07T10:20:38.157074
full_historical_baseline,558340,22380,TOY TIDY SPACEBOY  ,1,0.0,,United Kingdom,INVALID_OR_ZERO_UNIT_PRICE,2026-09-07T10:20:38.157074
full_historical_baseline,558340,22364,GLASS JAR DIGESTIVE BISCUITS,1,0.0,,United Kingdom,INVALID_OR_ZERO_UNIT_PRICE,2026-09-07T10:20:38.157074
full_historical_baseline,558340,22362,GLASS JAR PEACOCK BATH SALTS,1,0.0,,United Kingdom,INVALID_OR_ZERO_UNIT_PRICE,2026-09-07T10:20:38.157074
full_historical_baseline,558340,22357,KINGS CHOICE BISCUIT TIN,3,0.0,,United Kingdom,INVALID_OR_ZERO_UNIT_PRICE,2026-09-07T10:20:38.157074
full_historical_baseline,558340,22301,COFFEE MUG CAT + BIRD DESIGN,1,0.0,,United Kingdom,INVALID_OR_ZERO_UNIT_PRICE,2026-09-07T10:20:38.157074
full_historical_baseline,558340,21556,CERAMIC STRAWBERRY MONEY BOX,2,0.0,,United Kingdom,INVALID_OR_ZERO_UNIT_PRICE,2026-09-07T10:20:38.157074
full_historical_baseline,558340,21116,OWL DOORSTOP,1,0.0,,United Kingdom,INVALID_OR_ZERO_UNIT_PRICE,2026-09-07T10:20:38.157074
full_historical_baseline,558340,85099F,JUMBO BAG STRAWBERRY,1,0.0,,United Kingdom,INVALID_OR_ZERO_UNIT_PRICE,2026-09-07T10:20:38.157074
full_historical_baseline,558340,85099B,JUMBO BAG RED RETROSPOT,1,0.0,,United Kingdom,INVALID_OR_ZERO_UNIT_PRICE,2026-09-07T10:20:38.157074
full_historical_baseline,558340,22627,MINT KITCHEN SCALES,1,0.0,,United Kingdom,INVALID_OR_ZERO_UNIT_PRICE,2026-09-07T10:20:38.157074
full_historical_baseline,558340,84692,BOX OF 24 COCKTAIL PARASOLS,1,0.0,,United Kingdom,INVALID_OR_ZERO_UNIT_PRICE,2026-09-07T10:20:38.157074
full_historical_baseline,558340,48184,DOORMAT ENGLISH ROSE ,3,0.0,,United Kingdom,INVALID_OR_ZERO_UNIT_PRICE,2026-09-07T10:20:38.157074
full_historical_baseline,558340,22692,DOORMAT WELCOME TO OUR HOME,1,0.0,,United Kingdom,INVALID_OR_ZERO_UNIT_PRICE,2026-09-07T10:20:38.157074
full_historical_baseline,558340,22684,FRENCH BLUE METAL DOOR SIGN 9,1,0.0,,United Kingdom,INVALID_OR_ZERO_UNIT_PRICE,2026-09-07T10:20:38.157074
full_historical_baseline,558340,22685,FRENCH BLUE METAL DOOR SIGN 0,1,0.0,,United Kingdom,INVALID_OR_ZERO_UNIT_PRICE,2026-09-07T10:20:38.157074
full_historical_baseline,558340,22683,FRENCH BLUE METAL DOOR SIGN 8,2,0.0,,United Kingdom,INVALID_OR_ZERO_UNIT_PRICE,2026-09-07T10:20:38.157074
full_historical_baseline,558340,22679,FRENCH BLUE METAL DOOR SIGN 4,1,0.0,,United Kingdom,INVALID_OR_ZERO_UNIT_PRICE,2026-09-07T10:20:38.157074
full_historical_baseline,558340,22678,FRENCH BLUE METAL DOOR SIGN 3,2,0.0,,United Kingdom,INVALID_OR_ZERO_UNIT_PRICE,2026-09-07T10:20:38.157074
full_historical_baseline,558340,22686,FRENCH BLUE METAL DOOR SIGN No,4,0.0,,United Kingdom,INVALID_OR_ZERO_UNIT_PRICE,2026-09-07T10:20:38.157074
full_historical_baseline,558340,22680,FRENCH BLUE METAL DOOR SIGN 5,4,0.0,,United Kingdom,INVALID_OR_ZERO_UNIT_PRICE,2026-09-07T10:20:38.157074
full_historical_baseline,558340,22676,FRENCH BLUE METAL DOOR SIGN 1,3,0.0,,United Kingdom,INVALID_OR_ZERO_UNIT_PRICE,2026-09-07T10:20:38.157074
full_historical_baseline,558340,22666,RECIPE BOX PANTRY YELLOW DESIGN,1,0.0,,United Kingdom,INVALID_OR_ZERO_UNIT_PRICE,2026-09-07T10:20:38.157074
full_historical_baseline,558340,22665,RECIPE BOX BLUE SKETCHBOOK DESIGN,1,0.0,,United Kingdom,INVALID_OR_ZERO_UNIT_PRICE,2026-09-07T10:20:38.157074
full_historical_baseline,558340,22649,STRAWBERRY FAIRY CAKE TEAPOT,1,0.0,,United Kingdom,INVALID_OR_ZERO_UNIT_PRICE,2026-09-07T10:20:38.157074
full_historical_baseline,558340,22627,MINT KITCHEN SCALES,1,0.0,,United Kingdom,INVALID_OR_ZERO_UNIT_PRICE,2026-09-07T10:20:38.157074
full_historical_baseline,558340,22626,BLACK KITCHEN SCALES,1,0.0,,United Kingdom,INVALID_OR_ZERO_UNIT_PRICE,2026-09-07T10:20:38.157074
full_historical_baseline,558340,22526,WHEELBARROW FOR CHILDREN ,1,0.0,,United Kingdom,INVALID_OR_ZERO_UNIT_PRICE,2026-09-07T10:20:38.157074
full_historical_baseline,558340,22430,ENAMEL WATERING CAN CREAM,1,0.0,,United Kingdom,INVALID_OR_ZERO_UNIT_PRICE,2026-09-07T10:20:38.157074
full_historical_baseline,558340,22515,CHILDS GARDEN SPADE PINK,3,0.0,,United Kingdom,INVALID_OR_ZERO_UNIT_PRICE,2026-09-07T10:20:38.157074
full_historical_baseline,558342,20731,,1,0.0,,United Kingdom,INVALID_OR_ZERO_UNIT_PRICE,2026-09-07T10:20:38.157074
full_historical_baseline,558343,84709B,,6,0.0,,United Kingdom,INVALID_OR_ZERO_UNIT_PRICE,2026-09-07T10:20:38.157074
full_historical_baseline,558344,47013C,,4,0.0,,United Kingdom,INVALID_OR_ZERO_UNIT_PRICE,2026-09-07T10:20:38.157074
full_historical_baseline,558345,21784,,6,0.0,,United Kingdom,INVALID_OR_ZERO_UNIT_PRICE,2026-09-07T10:20:38.157074
full_historical_baseline,558346,35965,,3,0.0,,United Kingdom,INVALID_OR_ZERO_UNIT_PRICE,2026-09-07T10:20:38.157074
full_historical_baseline,558369,21082,found,3,0.0,,United Kingdom,INVALID_OR_ZERO_UNIT_PRICE,2026-09-07T10:20:38.157074
full_historical_baseline,558377,37423,,-17,0.0,,United Kingdom,INVALID_OR_ZERO_UNIT_PRICE,2026-09-07T10:20:38.157074
full_historical_baseline,558378,79161A,,-13,0.0,,United Kingdom,INVALID_OR_ZERO_UNIT_PRICE,2026-09-07T10:20:38.157074
full_historical_baseline,558379,22618,"mouldy, unsaleable.",-1681,0.0,,United Kingdom,INVALID_OR_ZERO_UNIT_PRICE,2026-09-07T10:20:38.157074
full_historical_baseline,558445,22034,,-18,0.0,,United Kingdom,INVALID_OR_ZERO_UNIT_PRICE,2026-09-07T10:20:38.157074
full_historical_baseline,558446,22164,,-80,0.0,,United Kingdom,INVALID_OR_ZERO_UNIT_PRICE,2026-09-07T10:20:38.157074
full_historical_baseline,558448,22163,,-90,0.0,,United Kingdom,INVALID_OR_ZERO_UNIT_PRICE,2026-09-07T10:20:38.157074
full_historical_baseline,558449,21807,,-35,0.0,,United Kingdom,INVALID_OR_ZERO_UNIT_PRICE,2026-09-07T10:20:38.157074
full_historical_baseline,558450,21145,,40,0.0,,United Kingdom,INVALID_OR_ZERO_UNIT_PRICE,2026-09-07T10:20:38.157074
full_historical_baseline,558451,21817,,-80,0.0,,United Kingdom,INVALID_OR_ZERO_UNIT_PRICE,2026-09-07T10:20:38.157074
full_historical_baseline,558457,21147,?,-95,0.0,,United Kingdom,INVALID_OR_ZERO_UNIT_PRICE,2026-09-07T10:20:38.157074
full_historical_baseline,558464,35966,,-20,0.0,,United Kingdom,INVALID_OR_ZERO_UNIT_PRICE,2026-09-07T10:20:38.157074
full_historical_baseline,558476,84597B,damages,-6,0.0,,United Kingdom,INVALID_OR_ZERO_UNIT_PRICE,2026-09-07T10:20:38.157074
full_historical_baseline,558477,84597C,,-1,0.0,,United Kingdom,INVALID_OR_ZERO_UNIT_PRICE,2026-09-07T10:20:38.157074
full_historical_baseline,558520,21896,,-38,0.0,,United Kingdom,INVALID_OR_ZERO_UNIT_PRICE,2026-09-07T10:20:38.157074
full_historical_baseline,558663,23574,,100,0.0,,United Kingdom,INVALID_OR_ZERO_UNIT_PRICE,2026-09-07T10:20:38.157074
full_historical_baseline,558723,84865,damaged,-7,0.0,,United Kingdom,INVALID_OR_ZERO_UNIT_PRICE,2026-09-07T10:20:38.157074
full_historical_baseline,558724,35966,,14,0.0,,United Kingdom,INVALID_OR_ZERO_UNIT_PRICE,2026-09-07T10:20:38.157074
full_historical_baseline,558725,84944,found,37,0.0,,United Kingdom,INVALID_OR_ZERO_UNIT_PRICE,2026-09-07T10:20:38.157074
full_historical_baseline,558728,20826,,-1,0.0,,United Kingdom,INVALID_OR_ZERO_UNIT_PRICE,2026-09-07T10:20:38.157074
full_historical_baseline,558730,22060,damaged,-1,0.0,,United Kingdom,INVALID_OR_ZERO_UNIT_PRICE,2026-09-07T10:20:38.157074
full_historical_baseline,558732,47341A,,-1,0.0,,United Kingdom,INVALID_OR_ZERO_UNIT_PRICE,2026-09-07T10:20:38.157074
full_historical_baseline,558741,37444C,,-1,0.0,,United Kingdom,INVALID_OR_ZERO_UNIT_PRICE,2026-09-07T10:20:38.157074
full_historical_baseline,558742,62043B,,-1,0.0,,United Kingdom,INVALID_OR_ZERO_UNIT_PRICE,2026-09-07T10:20:38.157074
full_historical_baseline,558743,35810B,,-4,0.0,,United Kingdom,INVALID_OR_ZERO_UNIT_PRICE,2026-09-07T10:20:38.157074
full_historical_baseline,558889,84857B,,24,0.0,,United Kingdom,INVALID_OR_ZERO_UNIT_PRICE,2026-09-07T10:20:38.157074
full_historical_baseline,558890,84857C,,-24,0.0,,United Kingdom,INVALID_OR_ZERO_UNIT_PRICE,2026-09-07T10:20:38.157074
full_historical_baseline,558913,84548,,11,0.0,,United Kingdom,INVALID_OR_ZERO_UNIT_PRICE,2026-09-07T10:20:38.157074
full_historical_baseline,558914,84686,,11,0.0,,United Kingdom,INVALID_OR_ZERO_UNIT_PRICE,2026-09-07T10:20:38.157074
full_historical_baseline,558915,20716,,4,0.0,,United Kingdom,INVALID_OR_ZERO_UNIT_PRICE,2026-09-07T10:20:38.157074
full_historical_baseline,559037,82583,,10,0.0,,United Kingdom,INVALID_OR_ZERO_UNIT_PRICE,2026-09-07T10:20:38.157074
full_historical_baseline,559147,84944,,147,0.0,,United Kingdom,INVALID_OR_ZERO_UNIT_PRICE,2026-09-07T10:20:38.157074
full_historical_baseline,559296,23001,TRAVEL CARD WALLET DOTCOMGIFTSHOP,200,0.0,,United Kingdom,INVALID_OR_ZERO_UNIT_PRICE,2026-09-07T10:20:38.157074
full_historical_baseline,559296,22616,PACK OF 12 LONDON TISSUES ,204,0.0,,United Kingdom,INVALID_OR_ZERO_UNIT_PRICE,2026-09-07T10:20:38.157074
full_historical_baseline,559296,23298,SPOTTY BUNTING,170,0.0,,United Kingdom,INVALID_OR_ZERO_UNIT_PRICE,2026-09-07T10:20:38.157074
full_historical_baseline,559314,84584,?,-50,0.0,,United Kingdom,INVALID_OR_ZERO_UNIT_PRICE,2026-09-07T10:20:38.157074
full_historical_baseline,559335,21147,found,72,0.0,,United Kingdom,INVALID_OR_ZERO_UNIT_PRICE,2026-09-07T10:20:38.157074
full_historical_baseline,559365,22451,,-3,0.0,,United Kingdom,INVALID_OR_ZERO_UNIT_PRICE,2026-09-07T10:20:38.157074
full_historical_baseline,559373,16156S,,-110,0.0,,United Kingdom,INVALID_OR_ZERO_UNIT_PRICE,2026-09-07T10:20:38.157074
full_historical_baseline,559374,22050,,-100,0.0,,United Kingdom,INVALID_OR_ZERO_UNIT_PRICE,2026-09-07T10:20:38.157074
full_historical_baseline,559375,22051,?,-300,0.0,,United Kingdom,INVALID_OR_ZERO_UNIT_PRICE,2026-09-07T10:20:38.157074
full_historical_baseline,559376,48116,,-35,0.0,,United Kingdom,INVALID_OR_ZERO_UNIT_PRICE,2026-09-07T10:20:38.157074
full_historical_baseline,559377,23283,,17,0.0,,United Kingdom,INVALID_OR_ZERO_UNIT_PRICE,2026-09-07T10:20:38.157074
full_historical_baseline,559378,21781,damages?,-39,0.0,,United Kingdom,INVALID_OR_ZERO_UNIT_PRICE,2026-09-07T10:20:38.157074
full_historical_baseline,559379,79337,,-8,0.0,,United Kingdom,INVALID_OR_ZERO_UNIT_PRICE,2026-09-07T10:20:38.157074
full_historical_baseline,559390,21700,,-110,0.0,,United Kingdom,INVALID_OR_ZERO_UNIT_PRICE,2026-09-07T10:20:38.157074
full_historical_baseline,559398,21169,,-70,0.0,,United Kingdom,INVALID_OR_ZERO_UNIT_PRICE,2026-09-07T10:20:38.157074
full_historical_baseline,559402,21635,,-8,0.0,,United Kingdom,INVALID_OR_ZERO_UNIT_PRICE,2026-09-07T10:20:38.157074
full_historical_baseline,559405,22863,,-7,0.0,,United Kingdom,INVALID_OR_ZERO_UNIT_PRICE,2026-09-07T10:20:38.157074
full_historical_baseline,559410,84341B,,-179,0.0,,United Kingdom,INVALID_OR_ZERO_UNIT_PRICE,2026-09-07T10:20:38.157074
full_historical_baseline,559414,22855,,-4,0.0,,United Kingdom,INVALID_OR_ZERO_UNIT_PRICE,2026-09-07T10:20:38.157074
full_historical_baseline,559423,71143,,-14,0.0,,United Kingdom,INVALID_OR_ZERO_UNIT_PRICE,2026-09-07T10:20:38.157074
full_historical_baseline,559503,21763,,1,0.0,,United Kingdom,INVALID_OR_ZERO_UNIT_PRICE,2026-09-07T10:20:38.157074
full_historical_baseline,559602,84686,,23,0.0,,United Kingdom,INVALID_OR_ZERO_UNIT_PRICE,2026-09-07T10:20:38.157074
full_historical_baseline,559603,79337,,1,0.0,,United Kingdom,INVALID_OR_ZERO_UNIT_PRICE,2026-09-07T10:20:38.157074
full_historical_baseline,559604,22084,,3,0.0,,United Kingdom,INVALID_OR_ZERO_UNIT_PRICE,2026-09-07T10:20:38.157074
full_historical_baseline,559655,21166,?,-124,0.0,,United Kingdom,INVALID_OR_ZERO_UNIT_PRICE,2026-09-07T10:20:38.157074
full_historical_baseline,559792,21067,,-66,0.0,,United Kingdom,INVALID_OR_ZERO_UNIT_PRICE,2026-09-07T10:20:38.157074
full_historical_baseline,559825,21067,,23,0.0,,United Kingdom,INVALID_OR_ZERO_UNIT_PRICE,2026-09-07T10:20:38.157074
full_historical_baseline,559943,21578,?,-251,0.0,,United Kingdom,INVALID_OR_ZERO_UNIT_PRICE,2026-09-07T10:20:38.157074
full_historical_baseline,559946,21578,,200,0.0,,United Kingdom,INVALID_OR_ZERO_UNIT_PRICE,2026-09-07T10:20:38.157074
full_historical_baseline,560037,22242,,-34,0.0,,United Kingdom,INVALID_OR_ZERO_UNIT_PRICE,2026-09-07T10:20:38.157074
full_historical_baseline,560039,20713,wrongly marked. 23343 in box,-3100,0.0,,United Kingdom,INVALID_OR_ZERO_UNIT_PRICE,2026-09-07T10:20:38.157074
full_historical_baseline,560040,23343,came coded as 20713,3100,0.0,,United Kingdom,INVALID_OR_ZERO_UNIT_PRICE,2026-09-07T10:20:38.157074
full_historical_baseline,560091,44236,,-10,0.0,,United Kingdom,INVALID_OR_ZERO_UNIT_PRICE,2026-09-07T10:20:38.157074
full_historical_baseline,560110,21673,,-40,0.0,,United Kingdom,INVALID_OR_ZERO_UNIT_PRICE,2026-09-07T10:20:38.157074
full_historical_baseline,560111,84874B,,-3,0.0,,United Kingdom,INVALID_OR_ZERO_UNIT_PRICE,2026-09-07T10:20:38.157074
full_historical_baseline,560112,21683,,-38,0.0,,United Kingdom,INVALID_OR_ZERO_UNIT_PRICE,2026-09-07T10:20:38.157074
full_historical_baseline,560113,21865,,-40,0.0,,United Kingdom,INVALID_OR_ZERO_UNIT_PRICE,2026-09-07T10:20:38.157074
full_historical_baseline,560114,75172,,-35,0.0,,United Kingdom,INVALID_OR_ZERO_UNIT_PRICE,2026-09-07T10:20:38.157074
full_historical_baseline,560116,22084,,15,0.0,,United Kingdom,INVALID_OR_ZERO_UNIT_PRICE,2026-09-07T10:20:38.157074
full_historical_baseline,560213,10123C,,-18,0.0,,United Kingdom,INVALID_OR_ZERO_UNIT_PRICE,2026-09-07T10:20:38.157074
full_historical_baseline,560214,16162L,,-54,0.0,,United Kingdom,INVALID_OR_ZERO_UNIT_PRICE,2026-09-07T10:20:38.157074
full_historical_baseline,560215,16162M,,-84,0.0,,United Kingdom,INVALID_OR_ZERO_UNIT_PRICE,2026-09-07T10:20:38.157074
full_historical_baseline,560216,16162L,,30,0.0,,United Kingdom,INVALID_OR_ZERO_UNIT_PRICE,2026-09-07T10:20:38.157074
full_historical_baseline,560218,16162M,alan hodge cant mamage this section,30,0.0,,United Kingdom,INVALID_OR_ZERO_UNIT_PRICE,2026-09-07T10:20:38.157074
full_historical_baseline,560283,22624,IVORY KITCHEN SCALES,12,0.0,,EIRE,INVALID_OR_ZERO_UNIT_PRICE,2026-09-07T10:20:38.157074
full_historical_baseline,560283,23196,VINTAGE LEAF MAGNETIC NOTEPAD,12,0.0,,EIRE,INVALID_OR_ZERO_UNIT_PRICE,2026-09-07T10:20:38.157074
full_historical_baseline,560328,35968,Found,63,0.0,,United Kingdom,INVALID_OR_ZERO_UNIT_PRICE,2026-09-07T10:20:38.157074
full_historical_baseline,560329,35965,found,6,0.0,,United Kingdom,INVALID_OR_ZERO_UNIT_PRICE,2026-09-07T10:20:38.157074
full_historical_baseline,560358,35965,dotcom,26,0.0,,United Kingdom,INVALID_OR_ZERO_UNIT_PRICE,2026-09-07T10:20:38.157074
full_historical_baseline,560388,21635,,1,0.0,,United Kingdom,INVALID_OR_ZERO_UNIT_PRICE,2026-09-07T10:20:38.157074
full_historical_baseline,560389,37444A,,1,0.0,,United Kingdom,INVALID_OR_ZERO_UNIT_PRICE,2026-09-07T10:20:38.157074
full_historical_baseline,560399,82583,,17,0.0,,United Kingdom,INVALID_OR_ZERO_UNIT_PRICE,2026-09-07T10:20:38.157074
full_historical_baseline,560400,21069,,6,0.0,,United Kingdom,INVALID_OR_ZERO_UNIT_PRICE,2026-09-07T10:20:38.157074
full_historical_baseline,560401,84925F,,15,0.0,,United Kingdom,INVALID_OR_ZERO_UNIT_PRICE,2026-09-07T10:20:38.157074
full_historical_baseline,560402,21067,,2,0.0,,United Kingdom,INVALID_OR_ZERO_UNIT_PRICE,2026-09-07T10:20:38.157074
full_historical_baseline,560403,21272,,17,0.0,,United Kingdom,INVALID_OR_ZERO_UNIT_PRICE,2026-09-07T10:20:38.157074
full_historical_baseline,560404,21472,,1,0.0,,United Kingdom,INVALID_OR_ZERO_UNIT_PRICE,2026-09-07T10:20:38.157074
full_historical_baseline,560405,22080,,1,0.0,,United Kingdom,INVALID_OR_ZERO_UNIT_PRICE,2026-09-07T10:20:38.157074
full_historical_baseline,560406,22088,,1,0.0,,United Kingdom,INVALID_OR_ZERO_UNIT_PRICE,2026-09-07T10:20:38.157074
full_historical_baseline,560407,35653,,9,0.0,,United Kingdom,INVALID_OR_ZERO_UNIT_PRICE,2026-09-07T10:20:38.157074
full_historical_baseline,560423,16169K,,-25,0.0,,United Kingdom,INVALID_OR_ZERO_UNIT_PRICE,2026-09-07T10:20:38.157074
full_historical_baseline,560424,21503,,-84,0.0,,United Kingdom,INVALID_OR_ZERO_UNIT_PRICE,2026-09-07T10:20:38.157074
full_historical_baseline,560425,81950B,,-23,0.0,,United Kingdom,INVALID_OR_ZERO_UNIT_PRICE,2026-09-07T10:20:38.157074
full_historical_baseline,560427,84629,,-2,0.0,,United Kingdom,INVALID_OR_ZERO_UNIT_PRICE,2026-09-07T10:20:38.157074
full_historical_baseline,560428,21634,,-169,0.0,,United Kingdom,INVALID_OR_ZERO_UNIT_PRICE,2026-09-07T10:20:38.157074
full_historical_baseline,560429,85086A,,6,0.0,,United Kingdom,INVALID_OR_ZERO_UNIT_PRICE,2026-09-07T10:20:38.157074
full_historical_baseline,560440,84029E,,-1,0.0,,United Kingdom,INVALID_OR_ZERO_UNIT_PRICE,2026-09-07T10:20:38.157074
full_historical_baseline,560565,82583,FBA,160,0.0,,United Kingdom,INVALID_OR_ZERO_UNIT_PRICE,2026-09-07T10:20:38.157074
full_historical_baseline,560578,22034,,12,0.0,,United Kingdom,INVALID_OR_ZERO_UNIT_PRICE,2026-09-07T10:20:38.157074
full_historical_baseline,560583,17096,,-7,0.0,,United Kingdom,INVALID_OR_ZERO_UNIT_PRICE,2026-09-07T10:20:38.157074
full_historical_baseline,560600,18007,,-2834,0.0,,United Kingdom,INVALID_OR_ZERO_UNIT_PRICE,2026-09-07T10:20:38.157074
full_historical_baseline,560717,84576,damaged,-3,0.0,,United Kingdom,INVALID_OR_ZERO_UNIT_PRICE,2026-09-07T10:20:38.157074
full_historical_baseline,560719,84877A,,-21,0.0,,United Kingdom,INVALID_OR_ZERO_UNIT_PRICE,2026-09-07T10:20:38.157074
full_historical_baseline,560722,16049,,-31,0.0,,United Kingdom,INVALID_OR_ZERO_UNIT_PRICE,2026-09-07T10:20:38.157074
full_historical_baseline,560730,84797B,,-2,0.0,,United Kingdom,INVALID_OR_ZERO_UNIT_PRICE,2026-09-07T10:20:38.157074
full_historical_baseline,560737,84798B,,-109,0.0,,United Kingdom,INVALID_OR_ZERO_UNIT_PRICE,2026-09-07T10:20:38.157074
full_historical_baseline,560819,21686,,2,0.0,,United Kingdom,INVALID_OR_ZERO_UNIT_PRICE,2026-09-07T10:20:38.157074
full_historical_baseline,560830,81953B,,-6,0.0,,United Kingdom,INVALID_OR_ZERO_UNIT_PRICE,2026-09-07T10:20:38.157074
full_historical_baseline,560831,81950V,,-1,0.0,,United Kingdom,INVALID_OR_ZERO_UNIT_PRICE,2026-09-07T10:20:38.157074
full_historical_baseline,560857,35819P,,108,0.0,,United Kingdom,INVALID_OR_ZERO_UNIT_PRICE,2026-09-07T10:20:38.157074
full_historical_baseline,560867,21891,,-21,0.0,,United Kingdom,INVALID_OR_ZERO_UNIT_PRICE,2026-09-07T10:20:38.157074
full_historical_baseline,560889,84789,,1,0.0,,United Kingdom,INVALID_OR_ZERO_UNIT_PRICE,2026-09-07T10:20:38.157074
full_historical_baseline,560890,84402B,,1,0.0,,United Kingdom,INVALID_OR_ZERO_UNIT_PRICE,2026-09-07T10:20:38.157074
full_historical_baseline,560923,22777,,-14,0.0,,United Kingdom,INVALID_OR_ZERO_UNIT_PRICE,2026-09-07T10:20:38.157074
full_historical_baseline,560939,84907,,-3,0.0,,United Kingdom,INVALID_OR_ZERO_UNIT_PRICE,2026-09-07T10:20:38.157074
full_historical_baseline,560940,72127,,-53,0.0,,United Kingdom,INVALID_OR_ZERO_UNIT_PRICE,2026-09-07T10:20:38.157074
full_historical_baseline,560941,85230E,,-178,0.0,,United Kingdom,INVALID_OR_ZERO_UNIT_PRICE,2026-09-07T10:20:38.157074
full_historical_baseline,560986,23084,,24,0.0,,United Kingdom,INVALID_OR_ZERO_UNIT_PRICE,2026-09-07T10:20:38.157074
full_historical_baseline,561086,15036,,-530,0.0,,United Kingdom,INVALID_OR_ZERO_UNIT_PRICE,2026-09-07T10:20:38.157074
full_historical_baseline,561103,85103,stock creditted wrongly,-32,0.0,,United Kingdom,INVALID_OR_ZERO_UNIT_PRICE,2026-09-07T10:20:38.157074
full_historical_baseline,561107,84763,,-5,0.0,,United Kingdom,INVALID_OR_ZERO_UNIT_PRICE,2026-09-07T10:20:38.157074
full_historical_baseline,561108,46775D,,-7,0.0,,United Kingdom,INVALID_OR_ZERO_UNIT_PRICE,2026-09-07T10:20:38.157074
full_historical_baseline,561110,85087,,-16,0.0,,United Kingdom,INVALID_OR_ZERO_UNIT_PRICE,2026-09-07T10:20:38.157074
full_historical_baseline,561249,DCGS0073,ebay,-4,0.0,,United Kingdom,INVALID_OR_ZERO_UNIT_PRICE,2026-09-07T10:20:38.157074
full_historical_baseline,561250,DCGS0071,,-2,0.0,,United Kingdom,INVALID_OR_ZERO_UNIT_PRICE,2026-09-07T10:20:38.157074
full_historical_baseline,561251,DCGS0070,,-8,0.0,,United Kingdom,INVALID_OR_ZERO_UNIT_PRICE,2026-09-07T10:20:38.157074
full_historical_baseline,561252,DCGS0069,ebay,-5,0.0,,United Kingdom,INVALID_OR_ZERO_UNIT_PRICE,2026-09-07T10:20:38.157074
full_historical_baseline,561253,DCGS0068,ebay,-10,0.0,,United Kingdom,INVALID_OR_ZERO_UNIT_PRICE,2026-09-07T10:20:38.157074
full_historical_baseline,561254,DCGS0067,ebay,-11,0.0,,United Kingdom,INVALID_OR_ZERO_UNIT_PRICE,2026-09-07T10:20:38.157074
full_historical_baseline,561255,DCGS0066P,,-3,0.0,,United Kingdom,INVALID_OR_ZERO_UNIT_PRICE,2026-09-07T10:20:38.157074
full_historical_baseline,561256,DCGS0003,ebay,-7,0.0,,United Kingdom,INVALID_OR_ZERO_UNIT_PRICE,2026-09-07T10:20:38.157074
full_historical_baseline,561271,10080,,170,0.0,,United Kingdom,INVALID_OR_ZERO_UNIT_PRICE,2026-09-07T10:20:38.157074
full_historical_baseline,561282,21868,,13,0.0,,United Kingdom,INVALID_OR_ZERO_UNIT_PRICE,2026-09-07T10:20:38.157074
full_historical_baseline,561284,22167, OVAL WALL MIRROR DIAMANTE ,1,0.0,16818.0,United Kingdom,INVALID_OR_ZERO_UNIT_PRICE,2026-09-07T10:20:38.157074
full_historical_baseline,561323,81952B,,11,0.0,,United Kingdom,INVALID_OR_ZERO_UNIT_PRICE,2026-09-07T10:20:38.157074
full_historical_baseline,561326,21294,damaged,-227,0.0,,United Kingdom,INVALID_OR_ZERO_UNIT_PRICE,2026-09-07T10:20:38.157074
full_historical_baseline,561327,85213,,36,0.0,,United Kingdom,INVALID_OR_ZERO_UNIT_PRICE,2026-09-07T10:20:38.157074
full_historical_baseline,561354,21792,,-8,0.0,,United Kingdom,INVALID_OR_ZERO_UNIT_PRICE,2026-09-07T10:20:38.157074
full_historical_baseline,561361,21294,,100,0.0,,United Kingdom,INVALID_OR_ZERO_UNIT_PRICE,2026-09-07T10:20:38.157074
full_historical_baseline,561362,84415A,,-11,0.0,,United Kingdom,INVALID_OR_ZERO_UNIT_PRICE,2026-09-07T10:20:38.157074
full_historical_baseline,561364,84415B,,-4,0.0,,United Kingdom,INVALID_OR_ZERO_UNIT_PRICE,2026-09-07T10:20:38.157074
full_historical_baseline,561365,84595E,,10,0.0,,United Kingdom,INVALID_OR_ZERO_UNIT_PRICE,2026-09-07T10:20:38.157074
full_historical_baseline,561392,79161A,,15,0.0,,United Kingdom,INVALID_OR_ZERO_UNIT_PRICE,2026-09-07T10:20:38.157074
full_historical_baseline,561475,84584,,-3,0.0,,United Kingdom,INVALID_OR_ZERO_UNIT_PRICE,2026-09-07T10:20:38.157074
full_historical_baseline,561476,21839,,-36,0.0,,United Kingdom,INVALID_OR_ZERO_UNIT_PRICE,2026-09-07T10:20:38.157074
full_historical_baseline,561477,40046A,,20,0.0,,United Kingdom,INVALID_OR_ZERO_UNIT_PRICE,2026-09-07T10:20:38.157074
full_historical_baseline,561478,20954,,-2,0.0,,United Kingdom,INVALID_OR_ZERO_UNIT_PRICE,2026-09-07T10:20:38.157074
full_historical_baseline,561479,21594,,-1,0.0,,United Kingdom,INVALID_OR_ZERO_UNIT_PRICE,2026-09-07T10:20:38.157074
full_historical_baseline,561480,21858,,-12,0.0,,United Kingdom,INVALID_OR_ZERO_UNIT_PRICE,2026-09-07T10:20:38.157074
full_historical_baseline,561481,20684,,-27,0.0,,United Kingdom,INVALID_OR_ZERO_UNIT_PRICE,2026-09-07T10:20:38.157074
full_historical_baseline,561482,21432,,-2,0.0,,United Kingdom,INVALID_OR_ZERO_UNIT_PRICE,2026-09-07T10:20:38.157074
full_historical_baseline,561483,77079,,4,0.0,,United Kingdom,INVALID_OR_ZERO_UNIT_PRICE,2026-09-07T10:20:38.157074
full_historical_baseline,561484,77081,,-39,0.0,,United Kingdom,INVALID_OR_ZERO_UNIT_PRICE,2026-09-07T10:20:38.157074
full_historical_baseline,561486,21765,,-2,0.0,,United Kingdom,INVALID_OR_ZERO_UNIT_PRICE,2026-09-07T10:20:38.157074
full_historical_baseline,561487,22168,,-1,0.0,,United Kingdom,INVALID_OR_ZERO_UNIT_PRICE,2026-09-07T10:20:38.157074
full_historical_baseline,561489,84905,,-2,0.0,,United Kingdom,INVALID_OR_ZERO_UNIT_PRICE,2026-09-07T10:20:38.157074
full_historical_baseline,561490,21275,,3,0.0,,United Kingdom,INVALID_OR_ZERO_UNIT_PRICE,2026-09-07T10:20:38.157074
full_historical_baseline,561491,21781,,-2,0.0,,United Kingdom,INVALID_OR_ZERO_UNIT_PRICE,2026-09-07T10:20:38.157074
full_historical_baseline,561492,22528,,-1,0.0,,United Kingdom,INVALID_OR_ZERO_UNIT_PRICE,2026-09-07T10:20:38.157074
full_historical_baseline,561493,84761,,-11,0.0,,United Kingdom,INVALID_OR_ZERO_UNIT_PRICE,2026-09-07T10:20:38.157074
full_historical_baseline,561494,18097A,,-23,0.0,,United Kingdom,INVALID_OR_ZERO_UNIT_PRICE,2026-09-07T10:20:38.157074
full_historical_baseline,561495,79336,,36,0.0,,United Kingdom,INVALID_OR_ZERO_UNIT_PRICE,2026-09-07T10:20:38.157074
full_historical_baseline,561496,17090D,,-10,0.0,,United Kingdom,INVALID_OR_ZERO_UNIT_PRICE,2026-09-07T10:20:38.157074
full_historical_baseline,561497,21609,,38,0.0,,United Kingdom,INVALID_OR_ZERO_UNIT_PRICE,2026-09-07T10:20:38.157074
full_historical_baseline,561498,21610,,-14,0.0,,United Kingdom,INVALID_OR_ZERO_UNIT_PRICE,2026-09-07T10:20:38.157074
full_historical_baseline,561499,72709,,52,0.0,,United Kingdom,INVALID_OR_ZERO_UNIT_PRICE,2026-09-07T10:20:38.157074
full_historical_baseline,561500,85040B,,-1,0.0,,United Kingdom,INVALID_OR_ZERO_UNIT_PRICE,2026-09-07T10:20:38.157074
full_historical_baseline,561501,21278,,-1,0.0,,United Kingdom,INVALID_OR_ZERO_UNIT_PRICE,2026-09-07T10:20:38.157074
full_historical_baseline,561503,22194,,-4,0.0,,United Kingdom,INVALID_OR_ZERO_UNIT_PRICE,2026-09-07T10:20:38.157074
full_historical_baseline,561504,21361,,-7,0.0,,United Kingdom,INVALID_OR_ZERO_UNIT_PRICE,2026-09-07T10:20:38.157074
full_historical_baseline,561505,84925D,,-12,0.0,,United Kingdom,INVALID_OR_ZERO_UNIT_PRICE,2026-09-07T10:20:38.157074
full_historical_baseline,561506,72051S,,-1,0.0,,United Kingdom,INVALID_OR_ZERO_UNIT_PRICE,2026-09-07T10:20:38.157074
full_historical_baseline,561523,20973,,-45,0.0,,United Kingdom,INVALID_OR_ZERO_UNIT_PRICE,2026-09-07T10:20:38.157074
full_historical_baseline,561524,16020C,,-2,0.0,,United Kingdom,INVALID_OR_ZERO_UNIT_PRICE,2026-09-07T10:20:38.157074
full_historical_baseline,561525,84466,,-1,0.0,,United Kingdom,INVALID_OR_ZERO_UNIT_PRICE,2026-09-07T10:20:38.157074
full_historical_baseline,561526,21051,,-2,0.0,,United Kingdom,INVALID_OR_ZERO_UNIT_PRICE,2026-09-07T10:20:38.157074
full_historical_baseline,561527,20666,,-5,0.0,,United Kingdom,INVALID_OR_ZERO_UNIT_PRICE,2026-09-07T10:20:38.157074
full_historical_baseline,561536,84927E,,-2,0.0,,United Kingdom,INVALID_OR_ZERO_UNIT_PRICE,2026-09-07T10:20:38.157074
full_historical_baseline,561538,84927D,,-1,0.0,,United Kingdom,INVALID_OR_ZERO_UNIT_PRICE,2026-09-07T10:20:38.157074
full_historical_baseline,561539,79026B,,-1,0.0,,United Kingdom,INVALID_OR_ZERO_UNIT_PRICE,2026-09-07T10:20:38.157074
full_historical_baseline,561540,84279B,,-1,0.0,,United Kingdom,INVALID_OR_ZERO_UNIT_PRICE,2026-09-07T10:20:38.157074
full_historical_baseline,561541,21658,,-1,0.0,,United Kingdom,INVALID_OR_ZERO_UNIT_PRICE,2026-09-07T10:20:38.157074
full_historical_baseline,561543,22202,,-1,0.0,,United Kingdom,INVALID_OR_ZERO_UNIT_PRICE,2026-09-07T10:20:38.157074
full_historical_baseline,561553,21392,,-29,0.0,,United Kingdom,INVALID_OR_ZERO_UNIT_PRICE,2026-09-07T10:20:38.157074
full_historical_baseline,561555,37477B,,-11,0.0,,United Kingdom,INVALID_OR_ZERO_UNIT_PRICE,2026-09-07T10:20:38.157074
full_historical_baseline,561557,37477C,,-31,0.0,,United Kingdom,INVALID_OR_ZERO_UNIT_PRICE,2026-09-07T10:20:38.157074
full_historical_baseline,561565,35965,,18,0.0,,United Kingdom,INVALID_OR_ZERO_UNIT_PRICE,2026-09-07T10:20:38.157074
full_historical_baseline,561609,47589,,-1,0.0,,United Kingdom,INVALID_OR_ZERO_UNIT_PRICE,2026-09-07T10:20:38.157074
full_historical_baseline,561639,84799,,-346,0.0,,United Kingdom,INVALID_OR_ZERO_UNIT_PRICE,2026-09-07T10:20:38.157074
full_historical_baseline,561640,84802B,,-125,0.0,,United Kingdom,INVALID_OR_ZERO_UNIT_PRICE,2026-09-07T10:20:38.157074
full_historical_baseline,561652,84847,,2,0.0,,United Kingdom,INVALID_OR_ZERO_UNIT_PRICE,2026-09-07T10:20:38.157074
full_historical_baseline,561660,22502,,1,0.0,,United Kingdom,INVALID_OR_ZERO_UNIT_PRICE,2026-09-07T10:20:38.157074
full_historical_baseline,561663,22501,incorrectly put back into stock,-108,0.0,,United Kingdom,INVALID_OR_ZERO_UNIT_PRICE,2026-09-07T10:20:38.157074
full_historical_baseline,561665,22171,?,142,0.0,,United Kingdom,INVALID_OR_ZERO_UNIT_PRICE,2026-09-07T10:20:38.157074
full_historical_baseline,561666,22502,,30,0.0,,United Kingdom,INVALID_OR_ZERO_UNIT_PRICE,2026-09-07T10:20:38.157074
full_historical_baseline,561668,44091A,,-2,0.0,,United Kingdom,INVALID_OR_ZERO_UNIT_PRICE,2026-09-07T10:20:38.157074
full_historical_baseline,561669,22960,JAM MAKING SET WITH JARS,11,0.0,12507.0,Spain,INVALID_OR_ZERO_UNIT_PRICE,2026-09-07T10:20:38.157074
full_historical_baseline,561673,23134,,107,0.0,,United Kingdom,INVALID_OR_ZERO_UNIT_PRICE,2026-09-07T10:20:38.157074
full_historical_baseline,561674,21445,,1,0.0,,United Kingdom,INVALID_OR_ZERO_UNIT_PRICE,2026-09-07T10:20:38.157074
full_historical_baseline,561805,23284,,-15,0.0,,United Kingdom,INVALID_OR_ZERO_UNIT_PRICE,2026-09-07T10:20:38.157074
full_historical_baseline,561812,84944,,8,0.0,,United Kingdom,INVALID_OR_ZERO_UNIT_PRICE,2026-09-07T10:20:38.157074
full_historical_baseline,561916,M,Manual,1,0.0,15581.0,United Kingdom,INVALID_OR_ZERO_UNIT_PRICE,2026-09-07T10:20:38.157074
full_historical_baseline,561918,85127,,-6,0.0,,United Kingdom,INVALID_OR_ZERO_UNIT_PRICE,2026-09-07T10:20:38.157074
full_historical_baseline,561919,85017B,,-188,0.0,,United Kingdom,INVALID_OR_ZERO_UNIT_PRICE,2026-09-07T10:20:38.157074
full_historical_baseline,561920,84352,Damages/samples,-52,0.0,,United Kingdom,INVALID_OR_ZERO_UNIT_PRICE,2026-09-07T10:20:38.157074
full_historical_baseline,561921,22044,,-240,0.0,,United Kingdom,INVALID_OR_ZERO_UNIT_PRICE,2026-09-07T10:20:38.157074
full_historical_baseline,561924,22042,,-197,0.0,,United Kingdom,INVALID_OR_ZERO_UNIT_PRICE,2026-09-07T10:20:38.157074
full_historical_baseline,561927,22740,?,-1060,0.0,,United Kingdom,INVALID_OR_ZERO_UNIT_PRICE,2026-09-07T10:20:38.157074
full_historical_baseline,562134,22722,,1,0.0,,United Kingdom,INVALID_OR_ZERO_UNIT_PRICE,2026-09-07T10:20:38.157074
full_historical_baseline,562135,84847,,1,0.0,,United Kingdom,INVALID_OR_ZERO_UNIT_PRICE,2026-09-07T10:20:38.157074
full_historical_baseline,562164,21257,?,-94,0.0,,United Kingdom,INVALID_OR_ZERO_UNIT_PRICE,2026-09-07T10:20:38.157074
full_historical_baseline,562212,21187,,-97,0.0,,United Kingdom,INVALID_OR_ZERO_UNIT_PRICE,2026-09-07T10:20:38.157074
full_historical_baseline,562215,21147,,100,0.0,,United Kingdom,INVALID_OR_ZERO_UNIT_PRICE,2026-09-07T10:20:38.157074
full_historical_baseline,562278,21391,Sold as 1 on dotcom,-342,0.0,,United Kingdom,INVALID_OR_ZERO_UNIT_PRICE,2026-09-07T10:20:38.157074
full_historical_baseline,562279,21391,,-26,0.0,,United Kingdom,INVALID_OR_ZERO_UNIT_PRICE,2026-09-07T10:20:38.157074
full_historical_baseline,562352,21735,damages,-59,0.0,,United Kingdom,INVALID_OR_ZERO_UNIT_PRICE,2026-09-07T10:20:38.157074
full_historical_baseline,562382,22927,?,-40,0.0,,United Kingdom,INVALID_OR_ZERO_UNIT_PRICE,2026-09-07T10:20:38.157074
full_historical_baseline,562383,22523,?,-90,0.0,,United Kingdom,INVALID_OR_ZERO_UNIT_PRICE,2026-09-07T10:20:38.157074
full_historical_baseline,562384,23175,,-44,0.0,,United Kingdom,INVALID_OR_ZERO_UNIT_PRICE,2026-09-07T10:20:38.157074
full_historical_baseline,562385,47559B,,-84,0.0,,United Kingdom,INVALID_OR_ZERO_UNIT_PRICE,2026-09-07T10:20:38.157074
full_historical_baseline,562386,84596L,,-21,0.0,,United Kingdom,INVALID_OR_ZERO_UNIT_PRICE,2026-09-07T10:20:38.157074
full_historical_baseline,562390,21246,,-92,0.0,,United Kingdom,INVALID_OR_ZERO_UNIT_PRICE,2026-09-07T10:20:38.157074
full_historical_baseline,562391,22854,,-40,0.0,,United Kingdom,INVALID_OR_ZERO_UNIT_PRICE,2026-09-07T10:20:38.157074
full_historical_baseline,562463,85152,,-6,0.0,,United Kingdom,INVALID_OR_ZERO_UNIT_PRICE,2026-09-07T10:20:38.157074
full_historical_baseline,562464,20701,,-24,0.0,,United Kingdom,INVALID_OR_ZERO_UNIT_PRICE,2026-09-07T10:20:38.157074
full_historical_baseline,562544,84920,,-9,0.0,,United Kingdom,INVALID_OR_ZERO_UNIT_PRICE,2026-09-07T10:20:38.157074
full_historical_baseline,562546,20694,?,-110,0.0,,United Kingdom,INVALID_OR_ZERO_UNIT_PRICE,2026-09-07T10:20:38.157074
full_historical_baseline,562547,21918,,-343,0.0,,United Kingdom,INVALID_OR_ZERO_UNIT_PRICE,2026-09-07T10:20:38.157074
full_historical_baseline,562548,23084,,-84,0.0,,United Kingdom,INVALID_OR_ZERO_UNIT_PRICE,2026-09-07T10:20:38.157074
full_historical_baseline,562653,21359,,-30,0.0,,United Kingdom,INVALID_OR_ZERO_UNIT_PRICE,2026-09-07T10:20:38.157074
full_historical_baseline,562714,22501,,64,0.0,,United Kingdom,INVALID_OR_ZERO_UNIT_PRICE,2026-09-07T10:20:38.157074
full_historical_baseline,562785,21033,,-455,0.0,,United Kingdom,INVALID_OR_ZERO_UNIT_PRICE,2026-09-07T10:20:38.157074
full_historical_baseline,562855,84800M,,-124,0.0,,United Kingdom,INVALID_OR_ZERO_UNIT_PRICE,2026-09-07T10:20:38.157074
full_historical_baseline,562945,79000,,425,0.0,,United Kingdom,INVALID_OR_ZERO_UNIT_PRICE,2026-09-07T10:20:38.157074
full_historical_baseline,562973,23157,SET OF 6 NATIVITY MAGNETS ,240,0.0,14911.0,EIRE,INVALID_OR_ZERO_UNIT_PRICE,2026-09-07T10:20:38.157074
full_historical_baseline,563015,46000M,POLYESTER FILLER PAD 45x45cm,160,0.0,,United Kingdom,INVALID_OR_ZERO_UNIT_PRICE,2026-09-07T10:20:38.157074
full_historical_baseline,563015,46000S,POLYESTER FILLER PAD 40x40cm,220,0.0,,United Kingdom,INVALID_OR_ZERO_UNIT_PRICE,2026-09-07T10:20:38.157074
full_historical_baseline,563101,22084,,1,0.0,,United Kingdom,INVALID_OR_ZERO_UNIT_PRICE,2026-09-07T10:20:38.157074
full_historical_baseline,563102,21359,,1,0.0,,United Kingdom,INVALID_OR_ZERO_UNIT_PRICE,2026-09-07T10:20:38.157074
full_historical_baseline,563105,22194,,2,0.0,,United Kingdom,INVALID_OR_ZERO_UNIT_PRICE,2026-09-07T10:20:38.157074
full_historical_baseline,563106,21658,,3,0.0,,United Kingdom,INVALID_OR_ZERO_UNIT_PRICE,2026-09-07T10:20:38.157074
full_historical_baseline,563108,21033,,37,0.0,,United Kingdom,INVALID_OR_ZERO_UNIT_PRICE,2026-09-07T10:20:38.157074
full_historical_baseline,563148,21033,,-37,0.0,,United Kingdom,INVALID_OR_ZERO_UNIT_PRICE,2026-09-07T10:20:38.157074
full_historical_baseline,A563186,B,Adjust bad debt,1,-11062.06,,United Kingdom,INVALID_OR_ZERO_UNIT_PRICE,2026-09-07T10:20:38.157074
full_historical_baseline,A563187,B,Adjust bad debt,1,-11062.06,,United Kingdom,INVALID_OR_ZERO_UNIT_PRICE,2026-09-07T10:20:38.157074
full_historical_baseline,563244,22740,,-36,0.0,,United Kingdom,INVALID_OR_ZERO_UNIT_PRICE,2026-09-07T10:20:38.157074
full_historical_baseline,563359,23084,,20,0.0,,United Kingdom,INVALID_OR_ZERO_UNIT_PRICE,2026-09-07T10:20:38.157074
full_historical_baseline,563445,85049D,,1,0.0,,United Kingdom,INVALID_OR_ZERO_UNIT_PRICE,2026-09-07T10:20:38.157074
full_historical_baseline,563447,21033,,50,0.0,,United Kingdom,INVALID_OR_ZERO_UNIT_PRICE,2026-09-07T10:20:38.157074
full_historical_baseline,563449,85152,,2,0.0,,United Kingdom,INVALID_OR_ZERO_UNIT_PRICE,2026-09-07T10:20:38.157074
full_historical_baseline,563452,21033,,12,0.0,,United Kingdom,INVALID_OR_ZERO_UNIT_PRICE,2026-09-07T10:20:38.157074
full_historical_baseline,563453,21033,taig adjust no stock,-24,0.0,,United Kingdom,INVALID_OR_ZERO_UNIT_PRICE,2026-09-07T10:20:38.157074
full_historical_baseline,563568,20774,,12,0.0,,United Kingdom,INVALID_OR_ZERO_UNIT_PRICE,2026-09-07T10:20:38.157074
full_historical_baseline,563650,79163,,-156,0.0,,United Kingdom,INVALID_OR_ZERO_UNIT_PRICE,2026-09-07T10:20:38.157074
full_historical_baseline,563652,22461,,-36,0.0,,United Kingdom,INVALID_OR_ZERO_UNIT_PRICE,2026-09-07T10:20:38.157074
full_historical_baseline,563700,85106,,-553,0.0,,United Kingdom,INVALID_OR_ZERO_UNIT_PRICE,2026-09-07T10:20:38.157074
full_historical_baseline,563701,85106,,20,0.0,,United Kingdom,INVALID_OR_ZERO_UNIT_PRICE,2026-09-07T10:20:38.157074
full_historical_baseline,563702,85107,,65,0.0,,United Kingdom,INVALID_OR_ZERO_UNIT_PRICE,2026-09-07T10:20:38.157074
full_historical_baseline,563704,37342,,-66,0.0,,United Kingdom,INVALID_OR_ZERO_UNIT_PRICE,2026-09-07T10:20:38.157074
full_historical_baseline,563715,90120D,,-18,0.0,,United Kingdom,INVALID_OR_ZERO_UNIT_PRICE,2026-09-07T10:20:38.157074
full_historical_baseline,564220,20684,,1,0.0,,United Kingdom,INVALID_OR_ZERO_UNIT_PRICE,2026-09-07T10:20:38.157074
full_historical_baseline,564229,82583,amazon,20,0.0,,United Kingdom,INVALID_OR_ZERO_UNIT_PRICE,2026-09-07T10:20:38.157074
full_historical_baseline,564530,22683,FRENCH BLUE METAL DOOR SIGN 8,3,0.0,,United Kingdom,INVALID_OR_ZERO_UNIT_PRICE,2026-09-07T10:20:38.157074
full_historical_baseline,564530,22682,FRENCH BLUE METAL DOOR SIGN 7,1,0.0,,United Kingdom,INVALID_OR_ZERO_UNIT_PRICE,2026-09-07T10:20:38.157074
full_historical_baseline,564530,22681,FRENCH BLUE METAL DOOR SIGN 6,3,0.0,,United Kingdom,INVALID_OR_ZERO_UNIT_PRICE,2026-09-07T10:20:38.157074
full_historical_baseline,564530,22680,FRENCH BLUE METAL DOOR SIGN 5,1,0.0,,United Kingdom,INVALID_OR_ZERO_UNIT_PRICE,2026-09-07T10:20:38.157074
full_historical_baseline,564530,22679,FRENCH BLUE METAL DOOR SIGN 4,3,0.0,,United Kingdom,INVALID_OR_ZERO_UNIT_PRICE,2026-09-07T10:20:38.157074
full_historical_baseline,564530,22678,FRENCH BLUE METAL DOOR SIGN 3,3,0.0,,United Kingdom,INVALID_OR_ZERO_UNIT_PRICE,2026-09-07T10:20:38.157074
full_historical_baseline,564530,22677,FRENCH BLUE METAL DOOR SIGN 2,4,0.0,,United Kingdom,INVALID_OR_ZERO_UNIT_PRICE,2026-09-07T10:20:38.157074
full_historical_baseline,564530,21172,PARTY METAL SIGN ,1,0.0,,United Kingdom,INVALID_OR_ZERO_UNIT_PRICE,2026-09-07T10:20:38.157074
full_historical_baseline,564530,21116,OWL DOORSTOP,1,0.0,,United Kingdom,INVALID_OR_ZERO_UNIT_PRICE,2026-09-07T10:20:38.157074
full_historical_baseline,564530,20682,RED RETROSPOT CHILDRENS UMBRELLA,1,0.0,,United Kingdom,INVALID_OR_ZERO_UNIT_PRICE,2026-09-07T10:20:38.157074
full_historical_baseline,564530,85123A,WHITE HANGING HEART T-LIGHT HOLDER,1,0.0,,United Kingdom,INVALID_OR_ZERO_UNIT_PRICE,2026-09-07T10:20:38.157074
full_historical_baseline,564530,22692,DOORMAT WELCOME TO OUR HOME,1,0.0,,United Kingdom,INVALID_OR_ZERO_UNIT_PRICE,2026-09-07T10:20:38.157074
full_historical_baseline,564530,22686,FRENCH BLUE METAL DOOR SIGN No,2,0.0,,United Kingdom,INVALID_OR_ZERO_UNIT_PRICE,2026-09-07T10:20:38.157074
full_historical_baseline,564530,22627,MINT KITCHEN SCALES,3,0.0,,United Kingdom,INVALID_OR_ZERO_UNIT_PRICE,2026-09-07T10:20:38.157074
full_historical_baseline,564530,22427,ENAMEL FLOWER JUG CREAM,1,0.0,,United Kingdom,INVALID_OR_ZERO_UNIT_PRICE,2026-09-07T10:20:38.157074
full_historical_baseline,564530,22366,DOORMAT AIRMAIL ,1,0.0,,United Kingdom,INVALID_OR_ZERO_UNIT_PRICE,2026-09-07T10:20:38.157074
full_historical_baseline,564530,22365,DOORMAT RESPECTABLE HOUSE,1,0.0,,United Kingdom,INVALID_OR_ZERO_UNIT_PRICE,2026-09-07T10:20:38.157074
full_historical_baseline,564530,22362,GLASS JAR PEACOCK BATH SALTS,1,0.0,,United Kingdom,INVALID_OR_ZERO_UNIT_PRICE,2026-09-07T10:20:38.157074
full_historical_baseline,564530,22363,GLASS JAR MARMALADE ,1,0.0,,United Kingdom,INVALID_OR_ZERO_UNIT_PRICE,2026-09-07T10:20:38.157074
full_historical_baseline,564530,22359,GLASS JAR KINGS CHOICE,1,0.0,,United Kingdom,INVALID_OR_ZERO_UNIT_PRICE,2026-09-07T10:20:38.157074
full_historical_baseline,564530,22357,KINGS CHOICE BISCUIT TIN,1,0.0,,United Kingdom,INVALID_OR_ZERO_UNIT_PRICE,2026-09-07T10:20:38.157074
full_historical_baseline,564530,21899,GARAGE KEY FOB,1,0.0,,United Kingdom,INVALID_OR_ZERO_UNIT_PRICE,2026-09-07T10:20:38.157074
full_historical_baseline,564530,21900,"KEY FOB , SHED",1,0.0,,United Kingdom,INVALID_OR_ZERO_UNIT_PRICE,2026-09-07T10:20:38.157074
full_historical_baseline,564530,21901,"KEY FOB , BACK DOOR ",1,0.0,,United Kingdom,INVALID_OR_ZERO_UNIT_PRICE,2026-09-07T10:20:38.157074
full_historical_baseline,564530,21561,DINOSAUR LUNCH BOX WITH CUTLERY,1,0.0,,United Kingdom,INVALID_OR_ZERO_UNIT_PRICE,2026-09-07T10:20:38.157074
full_historical_baseline,564530,21452,TOADSTOOL MONEY BOX,1,0.0,,United Kingdom,INVALID_OR_ZERO_UNIT_PRICE,2026-09-07T10:20:38.157074
full_historical_baseline,564530,22685,FRENCH BLUE METAL DOOR SIGN 0,3,0.0,,United Kingdom,INVALID_OR_ZERO_UNIT_PRICE,2026-09-07T10:20:38.157074
full_historical_baseline,564530,22676,FRENCH BLUE METAL DOOR SIGN 1,3,0.0,,United Kingdom,INVALID_OR_ZERO_UNIT_PRICE,2026-09-07T10:20:38.157074
full_historical_baseline,564530,22684,FRENCH BLUE METAL DOOR SIGN 9,1,0.0,,United Kingdom,INVALID_OR_ZERO_UNIT_PRICE,2026-09-07T10:20:38.157074
full_historical_baseline,564533,23348,,100,0.0,,United Kingdom,INVALID_OR_ZERO_UNIT_PRICE,2026-09-07T10:20:38.157074
full_historical_baseline,564633,23084,,400,0.0,,United Kingdom,INVALID_OR_ZERO_UNIT_PRICE,2026-09-07T10:20:38.157074
full_historical_baseline,564644,82583,,5,0.0,,United Kingdom,INVALID_OR_ZERO_UNIT_PRICE,2026-09-07T10:20:38.157074
full_historical_baseline,564645,82583,amazon,44,0.0,,United Kingdom,INVALID_OR_ZERO_UNIT_PRICE,2026-09-07T10:20:38.157074
full_historical_baseline,564651,23270,SET OF 2 CERAMIC PAINTED HEARTS ,96,0.0,14646.0,Netherlands,INVALID_OR_ZERO_UNIT_PRICE,2026-09-07T10:20:38.157074
full_historical_baseline,564651,23268,SET OF 2 CERAMIC CHRISTMAS REINDEER,192,0.0,14646.0,Netherlands,INVALID_OR_ZERO_UNIT_PRICE,2026-09-07T10:20:38.157074
full_historical_baseline,564651,22955,36 FOIL STAR CAKE CASES ,144,0.0,14646.0,Netherlands,INVALID_OR_ZERO_UNIT_PRICE,2026-09-07T10:20:38.157074
full_historical_baseline,564651,21786,POLKADOT RAIN HAT ,144,0.0,14646.0,Netherlands,INVALID_OR_ZERO_UNIT_PRICE,2026-09-07T10:20:38.157074
full_historical_baseline,564667,23084,,-400,0.0,,United Kingdom,INVALID_OR_ZERO_UNIT_PRICE,2026-09-07T10:20:38.157074
full_historical_baseline,564761,gift_0001_30,,30,0.0,,United Kingdom,INVALID_OR_ZERO_UNIT_PRICE,2026-09-07T10:20:38.157074
full_historical_baseline,564762,gift_0001_10,,30,0.0,,United Kingdom,INVALID_OR_ZERO_UNIT_PRICE,2026-09-07T10:20:38.157074
full_historical_baseline,564914,85132C,damages,-109,0.0,,United Kingdom,INVALID_OR_ZERO_UNIT_PRICE,2026-09-07T10:20:38.157074
full_historical_baseline,564915,21673,,26,0.0,,United Kingdom,INVALID_OR_ZERO_UNIT_PRICE,2026-09-07T10:20:38.157074
full_historical_baseline,564916,22157,,31,0.0,,United Kingdom,INVALID_OR_ZERO_UNIT_PRICE,2026-09-07T10:20:38.157074
full_historical_baseline,564917,79000,,245,0.0,,United Kingdom,INVALID_OR_ZERO_UNIT_PRICE,2026-09-07T10:20:38.157074
full_historical_baseline,564918,16046,,21,0.0,,United Kingdom,INVALID_OR_ZERO_UNIT_PRICE,2026-09-07T10:20:38.157074
full_historical_baseline,564919,23284,,8,0.0,,United Kingdom,INVALID_OR_ZERO_UNIT_PRICE,2026-09-07T10:20:38.157074
full_historical_baseline,564920,48116,,8,0.0,,United Kingdom,INVALID_OR_ZERO_UNIT_PRICE,2026-09-07T10:20:38.157074
full_historical_baseline,564921,85214,,6,0.0,,United Kingdom,INVALID_OR_ZERO_UNIT_PRICE,2026-09-07T10:20:38.157074
full_historical_baseline,564922,22084,,5,0.0,,United Kingdom,INVALID_OR_ZERO_UNIT_PRICE,2026-09-07T10:20:38.157074
full_historical_baseline,564923,21868,,2,0.0,,United Kingdom,INVALID_OR_ZERO_UNIT_PRICE,2026-09-07T10:20:38.157074
full_historical_baseline,564924,21272,,1,0.0,,United Kingdom,INVALID_OR_ZERO_UNIT_PRICE,2026-09-07T10:20:38.157074
full_historical_baseline,564925,21662,,1,0.0,,United Kingdom,INVALID_OR_ZERO_UNIT_PRICE,2026-09-07T10:20:38.157074
full_historical_baseline,564926,22968,,9,0.0,,United Kingdom,INVALID_OR_ZERO_UNIT_PRICE,2026-09-07T10:20:38.157074
full_historical_baseline,564927,23175,,2,0.0,,United Kingdom,INVALID_OR_ZERO_UNIT_PRICE,2026-09-07T10:20:38.157074
full_historical_baseline,564928,35966,,1,0.0,,United Kingdom,INVALID_OR_ZERO_UNIT_PRICE,2026-09-07T10:20:38.157074
full_historical_baseline,564929,37501,,1,0.0,,United Kingdom,INVALID_OR_ZERO_UNIT_PRICE,2026-09-07T10:20:38.157074
full_historical_baseline,565042,85185B,,-27,0.0,,United Kingdom,INVALID_OR_ZERO_UNIT_PRICE,2026-09-07T10:20:38.157074
full_historical_baseline,565043,22171,,8,0.0,,United Kingdom,INVALID_OR_ZERO_UNIT_PRICE,2026-09-07T10:20:38.157074
full_historical_baseline,565045,21670,,-115,0.0,,United Kingdom,INVALID_OR_ZERO_UNIT_PRICE,2026-09-07T10:20:38.157074
full_historical_baseline,565046,22606,,-49,0.0,,United Kingdom,INVALID_OR_ZERO_UNIT_PRICE,2026-09-07T10:20:38.157074
full_historical_baseline,565047,21257,,7,0.0,,United Kingdom,INVALID_OR_ZERO_UNIT_PRICE,2026-09-07T10:20:38.157074
full_historical_baseline,565048,84976,,-66,0.0,,United Kingdom,INVALID_OR_ZERO_UNIT_PRICE,2026-09-07T10:20:38.157074
full_historical_baseline,565049,21907,,-77,0.0,,United Kingdom,INVALID_OR_ZERO_UNIT_PRICE,2026-09-07T10:20:38.157074
full_historical_baseline,565052,21179,,-60,0.0,,United Kingdom,INVALID_OR_ZERO_UNIT_PRICE,2026-09-07T10:20:38.157074
full_historical_baseline,565055,21172,,-10,0.0,,United Kingdom,INVALID_OR_ZERO_UNIT_PRICE,2026-09-07T10:20:38.157074
full_historical_baseline,565057,82551,,-110,0.0,,United Kingdom,INVALID_OR_ZERO_UNIT_PRICE,2026-09-07T10:20:38.157074
full_historical_baseline,565060,21165,,-46,0.0,,United Kingdom,INVALID_OR_ZERO_UNIT_PRICE,2026-09-07T10:20:38.157074
full_historical_baseline,565063,21175,,-18,0.0,,United Kingdom,INVALID_OR_ZERO_UNIT_PRICE,2026-09-07T10:20:38.157074
full_historical_baseline,565069,20665,,-49,0.0,,United Kingdom,INVALID_OR_ZERO_UNIT_PRICE,2026-09-07T10:20:38.157074
full_historical_baseline,565070,85032D,,171,0.0,,United Kingdom,INVALID_OR_ZERO_UNIT_PRICE,2026-09-07T10:20:38.157074
full_historical_baseline,565071,84754,,-242,0.0,,United Kingdom,INVALID_OR_ZERO_UNIT_PRICE,2026-09-07T10:20:38.157074
full_historical_baseline,565072,21820,,-210,0.0,,United Kingdom,INVALID_OR_ZERO_UNIT_PRICE,2026-09-07T10:20:38.157074
full_historical_baseline,565081,21067,,1,0.0,,United Kingdom,INVALID_OR_ZERO_UNIT_PRICE,2026-09-07T10:20:38.157074
full_historical_baseline,565275,90209C,,-72,0.0,,United Kingdom,INVALID_OR_ZERO_UNIT_PRICE,2026-09-07T10:20:38.157074
full_historical_baseline,565288,23135,?,101,0.0,,United Kingdom,INVALID_OR_ZERO_UNIT_PRICE,2026-09-07T10:20:38.157074
full_historical_baseline,565296,84929,code mix up? 84930,-967,0.0,,United Kingdom,INVALID_OR_ZERO_UNIT_PRICE,2026-09-07T10:20:38.157074
full_historical_baseline,565297,84877D,?,-203,0.0,,United Kingdom,INVALID_OR_ZERO_UNIT_PRICE,2026-09-07T10:20:38.157074
full_historical_baseline,565302,21682,?display?,-156,0.0,,United Kingdom,INVALID_OR_ZERO_UNIT_PRICE,2026-09-07T10:20:38.157074
full_historical_baseline,565304,16259,,-3167,0.0,,United Kingdom,INVALID_OR_ZERO_UNIT_PRICE,2026-09-07T10:20:38.157074
full_historical_baseline,565306,21830,sold as 1,-252,0.0,,United Kingdom,INVALID_OR_ZERO_UNIT_PRICE,2026-09-07T10:20:38.157074
full_historical_baseline,565307,21830,?,-443,0.0,,United Kingdom,INVALID_OR_ZERO_UNIT_PRICE,2026-09-07T10:20:38.157074
full_historical_baseline,565308,21829,sold as 1,-432,0.0,,United Kingdom,INVALID_OR_ZERO_UNIT_PRICE,2026-09-07T10:20:38.157074
full_historical_baseline,565310,21829,?missing,-1897,0.0,,United Kingdom,INVALID_OR_ZERO_UNIT_PRICE,2026-09-07T10:20:38.157074
full_historical_baseline,565314,84660C,,-21,0.0,,United Kingdom,INVALID_OR_ZERO_UNIT_PRICE,2026-09-07T10:20:38.157074
full_historical_baseline,565319,23348,,225,0.0,,United Kingdom,INVALID_OR_ZERO_UNIT_PRICE,2026-09-07T10:20:38.157074
full_historical_baseline,565368,21784,,1,0.0,,United Kingdom,INVALID_OR_ZERO_UNIT_PRICE,2026-09-07T10:20:38.157074
full_historical_baseline,565369,37342,,1,0.0,,United Kingdom,INVALID_OR_ZERO_UNIT_PRICE,2026-09-07T10:20:38.157074
full_historical_baseline,565370,82494L,crushed ctn,-33,0.0,,United Kingdom,INVALID_OR_ZERO_UNIT_PRICE,2026-09-07T10:20:38.157074
full_historical_baseline,565371,82483,crushed,-13,0.0,,United Kingdom,INVALID_OR_ZERO_UNIT_PRICE,2026-09-07T10:20:38.157074
full_historical_baseline,565376,21682,,144,0.0,,United Kingdom,INVALID_OR_ZERO_UNIT_PRICE,2026-09-07T10:20:38.157074
full_historical_baseline,565385,22435,?missing,-434,0.0,,United Kingdom,INVALID_OR_ZERO_UNIT_PRICE,2026-09-07T10:20:38.157074
full_historical_baseline,565389,47343A,,-16,0.0,,United Kingdom,INVALID_OR_ZERO_UNIT_PRICE,2026-09-07T10:20:38.157074
full_historical_baseline,565543,22502,,8,0.0,,United Kingdom,INVALID_OR_ZERO_UNIT_PRICE,2026-09-07T10:20:38.157074
full_historical_baseline,565544,84989A,,1,0.0,,United Kingdom,INVALID_OR_ZERO_UNIT_PRICE,2026-09-07T10:20:38.157074
full_historical_baseline,565545,20973,,1,0.0,,United Kingdom,INVALID_OR_ZERO_UNIT_PRICE,2026-09-07T10:20:38.157074
full_historical_baseline,565556,POST,,750,0.0,,United Kingdom,INVALID_OR_ZERO_UNIT_PRICE,2026-09-07T10:20:38.157074
full_historical_baseline,565797,47570B,,1,0.0,,United Kingdom,INVALID_OR_ZERO_UNIT_PRICE,2026-09-07T10:20:38.157074
full_historical_baseline,565798,85232D,,1,0.0,,United Kingdom,INVALID_OR_ZERO_UNIT_PRICE,2026-09-07T10:20:38.157074
full_historical_baseline,565935,23064,Crushed,-8,0.0,,United Kingdom,INVALID_OR_ZERO_UNIT_PRICE,2026-09-07T10:20:38.157074
full_historical_baseline,565938,23066,,-13,0.0,,United Kingdom,INVALID_OR_ZERO_UNIT_PRICE,2026-09-07T10:20:38.157074
full_historical_baseline,566064,22355,test,1,0.0,,United Kingdom,INVALID_OR_ZERO_UNIT_PRICE,2026-09-07T10:20:38.157074
full_historical_baseline,566065,84660C,,1,0.0,,United Kingdom,INVALID_OR_ZERO_UNIT_PRICE,2026-09-07T10:20:38.157074
full_historical_baseline,566066,15060B,,-52,0.0,,United Kingdom,INVALID_OR_ZERO_UNIT_PRICE,2026-09-07T10:20:38.157074
full_historical_baseline,566067,20686,,-95,0.0,,United Kingdom,INVALID_OR_ZERO_UNIT_PRICE,2026-09-07T10:20:38.157074
full_historical_baseline,566068,22268,,-86,0.0,,United Kingdom,INVALID_OR_ZERO_UNIT_PRICE,2026-09-07T10:20:38.157074
full_historical_baseline,566121,23306,,-682,0.0,,United Kingdom,INVALID_OR_ZERO_UNIT_PRICE,2026-09-07T10:20:38.157074
full_historical_baseline,566122,23084,temp adjustment,-484,0.0,,United Kingdom,INVALID_OR_ZERO_UNIT_PRICE,2026-09-07T10:20:38.157074
full_historical_baseline,566316,23306,,682,0.0,,United Kingdom,INVALID_OR_ZERO_UNIT_PRICE,2026-09-07T10:20:38.157074
full_historical_baseline,566323,22035,,1,0.0,,United Kingdom,INVALID_OR_ZERO_UNIT_PRICE,2026-09-07T10:20:38.157074
full_historical_baseline,566324,22035,taig adjust,1,0.0,,United Kingdom,INVALID_OR_ZERO_UNIT_PRICE,2026-09-07T10:20:38.157074
full_historical_baseline,566325,22035,taig adjust,36,0.0,,United Kingdom,INVALID_OR_ZERO_UNIT_PRICE,2026-09-07T10:20:38.157074
full_historical_baseline,566327,23084,allocate stock for dotcom orders ta,4,0.0,,United Kingdom,INVALID_OR_ZERO_UNIT_PRICE,2026-09-07T10:20:38.157074
full_historical_baseline,566449,20856,??,-140,0.0,,United Kingdom,INVALID_OR_ZERO_UNIT_PRICE,2026-09-07T10:20:38.157074
full_historical_baseline,566476,23084,add stock to allocate online orders,2,0.0,,United Kingdom,INVALID_OR_ZERO_UNIT_PRICE,2026-09-07T10:20:38.157074
full_historical_baseline,566478,23084,for online retail orders,1,0.0,,United Kingdom,INVALID_OR_ZERO_UNIT_PRICE,2026-09-07T10:20:38.157074
full_historical_baseline,566493,23284,,1,0.0,,United Kingdom,INVALID_OR_ZERO_UNIT_PRICE,2026-09-07T10:20:38.157074
full_historical_baseline,566573,22823,test,-22,0.0,,United Kingdom,INVALID_OR_ZERO_UNIT_PRICE,2026-09-07T10:20:38.157074
full_historical_baseline,566574,22823,test,22,0.0,,United Kingdom,INVALID_OR_ZERO_UNIT_PRICE,2026-09-07T10:20:38.157074
full_historical_baseline,566593,22035,,18,0.0,,United Kingdom,INVALID_OR_ZERO_UNIT_PRICE,2026-09-07T10:20:38.157074
full_historical_baseline,566615,23084,,344,0.0,,United Kingdom,INVALID_OR_ZERO_UNIT_PRICE,2026-09-07T10:20:38.157074
full_historical_baseline,566710,16207B,,-4,0.0,,United Kingdom,INVALID_OR_ZERO_UNIT_PRICE,2026-09-07T10:20:38.157074
full_historical_baseline,566711,21578,,-31,0.0,,United Kingdom,INVALID_OR_ZERO_UNIT_PRICE,2026-09-07T10:20:38.157074
full_historical_baseline,566712,22030,??,-635,0.0,,United Kingdom,INVALID_OR_ZERO_UNIT_PRICE,2026-09-07T10:20:38.157074
full_historical_baseline,566762,85232D,,143,0.0,,United Kingdom,INVALID_OR_ZERO_UNIT_PRICE,2026-09-07T10:20:38.157074
full_historical_baseline,566763,84708B,,-5,0.0,,United Kingdom,INVALID_OR_ZERO_UNIT_PRICE,2026-09-07T10:20:38.157074
full_historical_baseline,566764,23065,,-13,0.0,,United Kingdom,INVALID_OR_ZERO_UNIT_PRICE,2026-09-07T10:20:38.157074
full_historical_baseline,566765,22244,,-9,0.0,,United Kingdom,INVALID_OR_ZERO_UNIT_PRICE,2026-09-07T10:20:38.157074
full_historical_baseline,566766,21311,,-117,0.0,,United Kingdom,INVALID_OR_ZERO_UNIT_PRICE,2026-09-07T10:20:38.157074
full_historical_baseline,566767,20977,,-188,0.0,,United Kingdom,INVALID_OR_ZERO_UNIT_PRICE,2026-09-07T10:20:38.157074
full_historical_baseline,566768,16045,,-3667,0.0,,United Kingdom,INVALID_OR_ZERO_UNIT_PRICE,2026-09-07T10:20:38.157074
full_historical_baseline,566924,79163,,15,0.0,,United Kingdom,INVALID_OR_ZERO_UNIT_PRICE,2026-09-07T10:20:38.157074
full_historical_baseline,566977,48173C,,-54,0.0,,United Kingdom,INVALID_OR_ZERO_UNIT_PRICE,2026-09-07T10:20:38.157074
full_historical_baseline,566982,85049B,Amazon,1,0.0,,United Kingdom,INVALID_OR_ZERO_UNIT_PRICE,2026-09-07T10:20:38.157074
full_historical_baseline,566983,23084,Amazon,1,0.0,,United Kingdom,INVALID_OR_ZERO_UNIT_PRICE,2026-09-07T10:20:38.157074
full_historical_baseline,567056,22050,,25,0.0,,United Kingdom,INVALID_OR_ZERO_UNIT_PRICE,2026-09-07T10:20:38.157074
full_historical_baseline,567057,84725,,-8,0.0,,United Kingdom,INVALID_OR_ZERO_UNIT_PRICE,2026-09-07T10:20:38.157074
full_historical_baseline,567058,22453,,-12,0.0,,United Kingdom,INVALID_OR_ZERO_UNIT_PRICE,2026-09-07T10:20:38.157074
full_historical_baseline,567059,22452,,-63,0.0,,United Kingdom,INVALID_OR_ZERO_UNIT_PRICE,2026-09-07T10:20:38.157074
full_historical_baseline,567060,22445,,-62,0.0,,United Kingdom,INVALID_OR_ZERO_UNIT_PRICE,2026-09-07T10:20:38.157074
full_historical_baseline,567061,84877B,,-27,0.0,,United Kingdom,INVALID_OR_ZERO_UNIT_PRICE,2026-09-07T10:20:38.157074
full_historical_baseline,567063,23135,,-27,0.0,,United Kingdom,INVALID_OR_ZERO_UNIT_PRICE,2026-09-07T10:20:38.157074
full_historical_baseline,567064,23135,,27,0.0,,United Kingdom,INVALID_OR_ZERO_UNIT_PRICE,2026-09-07T10:20:38.157074
full_historical_baseline,567113,85215,Damaged,-29,0.0,,United Kingdom,INVALID_OR_ZERO_UNIT_PRICE,2026-09-07T10:20:38.157074
full_historical_baseline,567125,21246,damaged,-2,0.0,,United Kingdom,INVALID_OR_ZERO_UNIT_PRICE,2026-09-07T10:20:38.157074
full_historical_baseline,567127,85230E,Damaged,-48,0.0,,United Kingdom,INVALID_OR_ZERO_UNIT_PRICE,2026-09-07T10:20:38.157074
full_historical_baseline,567129,72127,found box,24,0.0,,United Kingdom,INVALID_OR_ZERO_UNIT_PRICE,2026-09-07T10:20:38.157074
full_historical_baseline,567131,21830,damaged,192,0.0,,United Kingdom,INVALID_OR_ZERO_UNIT_PRICE,2026-09-07T10:20:38.157074
full_historical_baseline,567132,21830,OOPS ! adjustment,-384,0.0,,United Kingdom,INVALID_OR_ZERO_UNIT_PRICE,2026-09-07T10:20:38.157074
full_historical_baseline,567133,85185B,Found in w/hse,50,0.0,,United Kingdom,INVALID_OR_ZERO_UNIT_PRICE,2026-09-07T10:20:38.157074
full_historical_baseline,567137,84929,found,600,0.0,,United Kingdom,INVALID_OR_ZERO_UNIT_PRICE,2026-09-07T10:20:38.157074
full_historical_baseline,567143,21179,damaged,-14,0.0,,United Kingdom,INVALID_OR_ZERO_UNIT_PRICE,2026-09-07T10:20:38.157074
full_historical_baseline,567149,35607B,thrown away,-9,0.0,,United Kingdom,INVALID_OR_ZERO_UNIT_PRICE,2026-09-07T10:20:38.157074
full_historical_baseline,567150,35817P,thrown away,-44,0.0,,United Kingdom,INVALID_OR_ZERO_UNIT_PRICE,2026-09-07T10:20:38.157074
full_historical_baseline,567151,35815P,,34,0.0,,United Kingdom,INVALID_OR_ZERO_UNIT_PRICE,2026-09-07T10:20:38.157074
full_historical_baseline,567152,35598C,found,3,0.0,,United Kingdom,INVALID_OR_ZERO_UNIT_PRICE,2026-09-07T10:20:38.157074
full_historical_baseline,567201,23084,website fixed,110,0.0,,United Kingdom,INVALID_OR_ZERO_UNIT_PRICE,2026-09-07T10:20:38.157074
full_historical_baseline,567207,35592T,,4,0.0,,United Kingdom,INVALID_OR_ZERO_UNIT_PRICE,2026-09-07T10:20:38.157074
full_historical_baseline,567208,35597D,,2,0.0,,United Kingdom,INVALID_OR_ZERO_UNIT_PRICE,2026-09-07T10:20:38.157074
full_historical_baseline,567335,35965,,6,0.0,,United Kingdom,INVALID_OR_ZERO_UNIT_PRICE,2026-09-07T10:20:38.157074
full_historical_baseline,567337,35965,,5,0.0,,United Kingdom,INVALID_OR_ZERO_UNIT_PRICE,2026-09-07T10:20:38.157074
full_historical_baseline,567363,23028,,-49,0.0,,United Kingdom,INVALID_OR_ZERO_UNIT_PRICE,2026-09-07T10:20:38.157074
full_historical_baseline,567364,22925,,-20,0.0,,United Kingdom,INVALID_OR_ZERO_UNIT_PRICE,2026-09-07T10:20:38.157074
full_historical_baseline,567366,21174,,-138,0.0,,United Kingdom,INVALID_OR_ZERO_UNIT_PRICE,2026-09-07T10:20:38.157074
full_historical_baseline,567367,17012A,,-86,0.0,,United Kingdom,INVALID_OR_ZERO_UNIT_PRICE,2026-09-07T10:20:38.157074
full_historical_baseline,567371,22084,,7,0.0,,United Kingdom,INVALID_OR_ZERO_UNIT_PRICE,2026-09-07T10:20:38.157074
full_historical_baseline,567629,40016,?,-752,0.0,,United Kingdom,INVALID_OR_ZERO_UNIT_PRICE,2026-09-07T10:20:38.157074
full_historical_baseline,567645,21447,,-53,0.0,,United Kingdom,INVALID_OR_ZERO_UNIT_PRICE,2026-09-07T10:20:38.157074
full_historical_baseline,567680,23284,,4,0.0,,United Kingdom,INVALID_OR_ZERO_UNIT_PRICE,2026-09-07T10:20:38.157074
full_historical_baseline,567693,85199L,?,-250,0.0,,United Kingdom,INVALID_OR_ZERO_UNIT_PRICE,2026-09-07T10:20:38.157074
full_historical_baseline,567694,22665,,-24,0.0,,United Kingdom,INVALID_OR_ZERO_UNIT_PRICE,2026-09-07T10:20:38.157074
full_historical_baseline,567695,22688,,-42,0.0,,United Kingdom,INVALID_OR_ZERO_UNIT_PRICE,2026-09-07T10:20:38.157074
full_historical_baseline,567696,23091,,-15,0.0,,United Kingdom,INVALID_OR_ZERO_UNIT_PRICE,2026-09-07T10:20:38.157074
full_historical_baseline,567719,20980,,-7,0.0,,United Kingdom,INVALID_OR_ZERO_UNIT_PRICE,2026-09-07T10:20:38.157074
full_historical_baseline,567861,35597A,,-14,0.0,,United Kingdom,INVALID_OR_ZERO_UNIT_PRICE,2026-09-07T10:20:38.157074
full_historical_baseline,567862,35591T,,-4,0.0,,United Kingdom,INVALID_OR_ZERO_UNIT_PRICE,2026-09-07T10:20:38.157074
full_historical_baseline,567863,35598A,,8,0.0,,United Kingdom,INVALID_OR_ZERO_UNIT_PRICE,2026-09-07T10:20:38.157074
full_historical_baseline,567918,79163,damaged,-1,0.0,,United Kingdom,INVALID_OR_ZERO_UNIT_PRICE,2026-09-07T10:20:38.157074
full_historical_baseline,567920,84875D,found,5,0.0,,United Kingdom,INVALID_OR_ZERO_UNIT_PRICE,2026-09-07T10:20:38.157074
full_historical_baseline,567921,21089,damaged,-7,0.0,,United Kingdom,INVALID_OR_ZERO_UNIT_PRICE,2026-09-07T10:20:38.157074
full_historical_baseline,567923,37343,damaged,-2,0.0,,United Kingdom,INVALID_OR_ZERO_UNIT_PRICE,2026-09-07T10:20:38.157074
full_historical_baseline,567925,84876D,damaged,-2,0.0,,United Kingdom,INVALID_OR_ZERO_UNIT_PRICE,2026-09-07T10:20:38.157074
full_historical_baseline,567926,84877D,found,1,0.0,,United Kingdom,INVALID_OR_ZERO_UNIT_PRICE,2026-09-07T10:20:38.157074
full_historical_baseline,567927,21654,Damaged,-3,0.0,,United Kingdom,INVALID_OR_ZERO_UNIT_PRICE,2026-09-07T10:20:38.157074
full_historical_baseline,567931,84563B,damaged,-11,0.0,,United Kingdom,INVALID_OR_ZERO_UNIT_PRICE,2026-09-07T10:20:38.157074
full_historical_baseline,567932,85213,,-12,0.0,,United Kingdom,INVALID_OR_ZERO_UNIT_PRICE,2026-09-07T10:20:38.157074
full_historical_baseline,567933,84422,Dagamed,-30,0.0,,United Kingdom,INVALID_OR_ZERO_UNIT_PRICE,2026-09-07T10:20:38.157074
full_historical_baseline,568052,90209C,,-3,0.0,,United Kingdom,INVALID_OR_ZERO_UNIT_PRICE,2026-09-07T10:20:38.157074
full_historical_baseline,568053,90209C,,3,0.0,,United Kingdom,INVALID_OR_ZERO_UNIT_PRICE,2026-09-07T10:20:38.157074
full_historical_baseline,568079,85197,,-1,0.0,,United Kingdom,INVALID_OR_ZERO_UNIT_PRICE,2026-09-07T10:20:38.157074
full_historical_baseline,568080,44236,,-2,0.0,,United Kingdom,INVALID_OR_ZERO_UNIT_PRICE,2026-09-07T10:20:38.157074
full_historical_baseline,568081,84663A,,-9,0.0,,United Kingdom,INVALID_OR_ZERO_UNIT_PRICE,2026-09-07T10:20:38.157074
full_historical_baseline,568084,84927A,,-7,0.0,,United Kingdom,INVALID_OR_ZERO_UNIT_PRICE,2026-09-07T10:20:38.157074
full_historical_baseline,568085,84912A,,2,0.0,,United Kingdom,INVALID_OR_ZERO_UNIT_PRICE,2026-09-07T10:20:38.157074
full_historical_baseline,568087,85049D,,-8,0.0,,United Kingdom,INVALID_OR_ZERO_UNIT_PRICE,2026-09-07T10:20:38.157074
full_historical_baseline,568088,21641,,-49,0.0,,United Kingdom,INVALID_OR_ZERO_UNIT_PRICE,2026-09-07T10:20:38.157074
full_historical_baseline,568089,22245,,-37,0.0,,United Kingdom,INVALID_OR_ZERO_UNIT_PRICE,2026-09-07T10:20:38.157074
full_historical_baseline,568090,20793,,-5,0.0,,United Kingdom,INVALID_OR_ZERO_UNIT_PRICE,2026-09-07T10:20:38.157074
full_historical_baseline,568091,85211,,-3,0.0,,United Kingdom,INVALID_OR_ZERO_UNIT_PRICE,2026-09-07T10:20:38.157074
full_historical_baseline,568092,23134,,1,0.0,,United Kingdom,INVALID_OR_ZERO_UNIT_PRICE,2026-09-07T10:20:38.157074
full_historical_baseline,568093,20773,,-9,0.0,,United Kingdom,INVALID_OR_ZERO_UNIT_PRICE,2026-09-07T10:20:38.157074
full_historical_baseline,568102,35911A,,20,0.0,,United Kingdom,INVALID_OR_ZERO_UNIT_PRICE,2026-09-07T10:20:38.157074
full_historical_baseline,568158,PADS,PADS TO MATCH ALL CUSHIONS,1,0.0,16133.0,United Kingdom,INVALID_OR_ZERO_UNIT_PRICE,2026-09-07T10:20:38.157074
full_historical_baseline,568233,21586,,-147,0.0,,United Kingdom,INVALID_OR_ZERO_UNIT_PRICE,2026-09-07T10:20:38.157074
full_historical_baseline,568302,20700,?,-121,0.0,,United Kingdom,INVALID_OR_ZERO_UNIT_PRICE,2026-09-07T10:20:38.157074
full_historical_baseline,568365,84663A,,30,0.0,,United Kingdom,INVALID_OR_ZERO_UNIT_PRICE,2026-09-07T10:20:38.157074
full_historical_baseline,568371,22687,,-41,0.0,,United Kingdom,INVALID_OR_ZERO_UNIT_PRICE,2026-09-07T10:20:38.157074
full_historical_baseline,568372,90082D,,-19,0.0,,United Kingdom,INVALID_OR_ZERO_UNIT_PRICE,2026-09-07T10:20:38.157074
full_historical_baseline,568384,M,Manual,1,0.0,12748.0,United Kingdom,INVALID_OR_ZERO_UNIT_PRICE,2026-09-07T10:20:38.157074
full_historical_baseline,568401,21394,damages,-35,0.0,,United Kingdom,INVALID_OR_ZERO_UNIT_PRICE,2026-09-07T10:20:38.157074
full_historical_baseline,568403,84905,,-3,0.0,,United Kingdom,INVALID_OR_ZERO_UNIT_PRICE,2026-09-07T10:20:38.157074
full_historical_baseline,568404,22497,,-17,0.0,,United Kingdom,INVALID_OR_ZERO_UNIT_PRICE,2026-09-07T10:20:38.157074
full_historical_baseline,568405,22893,,-42,0.0,,United Kingdom,INVALID_OR_ZERO_UNIT_PRICE,2026-09-07T10:20:38.157074
full_historical_baseline,568406,18094C,,-67,0.0,,United Kingdom,INVALID_OR_ZERO_UNIT_PRICE,2026-09-07T10:20:38.157074
full_historical_baseline,568407,84660A,,-8,0.0,,United Kingdom,INVALID_OR_ZERO_UNIT_PRICE,2026-09-07T10:20:38.157074
full_historical_baseline,568442,37327,damages,-131,0.0,,United Kingdom,INVALID_OR_ZERO_UNIT_PRICE,2026-09-07T10:20:38.157074
full_historical_baseline,568543,84920,,-21,0.0,,United Kingdom,INVALID_OR_ZERO_UNIT_PRICE,2026-09-07T10:20:38.157074
full_historical_baseline,568544,84921,,5,0.0,,United Kingdom,INVALID_OR_ZERO_UNIT_PRICE,2026-09-07T10:20:38.157074
full_historical_baseline,568545,22548,,-70,0.0,,United Kingdom,INVALID_OR_ZERO_UNIT_PRICE,2026-09-07T10:20:38.157074
full_historical_baseline,568546,22409,,-20,0.0,,United Kingdom,INVALID_OR_ZERO_UNIT_PRICE,2026-09-07T10:20:38.157074
full_historical_baseline,568548,21830,,240,0.0,,United Kingdom,INVALID_OR_ZERO_UNIT_PRICE,2026-09-07T10:20:38.157074
full_historical_baseline,568567,46000S,POLYESTER FILLER PAD 40x40cm,320,0.0,,United Kingdom,INVALID_OR_ZERO_UNIT_PRICE,2026-09-07T10:20:38.157074
full_historical_baseline,568567,46000M,POLYESTER FILLER PAD 45x45cm,140,0.0,,United Kingdom,INVALID_OR_ZERO_UNIT_PRICE,2026-09-07T10:20:38.157074
full_historical_baseline,568724,84816,damages,-21,0.0,,United Kingdom,INVALID_OR_ZERO_UNIT_PRICE,2026-09-07T10:20:38.157074
full_historical_baseline,568725,79000,,-209,0.0,,United Kingdom,INVALID_OR_ZERO_UNIT_PRICE,2026-09-07T10:20:38.157074
full_historical_baseline,568946,22740,adjustment,89,0.0,,United Kingdom,INVALID_OR_ZERO_UNIT_PRICE,2026-09-07T10:20:38.157074
full_historical_baseline,568948,20984,found,120,0.0,,United Kingdom,INVALID_OR_ZERO_UNIT_PRICE,2026-09-07T10:20:38.157074
full_historical_baseline,569083,23084,,3,0.0,,United Kingdom,INVALID_OR_ZERO_UNIT_PRICE,2026-09-07T10:20:38.157074
full_historical_baseline,569098,21098,damages?,-231,0.0,,United Kingdom,INVALID_OR_ZERO_UNIT_PRICE,2026-09-07T10:20:38.157074
full_historical_baseline,569102,21098,,-129,0.0,,United Kingdom,INVALID_OR_ZERO_UNIT_PRICE,2026-09-07T10:20:38.157074
full_historical_baseline,569121,21244,,-38,0.0,,United Kingdom,INVALID_OR_ZERO_UNIT_PRICE,2026-09-07T10:20:38.157074
full_historical_baseline,569131,22927,damaged,-5,0.0,,United Kingdom,INVALID_OR_ZERO_UNIT_PRICE,2026-09-07T10:20:38.157074
full_historical_baseline,569135,21349,,5,0.0,,United Kingdom,INVALID_OR_ZERO_UNIT_PRICE,2026-09-07T10:20:38.157074
full_historical_baseline,569256,20774,damaged,-14,0.0,,United Kingdom,INVALID_OR_ZERO_UNIT_PRICE,2026-09-07T10:20:38.157074
full_historical_baseline,569335,84660A,damaged,-15,0.0,,United Kingdom,INVALID_OR_ZERO_UNIT_PRICE,2026-09-07T10:20:38.157074
full_historical_baseline,569341,82600,historic computer difference?....se,-458,0.0,,United Kingdom,INVALID_OR_ZERO_UNIT_PRICE,2026-09-07T10:20:38.157074
full_historical_baseline,569347,85086A,,-6,0.0,,United Kingdom,INVALID_OR_ZERO_UNIT_PRICE,2026-09-07T10:20:38.157074
full_historical_baseline,569375,22829,,3,0.0,,United Kingdom,INVALID_OR_ZERO_UNIT_PRICE,2026-09-07T10:20:38.157074
full_historical_baseline,569376,85106,,-9,0.0,,United Kingdom,INVALID_OR_ZERO_UNIT_PRICE,2026-09-07T10:20:38.157074
full_historical_baseline,569377,22784,,-14,0.0,,United Kingdom,INVALID_OR_ZERO_UNIT_PRICE,2026-09-07T10:20:38.157074
full_historical_baseline,569378,72799F,,-5,0.0,,United Kingdom,INVALID_OR_ZERO_UNIT_PRICE,2026-09-07T10:20:38.157074
full_historical_baseline,569379,16015,,-69,0.0,,United Kingdom,INVALID_OR_ZERO_UNIT_PRICE,2026-09-07T10:20:38.157074
full_historical_baseline,569380,21809,,-140,0.0,,United Kingdom,INVALID_OR_ZERO_UNIT_PRICE,2026-09-07T10:20:38.157074
full_historical_baseline,569381,84660A,,15,0.0,,United Kingdom,INVALID_OR_ZERO_UNIT_PRICE,2026-09-07T10:20:38.157074
full_historical_baseline,569391,84625C,,-32,0.0,,United Kingdom,INVALID_OR_ZERO_UNIT_PRICE,2026-09-07T10:20:38.157074
full_historical_baseline,569392,47504K,,-275,0.0,,United Kingdom,INVALID_OR_ZERO_UNIT_PRICE,2026-09-07T10:20:38.157074
full_historical_baseline,569393,23152,,-23,0.0,,United Kingdom,INVALID_OR_ZERO_UNIT_PRICE,2026-09-07T10:20:38.157074
full_historical_baseline,569394,21163,,-70,0.0,,United Kingdom,INVALID_OR_ZERO_UNIT_PRICE,2026-09-07T10:20:38.157074
full_historical_baseline,569458,20984,,58,0.0,,United Kingdom,INVALID_OR_ZERO_UNIT_PRICE,2026-09-07T10:20:38.157074
full_historical_baseline,569463,23268,Lighthouse Trading zero invc incorr,192,0.0,,United Kingdom,INVALID_OR_ZERO_UNIT_PRICE,2026-09-07T10:20:38.157074
full_historical_baseline,569464,23268,Incorrect stock entry.,-1440,0.0,,United Kingdom,INVALID_OR_ZERO_UNIT_PRICE,2026-09-07T10:20:38.157074
full_historical_baseline,569465,23269,incorrect stock entry.,-1440,0.0,,United Kingdom,INVALID_OR_ZERO_UNIT_PRICE,2026-09-07T10:20:38.157074
full_historical_baseline,569466,23270,incorrect stock entry.,-2880,0.0,,United Kingdom,INVALID_OR_ZERO_UNIT_PRICE,2026-09-07T10:20:38.157074
full_historical_baseline,569517,23084,,14,0.0,,United Kingdom,INVALID_OR_ZERO_UNIT_PRICE,2026-09-07T10:20:38.157074
full_historical_baseline,569540,21586,,96,0.0,,United Kingdom,INVALID_OR_ZERO_UNIT_PRICE,2026-09-07T10:20:38.157074
full_historical_baseline,569541,21587,,48,0.0,,United Kingdom,INVALID_OR_ZERO_UNIT_PRICE,2026-09-07T10:20:38.157074
full_historical_baseline,569578,23084,,5,0.0,,United Kingdom,INVALID_OR_ZERO_UNIT_PRICE,2026-09-07T10:20:38.157074
full_historical_baseline,569657,84944,michel oops,22,0.0,,United Kingdom,INVALID_OR_ZERO_UNIT_PRICE,2026-09-07T10:20:38.157074
full_historical_baseline,569681,84944,,25,0.0,,United Kingdom,INVALID_OR_ZERO_UNIT_PRICE,2026-09-07T10:20:38.157074
full_historical_baseline,569716,22778,GLASS CLOCHE SMALL,2,0.0,15804.0,United Kingdom,INVALID_OR_ZERO_UNIT_PRICE,2026-09-07T10:20:38.157074
full_historical_baseline,569817,21870,,-26,0.0,,United Kingdom,INVALID_OR_ZERO_UNIT_PRICE,2026-09-07T10:20:38.157074
full_historical_baseline,569830,23343,wrongly coded 20713,800,0.0,,United Kingdom,INVALID_OR_ZERO_UNIT_PRICE,2026-09-07T10:20:38.157074
full_historical_baseline,569831,20713,wrongly coded-23343,-800,0.0,,United Kingdom,INVALID_OR_ZERO_UNIT_PRICE,2026-09-07T10:20:38.157074
full_historical_baseline,569854,35954,counted,-430,0.0,,United Kingdom,INVALID_OR_ZERO_UNIT_PRICE,2026-09-07T10:20:38.157074
full_historical_baseline,569855,23412,?,-30,0.0,,United Kingdom,INVALID_OR_ZERO_UNIT_PRICE,2026-09-07T10:20:38.157074
full_historical_baseline,569874,90180A,stock check,-32,0.0,,United Kingdom,INVALID_OR_ZERO_UNIT_PRICE,2026-09-07T10:20:38.157074
full_historical_baseline,569875,90195A,check,-45,0.0,,United Kingdom,INVALID_OR_ZERO_UNIT_PRICE,2026-09-07T10:20:38.157074
full_historical_baseline,569876,90210D,check,-28,0.0,,United Kingdom,INVALID_OR_ZERO_UNIT_PRICE,2026-09-07T10:20:38.157074
full_historical_baseline,569877,90210C,,-10,0.0,,United Kingdom,INVALID_OR_ZERO_UNIT_PRICE,2026-09-07T10:20:38.157074
full_historical_baseline,569878,90057,crushed boxes,-380,0.0,,United Kingdom,INVALID_OR_ZERO_UNIT_PRICE,2026-09-07T10:20:38.157074
full_historical_baseline,569879,90012B,check,-5,0.0,,United Kingdom,INVALID_OR_ZERO_UNIT_PRICE,2026-09-07T10:20:38.157074
full_historical_baseline,569880,90012A,stock check,-18,0.0,,United Kingdom,INVALID_OR_ZERO_UNIT_PRICE,2026-09-07T10:20:38.157074
full_historical_baseline,569881,90014C,,-8,0.0,,United Kingdom,INVALID_OR_ZERO_UNIT_PRICE,2026-09-07T10:20:38.157074
full_historical_baseline,569882,90014B,,-1,0.0,,United Kingdom,INVALID_OR_ZERO_UNIT_PRICE,2026-09-07T10:20:38.157074
full_historical_baseline,569883,90014A,check,-12,0.0,,United Kingdom,INVALID_OR_ZERO_UNIT_PRICE,2026-09-07T10:20:38.157074
full_historical_baseline,569884,90164B,,-14,0.0,,United Kingdom,INVALID_OR_ZERO_UNIT_PRICE,2026-09-07T10:20:38.157074
full_historical_baseline,569885,90164A,,-15,0.0,,United Kingdom,INVALID_OR_ZERO_UNIT_PRICE,2026-09-07T10:20:38.157074
full_historical_baseline,569886,90191,??,-60,0.0,,United Kingdom,INVALID_OR_ZERO_UNIT_PRICE,2026-09-07T10:20:38.157074
full_historical_baseline,569895,23348,,420,0.0,,United Kingdom,INVALID_OR_ZERO_UNIT_PRICE,2026-09-07T10:20:38.157074
full_historical_baseline,569924,22837,,9,0.0,,United Kingdom,INVALID_OR_ZERO_UNIT_PRICE,2026-09-07T10:20:38.157074
full_historical_baseline,569925,21067,,6,0.0,,United Kingdom,INVALID_OR_ZERO_UNIT_PRICE,2026-09-07T10:20:38.157074
full_historical_baseline,569926,35815P,,6,0.0,,United Kingdom,INVALID_OR_ZERO_UNIT_PRICE,2026-09-07T10:20:38.157074
full_historical_baseline,569927,22171,,9,0.0,,United Kingdom,INVALID_OR_ZERO_UNIT_PRICE,2026-09-07T10:20:38.157074
full_historical_baseline,569928,22062,,16,0.0,,United Kingdom,INVALID_OR_ZERO_UNIT_PRICE,2026-09-07T10:20:38.157074
full_historical_baseline,569929,22084,,2,0.0,,United Kingdom,INVALID_OR_ZERO_UNIT_PRICE,2026-09-07T10:20:38.157074
full_historical_baseline,569930,35914,,2,0.0,,United Kingdom,INVALID_OR_ZERO_UNIT_PRICE,2026-09-07T10:20:38.157074
full_historical_baseline,569931,37370,,18,0.0,,United Kingdom,INVALID_OR_ZERO_UNIT_PRICE,2026-09-07T10:20:38.157074
full_historical_baseline,569933,84849D,,101,0.0,,United Kingdom,INVALID_OR_ZERO_UNIT_PRICE,2026-09-07T10:20:38.157074
full_historical_baseline,569934,85049D,,1,0.0,,United Kingdom,INVALID_OR_ZERO_UNIT_PRICE,2026-09-07T10:20:38.157074
full_historical_baseline,569935,90209B,,1,0.0,,United Kingdom,INVALID_OR_ZERO_UNIT_PRICE,2026-09-07T10:20:38.157074
full_historical_baseline,569937,90209C,,1,0.0,,United Kingdom,INVALID_OR_ZERO_UNIT_PRICE,2026-09-07T10:20:38.157074
full_historical_baseline,569947,22062,,20,0.0,,United Kingdom,INVALID_OR_ZERO_UNIT_PRICE,2026-09-07T10:20:38.157074
full_historical_baseline,570013,21395,,-38,0.0,,United Kingdom,INVALID_OR_ZERO_UNIT_PRICE,2026-09-07T10:20:38.157074
full_historical_baseline,570015,21394,,42,0.0,,United Kingdom,INVALID_OR_ZERO_UNIT_PRICE,2026-09-07T10:20:38.157074
full_historical_baseline,570065,22688,,2,0.0,,United Kingdom,INVALID_OR_ZERO_UNIT_PRICE,2026-09-07T10:20:38.157074
full_historical_baseline,570110,22570,?,-74,0.0,,United Kingdom,INVALID_OR_ZERO_UNIT_PRICE,2026-09-07T10:20:38.157074
full_historical_baseline,570112,22569,?,-84,0.0,,United Kingdom,INVALID_OR_ZERO_UNIT_PRICE,2026-09-07T10:20:38.157074
full_historical_baseline,570120,22570,,6,0.0,,United Kingdom,INVALID_OR_ZERO_UNIT_PRICE,2026-09-07T10:20:38.157074
full_historical_baseline,570185,21090,WET/MOULDY,-192,0.0,,United Kingdom,INVALID_OR_ZERO_UNIT_PRICE,2026-09-07T10:20:38.157074
full_historical_baseline,570193,22449,can't find,-125,0.0,,United Kingdom,INVALID_OR_ZERO_UNIT_PRICE,2026-09-07T10:20:38.157074
full_historical_baseline,570198,47504K,,72,0.0,,United Kingdom,INVALID_OR_ZERO_UNIT_PRICE,2026-09-07T10:20:38.157074
full_historical_baseline,570259,22336,,-114,0.0,,United Kingdom,INVALID_OR_ZERO_UNIT_PRICE,2026-09-07T10:20:38.157074
full_historical_baseline,570260,35933,,-34,0.0,,United Kingdom,INVALID_OR_ZERO_UNIT_PRICE,2026-09-07T10:20:38.157074
full_historical_baseline,570261,35933,,10,0.0,,United Kingdom,INVALID_OR_ZERO_UNIT_PRICE,2026-09-07T10:20:38.157074
full_historical_baseline,570262,35954,,-80,0.0,,United Kingdom,INVALID_OR_ZERO_UNIT_PRICE,2026-09-07T10:20:38.157074
full_historical_baseline,570263,23412,,2,0.0,,United Kingdom,INVALID_OR_ZERO_UNIT_PRICE,2026-09-07T10:20:38.157074
full_historical_baseline,570264,21288,,-22,0.0,,United Kingdom,INVALID_OR_ZERO_UNIT_PRICE,2026-09-07T10:20:38.157074
full_historical_baseline,570294,84249A,damaged,-25,0.0,,United Kingdom,INVALID_OR_ZERO_UNIT_PRICE,2026-09-07T10:20:38.157074
full_historical_baseline,570403,47574A,check,-61,0.0,,United Kingdom,INVALID_OR_ZERO_UNIT_PRICE,2026-09-07T10:20:38.157074
full_historical_baseline,570440,21424,damages,-40,0.0,,United Kingdom,INVALID_OR_ZERO_UNIT_PRICE,2026-09-07T10:20:38.157074
full_historical_baseline,570451,37467,,15,0.0,,United Kingdom,INVALID_OR_ZERO_UNIT_PRICE,2026-09-07T10:20:38.157074
full_historical_baseline,570518,23268,,4,0.0,,United Kingdom,INVALID_OR_ZERO_UNIT_PRICE,2026-09-07T10:20:38.157074
full_historical_baseline,570519,21244,,5,0.0,,United Kingdom,INVALID_OR_ZERO_UNIT_PRICE,2026-09-07T10:20:38.157074
full_historical_baseline,570520,23412,,2,0.0,,United Kingdom,INVALID_OR_ZERO_UNIT_PRICE,2026-09-07T10:20:38.157074
full_historical_baseline,570595,21823,check,-94,0.0,,United Kingdom,INVALID_OR_ZERO_UNIT_PRICE,2026-09-07T10:20:38.157074
full_historical_baseline,570596,21803,check,-38,0.0,,United Kingdom,INVALID_OR_ZERO_UNIT_PRICE,2026-09-07T10:20:38.157074
full_historical_baseline,570599,84596G,??,-365,0.0,,United Kingdom,INVALID_OR_ZERO_UNIT_PRICE,2026-09-07T10:20:38.157074
full_historical_baseline,570645,84247E,,24,0.0,,United Kingdom,INVALID_OR_ZERO_UNIT_PRICE,2026-09-07T10:20:38.157074
full_historical_baseline,570691,85231G,check,-110,0.0,,United Kingdom,INVALID_OR_ZERO_UNIT_PRICE,2026-09-07T10:20:38.157074
full_historical_baseline,570709,21098,,19,0.0,,United Kingdom,INVALID_OR_ZERO_UNIT_PRICE,2026-09-07T10:20:38.157074
full_historical_baseline,570710,21918,,10,0.0,,United Kingdom,INVALID_OR_ZERO_UNIT_PRICE,2026-09-07T10:20:38.157074
full_historical_baseline,570711,21622,damages,-45,0.0,,United Kingdom,INVALID_OR_ZERO_UNIT_PRICE,2026-09-07T10:20:38.157074
full_historical_baseline,570712,22121,?,-90,0.0,,United Kingdom,INVALID_OR_ZERO_UNIT_PRICE,2026-09-07T10:20:38.157074
full_historical_baseline,570822,22501,Found,24,0.0,,United Kingdom,INVALID_OR_ZERO_UNIT_PRICE,2026-09-07T10:20:38.157074
full_historical_baseline,570860,16168M,found,44,0.0,,United Kingdom,INVALID_OR_ZERO_UNIT_PRICE,2026-09-07T10:20:38.157074
full_historical_baseline,570868,21311,,96,0.0,,United Kingdom,INVALID_OR_ZERO_UNIT_PRICE,2026-09-07T10:20:38.157074
full_historical_baseline,570869,79164,,36,0.0,,United Kingdom,INVALID_OR_ZERO_UNIT_PRICE,2026-09-07T10:20:38.157074
full_historical_baseline,570873,23322,mouldy,-40,0.0,,United Kingdom,INVALID_OR_ZERO_UNIT_PRICE,2026-09-07T10:20:38.157074
full_historical_baseline,570874,23020,smashed,-4,0.0,,United Kingdom,INVALID_OR_ZERO_UNIT_PRICE,2026-09-07T10:20:38.157074
full_historical_baseline,571010,22848,,-16,0.0,,United Kingdom,INVALID_OR_ZERO_UNIT_PRICE,2026-09-07T10:20:38.157074
full_historical_baseline,571011,21078,,-207,0.0,,United Kingdom,INVALID_OR_ZERO_UNIT_PRICE,2026-09-07T10:20:38.157074
full_historical_baseline,571012,21402,,-147,0.0,,United Kingdom,INVALID_OR_ZERO_UNIT_PRICE,2026-09-07T10:20:38.157074
full_historical_baseline,571013,23306,,-104,0.0,,United Kingdom,INVALID_OR_ZERO_UNIT_PRICE,2026-09-07T10:20:38.157074
full_historical_baseline,571016,84596G,,288,0.0,,United Kingdom,INVALID_OR_ZERO_UNIT_PRICE,2026-09-07T10:20:38.157074
full_historical_baseline,571024,22812,?,-270,0.0,,United Kingdom,INVALID_OR_ZERO_UNIT_PRICE,2026-09-07T10:20:38.157074
full_historical_baseline,571027,72816,,-36,0.0,,United Kingdom,INVALID_OR_ZERO_UNIT_PRICE,2026-09-07T10:20:38.157074
full_historical_baseline,571035,M,Manual,1,0.0,12446.0,RSA,INVALID_OR_ZERO_UNIT_PRICE,2026-09-07T10:20:38.157074
full_historical_baseline,571037,20669,,-25,0.0,,United Kingdom,INVALID_OR_ZERO_UNIT_PRICE,2026-09-07T10:20:38.157074
full_historical_baseline,571042,23306,,48,0.0,,United Kingdom,INVALID_OR_ZERO_UNIT_PRICE,2026-09-07T10:20:38.157074
full_historical_baseline,571112,22637,damages,-65,0.0,,United Kingdom,INVALID_OR_ZERO_UNIT_PRICE,2026-09-07T10:20:38.157074
full_historical_baseline,571113,21407,,-19,0.0,,United Kingdom,INVALID_OR_ZERO_UNIT_PRICE,2026-09-07T10:20:38.157074
full_historical_baseline,571114,23159,,-99,0.0,,United Kingdom,INVALID_OR_ZERO_UNIT_PRICE,2026-09-07T10:20:38.157074
full_historical_baseline,571115,82567,,-73,0.0,,United Kingdom,INVALID_OR_ZERO_UNIT_PRICE,2026-09-07T10:20:38.157074
full_historical_baseline,571116,23131,?,-49,0.0,,United Kingdom,INVALID_OR_ZERO_UNIT_PRICE,2026-09-07T10:20:38.157074
full_historical_baseline,571124,72802A,Wet pallet-thrown away,-306,0.0,,United Kingdom,INVALID_OR_ZERO_UNIT_PRICE,2026-09-07T10:20:38.157074
full_historical_baseline,571126,72802A,?,-50,0.0,,United Kingdom,INVALID_OR_ZERO_UNIT_PRICE,2026-09-07T10:20:38.157074
full_historical_baseline,571128,72802A,Had been put aside.,54,0.0,,United Kingdom,INVALID_OR_ZERO_UNIT_PRICE,2026-09-07T10:20:38.157074
full_historical_baseline,571130,72802C,check,-37,0.0,,United Kingdom,INVALID_OR_ZERO_UNIT_PRICE,2026-09-07T10:20:38.157074
full_historical_baseline,571131,72802B,check,-51,0.0,,United Kingdom,INVALID_OR_ZERO_UNIT_PRICE,2026-09-07T10:20:38.157074
full_historical_baseline,571198,21190,,48,0.0,,United Kingdom,INVALID_OR_ZERO_UNIT_PRICE,2026-09-07T10:20:38.157074
full_historical_baseline,571249,23084,,6,0.0,,United Kingdom,INVALID_OR_ZERO_UNIT_PRICE,2026-09-07T10:20:38.157074
full_historical_baseline,571254,23427,damaged,-2,0.0,,United Kingdom,INVALID_OR_ZERO_UNIT_PRICE,2026-09-07T10:20:38.157074
full_historical_baseline,571458,21761,damaged,-2,0.0,,United Kingdom,INVALID_OR_ZERO_UNIT_PRICE,2026-09-07T10:20:38.157074
full_historical_baseline,571459,20839,damages,-80,0.0,,United Kingdom,INVALID_OR_ZERO_UNIT_PRICE,2026-09-07T10:20:38.157074
full_historical_baseline,571460,46775D,,6,0.0,,United Kingdom,INVALID_OR_ZERO_UNIT_PRICE,2026-09-07T10:20:38.157074
full_historical_baseline,571633,20713,found,100,0.0,,United Kingdom,INVALID_OR_ZERO_UNIT_PRICE,2026-09-07T10:20:38.157074
full_historical_baseline,571674,23702,,100,0.0,,United Kingdom,INVALID_OR_ZERO_UNIT_PRICE,2026-09-07T10:20:38.157074
full_historical_baseline,571686,22149,damages,-40,0.0,,United Kingdom,INVALID_OR_ZERO_UNIT_PRICE,2026-09-07T10:20:38.157074
full_historical_baseline,571687,22149,check,-46,0.0,,United Kingdom,INVALID_OR_ZERO_UNIT_PRICE,2026-09-07T10:20:38.157074
full_historical_baseline,571688,22149,,46,0.0,,United Kingdom,INVALID_OR_ZERO_UNIT_PRICE,2026-09-07T10:20:38.157074
full_historical_baseline,571689,85135B,,-27,0.0,,United Kingdom,INVALID_OR_ZERO_UNIT_PRICE,2026-09-07T10:20:38.157074
full_historical_baseline,571704,23579,Sale error,4,0.0,,United Kingdom,INVALID_OR_ZERO_UNIT_PRICE,2026-09-07T10:20:38.157074
full_historical_baseline,571718,21801,,5,0.0,,United Kingdom,INVALID_OR_ZERO_UNIT_PRICE,2026-09-07T10:20:38.157074
full_historical_baseline,571719,22729,,7,0.0,,United Kingdom,INVALID_OR_ZERO_UNIT_PRICE,2026-09-07T10:20:38.157074
full_historical_baseline,571720,85211,,3,0.0,,United Kingdom,INVALID_OR_ZERO_UNIT_PRICE,2026-09-07T10:20:38.157074
full_historical_baseline,571721,21738,,2,0.0,,United Kingdom,INVALID_OR_ZERO_UNIT_PRICE,2026-09-07T10:20:38.157074
full_historical_baseline,571722,22062,,1,0.0,,United Kingdom,INVALID_OR_ZERO_UNIT_PRICE,2026-09-07T10:20:38.157074
full_historical_baseline,571723,85211,,-1,0.0,,United Kingdom,INVALID_OR_ZERO_UNIT_PRICE,2026-09-07T10:20:38.157074
full_historical_baseline,571731,21911,,1,0.0,,United Kingdom,INVALID_OR_ZERO_UNIT_PRICE,2026-09-07T10:20:38.157074
full_historical_baseline,571915,21627,check,-32,0.0,,United Kingdom,INVALID_OR_ZERO_UNIT_PRICE,2026-09-07T10:20:38.157074
full_historical_baseline,572239,84247E,,1,0.0,,United Kingdom,INVALID_OR_ZERO_UNIT_PRICE,2026-09-07T10:20:38.157074
full_historical_baseline,572341,85036A,,-82,0.0,,United Kingdom,INVALID_OR_ZERO_UNIT_PRICE,2026-09-07T10:20:38.157074
full_historical_baseline,572345,20713,Found,100,0.0,,United Kingdom,INVALID_OR_ZERO_UNIT_PRICE,2026-09-07T10:20:38.157074
full_historical_baseline,572468,72803A,damages,-160,0.0,,United Kingdom,INVALID_OR_ZERO_UNIT_PRICE,2026-09-07T10:20:38.157074
full_historical_baseline,572476,20665,dotcom,21,0.0,,United Kingdom,INVALID_OR_ZERO_UNIT_PRICE,2026-09-07T10:20:38.157074
full_historical_baseline,572477,20665,adjustment,-15,0.0,,United Kingdom,INVALID_OR_ZERO_UNIT_PRICE,2026-09-07T10:20:38.157074
full_historical_baseline,572480,22049,damaged,-100,0.0,,United Kingdom,INVALID_OR_ZERO_UNIT_PRICE,2026-09-07T10:20:38.157074
full_historical_baseline,572510,20967,Amazon Adjustment,1,0.0,,United Kingdom,INVALID_OR_ZERO_UNIT_PRICE,2026-09-07T10:20:38.157074
full_historical_baseline,572514,20774,,-4,0.0,,United Kingdom,INVALID_OR_ZERO_UNIT_PRICE,2026-09-07T10:20:38.157074
full_historical_baseline,572516,22336,damaged,-71,0.0,,United Kingdom,INVALID_OR_ZERO_UNIT_PRICE,2026-09-07T10:20:38.157074
full_historical_baseline,572527,20984,damaged,-46,0.0,,United Kingdom,INVALID_OR_ZERO_UNIT_PRICE,2026-09-07T10:20:38.157074
full_historical_baseline,572533,84877D,,-1,0.0,,United Kingdom,INVALID_OR_ZERO_UNIT_PRICE,2026-09-07T10:20:38.157074
full_historical_baseline,572534,35597D,,-2,0.0,,United Kingdom,INVALID_OR_ZERO_UNIT_PRICE,2026-09-07T10:20:38.157074
full_historical_baseline,572536,21294,,-8,0.0,,United Kingdom,INVALID_OR_ZERO_UNIT_PRICE,2026-09-07T10:20:38.157074
full_historical_baseline,572537,37327,,2,0.0,,United Kingdom,INVALID_OR_ZERO_UNIT_PRICE,2026-09-07T10:20:38.157074
full_historical_baseline,572539,79030D,,13,0.0,,United Kingdom,INVALID_OR_ZERO_UNIT_PRICE,2026-09-07T10:20:38.157074
full_historical_baseline,572543,22570,,-32,0.0,,United Kingdom,INVALID_OR_ZERO_UNIT_PRICE,2026-09-07T10:20:38.157074
full_historical_baseline,572547,20713,wrongly marked 23343,200,0.0,,United Kingdom,INVALID_OR_ZERO_UNIT_PRICE,2026-09-07T10:20:38.157074
full_historical_baseline,572548,23343,20713 wrongly marked,-200,0.0,,United Kingdom,INVALID_OR_ZERO_UNIT_PRICE,2026-09-07T10:20:38.157074
full_historical_baseline,572557,22427,damages,-29,0.0,,United Kingdom,INVALID_OR_ZERO_UNIT_PRICE,2026-09-07T10:20:38.157074
full_historical_baseline,572564,40016,,-108,0.0,,United Kingdom,INVALID_OR_ZERO_UNIT_PRICE,2026-09-07T10:20:38.157074
full_historical_baseline,572614,23595,adjustment,5,0.0,,United Kingdom,INVALID_OR_ZERO_UNIT_PRICE,2026-09-07T10:20:38.157074
full_historical_baseline,572615,23595,re-adjustment,-5,0.0,,United Kingdom,INVALID_OR_ZERO_UNIT_PRICE,2026-09-07T10:20:38.157074
full_historical_baseline,572684,23029,damages,-20,0.0,,United Kingdom,INVALID_OR_ZERO_UNIT_PRICE,2026-09-07T10:20:38.157074
full_historical_baseline,572685,23032,damages,-60,0.0,,United Kingdom,INVALID_OR_ZERO_UNIT_PRICE,2026-09-07T10:20:38.157074
full_historical_baseline,572686,23118,Breakages,-30,0.0,,United Kingdom,INVALID_OR_ZERO_UNIT_PRICE,2026-09-07T10:20:38.157074
full_historical_baseline,572687,20840,damages,-30,0.0,,United Kingdom,INVALID_OR_ZERO_UNIT_PRICE,2026-09-07T10:20:38.157074
full_historical_baseline,572689,84969,check,-50,0.0,,United Kingdom,INVALID_OR_ZERO_UNIT_PRICE,2026-09-07T10:20:38.157074
full_historical_baseline,572690,21539,damages?,-111,0.0,,United Kingdom,INVALID_OR_ZERO_UNIT_PRICE,2026-09-07T10:20:38.157074
full_historical_baseline,572691,22426,check,-15,0.0,,United Kingdom,INVALID_OR_ZERO_UNIT_PRICE,2026-09-07T10:20:38.157074
full_historical_baseline,572692,21071,check,-82,0.0,,United Kingdom,INVALID_OR_ZERO_UNIT_PRICE,2026-09-07T10:20:38.157074
full_historical_baseline,572693,35810A,check,-78,0.0,,United Kingdom,INVALID_OR_ZERO_UNIT_PRICE,2026-09-07T10:20:38.157074
full_historical_baseline,572694,35810B,,12,0.0,,United Kingdom,INVALID_OR_ZERO_UNIT_PRICE,2026-09-07T10:20:38.157074
full_historical_baseline,572697,22087,Amazon,6,0.0,,United Kingdom,INVALID_OR_ZERO_UNIT_PRICE,2026-09-07T10:20:38.157074
full_historical_baseline,572698,82613A,Amazon,1,0.0,,United Kingdom,INVALID_OR_ZERO_UNIT_PRICE,2026-09-07T10:20:38.157074
full_historical_baseline,572699,72818,,-48,0.0,,United Kingdom,INVALID_OR_ZERO_UNIT_PRICE,2026-09-07T10:20:38.157074
full_historical_baseline,572700,72818,,1,0.0,,United Kingdom,INVALID_OR_ZERO_UNIT_PRICE,2026-09-07T10:20:38.157074
full_historical_baseline,572701,85078,missing,-840,0.0,,United Kingdom,INVALID_OR_ZERO_UNIT_PRICE,2026-09-07T10:20:38.157074
full_historical_baseline,572702,37479P,??,-184,0.0,,United Kingdom,INVALID_OR_ZERO_UNIT_PRICE,2026-09-07T10:20:38.157074
full_historical_baseline,572716,22829,,2,0.0,,United Kingdom,INVALID_OR_ZERO_UNIT_PRICE,2026-09-07T10:20:38.157074
full_historical_baseline,572723,21829,adjustment,12,0.0,,United Kingdom,INVALID_OR_ZERO_UNIT_PRICE,2026-09-07T10:20:38.157074
full_historical_baseline,572724,84507C,adjustment,4,0.0,,United Kingdom,INVALID_OR_ZERO_UNIT_PRICE,2026-09-07T10:20:38.157074
full_historical_baseline,572725,20754,Found,57,0.0,,United Kingdom,INVALID_OR_ZERO_UNIT_PRICE,2026-09-07T10:20:38.157074
full_historical_baseline,572731,35914,,2,0.0,,United Kingdom,INVALID_OR_ZERO_UNIT_PRICE,2026-09-07T10:20:38.157074
full_historical_baseline,572739,21578,found,16,0.0,,United Kingdom,INVALID_OR_ZERO_UNIT_PRICE,2026-09-07T10:20:38.157074
full_historical_baseline,572740,22687,adjustment,1,0.0,,United Kingdom,INVALID_OR_ZERO_UNIT_PRICE,2026-09-07T10:20:38.157074
full_historical_baseline,572748,21824,check,-103,0.0,,United Kingdom,INVALID_OR_ZERO_UNIT_PRICE,2026-09-07T10:20:38.157074
full_historical_baseline,572749,22572,??,-335,0.0,,United Kingdom,INVALID_OR_ZERO_UNIT_PRICE,2026-09-07T10:20:38.157074
full_historical_baseline,572759,37468,,-2,0.0,,United Kingdom,INVALID_OR_ZERO_UNIT_PRICE,2026-09-07T10:20:38.157074
full_historical_baseline,572890,20713,Marked as 23343,400,0.0,,United Kingdom,INVALID_OR_ZERO_UNIT_PRICE,2026-09-07T10:20:38.157074
full_historical_baseline,572891,23343,20713,-400,0.0,,United Kingdom,INVALID_OR_ZERO_UNIT_PRICE,2026-09-07T10:20:38.157074
full_historical_baseline,572893,21208,PASTEL COLOUR HONEYCOMB FAN,5,0.0,18059.0,United Kingdom,INVALID_OR_ZERO_UNIT_PRICE,2026-09-07T10:20:38.157074
full_historical_baseline,572898,22180,,-15,0.0,,United Kingdom,INVALID_OR_ZERO_UNIT_PRICE,2026-09-07T10:20:38.157074
full_historical_baseline,572919,72802C,check,-17,0.0,,United Kingdom,INVALID_OR_ZERO_UNIT_PRICE,2026-09-07T10:20:38.157074
full_historical_baseline,572920,72803A,?,117,0.0,,United Kingdom,INVALID_OR_ZERO_UNIT_PRICE,2026-09-07T10:20:38.157074
full_historical_baseline,572996,23462,damages,-34,0.0,,United Kingdom,INVALID_OR_ZERO_UNIT_PRICE,2026-09-07T10:20:38.157074
full_historical_baseline,573107,21794,adjustment,10,0.0,,United Kingdom,INVALID_OR_ZERO_UNIT_PRICE,2026-09-07T10:20:38.157074
full_historical_baseline,573114,20713,wrongly coded 23343,1000,0.0,,United Kingdom,INVALID_OR_ZERO_UNIT_PRICE,2026-09-07T10:20:38.157074
full_historical_baseline,573115,23343,wrongly coded 20713,-1000,0.0,,United Kingdom,INVALID_OR_ZERO_UNIT_PRICE,2026-09-07T10:20:38.157074
full_historical_baseline,573118,85032D,damaged,-1,0.0,,United Kingdom,INVALID_OR_ZERO_UNIT_PRICE,2026-09-07T10:20:38.157074
full_historical_baseline,573120,72816,,-1,0.0,,United Kingdom,INVALID_OR_ZERO_UNIT_PRICE,2026-09-07T10:20:38.157074
full_historical_baseline,573169,35600A,Found by jackie,1,0.0,,United Kingdom,INVALID_OR_ZERO_UNIT_PRICE,2026-09-07T10:20:38.157074
full_historical_baseline,573170,21174,found,71,0.0,,United Kingdom,INVALID_OR_ZERO_UNIT_PRICE,2026-09-07T10:20:38.157074
full_historical_baseline,573254,85135C,Damages,-49,0.0,,United Kingdom,INVALID_OR_ZERO_UNIT_PRICE,2026-09-07T10:20:38.157074
full_historical_baseline,573255,85135B,check,3,0.0,,United Kingdom,INVALID_OR_ZERO_UNIT_PRICE,2026-09-07T10:20:38.157074
full_historical_baseline,573256,85135A,,12,0.0,,United Kingdom,INVALID_OR_ZERO_UNIT_PRICE,2026-09-07T10:20:38.157074
full_historical_baseline,573258,85136C,damages,-36,0.0,,United Kingdom,INVALID_OR_ZERO_UNIT_PRICE,2026-09-07T10:20:38.157074
full_historical_baseline,573259,85136A,damages,-77,0.0,,United Kingdom,INVALID_OR_ZERO_UNIT_PRICE,2026-09-07T10:20:38.157074
full_historical_baseline,573293,21181,adjustment,10,0.0,,United Kingdom,INVALID_OR_ZERO_UNIT_PRICE,2026-09-07T10:20:38.157074
full_historical_baseline,573317,21804,,-84,0.0,,United Kingdom,INVALID_OR_ZERO_UNIT_PRICE,2026-09-07T10:20:38.157074
full_historical_baseline,573318,84944,,-47,0.0,,United Kingdom,INVALID_OR_ZERO_UNIT_PRICE,2026-09-07T10:20:38.157074
full_historical_baseline,573463,17012B,check,-70,0.0,,United Kingdom,INVALID_OR_ZERO_UNIT_PRICE,2026-09-07T10:20:38.157074
full_historical_baseline,573482,21181,check,-54,0.0,,United Kingdom,INVALID_OR_ZERO_UNIT_PRICE,2026-09-07T10:20:38.157074
full_historical_baseline,573487,23400,check,-19,0.0,,United Kingdom,INVALID_OR_ZERO_UNIT_PRICE,2026-09-07T10:20:38.157074
full_historical_baseline,573488,23400,,1,0.0,,United Kingdom,INVALID_OR_ZERO_UNIT_PRICE,2026-09-07T10:20:38.157074
full_historical_baseline,573489,85035B,check,-36,0.0,,United Kingdom,INVALID_OR_ZERO_UNIT_PRICE,2026-09-07T10:20:38.157074
full_historical_baseline,573490,85035A,CHECK,-59,0.0,,United Kingdom,INVALID_OR_ZERO_UNIT_PRICE,2026-09-07T10:20:38.157074
full_historical_baseline,573491,21618,CHECK,-54,0.0,,United Kingdom,INVALID_OR_ZERO_UNIT_PRICE,2026-09-07T10:20:38.157074
full_historical_baseline,573493,21619,check,-94,0.0,,United Kingdom,INVALID_OR_ZERO_UNIT_PRICE,2026-09-07T10:20:38.157074
full_historical_baseline,573494,47503H,check,-24,0.0,,United Kingdom,INVALID_OR_ZERO_UNIT_PRICE,2026-09-07T10:20:38.157074
full_historical_baseline,573495,22117,check,184,0.0,,United Kingdom,INVALID_OR_ZERO_UNIT_PRICE,2026-09-07T10:20:38.157074
full_historical_baseline,573497,21642,check,-138,0.0,,United Kingdom,INVALID_OR_ZERO_UNIT_PRICE,2026-09-07T10:20:38.157074
full_historical_baseline,573498,21636,check,-22,0.0,,United Kingdom,INVALID_OR_ZERO_UNIT_PRICE,2026-09-07T10:20:38.157074
full_historical_baseline,573499,21192,check,-164,0.0,,United Kingdom,INVALID_OR_ZERO_UNIT_PRICE,2026-09-07T10:20:38.157074
full_historical_baseline,573503,22595,check,-80,0.0,,United Kingdom,INVALID_OR_ZERO_UNIT_PRICE,2026-09-07T10:20:38.157074
full_historical_baseline,573505,85208,check,-22,0.0,,United Kingdom,INVALID_OR_ZERO_UNIT_PRICE,2026-09-07T10:20:38.157074
full_historical_baseline,573547,84818,damages,-70,0.0,,United Kingdom,INVALID_OR_ZERO_UNIT_PRICE,2026-09-07T10:20:38.157074
full_historical_baseline,573590,79323G,"Unsaleable, destroyed.",-657,0.0,,United Kingdom,INVALID_OR_ZERO_UNIT_PRICE,2026-09-07T10:20:38.157074
full_historical_baseline,573591,79323B,"Unsaleable, destroyed.",-1671,0.0,,United Kingdom,INVALID_OR_ZERO_UNIT_PRICE,2026-09-07T10:20:38.157074
full_historical_baseline,573592,79323GR,"Unsaleable, destroyed.",-1158,0.0,,United Kingdom,INVALID_OR_ZERO_UNIT_PRICE,2026-09-07T10:20:38.157074
full_historical_baseline,573593,79323LP,"Unsaleable, destroyed.",-2618,0.0,,United Kingdom,INVALID_OR_ZERO_UNIT_PRICE,2026-09-07T10:20:38.157074
full_historical_baseline,573594,79323P,"Unsaleable, destroyed.",-2003,0.0,,United Kingdom,INVALID_OR_ZERO_UNIT_PRICE,2026-09-07T10:20:38.157074
full_historical_baseline,573595,79323S,"Unsaleable, destroyed.",-674,0.0,,United Kingdom,INVALID_OR_ZERO_UNIT_PRICE,2026-09-07T10:20:38.157074
full_historical_baseline,573596,79323W,"Unsaleable, destroyed.",-4830,0.0,,United Kingdom,INVALID_OR_ZERO_UNIT_PRICE,2026-09-07T10:20:38.157074
full_historical_baseline,573597,79341,"Unsaleable, destroyed.",-905,0.0,,United Kingdom,INVALID_OR_ZERO_UNIT_PRICE,2026-09-07T10:20:38.157074
full_historical_baseline,573598,79342B,"Unsaleable, destroyed.",-1128,0.0,,United Kingdom,INVALID_OR_ZERO_UNIT_PRICE,2026-09-07T10:20:38.157074
full_historical_baseline,573664,21192,wrongly marked,48,0.0,,United Kingdom,INVALID_OR_ZERO_UNIT_PRICE,2026-09-07T10:20:38.157074
full_historical_baseline,573670,22176,check,-28,0.0,,United Kingdom,INVALID_OR_ZERO_UNIT_PRICE,2026-09-07T10:20:38.157074
full_historical_baseline,573672,22522,check,-126,0.0,,United Kingdom,INVALID_OR_ZERO_UNIT_PRICE,2026-09-07T10:20:38.157074
full_historical_baseline,573726,72817,check,-67,0.0,,United Kingdom,INVALID_OR_ZERO_UNIT_PRICE,2026-09-07T10:20:38.157074
full_historical_baseline,573734,72818,check,-26,0.0,,United Kingdom,INVALID_OR_ZERO_UNIT_PRICE,2026-09-07T10:20:38.157074
full_historical_baseline,573751,46000U,check,10,0.0,,United Kingdom,INVALID_OR_ZERO_UNIT_PRICE,2026-09-07T10:20:38.157074
full_historical_baseline,573752,46000S,dotcom sales,-90,0.0,,United Kingdom,INVALID_OR_ZERO_UNIT_PRICE,2026-09-07T10:20:38.157074
full_historical_baseline,573815,20902,check,-3,0.0,,United Kingdom,INVALID_OR_ZERO_UNIT_PRICE,2026-09-07T10:20:38.157074
full_historical_baseline,573816,20898,check,-10,0.0,,United Kingdom,INVALID_OR_ZERO_UNIT_PRICE,2026-09-07T10:20:38.157074
full_historical_baseline,573880,22812,check,48,0.0,,United Kingdom,INVALID_OR_ZERO_UNIT_PRICE,2026-09-07T10:20:38.157074
full_historical_baseline,573881,21098,had been put aside,108,0.0,,United Kingdom,INVALID_OR_ZERO_UNIT_PRICE,2026-09-07T10:20:38.157074
full_historical_baseline,573882,23131,had been put aside,48,0.0,,United Kingdom,INVALID_OR_ZERO_UNIT_PRICE,2026-09-07T10:20:38.157074
full_historical_baseline,573883,22121,had been put aside,32,0.0,,United Kingdom,INVALID_OR_ZERO_UNIT_PRICE,2026-09-07T10:20:38.157074
full_historical_baseline,573884,22687,had been put aside,20,0.0,,United Kingdom,INVALID_OR_ZERO_UNIT_PRICE,2026-09-07T10:20:38.157074
full_historical_baseline,573885,22689,had been put aside,40,0.0,,United Kingdom,INVALID_OR_ZERO_UNIT_PRICE,2026-09-07T10:20:38.157074
full_historical_baseline,573919,21352,check,-23,0.0,,United Kingdom,INVALID_OR_ZERO_UNIT_PRICE,2026-09-07T10:20:38.157074
full_historical_baseline,573920,84050,check,14,0.0,,United Kingdom,INVALID_OR_ZERO_UNIT_PRICE,2026-09-07T10:20:38.157074
full_historical_baseline,573926,47503A,check,65,0.0,,United Kingdom,INVALID_OR_ZERO_UNIT_PRICE,2026-09-07T10:20:38.157074
full_historical_baseline,573978,21644,check,27,0.0,,United Kingdom,INVALID_OR_ZERO_UNIT_PRICE,2026-09-07T10:20:38.157074
full_historical_baseline,573979,35968,check,9,0.0,,United Kingdom,INVALID_OR_ZERO_UNIT_PRICE,2026-09-07T10:20:38.157074
full_historical_baseline,573980,21539,check,4,0.0,,United Kingdom,INVALID_OR_ZERO_UNIT_PRICE,2026-09-07T10:20:38.157074
full_historical_baseline,573981,21700,check,26,0.0,,United Kingdom,INVALID_OR_ZERO_UNIT_PRICE,2026-09-07T10:20:38.157074
full_historical_baseline,573983,82600,check,3,0.0,,United Kingdom,INVALID_OR_ZERO_UNIT_PRICE,2026-09-07T10:20:38.157074
full_historical_baseline,573984,16207A,check,2,0.0,,United Kingdom,INVALID_OR_ZERO_UNIT_PRICE,2026-09-07T10:20:38.157074
full_historical_baseline,573985,22848,check,2,0.0,,United Kingdom,INVALID_OR_ZERO_UNIT_PRICE,2026-09-07T10:20:38.157074
full_historical_baseline,573986,84659A,check,19,0.0,,United Kingdom,INVALID_OR_ZERO_UNIT_PRICE,2026-09-07T10:20:38.157074
full_historical_baseline,573987,21349,check,1,0.0,,United Kingdom,INVALID_OR_ZERO_UNIT_PRICE,2026-09-07T10:20:38.157074
full_historical_baseline,573988,22925,check,1,0.0,,United Kingdom,INVALID_OR_ZERO_UNIT_PRICE,2026-09-07T10:20:38.157074
full_historical_baseline,573989,23091,check,2,0.0,,United Kingdom,INVALID_OR_ZERO_UNIT_PRICE,2026-09-07T10:20:38.157074
full_historical_baseline,573990,22606,check,1,0.0,,United Kingdom,INVALID_OR_ZERO_UNIT_PRICE,2026-09-07T10:20:38.157074
full_historical_baseline,573991,21804,check,36,0.0,,United Kingdom,INVALID_OR_ZERO_UNIT_PRICE,2026-09-07T10:20:38.157074
full_historical_baseline,574073,23579,,3,0.0,,United Kingdom,INVALID_OR_ZERO_UNIT_PRICE,2026-09-07T10:20:38.157074
full_historical_baseline,574094,22147,check,-80,0.0,,United Kingdom,INVALID_OR_ZERO_UNIT_PRICE,2026-09-07T10:20:38.157074
full_historical_baseline,574101,22180,,1,0.0,,United Kingdom,INVALID_OR_ZERO_UNIT_PRICE,2026-09-07T10:20:38.157074
full_historical_baseline,574123,22652,check,-111,0.0,,United Kingdom,INVALID_OR_ZERO_UNIT_PRICE,2026-09-07T10:20:38.157074
full_historical_baseline,574133,21071,,1,0.0,,United Kingdom,INVALID_OR_ZERO_UNIT_PRICE,2026-09-07T10:20:38.157074
full_historical_baseline,574138,23234,BISCUIT TIN VINTAGE CHRISTMAS,216,0.0,12415.0,Australia,INVALID_OR_ZERO_UNIT_PRICE,2026-09-07T10:20:38.157074
full_historical_baseline,574171,21818,check,-130,0.0,,United Kingdom,INVALID_OR_ZERO_UNIT_PRICE,2026-09-07T10:20:38.157074
full_historical_baseline,574173,35923,check,-42,0.0,,United Kingdom,INVALID_OR_ZERO_UNIT_PRICE,2026-09-07T10:20:38.157074
full_historical_baseline,574175,22065,CHRISTMAS PUDDING TRINKET POT ,12,0.0,14110.0,United Kingdom,INVALID_OR_ZERO_UNIT_PRICE,2026-09-07T10:20:38.157074
full_historical_baseline,574176,85054,check,-39,0.0,,United Kingdom,INVALID_OR_ZERO_UNIT_PRICE,2026-09-07T10:20:38.157074
full_historical_baseline,574198,21159,damaged,-40,0.0,,United Kingdom,INVALID_OR_ZERO_UNIT_PRICE,2026-09-07T10:20:38.157074
full_historical_baseline,574252,M,Manual,1,0.0,12437.0,France,INVALID_OR_ZERO_UNIT_PRICE,2026-09-07T10:20:38.157074
full_historical_baseline,574257,72818,,-3,0.0,,United Kingdom,INVALID_OR_ZERO_UNIT_PRICE,2026-09-07T10:20:38.157074
full_historical_baseline,574438,85054,found,27,0.0,,United Kingdom,INVALID_OR_ZERO_UNIT_PRICE,2026-09-07T10:20:38.157074
full_historical_baseline,574469,22385,JUMBO BAG SPACEBOY DESIGN,12,0.0,12431.0,Australia,INVALID_OR_ZERO_UNIT_PRICE,2026-09-07T10:20:38.157074
full_historical_baseline,574516,22162,,-24,0.0,,United Kingdom,INVALID_OR_ZERO_UNIT_PRICE,2026-09-07T10:20:38.157074
full_historical_baseline,574518,21174,,63,0.0,,United Kingdom,INVALID_OR_ZERO_UNIT_PRICE,2026-09-07T10:20:38.157074
full_historical_baseline,574520,21181,,-6,0.0,,United Kingdom,INVALID_OR_ZERO_UNIT_PRICE,2026-09-07T10:20:38.157074
full_historical_baseline,574577,21519,check,-80,0.0,,United Kingdom,INVALID_OR_ZERO_UNIT_PRICE,2026-09-07T10:20:38.157074
full_historical_baseline,574578,40001,check,-240,0.0,,United Kingdom,INVALID_OR_ZERO_UNIT_PRICE,2026-09-07T10:20:38.157074
full_historical_baseline,574579,72802B,check,-203,0.0,,United Kingdom,INVALID_OR_ZERO_UNIT_PRICE,2026-09-07T10:20:38.157074
full_historical_baseline,574580,20751,check,-35,0.0,,United Kingdom,INVALID_OR_ZERO_UNIT_PRICE,2026-09-07T10:20:38.157074
full_historical_baseline,574581,23187,check,-62,0.0,,United Kingdom,INVALID_OR_ZERO_UNIT_PRICE,2026-09-07T10:20:38.157074
full_historical_baseline,574582,84279P,check,-104,0.0,,United Kingdom,INVALID_OR_ZERO_UNIT_PRICE,2026-09-07T10:20:38.157074
full_historical_baseline,574583,22892,check,-62,0.0,,United Kingdom,INVALID_OR_ZERO_UNIT_PRICE,2026-09-07T10:20:38.157074
full_historical_baseline,574757,72802C,damages,-54,0.0,,United Kingdom,INVALID_OR_ZERO_UNIT_PRICE,2026-09-07T10:20:38.157074
full_historical_baseline,574816,85036C,damages wax,-1560,0.0,,United Kingdom,INVALID_OR_ZERO_UNIT_PRICE,2026-09-07T10:20:38.157074
full_historical_baseline,574822,85036B,damages wax,-1284,0.0,,United Kingdom,INVALID_OR_ZERO_UNIT_PRICE,2026-09-07T10:20:38.157074
full_historical_baseline,574879,22625,RED KITCHEN SCALES,2,0.0,13014.0,United Kingdom,INVALID_OR_ZERO_UNIT_PRICE,2026-09-07T10:20:38.157074
full_historical_baseline,574904,85017B,,11,0.0,,United Kingdom,INVALID_OR_ZERO_UNIT_PRICE,2026-09-07T10:20:38.157074
full_historical_baseline,574905,85017B,,-22,0.0,,United Kingdom,INVALID_OR_ZERO_UNIT_PRICE,2026-09-07T10:20:38.157074
full_historical_baseline,574906,85034A,damaged,-81,0.0,,United Kingdom,INVALID_OR_ZERO_UNIT_PRICE,2026-09-07T10:20:38.157074
full_historical_baseline,574920,22899,CHILDREN'S APRON DOLLY GIRL ,1,0.0,13985.0,United Kingdom,INVALID_OR_ZERO_UNIT_PRICE,2026-09-07T10:20:38.157074
full_historical_baseline,574920,23480,MINI LIGHTS WOODLAND MUSHROOMS,1,0.0,13985.0,United Kingdom,INVALID_OR_ZERO_UNIT_PRICE,2026-09-07T10:20:38.157074
full_historical_baseline,575048,84665,water damaged,-15,0.0,,United Kingdom,INVALID_OR_ZERO_UNIT_PRICE,2026-09-07T10:20:38.157074
full_historical_baseline,575175,84279P,found,84,0.0,,United Kingdom,INVALID_OR_ZERO_UNIT_PRICE,2026-09-07T10:20:38.157074
full_historical_baseline,575287,84508A,check,-39,0.0,,United Kingdom,INVALID_OR_ZERO_UNIT_PRICE,2026-09-07T10:20:38.157074
full_historical_baseline,575386,20977,,-16,0.0,,United Kingdom,INVALID_OR_ZERO_UNIT_PRICE,2026-09-07T10:20:38.157074
full_historical_baseline,575503,35933,,-2,0.0,,United Kingdom,INVALID_OR_ZERO_UNIT_PRICE,2026-09-07T10:20:38.157074
full_historical_baseline,575505,POST,,800,0.0,,United Kingdom,INVALID_OR_ZERO_UNIT_PRICE,2026-09-07T10:20:38.157074
full_historical_baseline,575506,C2,,150,0.0,,United Kingdom,INVALID_OR_ZERO_UNIT_PRICE,2026-09-07T10:20:38.157074
full_historical_baseline,575513,35965,,7,0.0,,United Kingdom,INVALID_OR_ZERO_UNIT_PRICE,2026-09-07T10:20:38.157074
full_historical_baseline,575518,10080,check,22,0.0,,United Kingdom,INVALID_OR_ZERO_UNIT_PRICE,2026-09-07T10:20:38.157074
full_historical_baseline,575579,22437,SET OF 9 BLACK SKULL BALLOONS,20,0.0,13081.0,United Kingdom,INVALID_OR_ZERO_UNIT_PRICE,2026-09-07T10:20:38.157074
full_historical_baseline,575579,22089,PAPER BUNTING VINTAGE PAISLEY,24,0.0,13081.0,United Kingdom,INVALID_OR_ZERO_UNIT_PRICE,2026-09-07T10:20:38.157074
full_historical_baseline,575613,23118,check,-6,0.0,,United Kingdom,INVALID_OR_ZERO_UNIT_PRICE,2026-09-07T10:20:38.157074
full_historical_baseline,575614,22121,check,-10,0.0,,United Kingdom,INVALID_OR_ZERO_UNIT_PRICE,2026-09-07T10:20:38.157074
full_historical_baseline,575615,82582,??,-130,0.0,,United Kingdom,INVALID_OR_ZERO_UNIT_PRICE,2026-09-07T10:20:38.157074
full_historical_baseline,575617,21014,check,-90,0.0,,United Kingdom,INVALID_OR_ZERO_UNIT_PRICE,2026-09-07T10:20:38.157074
full_historical_baseline,575625,35972,check,-3,0.0,,United Kingdom,INVALID_OR_ZERO_UNIT_PRICE,2026-09-07T10:20:38.157074
full_historical_baseline,575704,21843,smashed,-63,0.0,,United Kingdom,INVALID_OR_ZERO_UNIT_PRICE,2026-09-07T10:20:38.157074
full_historical_baseline,575714,85125,check,-64,0.0,,United Kingdom,INVALID_OR_ZERO_UNIT_PRICE,2026-09-07T10:20:38.157074
full_historical_baseline,575715,72802B,check,-36,0.0,,United Kingdom,INVALID_OR_ZERO_UNIT_PRICE,2026-09-07T10:20:38.157074
full_historical_baseline,575716,72802C,check,-21,0.0,,United Kingdom,INVALID_OR_ZERO_UNIT_PRICE,2026-09-07T10:20:38.157074
full_historical_baseline,575717,85175,check,-42,0.0,,United Kingdom,INVALID_OR_ZERO_UNIT_PRICE,2026-09-07T10:20:38.157074
full_historical_baseline,575719,35954,check,24,0.0,,United Kingdom,INVALID_OR_ZERO_UNIT_PRICE,2026-09-07T10:20:38.157074
full_historical_baseline,575720,21817,check,-8,0.0,,United Kingdom,INVALID_OR_ZERO_UNIT_PRICE,2026-09-07T10:20:38.157074
full_historical_baseline,575721,22804,Wrongly mrked had 85123a in box,-256,0.0,,United Kingdom,INVALID_OR_ZERO_UNIT_PRICE,2026-09-07T10:20:38.157074
full_historical_baseline,575722,85123A,wrongly marked carton 22804,-256,0.0,,United Kingdom,INVALID_OR_ZERO_UNIT_PRICE,2026-09-07T10:20:38.157074
full_historical_baseline,575748,23298,SPOTTY BUNTING,1,0.0,,United Kingdom,INVALID_OR_ZERO_UNIT_PRICE,2026-09-07T10:20:38.157074
full_historical_baseline,575907,22268,check,-10,0.0,,United Kingdom,INVALID_OR_ZERO_UNIT_PRICE,2026-09-07T10:20:38.157074
full_historical_baseline,575909,20711,check,-220,0.0,,United Kingdom,INVALID_OR_ZERO_UNIT_PRICE,2026-09-07T10:20:38.157074
full_historical_baseline,575912,22943,check,-7,0.0,,United Kingdom,INVALID_OR_ZERO_UNIT_PRICE,2026-09-07T10:20:38.157074
full_historical_baseline,576109,21181,adjustment,180,0.0,,United Kingdom,INVALID_OR_ZERO_UNIT_PRICE,2026-09-07T10:20:38.157074
full_historical_baseline,576110,35965,,5,0.0,,United Kingdom,INVALID_OR_ZERO_UNIT_PRICE,2026-09-07T10:20:38.157074
full_historical_baseline,576185,22575,missing?,-130,0.0,,United Kingdom,INVALID_OR_ZERO_UNIT_PRICE,2026-09-07T10:20:38.157074
full_historical_baseline,576192,22827,,4,0.0,,United Kingdom,INVALID_OR_ZERO_UNIT_PRICE,2026-09-07T10:20:38.157074
full_historical_baseline,576193,22827,,-8,0.0,,United Kingdom,INVALID_OR_ZERO_UNIT_PRICE,2026-09-07T10:20:38.157074
full_historical_baseline,576250,71279,damages,-74,0.0,,United Kingdom,INVALID_OR_ZERO_UNIT_PRICE,2026-09-07T10:20:38.157074
full_historical_baseline,576258,22812,,11,0.0,,United Kingdom,INVALID_OR_ZERO_UNIT_PRICE,2026-09-07T10:20:38.157074
full_historical_baseline,576299,21181,,16,0.0,,United Kingdom,INVALID_OR_ZERO_UNIT_PRICE,2026-09-07T10:20:38.157074
full_historical_baseline,576302,22812,,46,0.0,,United Kingdom,INVALID_OR_ZERO_UNIT_PRICE,2026-09-07T10:20:38.157074
full_historical_baseline,576336,21809,,16,0.0,,United Kingdom,INVALID_OR_ZERO_UNIT_PRICE,2026-09-07T10:20:38.157074
full_historical_baseline,576366,23072,damages,-50,0.0,,United Kingdom,INVALID_OR_ZERO_UNIT_PRICE,2026-09-07T10:20:38.157074
full_historical_baseline,576367,23071,damages,-65,0.0,,United Kingdom,INVALID_OR_ZERO_UNIT_PRICE,2026-09-07T10:20:38.157074
full_historical_baseline,576368,21135,wet rusty,-864,0.0,,United Kingdom,INVALID_OR_ZERO_UNIT_PRICE,2026-09-07T10:20:38.157074
full_historical_baseline,576369,21135,wet rusty,-288,0.0,,United Kingdom,INVALID_OR_ZERO_UNIT_PRICE,2026-09-07T10:20:38.157074
full_historical_baseline,576404,22687,,18,0.0,,United Kingdom,INVALID_OR_ZERO_UNIT_PRICE,2026-09-07T10:20:38.157074
full_historical_baseline,576407,47590B,check,-57,0.0,,United Kingdom,INVALID_OR_ZERO_UNIT_PRICE,2026-09-07T10:20:38.157074
full_historical_baseline,576410,71038,check,-16,0.0,,United Kingdom,INVALID_OR_ZERO_UNIT_PRICE,2026-09-07T10:20:38.157074
full_historical_baseline,576411,85111,check,-117,0.0,,United Kingdom,INVALID_OR_ZERO_UNIT_PRICE,2026-09-07T10:20:38.157074
full_historical_baseline,576413,17012C,check,-22,0.0,,United Kingdom,INVALID_OR_ZERO_UNIT_PRICE,2026-09-07T10:20:38.157074
full_historical_baseline,576414,17012F,check,14,0.0,,United Kingdom,INVALID_OR_ZERO_UNIT_PRICE,2026-09-07T10:20:38.157074
full_historical_baseline,576415,17012B,,-2,0.0,,United Kingdom,INVALID_OR_ZERO_UNIT_PRICE,2026-09-07T10:20:38.157074
full_historical_baseline,576419,85036B,check,-23,0.0,,United Kingdom,INVALID_OR_ZERO_UNIT_PRICE,2026-09-07T10:20:38.157074
full_historical_baseline,576424,85036C,check,-4,0.0,,United Kingdom,INVALID_OR_ZERO_UNIT_PRICE,2026-09-07T10:20:38.157074
full_historical_baseline,576426,21051,found,240,0.0,,United Kingdom,INVALID_OR_ZERO_UNIT_PRICE,2026-09-07T10:20:38.157074
full_historical_baseline,576431,22688,,15,0.0,,United Kingdom,INVALID_OR_ZERO_UNIT_PRICE,2026-09-07T10:20:38.157074
full_historical_baseline,576436,22943,check,-26,0.0,,United Kingdom,INVALID_OR_ZERO_UNIT_PRICE,2026-09-07T10:20:38.157074
full_historical_baseline,576473,21868,,-108,0.0,,United Kingdom,INVALID_OR_ZERO_UNIT_PRICE,2026-09-07T10:20:38.157074
full_historical_baseline,576509,21868,,144,0.0,,United Kingdom,INVALID_OR_ZERO_UNIT_PRICE,2026-09-07T10:20:38.157074
full_historical_baseline,576517,22121,,17,0.0,,United Kingdom,INVALID_OR_ZERO_UNIT_PRICE,2026-09-07T10:20:38.157074
full_historical_baseline,576547,21809,,56,0.0,,United Kingdom,INVALID_OR_ZERO_UNIT_PRICE,2026-09-07T10:20:38.157074
full_historical_baseline,576566,21830,,-186,0.0,,United Kingdom,INVALID_OR_ZERO_UNIT_PRICE,2026-09-07T10:20:38.157074
full_historical_baseline,576569,47504K,,-21,0.0,,United Kingdom,INVALID_OR_ZERO_UNIT_PRICE,2026-09-07T10:20:38.157074
full_historical_baseline,576578,22412,,-37,0.0,,United Kingdom,INVALID_OR_ZERO_UNIT_PRICE,2026-09-07T10:20:38.157074
full_historical_baseline,576580,22034,,-5,0.0,,United Kingdom,INVALID_OR_ZERO_UNIT_PRICE,2026-09-07T10:20:38.157074
full_historical_baseline,576585,84247E,,22,0.0,,United Kingdom,INVALID_OR_ZERO_UNIT_PRICE,2026-09-07T10:20:38.157074
full_historical_baseline,576594,21394,,1,0.0,,United Kingdom,INVALID_OR_ZERO_UNIT_PRICE,2026-09-07T10:20:38.157074
full_historical_baseline,576619,21054,,1,0.0,,United Kingdom,INVALID_OR_ZERO_UNIT_PRICE,2026-09-07T10:20:38.157074
full_historical_baseline,576620,16207A,,1,0.0,,United Kingdom,INVALID_OR_ZERO_UNIT_PRICE,2026-09-07T10:20:38.157074
full_historical_baseline,576632,21823,amazon adjust,10,0.0,,United Kingdom,INVALID_OR_ZERO_UNIT_PRICE,2026-09-07T10:20:38.157074
full_historical_baseline,576643,85127,found,6,0.0,,United Kingdom,INVALID_OR_ZERO_UNIT_PRICE,2026-09-07T10:20:38.157074
full_historical_baseline,576662,22570,,1,0.0,,United Kingdom,INVALID_OR_ZERO_UNIT_PRICE,2026-09-07T10:20:38.157074
full_historical_baseline,576673,22548,adjustment,4,0.0,,United Kingdom,INVALID_OR_ZERO_UNIT_PRICE,2026-09-07T10:20:38.157074
full_historical_baseline,576674,21823,damaged,-6,0.0,,United Kingdom,INVALID_OR_ZERO_UNIT_PRICE,2026-09-07T10:20:38.157074
full_historical_baseline,576675,37327,adjustment,3,0.0,,United Kingdom,INVALID_OR_ZERO_UNIT_PRICE,2026-09-07T10:20:38.157074
full_historical_baseline,576762,21744,check,-21,0.0,,United Kingdom,INVALID_OR_ZERO_UNIT_PRICE,2026-09-07T10:20:38.157074
full_historical_baseline,576763,23035,check,-64,0.0,,United Kingdom,INVALID_OR_ZERO_UNIT_PRICE,2026-09-07T10:20:38.157074
full_historical_baseline,576764,16008,check,-1510,0.0,,United Kingdom,INVALID_OR_ZERO_UNIT_PRICE,2026-09-07T10:20:38.157074
full_historical_baseline,576765,22219,???lost,-550,0.0,,United Kingdom,INVALID_OR_ZERO_UNIT_PRICE,2026-09-07T10:20:38.157074
full_historical_baseline,576766,85019B,check,15,0.0,,United Kingdom,INVALID_OR_ZERO_UNIT_PRICE,2026-09-07T10:20:38.157074
full_historical_baseline,576767,22339,check,-60,0.0,,United Kingdom,INVALID_OR_ZERO_UNIT_PRICE,2026-09-07T10:20:38.157074
full_historical_baseline,576773,22181,check,-92,0.0,,United Kingdom,INVALID_OR_ZERO_UNIT_PRICE,2026-09-07T10:20:38.157074
full_historical_baseline,576776,21811,check,-240,0.0,,United Kingdom,INVALID_OR_ZERO_UNIT_PRICE,2026-09-07T10:20:38.157074
full_historical_baseline,576777,22121,,4,0.0,,United Kingdom,INVALID_OR_ZERO_UNIT_PRICE,2026-09-07T10:20:38.157074
full_historical_baseline,576835,21618,,-2,0.0,,United Kingdom,INVALID_OR_ZERO_UNIT_PRICE,2026-09-07T10:20:38.157074
full_historical_baseline,576839,35818B,adjustment,-22,0.0,,United Kingdom,INVALID_OR_ZERO_UNIT_PRICE,2026-09-07T10:20:38.157074
full_historical_baseline,576843,10133,damaged,-82,0.0,,United Kingdom,INVALID_OR_ZERO_UNIT_PRICE,2026-09-07T10:20:38.157074
full_historical_baseline,577037,72817,dotcomstock,4,0.0,,United Kingdom,INVALID_OR_ZERO_UNIT_PRICE,2026-09-07T10:20:38.157074
full_historical_baseline,577102,21915,John Lewis,200,0.0,,United Kingdom,INVALID_OR_ZERO_UNIT_PRICE,2026-09-07T10:20:38.157074
full_historical_baseline,577111,22587,check,-41,0.0,,United Kingdom,INVALID_OR_ZERO_UNIT_PRICE,2026-09-07T10:20:38.157074
full_historical_baseline,577112,22586,check,-30,0.0,,United Kingdom,INVALID_OR_ZERO_UNIT_PRICE,2026-09-07T10:20:38.157074
full_historical_baseline,577113,22271,check,-43,0.0,,United Kingdom,INVALID_OR_ZERO_UNIT_PRICE,2026-09-07T10:20:38.157074
full_historical_baseline,577114,21786,check,-209,0.0,,United Kingdom,INVALID_OR_ZERO_UNIT_PRICE,2026-09-07T10:20:38.157074
full_historical_baseline,577115,85035C,check,-24,0.0,,United Kingdom,INVALID_OR_ZERO_UNIT_PRICE,2026-09-07T10:20:38.157074
full_historical_baseline,577116,21165,check,-28,0.0,,United Kingdom,INVALID_OR_ZERO_UNIT_PRICE,2026-09-07T10:20:38.157074
full_historical_baseline,577117,22149,check,34,0.0,,United Kingdom,INVALID_OR_ZERO_UNIT_PRICE,2026-09-07T10:20:38.157074
full_historical_baseline,577118,22286,check,-47,0.0,,United Kingdom,INVALID_OR_ZERO_UNIT_PRICE,2026-09-07T10:20:38.157074
full_historical_baseline,577119,22778,check,-10,0.0,,United Kingdom,INVALID_OR_ZERO_UNIT_PRICE,2026-09-07T10:20:38.157074
full_historical_baseline,577120,20752,check,-10,0.0,,United Kingdom,INVALID_OR_ZERO_UNIT_PRICE,2026-09-07T10:20:38.157074
full_historical_baseline,577122,23348,sold with wrong barcode,-57,0.0,,United Kingdom,INVALID_OR_ZERO_UNIT_PRICE,2026-09-07T10:20:38.157074
full_historical_baseline,577123,23288,check,-63,0.0,,United Kingdom,INVALID_OR_ZERO_UNIT_PRICE,2026-09-07T10:20:38.157074
full_historical_baseline,577124,22759,check,-327,0.0,,United Kingdom,INVALID_OR_ZERO_UNIT_PRICE,2026-09-07T10:20:38.157074
full_historical_baseline,577129,22464,HANGING METAL HEART LANTERN,4,0.0,15602.0,United Kingdom,INVALID_OR_ZERO_UNIT_PRICE,2026-09-07T10:20:38.157074
full_historical_baseline,577144,22759,found,96,0.0,,United Kingdom,INVALID_OR_ZERO_UNIT_PRICE,2026-09-07T10:20:38.157074
full_historical_baseline,577145,20832,check,110,0.0,,United Kingdom,INVALID_OR_ZERO_UNIT_PRICE,2026-09-07T10:20:38.157074
full_historical_baseline,577168,M,Manual,1,0.0,12603.0,Germany,INVALID_OR_ZERO_UNIT_PRICE,2026-09-07T10:20:38.157074
full_historical_baseline,577251,72802C,,1,0.0,,United Kingdom,INVALID_OR_ZERO_UNIT_PRICE,2026-09-07T10:20:38.157074
full_historical_baseline,577263,47503H,found,66,0.0,,United Kingdom,INVALID_OR_ZERO_UNIT_PRICE,2026-09-07T10:20:38.157074
full_historical_baseline,577264,85125,,3,0.0,,United Kingdom,INVALID_OR_ZERO_UNIT_PRICE,2026-09-07T10:20:38.157074
full_historical_baseline,577265,23268,,2,0.0,,United Kingdom,INVALID_OR_ZERO_UNIT_PRICE,2026-09-07T10:20:38.157074
full_historical_baseline,577304,20956,check,-152,0.0,,United Kingdom,INVALID_OR_ZERO_UNIT_PRICE,2026-09-07T10:20:38.157074
full_historical_baseline,577305,22946,check,-21,0.0,,United Kingdom,INVALID_OR_ZERO_UNIT_PRICE,2026-09-07T10:20:38.157074
full_historical_baseline,577306,72817,,12,0.0,,United Kingdom,INVALID_OR_ZERO_UNIT_PRICE,2026-09-07T10:20:38.157074
full_historical_baseline,577307,16169E,check,-313,0.0,,United Kingdom,INVALID_OR_ZERO_UNIT_PRICE,2026-09-07T10:20:38.157074
full_historical_baseline,577314,23407,SET OF 2 TRAYS HOME SWEET HOME,2,0.0,12444.0,Norway,INVALID_OR_ZERO_UNIT_PRICE,2026-09-07T10:20:38.157074
full_historical_baseline,577339,15060B,,9,0.0,,United Kingdom,INVALID_OR_ZERO_UNIT_PRICE,2026-09-07T10:20:38.157074
full_historical_baseline,577340,22570,,40,0.0,,United Kingdom,INVALID_OR_ZERO_UNIT_PRICE,2026-09-07T10:20:38.157074
full_historical_baseline,577608,35400,,5,0.0,,United Kingdom,INVALID_OR_ZERO_UNIT_PRICE,2026-09-07T10:20:38.157074
full_historical_baseline,577611,23118,dotcom adjust,10,0.0,,United Kingdom,INVALID_OR_ZERO_UNIT_PRICE,2026-09-07T10:20:38.157074
full_historical_baseline,577612,21181,dotcom,20,0.0,,United Kingdom,INVALID_OR_ZERO_UNIT_PRICE,2026-09-07T10:20:38.157074
full_historical_baseline,577696,M,Manual,1,0.0,16406.0,United Kingdom,INVALID_OR_ZERO_UNIT_PRICE,2026-09-07T10:20:38.157074
full_historical_baseline,577787,23055,rusty thrown away,-398,0.0,,United Kingdom,INVALID_OR_ZERO_UNIT_PRICE,2026-09-07T10:20:38.157074
full_historical_baseline,577788,23056,rusty throw away,-210,0.0,,United Kingdom,INVALID_OR_ZERO_UNIT_PRICE,2026-09-07T10:20:38.157074
full_historical_baseline,577789,23057,rusty throw away,-280,0.0,,United Kingdom,INVALID_OR_ZERO_UNIT_PRICE,2026-09-07T10:20:38.157074
full_historical_baseline,577829,85231G,amazon,1,0.0,,United Kingdom,INVALID_OR_ZERO_UNIT_PRICE,2026-09-07T10:20:38.157074
full_historical_baseline,577836,21888,check,-57,0.0,,United Kingdom,INVALID_OR_ZERO_UNIT_PRICE,2026-09-07T10:20:38.157074
full_historical_baseline,577942,21811,check,26,0.0,,United Kingdom,INVALID_OR_ZERO_UNIT_PRICE,2026-09-07T10:20:38.157074
full_historical_baseline,577944,47503A,check,56,0.0,,United Kingdom,INVALID_OR_ZERO_UNIT_PRICE,2026-09-07T10:20:38.157074
full_historical_baseline,577947,21992,check,13,0.0,,United Kingdom,INVALID_OR_ZERO_UNIT_PRICE,2026-09-07T10:20:38.157074
full_historical_baseline,577949,21804,check,44,0.0,,United Kingdom,INVALID_OR_ZERO_UNIT_PRICE,2026-09-07T10:20:38.157074
full_historical_baseline,577953,23348,check,5,0.0,,United Kingdom,INVALID_OR_ZERO_UNIT_PRICE,2026-09-07T10:20:38.157074
full_historical_baseline,577954,17136A,check,3,0.0,,United Kingdom,INVALID_OR_ZERO_UNIT_PRICE,2026-09-07T10:20:38.157074
full_historical_baseline,577956,21145,,3,0.0,,United Kingdom,INVALID_OR_ZERO_UNIT_PRICE,2026-09-07T10:20:38.157074
full_historical_baseline,577959,85107,check?,374,0.0,,United Kingdom,INVALID_OR_ZERO_UNIT_PRICE,2026-09-07T10:20:38.157074
full_historical_baseline,577961,23268,,2,0.0,,United Kingdom,INVALID_OR_ZERO_UNIT_PRICE,2026-09-07T10:20:38.157074
full_historical_baseline,577964,37489A,,2,0.0,,United Kingdom,INVALID_OR_ZERO_UNIT_PRICE,2026-09-07T10:20:38.157074
full_historical_baseline,577966,85045,,2,0.0,,United Kingdom,INVALID_OR_ZERO_UNIT_PRICE,2026-09-07T10:20:38.157074
full_historical_baseline,577968,85135B,,2,0.0,,United Kingdom,INVALID_OR_ZERO_UNIT_PRICE,2026-09-07T10:20:38.157074
full_historical_baseline,577970,85135A,,4,0.0,,United Kingdom,INVALID_OR_ZERO_UNIT_PRICE,2026-09-07T10:20:38.157074
full_historical_baseline,577971,22606,,1,0.0,,United Kingdom,INVALID_OR_ZERO_UNIT_PRICE,2026-09-07T10:20:38.157074
full_historical_baseline,577972,84663A,,1,0.0,,United Kingdom,INVALID_OR_ZERO_UNIT_PRICE,2026-09-07T10:20:38.157074
full_historical_baseline,577999,21018,damaged,-63,0.0,,United Kingdom,INVALID_OR_ZERO_UNIT_PRICE,2026-09-07T10:20:38.157074
full_historical_baseline,578095,23397,damaged,-9,0.0,,United Kingdom,INVALID_OR_ZERO_UNIT_PRICE,2026-09-07T10:20:38.157074
full_historical_baseline,578145,22579,dotcom,-40,0.0,,United Kingdom,INVALID_OR_ZERO_UNIT_PRICE,2026-09-07T10:20:38.157074
full_historical_baseline,578245,22568,?? missing,-170,0.0,,United Kingdom,INVALID_OR_ZERO_UNIT_PRICE,2026-09-07T10:20:38.157074
full_historical_baseline,578327,72807A,wet pallet,-504,0.0,,United Kingdom,INVALID_OR_ZERO_UNIT_PRICE,2026-09-07T10:20:38.157074
full_historical_baseline,578328,72807B,wet pallet,-696,0.0,,United Kingdom,INVALID_OR_ZERO_UNIT_PRICE,2026-09-07T10:20:38.157074
full_historical_baseline,578329,72807C,wet pallet,-408,0.0,,United Kingdom,INVALID_OR_ZERO_UNIT_PRICE,2026-09-07T10:20:38.157074
full_historical_baseline,578336,23579,,1,0.0,,United Kingdom,INVALID_OR_ZERO_UNIT_PRICE,2026-09-07T10:20:38.157074
full_historical_baseline,578337,23348,,1,0.0,,United Kingdom,INVALID_OR_ZERO_UNIT_PRICE,2026-09-07T10:20:38.157074
full_historical_baseline,578338,22125,,1,0.0,,United Kingdom,INVALID_OR_ZERO_UNIT_PRICE,2026-09-07T10:20:38.157074
full_historical_baseline,578340,22568,,8,0.0,,United Kingdom,INVALID_OR_ZERO_UNIT_PRICE,2026-09-07T10:20:38.157074
full_historical_baseline,578360,84971L,,2,0.0,,United Kingdom,INVALID_OR_ZERO_UNIT_PRICE,2026-09-07T10:20:38.157074
full_historical_baseline,578374,21937,found,50,0.0,,United Kingdom,INVALID_OR_ZERO_UNIT_PRICE,2026-09-07T10:20:38.157074
full_historical_baseline,578426,23131,,-12,0.0,,United Kingdom,INVALID_OR_ZERO_UNIT_PRICE,2026-09-07T10:20:38.157074
full_historical_baseline,578431,22579,,-18,0.0,,United Kingdom,INVALID_OR_ZERO_UNIT_PRICE,2026-09-07T10:20:38.157074
full_historical_baseline,578456,22579,,11,0.0,,United Kingdom,INVALID_OR_ZERO_UNIT_PRICE,2026-09-07T10:20:38.157074
full_historical_baseline,578473,72807B,damages,-101,0.0,,United Kingdom,INVALID_OR_ZERO_UNIT_PRICE,2026-09-07T10:20:38.157074
full_historical_baseline,578474,72807A,damages,-56,0.0,,United Kingdom,INVALID_OR_ZERO_UNIT_PRICE,2026-09-07T10:20:38.157074
full_historical_baseline,578475,72807C,damages,-149,0.0,,United Kingdom,INVALID_OR_ZERO_UNIT_PRICE,2026-09-07T10:20:38.157074
full_historical_baseline,578476,72807B,????missing,-124,0.0,,United Kingdom,INVALID_OR_ZERO_UNIT_PRICE,2026-09-07T10:20:38.157074
full_historical_baseline,578477,72807A,???missing,-224,0.0,,United Kingdom,INVALID_OR_ZERO_UNIT_PRICE,2026-09-07T10:20:38.157074
full_historical_baseline,578478,72807C,???missing,-428,0.0,,United Kingdom,INVALID_OR_ZERO_UNIT_PRICE,2026-09-07T10:20:38.157074
full_historical_baseline,578524,22810,check,-25,0.0,,United Kingdom,INVALID_OR_ZERO_UNIT_PRICE,2026-09-07T10:20:38.157074
full_historical_baseline,578525,22152,check,-179,0.0,,United Kingdom,INVALID_OR_ZERO_UNIT_PRICE,2026-09-07T10:20:38.157074
full_historical_baseline,578527,21819,check,-14,0.0,,United Kingdom,INVALID_OR_ZERO_UNIT_PRICE,2026-09-07T10:20:38.157074
full_historical_baseline,578528,22601,check,-20,0.0,,United Kingdom,INVALID_OR_ZERO_UNIT_PRICE,2026-09-07T10:20:38.157074
full_historical_baseline,578529,22087,,-23,0.0,,United Kingdom,INVALID_OR_ZERO_UNIT_PRICE,2026-09-07T10:20:38.157074
full_historical_baseline,578628,23541,,20,0.0,,United Kingdom,INVALID_OR_ZERO_UNIT_PRICE,2026-09-07T10:20:38.157074
full_historical_baseline,578629,22943,,24,0.0,,United Kingdom,INVALID_OR_ZERO_UNIT_PRICE,2026-09-07T10:20:38.157074
full_historical_baseline,578632,22579,,4,0.0,,United Kingdom,INVALID_OR_ZERO_UNIT_PRICE,2026-09-07T10:20:38.157074
full_historical_baseline,578691,85034A,check,24,0.0,,United Kingdom,INVALID_OR_ZERO_UNIT_PRICE,2026-09-07T10:20:38.157074
full_historical_baseline,578692,23157,check,212,0.0,,United Kingdom,INVALID_OR_ZERO_UNIT_PRICE,2026-09-07T10:20:38.157074
full_historical_baseline,578693,21811,,1,0.0,,United Kingdom,INVALID_OR_ZERO_UNIT_PRICE,2026-09-07T10:20:38.157074
full_historical_baseline,578700,72807A,AMAZON,1,0.0,,United Kingdom,INVALID_OR_ZERO_UNIT_PRICE,2026-09-07T10:20:38.157074
full_historical_baseline,578733,21643,damaged,-9,0.0,,United Kingdom,INVALID_OR_ZERO_UNIT_PRICE,2026-09-07T10:20:38.157074
full_historical_baseline,578738,21638,,-33,0.0,,United Kingdom,INVALID_OR_ZERO_UNIT_PRICE,2026-09-07T10:20:38.157074
full_historical_baseline,578837,35833P,check,-24,0.0,,United Kingdom,INVALID_OR_ZERO_UNIT_PRICE,2026-09-07T10:20:38.157074
full_historical_baseline,578838,21591,check,-267,0.0,,United Kingdom,INVALID_OR_ZERO_UNIT_PRICE,2026-09-07T10:20:38.157074
full_historical_baseline,578839,22959,check,-175,0.0,,United Kingdom,INVALID_OR_ZERO_UNIT_PRICE,2026-09-07T10:20:38.157074
full_historical_baseline,578840,22142,check,-70,0.0,,United Kingdom,INVALID_OR_ZERO_UNIT_PRICE,2026-09-07T10:20:38.157074
full_historical_baseline,578841,84826,ASSTD DESIGN 3D PAPER STICKERS,12540,0.0,13256.0,United Kingdom,INVALID_OR_ZERO_UNIT_PRICE,2026-09-07T10:20:38.157074
full_historical_baseline,578930,22848,AMAZON,1,0.0,,United Kingdom,INVALID_OR_ZERO_UNIT_PRICE,2026-09-07T10:20:38.157074
full_historical_baseline,579272,22812,,2,0.0,,United Kingdom,INVALID_OR_ZERO_UNIT_PRICE,2026-09-07T10:20:38.157074
full_historical_baseline,579275,22176,amazon,1,0.0,,United Kingdom,INVALID_OR_ZERO_UNIT_PRICE,2026-09-07T10:20:38.157074
full_historical_baseline,579429,20711,lost in space,-98,0.0,,United Kingdom,INVALID_OR_ZERO_UNIT_PRICE,2026-09-07T10:20:38.157074
full_historical_baseline,579460,21110,,-151,0.0,,United Kingdom,INVALID_OR_ZERO_UNIT_PRICE,2026-09-07T10:20:38.157074
full_historical_baseline,579500,22810,,33,0.0,,United Kingdom,INVALID_OR_ZERO_UNIT_PRICE,2026-09-07T10:20:38.157074
full_historical_baseline,579563,85135C,found,36,0.0,,United Kingdom,INVALID_OR_ZERO_UNIT_PRICE,2026-09-07T10:20:38.157074
full_historical_baseline,579680,22533,check,60,0.0,,United Kingdom,INVALID_OR_ZERO_UNIT_PRICE,2026-09-07T10:20:38.157074
full_historical_baseline,579681,21615,check,-26,0.0,,United Kingdom,INVALID_OR_ZERO_UNIT_PRICE,2026-09-07T10:20:38.157074
full_historical_baseline,579682,85172,check,-145,0.0,,United Kingdom,INVALID_OR_ZERO_UNIT_PRICE,2026-09-07T10:20:38.157074
full_historical_baseline,579683,21868,check,-28,0.0,,United Kingdom,INVALID_OR_ZERO_UNIT_PRICE,2026-09-07T10:20:38.157074
full_historical_baseline,579688,21116,,-33,0.0,,United Kingdom,INVALID_OR_ZERO_UNIT_PRICE,2026-09-07T10:20:38.157074
full_historical_baseline,579691,47503A,,-5,0.0,,United Kingdom,INVALID_OR_ZERO_UNIT_PRICE,2026-09-07T10:20:38.157074
full_historical_baseline,579731,35648,check,-46,0.0,,United Kingdom,INVALID_OR_ZERO_UNIT_PRICE,2026-09-07T10:20:38.157074
full_historical_baseline,579732,35648,check,-10,0.0,,United Kingdom,INVALID_OR_ZERO_UNIT_PRICE,2026-09-07T10:20:38.157074
full_historical_baseline,579733,84581,check,-41,0.0,,United Kingdom,INVALID_OR_ZERO_UNIT_PRICE,2026-09-07T10:20:38.157074
full_historical_baseline,579734,84859C,wet?,-153,0.0,,United Kingdom,INVALID_OR_ZERO_UNIT_PRICE,2026-09-07T10:20:38.157074
full_historical_baseline,579735,21793,check,-40,0.0,,United Kingdom,INVALID_OR_ZERO_UNIT_PRICE,2026-09-07T10:20:38.157074
full_historical_baseline,579738,21927,,8,0.0,,United Kingdom,INVALID_OR_ZERO_UNIT_PRICE,2026-09-07T10:20:38.157074
full_historical_baseline,579742,85204,lost??,-1131,0.0,,United Kingdom,INVALID_OR_ZERO_UNIT_PRICE,2026-09-07T10:20:38.157074
full_historical_baseline,579743,21810,check,-135,0.0,,United Kingdom,INVALID_OR_ZERO_UNIT_PRICE,2026-09-07T10:20:38.157074
full_historical_baseline,579745,22043,check,-40,0.0,,United Kingdom,INVALID_OR_ZERO_UNIT_PRICE,2026-09-07T10:20:38.157074
full_historical_baseline,579755,84912B,damaged,-14,0.0,,United Kingdom,INVALID_OR_ZERO_UNIT_PRICE,2026-09-07T10:20:38.157074
full_historical_baseline,579873,35819B,check,18,0.0,,United Kingdom,INVALID_OR_ZERO_UNIT_PRICE,2026-09-07T10:20:38.157074
full_historical_baseline,579879,22759,check,17,0.0,,United Kingdom,INVALID_OR_ZERO_UNIT_PRICE,2026-09-07T10:20:38.157074
full_historical_baseline,579880,22947,,5,0.0,,United Kingdom,INVALID_OR_ZERO_UNIT_PRICE,2026-09-07T10:20:38.157074
full_historical_baseline,580087,84341B,,-2,0.0,,United Kingdom,INVALID_OR_ZERO_UNIT_PRICE,2026-09-07T10:20:38.157074
full_historical_baseline,580145,22925,AMAZON,1,0.0,,United Kingdom,INVALID_OR_ZERO_UNIT_PRICE,2026-09-07T10:20:38.157074
full_historical_baseline,580197,22696,,6,0.0,,United Kingdom,INVALID_OR_ZERO_UNIT_PRICE,2026-09-07T10:20:38.157074
full_historical_baseline,580218,22577,check,-300,0.0,,United Kingdom,INVALID_OR_ZERO_UNIT_PRICE,2026-09-07T10:20:38.157074
full_historical_baseline,580359,20775,,-35,0.0,,United Kingdom,INVALID_OR_ZERO_UNIT_PRICE,2026-09-07T10:20:38.157074
full_historical_baseline,580366,22923,FRIDGE MAGNETS LES ENFANTS ASSORTED,6,0.0,,United Kingdom,INVALID_OR_ZERO_UNIT_PRICE,2026-09-07T10:20:38.157074
full_historical_baseline,580366,23169,CLASSIC GLASS COOKIE JAR,6,0.0,,United Kingdom,INVALID_OR_ZERO_UNIT_PRICE,2026-09-07T10:20:38.157074
full_historical_baseline,580366,DOT,DOTCOM POSTAGE,1,0.0,,United Kingdom,INVALID_OR_ZERO_UNIT_PRICE,2026-09-07T10:20:38.157074
full_historical_baseline,580376,22606,check,8,0.0,,United Kingdom,INVALID_OR_ZERO_UNIT_PRICE,2026-09-07T10:20:38.157074
full_historical_baseline,580377,84609,damages,-29,0.0,,United Kingdom,INVALID_OR_ZERO_UNIT_PRICE,2026-09-07T10:20:38.157074
full_historical_baseline,580378,22792,damages,-73,0.0,,United Kingdom,INVALID_OR_ZERO_UNIT_PRICE,2026-09-07T10:20:38.157074
full_historical_baseline,580379,72225C,,-144,0.0,,United Kingdom,INVALID_OR_ZERO_UNIT_PRICE,2026-09-07T10:20:38.157074
full_historical_baseline,580380,21620,check,-20,0.0,,United Kingdom,INVALID_OR_ZERO_UNIT_PRICE,2026-09-07T10:20:38.157074
full_historical_baseline,580381,21758,,-9,0.0,,United Kingdom,INVALID_OR_ZERO_UNIT_PRICE,2026-09-07T10:20:38.157074
full_historical_baseline,580382,16045,check,-900,0.0,,United Kingdom,INVALID_OR_ZERO_UNIT_PRICE,2026-09-07T10:20:38.157074
full_historical_baseline,580383,20652,check,-37,0.0,,United Kingdom,INVALID_OR_ZERO_UNIT_PRICE,2026-09-07T10:20:38.157074
full_historical_baseline,580390,21888,Amazon,1,0.0,,United Kingdom,INVALID_OR_ZERO_UNIT_PRICE,2026-09-07T10:20:38.157074
full_historical_baseline,580391,21868,Amazon,1,0.0,,United Kingdom,INVALID_OR_ZERO_UNIT_PRICE,2026-09-07T10:20:38.157074
full_historical_baseline,580546,23406,CHECK,-21,0.0,,United Kingdom,INVALID_OR_ZERO_UNIT_PRICE,2026-09-07T10:20:38.157074
full_historical_baseline,580547,21201,???,-390,0.0,,United Kingdom,INVALID_OR_ZERO_UNIT_PRICE,2026-09-07T10:20:38.157074
full_historical_baseline,580549,84876B,found,66,0.0,,United Kingdom,INVALID_OR_ZERO_UNIT_PRICE,2026-09-07T10:20:38.157074
full_historical_baseline,580561,22043,dotcom,-9,0.0,,United Kingdom,INVALID_OR_ZERO_UNIT_PRICE,2026-09-07T10:20:38.157074
full_historical_baseline,580580,21804,,10,0.0,,United Kingdom,INVALID_OR_ZERO_UNIT_PRICE,2026-09-07T10:20:38.157074
full_historical_baseline,580586,21804,dotcom,4,0.0,,United Kingdom,INVALID_OR_ZERO_UNIT_PRICE,2026-09-07T10:20:38.157074
full_historical_baseline,580588,21808,,5,0.0,,United Kingdom,INVALID_OR_ZERO_UNIT_PRICE,2026-09-07T10:20:38.157074
full_historical_baseline,580609,22927,Amazon,1,0.0,,United Kingdom,INVALID_OR_ZERO_UNIT_PRICE,2026-09-07T10:20:38.157074
full_historical_baseline,580743,47591B,,1,0.0,,United Kingdom,INVALID_OR_ZERO_UNIT_PRICE,2026-09-07T10:20:38.157074
full_historical_baseline,580990,21109,wet,-48,0.0,,United Kingdom,INVALID_OR_ZERO_UNIT_PRICE,2026-09-07T10:20:38.157074
full_historical_baseline,580991,22481,wet boxes,-288,0.0,,United Kingdom,INVALID_OR_ZERO_UNIT_PRICE,2026-09-07T10:20:38.157074
full_historical_baseline,581102,21803,,20,0.0,,United Kingdom,INVALID_OR_ZERO_UNIT_PRICE,2026-09-07T10:20:38.157074
full_historical_baseline,581103,22689,,4,0.0,,United Kingdom,INVALID_OR_ZERO_UNIT_PRICE,2026-09-07T10:20:38.157074
full_historical_baseline,581190,84801A,check,-102,0.0,,United Kingdom,INVALID_OR_ZERO_UNIT_PRICE,2026-09-07T10:20:38.157074
full_historical_baseline,581198,22025,check,-30,0.0,,United Kingdom,INVALID_OR_ZERO_UNIT_PRICE,2026-09-07T10:20:38.157074
full_historical_baseline,581199,84581,,-2,0.0,,United Kingdom,INVALID_OR_ZERO_UNIT_PRICE,2026-09-07T10:20:38.157074
full_historical_baseline,581200,84508C,check,-21,0.0,,United Kingdom,INVALID_OR_ZERO_UNIT_PRICE,2026-09-07T10:20:38.157074
full_historical_baseline,581201,22217,damages?,-155,0.0,,United Kingdom,INVALID_OR_ZERO_UNIT_PRICE,2026-09-07T10:20:38.157074
full_historical_baseline,581202,23404,check,41,0.0,,United Kingdom,INVALID_OR_ZERO_UNIT_PRICE,2026-09-07T10:20:38.157074
full_historical_baseline,581203,23406,,15,0.0,,United Kingdom,INVALID_OR_ZERO_UNIT_PRICE,2026-09-07T10:20:38.157074
full_historical_baseline,581204,85104,????damages????,-355,0.0,,United Kingdom,INVALID_OR_ZERO_UNIT_PRICE,2026-09-07T10:20:38.157074
full_historical_baseline,581205,20893,damages,-55,0.0,,United Kingdom,INVALID_OR_ZERO_UNIT_PRICE,2026-09-07T10:20:38.157074
full_historical_baseline,581206,21693,mixed up,-87,0.0,,United Kingdom,INVALID_OR_ZERO_UNIT_PRICE,2026-09-07T10:20:38.157074
full_historical_baseline,581207,21688,mixed up,-337,0.0,,United Kingdom,INVALID_OR_ZERO_UNIT_PRICE,2026-09-07T10:20:38.157074
full_historical_baseline,581208,72801C,check,-10,0.0,,United Kingdom,INVALID_OR_ZERO_UNIT_PRICE,2026-09-07T10:20:38.157074
full_historical_baseline,581209,21620,,6,0.0,,United Kingdom,INVALID_OR_ZERO_UNIT_PRICE,2026-09-07T10:20:38.157074
full_historical_baseline,581210,23395,check,-26,0.0,,United Kingdom,INVALID_OR_ZERO_UNIT_PRICE,2026-09-07T10:20:38.157074
full_historical_baseline,581211,22142,check,14,0.0,,United Kingdom,INVALID_OR_ZERO_UNIT_PRICE,2026-09-07T10:20:38.157074
full_historical_baseline,581212,22578,lost,-1050,0.0,,United Kingdom,INVALID_OR_ZERO_UNIT_PRICE,2026-09-07T10:20:38.157074
full_historical_baseline,581213,22576,check,-30,0.0,,United Kingdom,INVALID_OR_ZERO_UNIT_PRICE,2026-09-07T10:20:38.157074
full_historical_baseline,581226,23090,missing,-338,0.0,,United Kingdom,INVALID_OR_ZERO_UNIT_PRICE,2026-09-07T10:20:38.157074
full_historical_baseline,581234,72817,,27,0.0,,United Kingdom,INVALID_OR_ZERO_UNIT_PRICE,2026-09-07T10:20:38.157074
full_historical_baseline,581406,46000M,POLYESTER FILLER PAD 45x45cm,240,0.0,,United Kingdom,INVALID_OR_ZERO_UNIT_PRICE,2026-09-07T10:20:38.157074
full_historical_baseline,581406,46000S,POLYESTER FILLER PAD 40x40cm,300,0.0,,United Kingdom,INVALID_OR_ZERO_UNIT_PRICE,2026-09-07T10:20:38.157074
full_historical_baseline,581408,85175,,20,0.0,,United Kingdom,INVALID_OR_ZERO_UNIT_PRICE,2026-09-07T10:20:38.157074
full_historical_baseline,581422,23169,smashed,-235,0.0,,United Kingdom,INVALID_OR_ZERO_UNIT_PRICE,2026-09-07T10:20:38.157074
full_historical_baseline,581483,23843,"PAPER CRAFT , LITTLE BIRDIE",80995,2.08,16446.0,United Kingdom,INVALID_OR_ZERO_QUANTITY,2026-09-07T10:20:38.157074
full_historical_baseline,C581484,23843,"PAPER CRAFT , LITTLE BIRDIE",-80995,2.08,16446.0,United Kingdom,INVALID_OR_ZERO_QUANTITY,2026-09-07T10:20:38.157074
test_unit_batch,536367,22423,Plate,-5,1.25,13047,United Kingdom,INVALID_OR_ZERO_QUANTITY,2026-09-07T10:22:30.735937
test_unit_batch,536368,84029E,Napkin,0,0.0,13047,United Kingdom,INVALID_OR_ZERO_UNIT_PRICE,2026-09-07T10:22:30.735937
test_unit_batch,,84029G,Bowl,4,4.5,12000,United Kingdom,NULL_OR_EMPTY_INVOICE_NO,2026-09-07T10:22:30.735937
test_unit_batch,536367,22423,Plate,-5,1.25,13047,United Kingdom,INVALID_OR_ZERO_QUANTITY,2026-09-07T10:22:54.971121
test_unit_batch,536368,84029E,Napkin,0,0.0,13047,United Kingdom,INVALID_OR_ZERO_UNIT_PRICE,2026-09-07T10:22:54.971121
test_unit_batch,,84029G,Bowl,4,4.5,12000,United Kingdom,NULL_OR_EMPTY_INVOICE_NO,2026-09-07T10:22:54.971121
test_unit_batch,536367,22423,Plate,-5,1.25,13047,United Kingdom,INVALID_OR_ZERO_QUANTITY,2026-09-07T10:23:23.111098
test_unit_batch,536368,84029E,Napkin,0,0.0,13047,United Kingdom,INVALID_OR_ZERO_UNIT_PRICE,2026-09-07T10:23:23.111098
test_unit_batch,,84029G,Bowl,4,4.5,12000,United Kingdom,NULL_OR_EMPTY_INVOICE_NO,2026-09-07T10:23:23.111098
test_unit_batch,536367,22423,Plate,-5,1.25,13047,United Kingdom,INVALID_OR_ZERO_QUANTITY,2026-09-07T10:23:49.392129
test_unit_batch,536368,84029E,Napkin,0,0.0,13047,United Kingdom,INVALID_OR_ZERO_UNIT_PRICE,2026-09-07T10:23:49.392129
test_unit_batch,,84029G,Bowl,4,4.5,12000,United Kingdom,NULL_OR_EMPTY_INVOICE_NO,2026-09-07T10:23:49.392129
batch_2011_12,580087,84341B,,-2,0.0,,United Kingdom,INVALID_OR_ZERO_UNIT_PRICE,2026-09-07T10:24:26.617413
batch_2011_12,580145,22925,AMAZON,1,0.0,,United Kingdom,INVALID_OR_ZERO_UNIT_PRICE,2026-09-07T10:24:26.617413
batch_2011_12,580197,22696,,6,0.0,,United Kingdom,INVALID_OR_ZERO_UNIT_PRICE,2026-09-07T10:24:26.617413
batch_2011_12,580218,22577,check,-300,0.0,,United Kingdom,INVALID_OR_ZERO_UNIT_PRICE,2026-09-07T10:24:26.617413
batch_2011_12,580359,20775,,-35,0.0,,United Kingdom,INVALID_OR_ZERO_UNIT_PRICE,2026-09-07T10:24:26.617413
batch_2011_12,580366,22923,FRIDGE MAGNETS LES ENFANTS ASSORTED,6,0.0,,United Kingdom,INVALID_OR_ZERO_UNIT_PRICE,2026-09-07T10:24:26.617413
batch_2011_12,580366,23169,CLASSIC GLASS COOKIE JAR,6,0.0,,United Kingdom,INVALID_OR_ZERO_UNIT_PRICE,2026-09-07T10:24:26.617413
batch_2011_12,580366,DOT,DOTCOM POSTAGE,1,0.0,,United Kingdom,INVALID_OR_ZERO_UNIT_PRICE,2026-09-07T10:24:26.617413
batch_2011_12,580376,22606,check,8,0.0,,United Kingdom,INVALID_OR_ZERO_UNIT_PRICE,2026-09-07T10:24:26.617413
batch_2011_12,580377,84609,damages,-29,0.0,,United Kingdom,INVALID_OR_ZERO_UNIT_PRICE,2026-09-07T10:24:26.617413
batch_2011_12,580378,22792,damages,-73,0.0,,United Kingdom,INVALID_OR_ZERO_UNIT_PRICE,2026-09-07T10:24:26.617413
batch_2011_12,580379,72225C,,-144,0.0,,United Kingdom,INVALID_OR_ZERO_UNIT_PRICE,2026-09-07T10:24:26.617413
batch_2011_12,580380,21620,check,-20,0.0,,United Kingdom,INVALID_OR_ZERO_UNIT_PRICE,2026-09-07T10:24:26.617413
batch_2011_12,580381,21758,,-9,0.0,,United Kingdom,INVALID_OR_ZERO_UNIT_PRICE,2026-09-07T10:24:26.617413
batch_2011_12,580382,16045,check,-900,0.0,,United Kingdom,INVALID_OR_ZERO_UNIT_PRICE,2026-09-07T10:24:26.617413
batch_2011_12,580383,20652,check,-37,0.0,,United Kingdom,INVALID_OR_ZERO_UNIT_PRICE,2026-09-07T10:24:26.617413
batch_2011_12,580390,21888,Amazon,1,0.0,,United Kingdom,INVALID_OR_ZERO_UNIT_PRICE,2026-09-07T10:24:26.617413
batch_2011_12,580391,21868,Amazon,1,0.0,,United Kingdom,INVALID_OR_ZERO_UNIT_PRICE,2026-09-07T10:24:26.617413
batch_2011_12,580546,23406,CHECK,-21,0.0,,United Kingdom,INVALID_OR_ZERO_UNIT_PRICE,2026-09-07T10:24:26.617413
batch_2011_12,580547,21201,???,-390,0.0,,United Kingdom,INVALID_OR_ZERO_UNIT_PRICE,2026-09-07T10:24:26.617413
batch_2011_12,580549,84876B,found,66,0.0,,United Kingdom,INVALID_OR_ZERO_UNIT_PRICE,2026-09-07T10:24:26.617413
batch_2011_12,580561,22043,dotcom,-9,0.0,,United Kingdom,INVALID_OR_ZERO_UNIT_PRICE,2026-09-07T10:24:26.617413
batch_2011_12,580580,21804,,10,0.0,,United Kingdom,INVALID_OR_ZERO_UNIT_PRICE,2026-09-07T10:24:26.617413
batch_2011_12,580586,21804,dotcom,4,0.0,,United Kingdom,INVALID_OR_ZERO_UNIT_PRICE,2026-09-07T10:24:26.617413
batch_2011_12,580588,21808,,5,0.0,,United Kingdom,INVALID_OR_ZERO_UNIT_PRICE,2026-09-07T10:24:26.617413
batch_2011_12,580609,22927,Amazon,1,0.0,,United Kingdom,INVALID_OR_ZERO_UNIT_PRICE,2026-09-07T10:24:26.617413
batch_2011_12,580743,47591B,,1,0.0,,United Kingdom,INVALID_OR_ZERO_UNIT_PRICE,2026-09-07T10:24:26.617413
batch_2011_12,580990,21109,wet,-48,0.0,,United Kingdom,INVALID_OR_ZERO_UNIT_PRICE,2026-09-07T10:24:26.617413
batch_2011_12,580991,22481,wet boxes,-288,0.0,,United Kingdom,INVALID_OR_ZERO_UNIT_PRICE,2026-09-07T10:24:26.617413
batch_2011_12,581102,21803,,20,0.0,,United Kingdom,INVALID_OR_ZERO_UNIT_PRICE,2026-09-07T10:24:26.617413
batch_2011_12,581103,22689,,4,0.0,,United Kingdom,INVALID_OR_ZERO_UNIT_PRICE,2026-09-07T10:24:26.617413
batch_2011_12,581190,84801A,check,-102,0.0,,United Kingdom,INVALID_OR_ZERO_UNIT_PRICE,2026-09-07T10:24:26.617413
batch_2011_12,581198,22025,check,-30,0.0,,United Kingdom,INVALID_OR_ZERO_UNIT_PRICE,2026-09-07T10:24:26.617413
batch_2011_12,581199,84581,,-2,0.0,,United Kingdom,INVALID_OR_ZERO_UNIT_PRICE,2026-09-07T10:24:26.617413
batch_2011_12,581200,84508C,check,-21,0.0,,United Kingdom,INVALID_OR_ZERO_UNIT_PRICE,2026-09-07T10:24:26.617413
batch_2011_12,581201,22217,damages?,-155,0.0,,United Kingdom,INVALID_OR_ZERO_UNIT_PRICE,2026-09-07T10:24:26.617413
batch_2011_12,581202,23404,check,41,0.0,,United Kingdom,INVALID_OR_ZERO_UNIT_PRICE,2026-09-07T10:24:26.617413
batch_2011_12,581203,23406,,15,0.0,,United Kingdom,INVALID_OR_ZERO_UNIT_PRICE,2026-09-07T10:24:26.617413
batch_2011_12,581204,85104,????damages????,-355,0.0,,United Kingdom,INVALID_OR_ZERO_UNIT_PRICE,2026-09-07T10:24:26.617413
batch_2011_12,581205,20893,damages,-55,0.0,,United Kingdom,INVALID_OR_ZERO_UNIT_PRICE,2026-09-07T10:24:26.617413
batch_2011_12,581206,21693,mixed up,-87,0.0,,United Kingdom,INVALID_OR_ZERO_UNIT_PRICE,2026-09-07T10:24:26.617413
batch_2011_12,581207,21688,mixed up,-337,0.0,,United Kingdom,INVALID_OR_ZERO_UNIT_PRICE,2026-09-07T10:24:26.617413
batch_2011_12,581208,72801C,check,-10,0.0,,United Kingdom,INVALID_OR_ZERO_UNIT_PRICE,2026-09-07T10:24:26.617413
batch_2011_12,581209,21620,,6,0.0,,United Kingdom,INVALID_OR_ZERO_UNIT_PRICE,2026-09-07T10:24:26.617413
batch_2011_12,581210,23395,check,-26,0.0,,United Kingdom,INVALID_OR_ZERO_UNIT_PRICE,2026-09-07T10:24:26.617413
batch_2011_12,581211,22142,check,14,0.0,,United Kingdom,INVALID_OR_ZERO_UNIT_PRICE,2026-09-07T10:24:26.617413
batch_2011_12,581212,22578,lost,-1050,0.0,,United Kingdom,INVALID_OR_ZERO_UNIT_PRICE,2026-09-07T10:24:26.617413
batch_2011_12,581213,22576,check,-30,0.0,,United Kingdom,INVALID_OR_ZERO_UNIT_PRICE,2026-09-07T10:24:26.617413
batch_2011_12,581226,23090,missing,-338,0.0,,United Kingdom,INVALID_OR_ZERO_UNIT_PRICE,2026-09-07T10:24:26.617413
batch_2011_12,581234,72817,,27,0.0,,United Kingdom,INVALID_OR_ZERO_UNIT_PRICE,2026-09-07T10:24:26.617413
batch_2011_12,581406,46000M,POLYESTER FILLER PAD 45x45cm,240,0.0,,United Kingdom,INVALID_OR_ZERO_UNIT_PRICE,2026-09-07T10:24:26.617413
batch_2011_12,581406,46000S,POLYESTER FILLER PAD 40x40cm,300,0.0,,United Kingdom,INVALID_OR_ZERO_UNIT_PRICE,2026-09-07T10:24:26.617413
batch_2011_12,581408,85175,,20,0.0,,United Kingdom,INVALID_OR_ZERO_UNIT_PRICE,2026-09-07T10:24:26.617413
batch_2011_12,581422,23169,smashed,-235,0.0,,United Kingdom,INVALID_OR_ZERO_UNIT_PRICE,2026-09-07T10:24:26.617413
batch_2011_12,581483,23843,"PAPER CRAFT , LITTLE BIRDIE",80995,2.08,16446.0,United Kingdom,INVALID_OR_ZERO_QUANTITY,2026-09-07T10:24:26.617413
batch_2011_12,C581484,23843,"PAPER CRAFT , LITTLE BIRDIE",-80995,2.08,16446.0,United Kingdom,INVALID_OR_ZERO_QUANTITY,2026-09-07T10:24:26.617413
full_historical_baseline,536414,22139,,56,0.0,,United Kingdom,INVALID_OR_ZERO_UNIT_PRICE,2026-09-07T10:25:00.108037
full_historical_baseline,536545,21134,,1,0.0,,United Kingdom,INVALID_OR_ZERO_UNIT_PRICE,2026-09-07T10:25:00.108037
full_historical_baseline,536546,22145,,1,0.0,,United Kingdom,INVALID_OR_ZERO_UNIT_PRICE,2026-09-07T10:25:00.108037
full_historical_baseline,536547,37509,,1,0.0,,United Kingdom,INVALID_OR_ZERO_UNIT_PRICE,2026-09-07T10:25:00.108037
full_historical_baseline,536549,85226A,,1,0.0,,United Kingdom,INVALID_OR_ZERO_UNIT_PRICE,2026-09-07T10:25:00.108037
full_historical_baseline,536550,85044,,1,0.0,,United Kingdom,INVALID_OR_ZERO_UNIT_PRICE,2026-09-07T10:25:00.108037
full_historical_baseline,536552,20950,,1,0.0,,United Kingdom,INVALID_OR_ZERO_UNIT_PRICE,2026-09-07T10:25:00.108037
full_historical_baseline,536553,37461,,3,0.0,,United Kingdom,INVALID_OR_ZERO_UNIT_PRICE,2026-09-07T10:25:00.108037
full_historical_baseline,536554,84670,,23,0.0,,United Kingdom,INVALID_OR_ZERO_UNIT_PRICE,2026-09-07T10:25:00.108037
full_historical_baseline,536589,21777,,-10,0.0,,United Kingdom,INVALID_OR_ZERO_UNIT_PRICE,2026-09-07T10:25:00.108037
full_historical_baseline,536764,84952C,,-38,0.0,,United Kingdom,INVALID_OR_ZERO_UNIT_PRICE,2026-09-07T10:25:00.108037
full_historical_baseline,536765,84952C,,19,0.0,,United Kingdom,INVALID_OR_ZERO_UNIT_PRICE,2026-09-07T10:25:00.108037
full_historical_baseline,536941,22734,amazon,20,0.0,,United Kingdom,INVALID_OR_ZERO_UNIT_PRICE,2026-09-07T10:25:00.108037
full_historical_baseline,536942,22139,amazon,15,0.0,,United Kingdom,INVALID_OR_ZERO_UNIT_PRICE,2026-09-07T10:25:00.108037
full_historical_baseline,536995,35951,,57,0.0,,United Kingdom,INVALID_OR_ZERO_UNIT_PRICE,2026-09-07T10:25:00.108037
full_historical_baseline,536996,22712,,-20,0.0,,United Kingdom,INVALID_OR_ZERO_UNIT_PRICE,2026-09-07T10:25:00.108037
full_historical_baseline,536997,22028,,-20,0.0,,United Kingdom,INVALID_OR_ZERO_UNIT_PRICE,2026-09-07T10:25:00.108037
full_historical_baseline,536998,85067,,-6,0.0,,United Kingdom,INVALID_OR_ZERO_UNIT_PRICE,2026-09-07T10:25:00.108037
full_historical_baseline,536999,21421,,110,0.0,,United Kingdom,INVALID_OR_ZERO_UNIT_PRICE,2026-09-07T10:25:00.108037
full_historical_baseline,537000,21414,,-22,0.0,,United Kingdom,INVALID_OR_ZERO_UNIT_PRICE,2026-09-07T10:25:00.108037
full_historical_baseline,537001,21653,,-6,0.0,,United Kingdom,INVALID_OR_ZERO_UNIT_PRICE,2026-09-07T10:25:00.108037
full_historical_baseline,537002,21651,,70,0.0,,United Kingdom,INVALID_OR_ZERO_UNIT_PRICE,2026-09-07T10:25:00.108037
full_historical_baseline,537003,85126,,-2,0.0,,United Kingdom,INVALID_OR_ZERO_UNIT_PRICE,2026-09-07T10:25:00.108037
full_historical_baseline,537004,21814,,-30,0.0,,United Kingdom,INVALID_OR_ZERO_UNIT_PRICE,2026-09-07T10:25:00.108037
full_historical_baseline,537005,21692,,-70,0.0,,United Kingdom,INVALID_OR_ZERO_UNIT_PRICE,2026-09-07T10:25:00.108037
full_historical_baseline,537006,21648,,-130,0.0,,United Kingdom,INVALID_OR_ZERO_UNIT_PRICE,2026-09-07T10:25:00.108037
full_historical_baseline,537007,21172,,-80,0.0,,United Kingdom,INVALID_OR_ZERO_UNIT_PRICE,2026-09-07T10:25:00.108037
full_historical_baseline,537008,21161,,-120,0.0,,United Kingdom,INVALID_OR_ZERO_UNIT_PRICE,2026-09-07T10:25:00.108037
full_historical_baseline,537009,84534B,,-80,0.0,,United Kingdom,INVALID_OR_ZERO_UNIT_PRICE,2026-09-07T10:25:00.108037
full_historical_baseline,537010,22162,,-40,0.0,,United Kingdom,INVALID_OR_ZERO_UNIT_PRICE,2026-09-07T10:25:00.108037
full_historical_baseline,537011,22139,,-5,0.0,,United Kingdom,INVALID_OR_ZERO_UNIT_PRICE,2026-09-07T10:25:00.108037
full_historical_baseline,537012,21535,,-12,0.0,,United Kingdom,INVALID_OR_ZERO_UNIT_PRICE,2026-09-07T10:25:00.108037
full_historical_baseline,537013,35965,,-25,0.0,,United Kingdom,INVALID_OR_ZERO_UNIT_PRICE,2026-09-07T10:25:00.108037
full_historical_baseline,537014,21040,,-20,0.0,,United Kingdom,INVALID_OR_ZERO_UNIT_PRICE,2026-09-07T10:25:00.108037
full_historical_baseline,537015,37464,,-14,0.0,,United Kingdom,INVALID_OR_ZERO_UNIT_PRICE,2026-09-07T10:25:00.108037
full_historical_baseline,537016,21836,,-15,0.0,,United Kingdom,INVALID_OR_ZERO_UNIT_PRICE,2026-09-07T10:25:00.108037
full_historical_baseline,537017,47556B,,-69,0.0,,United Kingdom,INVALID_OR_ZERO_UNIT_PRICE,2026-09-07T10:25:00.108037
full_historical_baseline,537018,84562A,,-3,0.0,,United Kingdom,INVALID_OR_ZERO_UNIT_PRICE,2026-09-07T10:25:00.108037
full_historical_baseline,537019,37474,,-15,0.0,,United Kingdom,INVALID_OR_ZERO_UNIT_PRICE,2026-09-07T10:25:00.108037
full_historical_baseline,537020,21807,,-30,0.0,,United Kingdom,INVALID_OR_ZERO_UNIT_PRICE,2026-09-07T10:25:00.108037
full_historical_baseline,537021,21011,,-20,0.0,,United Kingdom,INVALID_OR_ZERO_UNIT_PRICE,2026-09-07T10:25:00.108037
full_historical_baseline,537027,18098C,,-140,0.0,,United Kingdom,INVALID_OR_ZERO_UNIT_PRICE,2026-09-07T10:25:00.108037
full_historical_baseline,537028,21696,,-320,0.0,,United Kingdom,INVALID_OR_ZERO_UNIT_PRICE,2026-09-07T10:25:00.108037
full_historical_baseline,537029,37476,,-6,0.0,,United Kingdom,INVALID_OR_ZERO_UNIT_PRICE,2026-09-07T10:25:00.108037
full_historical_baseline,537032,21275,?,-30,0.0,,United Kingdom,INVALID_OR_ZERO_UNIT_PRICE,2026-09-07T10:25:00.108037
full_historical_baseline,537197,22841,ROUND CAKE TIN VINTAGE GREEN,1,0.0,12647.0,Germany,INVALID_OR_ZERO_UNIT_PRICE,2026-09-07T10:25:00.108037
full_historical_baseline,537361,21777,,5,0.0,,United Kingdom,INVALID_OR_ZERO_UNIT_PRICE,2026-09-07T10:25:00.108037
full_historical_baseline,537363,84569B,,-20,0.0,,United Kingdom,INVALID_OR_ZERO_UNIT_PRICE,2026-09-07T10:25:00.108037
full_historical_baseline,537364,21027,,-70,0.0,,United Kingdom,INVALID_OR_ZERO_UNIT_PRICE,2026-09-07T10:25:00.108037
full_historical_baseline,537401,84898F,,-24,0.0,,United Kingdom,INVALID_OR_ZERO_UNIT_PRICE,2026-09-07T10:25:00.108037
full_historical_baseline,537425,84968F,check,-20,0.0,,United Kingdom,INVALID_OR_ZERO_UNIT_PRICE,2026-09-07T10:25:00.108037
full_historical_baseline,537426,84968E,check,-35,0.0,,United Kingdom,INVALID_OR_ZERO_UNIT_PRICE,2026-09-07T10:25:00.108037
full_historical_baseline,537427,84968B,,-21,0.0,,United Kingdom,INVALID_OR_ZERO_UNIT_PRICE,2026-09-07T10:25:00.108037
full_historical_baseline,537430,85215,,120,0.0,,United Kingdom,INVALID_OR_ZERO_UNIT_PRICE,2026-09-07T10:25:00.108037
full_historical_baseline,537432,35833G,damages,-43,0.0,,United Kingdom,INVALID_OR_ZERO_UNIT_PRICE,2026-09-07T10:25:00.108037
full_historical_baseline,537436,84270,,7,0.0,,United Kingdom,INVALID_OR_ZERO_UNIT_PRICE,2026-09-07T10:25:00.108037
full_historical_baseline,537437,90167,,10,0.0,,United Kingdom,INVALID_OR_ZERO_UNIT_PRICE,2026-09-07T10:25:00.108037
full_historical_baseline,537438,22959,,13,0.0,,United Kingdom,INVALID_OR_ZERO_UNIT_PRICE,2026-09-07T10:25:00.108037
full_historical_baseline,537439,37474,,1,0.0,,United Kingdom,INVALID_OR_ZERO_UNIT_PRICE,2026-09-07T10:25:00.108037
full_historical_baseline,537449,21054,,-30,0.0,,United Kingdom,INVALID_OR_ZERO_UNIT_PRICE,2026-09-07T10:25:00.108037
full_historical_baseline,537450,20684,,-19,0.0,,United Kingdom,INVALID_OR_ZERO_UNIT_PRICE,2026-09-07T10:25:00.108037
full_historical_baseline,537451,84881,,-11,0.0,,United Kingdom,INVALID_OR_ZERO_UNIT_PRICE,2026-09-07T10:25:00.108037
full_historical_baseline,537452,20941,,-24,0.0,,United Kingdom,INVALID_OR_ZERO_UNIT_PRICE,2026-09-07T10:25:00.108037
full_historical_baseline,537453,21248,,-18,0.0,,United Kingdom,INVALID_OR_ZERO_UNIT_PRICE,2026-09-07T10:25:00.108037
full_historical_baseline,537454,21349,,-44,0.0,,United Kingdom,INVALID_OR_ZERO_UNIT_PRICE,2026-09-07T10:25:00.108037
full_historical_baseline,537455,22155,,-70,0.0,,United Kingdom,INVALID_OR_ZERO_UNIT_PRICE,2026-09-07T10:25:00.108037
full_historical_baseline,537466,21488,,-50,0.0,,United Kingdom,INVALID_OR_ZERO_UNIT_PRICE,2026-09-07T10:25:00.108037
full_historical_baseline,537534,85064,CREAM SWEETHEART LETTER RACK,1,0.0,,United Kingdom,INVALID_OR_ZERO_UNIT_PRICE,2026-09-07T10:25:00.108037
full_historical_baseline,537534,84832,ZINC WILLIE WINKIE  CANDLE STICK,1,0.0,,United Kingdom,INVALID_OR_ZERO_UNIT_PRICE,2026-09-07T10:25:00.108037
full_historical_baseline,537534,84692,BOX OF 24 COCKTAIL PARASOLS,2,0.0,,United Kingdom,INVALID_OR_ZERO_UNIT_PRICE,2026-09-07T10:25:00.108037
full_historical_baseline,537534,48184,DOORMAT ENGLISH ROSE ,3,0.0,,United Kingdom,INVALID_OR_ZERO_UNIT_PRICE,2026-09-07T10:25:00.108037
full_historical_baseline,537534,48111,DOORMAT 3 SMILEY CATS,1,0.0,,United Kingdom,INVALID_OR_ZERO_UNIT_PRICE,2026-09-07T10:25:00.108037
full_historical_baseline,537534,22697,GREEN REGENCY TEACUP AND SAUCER,1,0.0,,United Kingdom,INVALID_OR_ZERO_UNIT_PRICE,2026-09-07T10:25:00.108037
full_historical_baseline,537534,22682,FRENCH BLUE METAL DOOR SIGN 7,1,0.0,,United Kingdom,INVALID_OR_ZERO_UNIT_PRICE,2026-09-07T10:25:00.108037
full_historical_baseline,537534,22680,FRENCH BLUE METAL DOOR SIGN 5,1,0.0,,United Kingdom,INVALID_OR_ZERO_UNIT_PRICE,2026-09-07T10:25:00.108037
full_historical_baseline,537534,22681,FRENCH BLUE METAL DOOR SIGN 6,2,0.0,,United Kingdom,INVALID_OR_ZERO_UNIT_PRICE,2026-09-07T10:25:00.108037
full_historical_baseline,537534,22679,FRENCH BLUE METAL DOOR SIGN 4,5,0.0,,United Kingdom,INVALID_OR_ZERO_UNIT_PRICE,2026-09-07T10:25:00.108037
full_historical_baseline,537534,22686,FRENCH BLUE METAL DOOR SIGN No,2,0.0,,United Kingdom,INVALID_OR_ZERO_UNIT_PRICE,2026-09-07T10:25:00.108037
full_historical_baseline,537534,22683,FRENCH BLUE METAL DOOR SIGN 8,3,0.0,,United Kingdom,INVALID_OR_ZERO_UNIT_PRICE,2026-09-07T10:25:00.108037
full_historical_baseline,537534,22676,FRENCH BLUE METAL DOOR SIGN 1,3,0.0,,United Kingdom,INVALID_OR_ZERO_UNIT_PRICE,2026-09-07T10:25:00.108037
full_historical_baseline,537534,22625,RED KITCHEN SCALES,1,0.0,,United Kingdom,INVALID_OR_ZERO_UNIT_PRICE,2026-09-07T10:25:00.108037
full_historical_baseline,537534,22624,IVORY KITCHEN SCALES,3,0.0,,United Kingdom,INVALID_OR_ZERO_UNIT_PRICE,2026-09-07T10:25:00.108037
full_historical_baseline,537534,22619,SET OF 6 SOLDIER SKITTLES,1,0.0,,United Kingdom,INVALID_OR_ZERO_UNIT_PRICE,2026-09-07T10:25:00.108037
full_historical_baseline,537534,22520,CHILDS GARDEN TROWEL BLUE ,1,0.0,,United Kingdom,INVALID_OR_ZERO_UNIT_PRICE,2026-09-07T10:25:00.108037
full_historical_baseline,537534,22524,CHILDRENS GARDEN GLOVES BLUE,3,0.0,,United Kingdom,INVALID_OR_ZERO_UNIT_PRICE,2026-09-07T10:25:00.108037
full_historical_baseline,537534,22502,PICNIC BASKET WICKER SMALL,29,0.0,,United Kingdom,INVALID_OR_ZERO_UNIT_PRICE,2026-09-07T10:25:00.108037
full_historical_baseline,537534,22501,PICNIC BASKET WICKER LARGE,2,0.0,,United Kingdom,INVALID_OR_ZERO_UNIT_PRICE,2026-09-07T10:25:00.108037
full_historical_baseline,537534,22476,EMPIRE UNION JACK TV DINNER TRAY,1,0.0,,United Kingdom,INVALID_OR_ZERO_UNIT_PRICE,2026-09-07T10:25:00.108037
full_historical_baseline,537534,22473,TV DINNER TRAY VINTAGE PAISLEY,1,0.0,,United Kingdom,INVALID_OR_ZERO_UNIT_PRICE,2026-09-07T10:25:00.108037
full_historical_baseline,537534,22474,SPACEBOY TV DINNER TRAY,1,0.0,,United Kingdom,INVALID_OR_ZERO_UNIT_PRICE,2026-09-07T10:25:00.108037
full_historical_baseline,537534,22472,TV DINNER TRAY DOLLY GIRL,1,0.0,,United Kingdom,INVALID_OR_ZERO_UNIT_PRICE,2026-09-07T10:25:00.108037
full_historical_baseline,537534,22520,CHILDS GARDEN TROWEL BLUE ,1,0.0,,United Kingdom,INVALID_OR_ZERO_UNIT_PRICE,2026-09-07T10:25:00.108037
full_historical_baseline,537534,22514,CHILDS GARDEN SPADE BLUE,1,0.0,,United Kingdom,INVALID_OR_ZERO_UNIT_PRICE,2026-09-07T10:25:00.108037
full_historical_baseline,537534,22516,CHILDS GARDEN RAKE BLUE,1,0.0,,United Kingdom,INVALID_OR_ZERO_UNIT_PRICE,2026-09-07T10:25:00.108037
full_historical_baseline,537534,22432,WATERING CAN PINK BUNNY,1,0.0,,United Kingdom,INVALID_OR_ZERO_UNIT_PRICE,2026-09-07T10:25:00.108037
full_historical_baseline,537534,22428,ENAMEL FIRE BUCKET CREAM,3,0.0,,United Kingdom,INVALID_OR_ZERO_UNIT_PRICE,2026-09-07T10:25:00.108037
full_historical_baseline,537534,22427,ENAMEL FLOWER JUG CREAM,1,0.0,,United Kingdom,INVALID_OR_ZERO_UNIT_PRICE,2026-09-07T10:25:00.108037
full_historical_baseline,537534,22376,AIRLINE BAG VINTAGE JET SET WHITE,1,0.0,,United Kingdom,INVALID_OR_ZERO_UNIT_PRICE,2026-09-07T10:25:00.108037
full_historical_baseline,537534,22375,AIRLINE BAG VINTAGE JET SET BROWN,1,0.0,,United Kingdom,INVALID_OR_ZERO_UNIT_PRICE,2026-09-07T10:25:00.108037
full_historical_baseline,537534,22372,AIRLINE BAG VINTAGE WORLD CHAMPION ,1,0.0,,United Kingdom,INVALID_OR_ZERO_UNIT_PRICE,2026-09-07T10:25:00.108037
full_historical_baseline,537534,22371,AIRLINE BAG VINTAGE TOKYO 78,5,0.0,,United Kingdom,INVALID_OR_ZERO_UNIT_PRICE,2026-09-07T10:25:00.108037
full_historical_baseline,537534,22620,4 TRADITIONAL SPINNING TOPS,1,0.0,,United Kingdom,INVALID_OR_ZERO_UNIT_PRICE,2026-09-07T10:25:00.108037
full_historical_baseline,537534,22624,IVORY KITCHEN SCALES,1,0.0,,United Kingdom,INVALID_OR_ZERO_UNIT_PRICE,2026-09-07T10:25:00.108037
full_historical_baseline,537534,22109,FULL ENGLISH BREAKFAST PLATE,1,0.0,,United Kingdom,INVALID_OR_ZERO_UNIT_PRICE,2026-09-07T10:25:00.108037
full_historical_baseline,537534,22367,CHILDRENS APRON SPACEBOY DESIGN,1,0.0,,United Kingdom,INVALID_OR_ZERO_UNIT_PRICE,2026-09-07T10:25:00.108037
full_historical_baseline,537534,22366,DOORMAT AIRMAIL ,1,0.0,,United Kingdom,INVALID_OR_ZERO_UNIT_PRICE,2026-09-07T10:25:00.108037
full_historical_baseline,537534,22364,GLASS JAR DIGESTIVE BISCUITS,1,0.0,,United Kingdom,INVALID_OR_ZERO_UNIT_PRICE,2026-09-07T10:25:00.108037
full_historical_baseline,537534,22362,GLASS JAR PEACOCK BATH SALTS,3,0.0,,United Kingdom,INVALID_OR_ZERO_UNIT_PRICE,2026-09-07T10:25:00.108037
full_historical_baseline,537534,22360,GLASS JAR ENGLISH CONFECTIONERY,1,0.0,,United Kingdom,INVALID_OR_ZERO_UNIT_PRICE,2026-09-07T10:25:00.108037
full_historical_baseline,537534,22361,GLASS JAR DAISY FRESH COTTON WOOL,2,0.0,,United Kingdom,INVALID_OR_ZERO_UNIT_PRICE,2026-09-07T10:25:00.108037
full_historical_baseline,537534,22359,GLASS JAR KINGS CHOICE,1,0.0,,United Kingdom,INVALID_OR_ZERO_UNIT_PRICE,2026-09-07T10:25:00.108037
full_historical_baseline,537534,22353,LUNCH BOX WITH CUTLERY FAIRY CAKES ,1,0.0,,United Kingdom,INVALID_OR_ZERO_UNIT_PRICE,2026-09-07T10:25:00.108037
full_historical_baseline,537534,22350,ILLUSTRATED CAT BOWL ,1,0.0,,United Kingdom,INVALID_OR_ZERO_UNIT_PRICE,2026-09-07T10:25:00.108037
full_historical_baseline,537534,22327,ROUND SNACK BOXES SET OF 4 SKULLS,1,0.0,,United Kingdom,INVALID_OR_ZERO_UNIT_PRICE,2026-09-07T10:25:00.108037
full_historical_baseline,537534,21116,OWL DOORSTOP,1,0.0,,United Kingdom,INVALID_OR_ZERO_UNIT_PRICE,2026-09-07T10:25:00.108037
full_historical_baseline,537534,22202,MILK PAN PINK POLKADOT,2,0.0,,United Kingdom,INVALID_OR_ZERO_UNIT_PRICE,2026-09-07T10:25:00.108037
full_historical_baseline,537534,22550,HOLIDAY FUN LUDO,1,0.0,,United Kingdom,INVALID_OR_ZERO_UNIT_PRICE,2026-09-07T10:25:00.108037
full_historical_baseline,537534,21912,VINTAGE SNAKES & LADDERS,1,0.0,,United Kingdom,INVALID_OR_ZERO_UNIT_PRICE,2026-09-07T10:25:00.108037
full_historical_baseline,537534,21891,TRADITIONAL WOODEN SKIPPING ROPE,1,0.0,,United Kingdom,INVALID_OR_ZERO_UNIT_PRICE,2026-09-07T10:25:00.108037
full_historical_baseline,537534,21559,STRAWBERRY LUNCH BOX WITH CUTLERY,1,0.0,,United Kingdom,INVALID_OR_ZERO_UNIT_PRICE,2026-09-07T10:25:00.108037
full_historical_baseline,537534,21531,RED RETROSPOT SUGAR JAM BOWL,2,0.0,,United Kingdom,INVALID_OR_ZERO_UNIT_PRICE,2026-09-07T10:25:00.108037
full_historical_baseline,537534,20726,LUNCH BAG WOODLAND,1,0.0,,United Kingdom,INVALID_OR_ZERO_UNIT_PRICE,2026-09-07T10:25:00.108037
full_historical_baseline,537534,20652,BLUE POLKADOT LUGGAGE TAG ,1,0.0,,United Kingdom,INVALID_OR_ZERO_UNIT_PRICE,2026-09-07T10:25:00.108037
full_historical_baseline,537534,20615,BLUE POLKADOT PASSPORT COVER,1,0.0,,United Kingdom,INVALID_OR_ZERO_UNIT_PRICE,2026-09-07T10:25:00.108037
full_historical_baseline,537639,22734,amazon,30,0.0,,United Kingdom,INVALID_OR_ZERO_UNIT_PRICE,2026-09-07T10:25:00.108037
full_historical_baseline,537640,21232,STRAWBERRY CERAMIC TRINKET BOX,1,0.0,,United Kingdom,INVALID_OR_ZERO_UNIT_PRICE,2026-09-07T10:25:00.108037
full_historical_baseline,537687,84840,,-9,0.0,,United Kingdom,INVALID_OR_ZERO_UNIT_PRICE,2026-09-07T10:25:00.108037
full_historical_baseline,537870,21486,,-77,0.0,,United Kingdom,INVALID_OR_ZERO_UNIT_PRICE,2026-09-07T10:25:00.108037
full_historical_baseline,537872,21595,,1,0.0,,United Kingdom,INVALID_OR_ZERO_UNIT_PRICE,2026-09-07T10:25:00.108037
full_historical_baseline,537873,37461,,1,0.0,,United Kingdom,INVALID_OR_ZERO_UNIT_PRICE,2026-09-07T10:25:00.108037
full_historical_baseline,537874,85170A,,1,0.0,,United Kingdom,INVALID_OR_ZERO_UNIT_PRICE,2026-09-07T10:25:00.108037
full_historical_baseline,537875,20849,,1,0.0,,United Kingdom,INVALID_OR_ZERO_UNIT_PRICE,2026-09-07T10:25:00.108037
full_historical_baseline,537876,84977,,2,0.0,,United Kingdom,INVALID_OR_ZERO_UNIT_PRICE,2026-09-07T10:25:00.108037
full_historical_baseline,537877,21661,,1,0.0,,United Kingdom,INVALID_OR_ZERO_UNIT_PRICE,2026-09-07T10:25:00.108037
full_historical_baseline,537878,72803B,,1,0.0,,United Kingdom,INVALID_OR_ZERO_UNIT_PRICE,2026-09-07T10:25:00.108037
full_historical_baseline,537999,22034,,-223,0.0,,United Kingdom,INVALID_OR_ZERO_UNIT_PRICE,2026-09-07T10:25:00.108037
full_historical_baseline,538001,35958,,10,0.0,,United Kingdom,INVALID_OR_ZERO_UNIT_PRICE,2026-09-07T10:25:00.108037
full_historical_baseline,538004,22114,,144,0.0,,United Kingdom,INVALID_OR_ZERO_UNIT_PRICE,2026-09-07T10:25:00.108037
full_historical_baseline,538036,21690,,34,0.0,,United Kingdom,INVALID_OR_ZERO_UNIT_PRICE,2026-09-07T10:25:00.108037
full_historical_baseline,538038,21488,,8,0.0,,United Kingdom,INVALID_OR_ZERO_UNIT_PRICE,2026-09-07T10:25:00.108037
full_historical_baseline,538039,22139,,7,0.0,,United Kingdom,INVALID_OR_ZERO_UNIT_PRICE,2026-09-07T10:25:00.108037
full_historical_baseline,538041,22145,,30,0.0,,United Kingdom,INVALID_OR_ZERO_UNIT_PRICE,2026-09-07T10:25:00.108037
full_historical_baseline,538042,21763,,-4,0.0,,United Kingdom,INVALID_OR_ZERO_UNIT_PRICE,2026-09-07T10:25:00.108037
full_historical_baseline,538043,22833,,-1,0.0,,United Kingdom,INVALID_OR_ZERO_UNIT_PRICE,2026-09-07T10:25:00.108037
full_historical_baseline,538045,84688,,27,0.0,,United Kingdom,INVALID_OR_ZERO_UNIT_PRICE,2026-09-07T10:25:00.108037
full_historical_baseline,538046,85008,,-15,0.0,,United Kingdom,INVALID_OR_ZERO_UNIT_PRICE,2026-09-07T10:25:00.108037
full_historical_baseline,538047,21429,,-70,0.0,,United Kingdom,INVALID_OR_ZERO_UNIT_PRICE,2026-09-07T10:25:00.108037
full_historical_baseline,538054,85167B,,-24,0.0,,United Kingdom,INVALID_OR_ZERO_UNIT_PRICE,2026-09-07T10:25:00.108037
full_historical_baseline,538055,22454,,-20,0.0,,United Kingdom,INVALID_OR_ZERO_UNIT_PRICE,2026-09-07T10:25:00.108037
full_historical_baseline,538058,20966,,-150,0.0,,United Kingdom,INVALID_OR_ZERO_UNIT_PRICE,2026-09-07T10:25:00.108037
full_historical_baseline,538061,21801,,-38,0.0,,United Kingdom,INVALID_OR_ZERO_UNIT_PRICE,2026-09-07T10:25:00.108037
full_historical_baseline,538071,22585,PACK OF 6 BIRDY GIFT TAGS,1,0.0,,United Kingdom,INVALID_OR_ZERO_UNIT_PRICE,2026-09-07T10:25:00.108037
full_historical_baseline,538072,22423,faulty,-13,0.0,,United Kingdom,INVALID_OR_ZERO_UNIT_PRICE,2026-09-07T10:25:00.108037
full_historical_baseline,538074,21743,,-80,0.0,,United Kingdom,INVALID_OR_ZERO_UNIT_PRICE,2026-09-07T10:25:00.108037
full_historical_baseline,538090,20956,?,-723,0.0,,United Kingdom,INVALID_OR_ZERO_UNIT_PRICE,2026-09-07T10:25:00.108037
full_historical_baseline,538092,37467,,-177,0.0,,United Kingdom,INVALID_OR_ZERO_UNIT_PRICE,2026-09-07T10:25:00.108037
full_historical_baseline,538128,21357,,46,0.0,,United Kingdom,INVALID_OR_ZERO_UNIT_PRICE,2026-09-07T10:25:00.108037
full_historical_baseline,538129,84497,,79,0.0,,United Kingdom,INVALID_OR_ZERO_UNIT_PRICE,2026-09-07T10:25:00.108037
full_historical_baseline,538130,90042C,,10,0.0,,United Kingdom,INVALID_OR_ZERO_UNIT_PRICE,2026-09-07T10:25:00.108037
full_historical_baseline,538131,17091A,,84,0.0,,United Kingdom,INVALID_OR_ZERO_UNIT_PRICE,2026-09-07T10:25:00.108037
full_historical_baseline,538132,84773,,3,0.0,,United Kingdom,INVALID_OR_ZERO_UNIT_PRICE,2026-09-07T10:25:00.108037
full_historical_baseline,538133,85018C,,3,0.0,,United Kingdom,INVALID_OR_ZERO_UNIT_PRICE,2026-09-07T10:25:00.108037
full_historical_baseline,538134,20878,,2,0.0,,United Kingdom,INVALID_OR_ZERO_UNIT_PRICE,2026-09-07T10:25:00.108037
full_historical_baseline,538135,21186,,2,0.0,,United Kingdom,INVALID_OR_ZERO_UNIT_PRICE,2026-09-07T10:25:00.108037
full_historical_baseline,538136,37509,,2,0.0,,United Kingdom,INVALID_OR_ZERO_UNIT_PRICE,2026-09-07T10:25:00.108037
full_historical_baseline,538137,62095B,,2,0.0,,United Kingdom,INVALID_OR_ZERO_UNIT_PRICE,2026-09-07T10:25:00.108037
full_historical_baseline,538138,72814,,2,0.0,,United Kingdom,INVALID_OR_ZERO_UNIT_PRICE,2026-09-07T10:25:00.108037
full_historical_baseline,538139,84802A,,2,0.0,,United Kingdom,INVALID_OR_ZERO_UNIT_PRICE,2026-09-07T10:25:00.108037
full_historical_baseline,538140,90002D,,9,0.0,,United Kingdom,INVALID_OR_ZERO_UNIT_PRICE,2026-09-07T10:25:00.108037
full_historical_baseline,538141,22218,,2,0.0,,United Kingdom,INVALID_OR_ZERO_UNIT_PRICE,2026-09-07T10:25:00.108037
full_historical_baseline,538142,84247C,,1,0.0,,United Kingdom,INVALID_OR_ZERO_UNIT_PRICE,2026-09-07T10:25:00.108037
full_historical_baseline,538143,84534B,,1,0.0,,United Kingdom,INVALID_OR_ZERO_UNIT_PRICE,2026-09-07T10:25:00.108037
full_historical_baseline,538144,90042B,,1,0.0,,United Kingdom,INVALID_OR_ZERO_UNIT_PRICE,2026-09-07T10:25:00.108037
full_historical_baseline,538158,20892,,-32,0.0,,United Kingdom,INVALID_OR_ZERO_UNIT_PRICE,2026-09-07T10:25:00.108037
full_historical_baseline,538159,21324,,-18,0.0,,United Kingdom,INVALID_OR_ZERO_UNIT_PRICE,2026-09-07T10:25:00.108037
full_historical_baseline,538160,20956,,288,0.0,,United Kingdom,INVALID_OR_ZERO_UNIT_PRICE,2026-09-07T10:25:00.108037
full_historical_baseline,538161,46000S,Dotcom sales,-100,0.0,,United Kingdom,INVALID_OR_ZERO_UNIT_PRICE,2026-09-07T10:25:00.108037
full_historical_baseline,538162,46000M,Dotcom sales,-100,0.0,,United Kingdom,INVALID_OR_ZERO_UNIT_PRICE,2026-09-07T10:25:00.108037
full_historical_baseline,538173,22353,,-28,0.0,,United Kingdom,INVALID_OR_ZERO_UNIT_PRICE,2026-09-07T10:25:00.108037
full_historical_baseline,538241,21431,,-21,0.0,,United Kingdom,INVALID_OR_ZERO_UNIT_PRICE,2026-09-07T10:25:00.108037
full_historical_baseline,538247,79067,,-145,0.0,,United Kingdom,INVALID_OR_ZERO_UNIT_PRICE,2026-09-07T10:25:00.108037
full_historical_baseline,538249,85084,,25,0.0,,United Kingdom,INVALID_OR_ZERO_UNIT_PRICE,2026-09-07T10:25:00.108037
full_historical_baseline,538348,22734,amazon,30,0.0,,United Kingdom,INVALID_OR_ZERO_UNIT_PRICE,2026-09-07T10:25:00.108037
full_historical_baseline,538359,35958,,2,0.0,,United Kingdom,INVALID_OR_ZERO_UNIT_PRICE,2026-09-07T10:25:00.108037
full_historical_baseline,538360,35004P,,1,0.0,,United Kingdom,INVALID_OR_ZERO_UNIT_PRICE,2026-09-07T10:25:00.108037
full_historical_baseline,538837,85135B,,-40,0.0,,United Kingdom,INVALID_OR_ZERO_UNIT_PRICE,2026-09-07T10:25:00.108037
full_historical_baseline,538861,22444,,460,0.0,,United Kingdom,INVALID_OR_ZERO_UNIT_PRICE,2026-09-07T10:25:00.108037
full_historical_baseline,538873,22734,amazon sales,20,0.0,,United Kingdom,INVALID_OR_ZERO_UNIT_PRICE,2026-09-07T10:25:00.108037
full_historical_baseline,538877,21479,WHITE SKULL HOT WATER BOTTLE ,1,0.0,,United Kingdom,INVALID_OR_ZERO_UNIT_PRICE,2026-09-07T10:25:00.108037
full_historical_baseline,538877,22112,CHOCOLATE HOT WATER BOTTLE,1,0.0,,United Kingdom,INVALID_OR_ZERO_UNIT_PRICE,2026-09-07T10:25:00.108037
full_historical_baseline,538877,22356,CHARLOTTE BAG PINK POLKADOT,1,0.0,,United Kingdom,INVALID_OR_ZERO_UNIT_PRICE,2026-09-07T10:25:00.108037
full_historical_baseline,538906,21895,,-5,0.0,,United Kingdom,INVALID_OR_ZERO_UNIT_PRICE,2026-09-07T10:25:00.108037
full_historical_baseline,539263,22580,ADVENT CALENDAR GINGHAM SACK,4,0.0,16560.0,United Kingdom,INVALID_OR_ZERO_UNIT_PRICE,2026-09-07T10:25:00.108037
full_historical_baseline,539413,22959,,12,0.0,,United Kingdom,INVALID_OR_ZERO_UNIT_PRICE,2026-09-07T10:25:00.108037
full_historical_baseline,539494,21479,?,752,0.0,,United Kingdom,INVALID_OR_ZERO_UNIT_PRICE,2026-09-07T10:25:00.108037
full_historical_baseline,539495,22591,,36,0.0,,United Kingdom,INVALID_OR_ZERO_UNIT_PRICE,2026-09-07T10:25:00.108037
full_historical_baseline,539582,71477,,8,0.0,,United Kingdom,INVALID_OR_ZERO_UNIT_PRICE,2026-09-07T10:25:00.108037
full_historical_baseline,539583,35400,,1,0.0,,United Kingdom,INVALID_OR_ZERO_UNIT_PRICE,2026-09-07T10:25:00.108037
full_historical_baseline,539584,21491,,1,0.0,,United Kingdom,INVALID_OR_ZERO_UNIT_PRICE,2026-09-07T10:25:00.108037
full_historical_baseline,539585,21009,,1,0.0,,United Kingdom,INVALID_OR_ZERO_UNIT_PRICE,2026-09-07T10:25:00.108037
full_historical_baseline,539611,85135B,Found,53,0.0,,United Kingdom,INVALID_OR_ZERO_UNIT_PRICE,2026-09-07T10:25:00.108037
full_historical_baseline,539638,22139,,1,0.0,,United Kingdom,INVALID_OR_ZERO_UNIT_PRICE,2026-09-07T10:25:00.108037
full_historical_baseline,539722,22423,REGENCY CAKESTAND 3 TIER,10,0.0,14911.0,EIRE,INVALID_OR_ZERO_UNIT_PRICE,2026-09-07T10:25:00.108037
full_historical_baseline,539749,22734,,30,0.0,,United Kingdom,INVALID_OR_ZERO_UNIT_PRICE,2026-09-07T10:25:00.108037
full_historical_baseline,539750,22114,HOT WATER BOTTLE TEA AND SYMPATHY,1,0.0,,United Kingdom,INVALID_OR_ZERO_UNIT_PRICE,2026-09-07T10:25:00.108037
full_historical_baseline,539750,22652,TRAVEL SEWING KIT,1,0.0,,United Kingdom,INVALID_OR_ZERO_UNIT_PRICE,2026-09-07T10:25:00.108037
full_historical_baseline,539750,21080,SET/20 RED RETROSPOT PAPER NAPKINS ,2,0.0,,United Kingdom,INVALID_OR_ZERO_UNIT_PRICE,2026-09-07T10:25:00.108037
full_historical_baseline,539750,21481,FAWN BLUE HOT WATER BOTTLE,1,0.0,,United Kingdom,INVALID_OR_ZERO_UNIT_PRICE,2026-09-07T10:25:00.108037
full_historical_baseline,539856,22444,GROW YOUR OWN PLANT IN A CAN ,1,0.0,,United Kingdom,INVALID_OR_ZERO_UNIT_PRICE,2026-09-07T10:25:00.108037
full_historical_baseline,539856,20682,RED RETROSPOT CHILDRENS UMBRELLA,2,0.0,,United Kingdom,INVALID_OR_ZERO_UNIT_PRICE,2026-09-07T10:25:00.108037
full_historical_baseline,539856,20724,RED RETROSPOT CHARLOTTE BAG,2,0.0,,United Kingdom,INVALID_OR_ZERO_UNIT_PRICE,2026-09-07T10:25:00.108037
full_historical_baseline,539856,18098C,PORCELAIN BUTTERFLY OIL BURNER,2,0.0,,United Kingdom,INVALID_OR_ZERO_UNIT_PRICE,2026-09-07T10:25:00.108037
full_historical_baseline,539856,85123A,WHITE HANGING HEART T-LIGHT HOLDER,1,0.0,,United Kingdom,INVALID_OR_ZERO_UNIT_PRICE,2026-09-07T10:25:00.108037
full_historical_baseline,539856,84968E,SET OF 16 VINTAGE BLACK CUTLERY,1,0.0,,United Kingdom,INVALID_OR_ZERO_UNIT_PRICE,2026-09-07T10:25:00.108037
full_historical_baseline,539856,84872A,TEATIME FUNKY FLOWER BACKPACK FOR 2,2,0.0,,United Kingdom,INVALID_OR_ZERO_UNIT_PRICE,2026-09-07T10:25:00.108037
full_historical_baseline,539856,22518,CHILDS GARDEN BRUSH BLUE,1,0.0,,United Kingdom,INVALID_OR_ZERO_UNIT_PRICE,2026-09-07T10:25:00.108037
full_historical_baseline,539856,84692,BOX OF 24 COCKTAIL PARASOLS,2,0.0,,United Kingdom,INVALID_OR_ZERO_UNIT_PRICE,2026-09-07T10:25:00.108037
full_historical_baseline,539856,79321,CHILLI LIGHTS,1,0.0,,United Kingdom,INVALID_OR_ZERO_UNIT_PRICE,2026-09-07T10:25:00.108037
full_historical_baseline,539856,48194,DOORMAT HEARTS,2,0.0,,United Kingdom,INVALID_OR_ZERO_UNIT_PRICE,2026-09-07T10:25:00.108037
full_historical_baseline,539856,37333,"RETRO ""TEA FOR ONE"" ",1,0.0,,United Kingdom,INVALID_OR_ZERO_UNIT_PRICE,2026-09-07T10:25:00.108037
full_historical_baseline,539856,22843,BISCUIT TIN VINTAGE GREEN,1,0.0,,United Kingdom,INVALID_OR_ZERO_UNIT_PRICE,2026-09-07T10:25:00.108037
full_historical_baseline,539856,22842,BISCUIT TIN VINTAGE RED,1,0.0,,United Kingdom,INVALID_OR_ZERO_UNIT_PRICE,2026-09-07T10:25:00.108037
full_historical_baseline,539856,22690,DOORMAT HOME SWEET HOME BLUE ,2,0.0,,United Kingdom,INVALID_OR_ZERO_UNIT_PRICE,2026-09-07T10:25:00.108037
full_historical_baseline,539856,85099B,JUMBO BAG RED RETROSPOT,1,0.0,,United Kingdom,INVALID_OR_ZERO_UNIT_PRICE,2026-09-07T10:25:00.108037
full_historical_baseline,539856,22685,FRENCH BLUE METAL DOOR SIGN 0,2,0.0,,United Kingdom,INVALID_OR_ZERO_UNIT_PRICE,2026-09-07T10:25:00.108037
full_historical_baseline,539856,22684,FRENCH BLUE METAL DOOR SIGN 9,1,0.0,,United Kingdom,INVALID_OR_ZERO_UNIT_PRICE,2026-09-07T10:25:00.108037
full_historical_baseline,539856,22686,FRENCH BLUE METAL DOOR SIGN No,2,0.0,,United Kingdom,INVALID_OR_ZERO_UNIT_PRICE,2026-09-07T10:25:00.108037
full_historical_baseline,539856,22682,FRENCH BLUE METAL DOOR SIGN 7,3,0.0,,United Kingdom,INVALID_OR_ZERO_UNIT_PRICE,2026-09-07T10:25:00.108037
full_historical_baseline,539856,22683,FRENCH BLUE METAL DOOR SIGN 8,2,0.0,,United Kingdom,INVALID_OR_ZERO_UNIT_PRICE,2026-09-07T10:25:00.108037
full_historical_baseline,539856,22681,FRENCH BLUE METAL DOOR SIGN 6,1,0.0,,United Kingdom,INVALID_OR_ZERO_UNIT_PRICE,2026-09-07T10:25:00.108037
full_historical_baseline,539856,22679,FRENCH BLUE METAL DOOR SIGN 4,2,0.0,,United Kingdom,INVALID_OR_ZERO_UNIT_PRICE,2026-09-07T10:25:00.108037
full_historical_baseline,539856,22678,FRENCH BLUE METAL DOOR SIGN 3,2,0.0,,United Kingdom,INVALID_OR_ZERO_UNIT_PRICE,2026-09-07T10:25:00.108037
full_historical_baseline,539856,22680,FRENCH BLUE METAL DOOR SIGN 5,1,0.0,,United Kingdom,INVALID_OR_ZERO_UNIT_PRICE,2026-09-07T10:25:00.108037
full_historical_baseline,539856,22677,FRENCH BLUE METAL DOOR SIGN 2,6,0.0,,United Kingdom,INVALID_OR_ZERO_UNIT_PRICE,2026-09-07T10:25:00.108037
full_historical_baseline,539856,22676,FRENCH BLUE METAL DOOR SIGN 1,5,0.0,,United Kingdom,INVALID_OR_ZERO_UNIT_PRICE,2026-09-07T10:25:00.108037
full_historical_baseline,539856,22666,RECIPE BOX PANTRY YELLOW DESIGN,7,0.0,,United Kingdom,INVALID_OR_ZERO_UNIT_PRICE,2026-09-07T10:25:00.108037
full_historical_baseline,539856,22665,RECIPE BOX BLUE SKETCHBOOK DESIGN,2,0.0,,United Kingdom,INVALID_OR_ZERO_UNIT_PRICE,2026-09-07T10:25:00.108037
full_historical_baseline,539856,22650,CERAMIC PIRATE CHEST MONEY BANK,1,0.0,,United Kingdom,INVALID_OR_ZERO_UNIT_PRICE,2026-09-07T10:25:00.108037
full_historical_baseline,539856,22647,CERAMIC LOVE HEART MONEY BANK,1,0.0,,United Kingdom,INVALID_OR_ZERO_UNIT_PRICE,2026-09-07T10:25:00.108037
full_historical_baseline,539856,22626,BLACK KITCHEN SCALES,3,0.0,,United Kingdom,INVALID_OR_ZERO_UNIT_PRICE,2026-09-07T10:25:00.108037
full_historical_baseline,539856,22625,RED KITCHEN SCALES,7,0.0,,United Kingdom,INVALID_OR_ZERO_UNIT_PRICE,2026-09-07T10:25:00.108037
full_historical_baseline,539856,22624,IVORY KITCHEN SCALES,3,0.0,,United Kingdom,INVALID_OR_ZERO_UNIT_PRICE,2026-09-07T10:25:00.108037
full_historical_baseline,539856,22619,SET OF 6 SOLDIER SKITTLES,1,0.0,,United Kingdom,INVALID_OR_ZERO_UNIT_PRICE,2026-09-07T10:25:00.108037
full_historical_baseline,539856,22526,WHEELBARROW FOR CHILDREN ,1,0.0,,United Kingdom,INVALID_OR_ZERO_UNIT_PRICE,2026-09-07T10:25:00.108037
full_historical_baseline,539856,22525,CHILDRENS GARDEN GLOVES PINK,3,0.0,,United Kingdom,INVALID_OR_ZERO_UNIT_PRICE,2026-09-07T10:25:00.108037
full_historical_baseline,539856,22524,CHILDRENS GARDEN GLOVES BLUE,1,0.0,,United Kingdom,INVALID_OR_ZERO_UNIT_PRICE,2026-09-07T10:25:00.108037
full_historical_baseline,539856,22518,CHILDS GARDEN BRUSH BLUE,1,0.0,,United Kingdom,INVALID_OR_ZERO_UNIT_PRICE,2026-09-07T10:25:00.108037
full_historical_baseline,539856,22514,CHILDS GARDEN SPADE BLUE,1,0.0,,United Kingdom,INVALID_OR_ZERO_UNIT_PRICE,2026-09-07T10:25:00.108037
full_historical_baseline,539856,22512,DOORSTOP RACING CAR DESIGN,1,0.0,,United Kingdom,INVALID_OR_ZERO_UNIT_PRICE,2026-09-07T10:25:00.108037
full_historical_baseline,539856,22475,SKULL DESIGN TV DINNER TRAY,5,0.0,,United Kingdom,INVALID_OR_ZERO_UNIT_PRICE,2026-09-07T10:25:00.108037
full_historical_baseline,539856,22431,WATERING CAN BLUE ELEPHANT,1,0.0,,United Kingdom,INVALID_OR_ZERO_UNIT_PRICE,2026-09-07T10:25:00.108037
full_historical_baseline,539856,22428,ENAMEL FIRE BUCKET CREAM,4,0.0,,United Kingdom,INVALID_OR_ZERO_UNIT_PRICE,2026-09-07T10:25:00.108037
full_historical_baseline,539856,22426,ENAMEL WASH BOWL CREAM,2,0.0,,United Kingdom,INVALID_OR_ZERO_UNIT_PRICE,2026-09-07T10:25:00.108037
full_historical_baseline,539856,22374,AIRLINE BAG VINTAGE JET SET RED,3,0.0,,United Kingdom,INVALID_OR_ZERO_UNIT_PRICE,2026-09-07T10:25:00.108037
full_historical_baseline,539856,22375,AIRLINE BAG VINTAGE JET SET BROWN,3,0.0,,United Kingdom,INVALID_OR_ZERO_UNIT_PRICE,2026-09-07T10:25:00.108037
full_historical_baseline,539856,22372,AIRLINE BAG VINTAGE WORLD CHAMPION ,1,0.0,,United Kingdom,INVALID_OR_ZERO_UNIT_PRICE,2026-09-07T10:25:00.108037
full_historical_baseline,539856,22371,AIRLINE BAG VINTAGE TOKYO 78,3,0.0,,United Kingdom,INVALID_OR_ZERO_UNIT_PRICE,2026-09-07T10:25:00.108037
full_historical_baseline,539856,22367,CHILDRENS APRON SPACEBOY DESIGN,2,0.0,,United Kingdom,INVALID_OR_ZERO_UNIT_PRICE,2026-09-07T10:25:00.108037
full_historical_baseline,539856,22361,GLASS JAR DAISY FRESH COTTON WOOL,2,0.0,,United Kingdom,INVALID_OR_ZERO_UNIT_PRICE,2026-09-07T10:25:00.108037
full_historical_baseline,539856,22360,GLASS JAR ENGLISH CONFECTIONERY,1,0.0,,United Kingdom,INVALID_OR_ZERO_UNIT_PRICE,2026-09-07T10:25:00.108037
full_historical_baseline,539856,22357,KINGS CHOICE BISCUIT TIN,7,0.0,,United Kingdom,INVALID_OR_ZERO_UNIT_PRICE,2026-09-07T10:25:00.108037
full_historical_baseline,539856,22350,ILLUSTRATED CAT BOWL ,1,0.0,,United Kingdom,INVALID_OR_ZERO_UNIT_PRICE,2026-09-07T10:25:00.108037
full_historical_baseline,539856,22327,ROUND SNACK BOXES SET OF 4 SKULLS,1,0.0,,United Kingdom,INVALID_OR_ZERO_UNIT_PRICE,2026-09-07T10:25:00.108037
full_historical_baseline,539856,22072,RED RETROSPOT TEA CUP AND SAUCER ,1,0.0,,United Kingdom,INVALID_OR_ZERO_UNIT_PRICE,2026-09-07T10:25:00.108037
full_historical_baseline,539856,21912,VINTAGE SNAKES & LADDERS,1,0.0,,United Kingdom,INVALID_OR_ZERO_UNIT_PRICE,2026-09-07T10:25:00.108037
full_historical_baseline,539856,21791,VINTAGE HEADS AND TAILS CARD GAME ,1,0.0,,United Kingdom,INVALID_OR_ZERO_UNIT_PRICE,2026-09-07T10:25:00.108037
full_historical_baseline,539856,22550,HOLIDAY FUN LUDO,1,0.0,,United Kingdom,INVALID_OR_ZERO_UNIT_PRICE,2026-09-07T10:25:00.108037
full_historical_baseline,539856,21888,BINGO SET,2,0.0,,United Kingdom,INVALID_OR_ZERO_UNIT_PRICE,2026-09-07T10:25:00.108037
full_historical_baseline,539856,21539,RED RETROSPOT BUTTER DISH,3,0.0,,United Kingdom,INVALID_OR_ZERO_UNIT_PRICE,2026-09-07T10:25:00.108037
full_historical_baseline,539856,21258,VICTORIAN SEWING BOX LARGE,3,0.0,,United Kingdom,INVALID_OR_ZERO_UNIT_PRICE,2026-09-07T10:25:00.108037
full_historical_baseline,539856,21116,OWL DOORSTOP,1,0.0,,United Kingdom,INVALID_OR_ZERO_UNIT_PRICE,2026-09-07T10:25:00.108037
full_historical_baseline,539856,20719,WOODLAND CHARLOTTE BAG,1,0.0,,United Kingdom,INVALID_OR_ZERO_UNIT_PRICE,2026-09-07T10:25:00.108037
full_historical_baseline,539980,35001W,,-36,0.0,,United Kingdom,INVALID_OR_ZERO_UNIT_PRICE,2026-09-07T10:25:00.108037
full_historical_baseline,539994,22830,,-1,0.0,,United Kingdom,INVALID_OR_ZERO_UNIT_PRICE,2026-09-07T10:25:00.108037
full_historical_baseline,539995,85064,,-12,0.0,,United Kingdom,INVALID_OR_ZERO_UNIT_PRICE,2026-09-07T10:25:00.108037
full_historical_baseline,539996,21784,,-10,0.0,,United Kingdom,INVALID_OR_ZERO_UNIT_PRICE,2026-09-07T10:25:00.108037
full_historical_baseline,539997,84689,,5,0.0,,United Kingdom,INVALID_OR_ZERO_UNIT_PRICE,2026-09-07T10:25:00.108037
full_historical_baseline,539998,84675,,2,0.0,,United Kingdom,INVALID_OR_ZERO_UNIT_PRICE,2026-09-07T10:25:00.108037
full_historical_baseline,539999,20892,,-1,0.0,,United Kingdom,INVALID_OR_ZERO_UNIT_PRICE,2026-09-07T10:25:00.108037
full_historical_baseline,540000,84499,,-9,0.0,,United Kingdom,INVALID_OR_ZERO_UNIT_PRICE,2026-09-07T10:25:00.108037
full_historical_baseline,540008,85230F,,-48,0.0,,United Kingdom,INVALID_OR_ZERO_UNIT_PRICE,2026-09-07T10:25:00.108037
full_historical_baseline,540009,22158,,-120,0.0,,United Kingdom,INVALID_OR_ZERO_UNIT_PRICE,2026-09-07T10:25:00.108037
full_historical_baseline,540010,22501,reverse 21/5/10 adjustment,-100,0.0,,United Kingdom,INVALID_OR_ZERO_UNIT_PRICE,2026-09-07T10:25:00.108037
full_historical_baseline,540011,22501,,30,0.0,,United Kingdom,INVALID_OR_ZERO_UNIT_PRICE,2026-09-07T10:25:00.108037
full_historical_baseline,540012,22502,reverse 21/5/10 adjustment,-100,0.0,,United Kingdom,INVALID_OR_ZERO_UNIT_PRICE,2026-09-07T10:25:00.108037
full_historical_baseline,540018,90112,,2,0.0,,United Kingdom,INVALID_OR_ZERO_UNIT_PRICE,2026-09-07T10:25:00.108037
full_historical_baseline,540100,22837,?,-106,0.0,,United Kingdom,INVALID_OR_ZERO_UNIT_PRICE,2026-09-07T10:25:00.108037
full_historical_baseline,540119,22865,,-60,0.0,,United Kingdom,INVALID_OR_ZERO_UNIT_PRICE,2026-09-07T10:25:00.108037
full_historical_baseline,540241,35957,,-939,0.0,,United Kingdom,INVALID_OR_ZERO_UNIT_PRICE,2026-09-07T10:25:00.108037
full_historical_baseline,540252,22198,,-100,0.0,,United Kingdom,INVALID_OR_ZERO_UNIT_PRICE,2026-09-07T10:25:00.108037
full_historical_baseline,540256,35957,,35,0.0,,United Kingdom,INVALID_OR_ZERO_UNIT_PRICE,2026-09-07T10:25:00.108037
full_historical_baseline,540272,90096,,-54,0.0,,United Kingdom,INVALID_OR_ZERO_UNIT_PRICE,2026-09-07T10:25:00.108037
full_historical_baseline,540355,20724,RED RETROSPOT CHARLOTTE BAG,1,0.0,,United Kingdom,INVALID_OR_ZERO_UNIT_PRICE,2026-09-07T10:25:00.108037
full_historical_baseline,540356,20724,RED RETROSPOT CHARLOTTE BAG,1,0.0,,United Kingdom,INVALID_OR_ZERO_UNIT_PRICE,2026-09-07T10:25:00.108037
full_historical_baseline,540369,47591D,,-201,0.0,,United Kingdom,INVALID_OR_ZERO_UNIT_PRICE,2026-09-07T10:25:00.108037
full_historical_baseline,540372,22090,PAPER BUNTING RETROSPOT,24,0.0,13081.0,United Kingdom,INVALID_OR_ZERO_UNIT_PRICE,2026-09-07T10:25:00.108037
full_historical_baseline,540372,22553,PLASTERS IN TIN SKULLS,24,0.0,13081.0,United Kingdom,INVALID_OR_ZERO_UNIT_PRICE,2026-09-07T10:25:00.108037
full_historical_baseline,540549,21587,,-53,0.0,,United Kingdom,INVALID_OR_ZERO_UNIT_PRICE,2026-09-07T10:25:00.108037
full_historical_baseline,540558,21258,?,-29,0.0,,United Kingdom,INVALID_OR_ZERO_UNIT_PRICE,2026-09-07T10:25:00.108037
full_historical_baseline,540560,21589,,-14,0.0,,United Kingdom,INVALID_OR_ZERO_UNIT_PRICE,2026-09-07T10:25:00.108037
full_historical_baseline,540564,22617,"mouldy, thrown away.",-2600,0.0,,United Kingdom,INVALID_OR_ZERO_UNIT_PRICE,2026-09-07T10:25:00.108037
full_historical_baseline,540637,21275,,-5,0.0,,United Kingdom,INVALID_OR_ZERO_UNIT_PRICE,2026-09-07T10:25:00.108037
full_historical_baseline,540638,72038P,damages,-990,0.0,,United Kingdom,INVALID_OR_ZERO_UNIT_PRICE,2026-09-07T10:25:00.108037
full_historical_baseline,540650,85124C,,-8,0.0,,United Kingdom,INVALID_OR_ZERO_UNIT_PRICE,2026-09-07T10:25:00.108037
full_historical_baseline,540651,82599,?,-290,0.0,,United Kingdom,INVALID_OR_ZERO_UNIT_PRICE,2026-09-07T10:25:00.108037
full_historical_baseline,540673,21644,found,144,0.0,,United Kingdom,INVALID_OR_ZERO_UNIT_PRICE,2026-09-07T10:25:00.108037
full_historical_baseline,540674,22837,Found,26,0.0,,United Kingdom,INVALID_OR_ZERO_UNIT_PRICE,2026-09-07T10:25:00.108037
full_historical_baseline,540675,20748,Found,40,0.0,,United Kingdom,INVALID_OR_ZERO_UNIT_PRICE,2026-09-07T10:25:00.108037
full_historical_baseline,540676,84534B,,12,0.0,,United Kingdom,INVALID_OR_ZERO_UNIT_PRICE,2026-09-07T10:25:00.108037
full_historical_baseline,540677,21667,,1,0.0,,United Kingdom,INVALID_OR_ZERO_UNIT_PRICE,2026-09-07T10:25:00.108037
full_historical_baseline,540678,21667,,-1,0.0,,United Kingdom,INVALID_OR_ZERO_UNIT_PRICE,2026-09-07T10:25:00.108037
full_historical_baseline,540679,21667,,-1,0.0,,United Kingdom,INVALID_OR_ZERO_UNIT_PRICE,2026-09-07T10:25:00.108037
full_historical_baseline,540683,84546,,-45,0.0,,United Kingdom,INVALID_OR_ZERO_UNIT_PRICE,2026-09-07T10:25:00.108037
full_historical_baseline,540684,35271S,,-13,0.0,,United Kingdom,INVALID_OR_ZERO_UNIT_PRICE,2026-09-07T10:25:00.108037
full_historical_baseline,540693,82605,,1,0.0,,United Kingdom,INVALID_OR_ZERO_UNIT_PRICE,2026-09-07T10:25:00.108037
full_historical_baseline,540694,71477,,1,0.0,,United Kingdom,INVALID_OR_ZERO_UNIT_PRICE,2026-09-07T10:25:00.108037
full_historical_baseline,540695,21661,,1,0.0,,United Kingdom,INVALID_OR_ZERO_UNIT_PRICE,2026-09-07T10:25:00.108037
full_historical_baseline,540696,84562A,,1,0.0,,United Kingdom,INVALID_OR_ZERO_UNIT_PRICE,2026-09-07T10:25:00.108037
full_historical_baseline,540699,POST,,1000,0.0,,United Kingdom,INVALID_OR_ZERO_UNIT_PRICE,2026-09-07T10:25:00.108037
full_historical_baseline,540778,84029E,,-50,0.0,,United Kingdom,INVALID_OR_ZERO_UNIT_PRICE,2026-09-07T10:25:00.108037
full_historical_baseline,540832,21670,BLUE SPOT CERAMIC DRAWER KNOB,2,0.0,,United Kingdom,INVALID_OR_ZERO_UNIT_PRICE,2026-09-07T10:25:00.108037
full_historical_baseline,540832,21673,WHITE SPOT BLUE CERAMIC DRAWER KNOB,1,0.0,,United Kingdom,INVALID_OR_ZERO_UNIT_PRICE,2026-09-07T10:25:00.108037
full_historical_baseline,540832,84692,BOX OF 24 COCKTAIL PARASOLS,1,0.0,,United Kingdom,INVALID_OR_ZERO_UNIT_PRICE,2026-09-07T10:25:00.108037
full_historical_baseline,540832,20724,RED RETROSPOT CHARLOTTE BAG,1,0.0,,United Kingdom,INVALID_OR_ZERO_UNIT_PRICE,2026-09-07T10:25:00.108037
full_historical_baseline,540832,22423,REGENCY CAKESTAND 3 TIER,1,0.0,,United Kingdom,INVALID_OR_ZERO_UNIT_PRICE,2026-09-07T10:25:00.108037
full_historical_baseline,540978,84050,counted,-310,0.0,,United Kingdom,INVALID_OR_ZERO_UNIT_PRICE,2026-09-07T10:25:00.108037
full_historical_baseline,540982,22323,,1,0.0,,United Kingdom,INVALID_OR_ZERO_UNIT_PRICE,2026-09-07T10:25:00.108037
full_historical_baseline,540987,17011A,,-61,0.0,,United Kingdom,INVALID_OR_ZERO_UNIT_PRICE,2026-09-07T10:25:00.108037
full_historical_baseline,541000,21632,,-41,0.0,,United Kingdom,INVALID_OR_ZERO_UNIT_PRICE,2026-09-07T10:25:00.108037
full_historical_baseline,541109,22168,ORGANISER WOOD ANTIQUE WHITE ,1,0.0,15107.0,United Kingdom,INVALID_OR_ZERO_UNIT_PRICE,2026-09-07T10:25:00.108037
full_historical_baseline,541431,23166,MEDIUM CERAMIC TOP STORAGE JAR,74215,1.04,12346.0,United Kingdom,INVALID_OR_ZERO_QUANTITY,2026-09-07T10:25:00.108037
full_historical_baseline,C541433,23166,MEDIUM CERAMIC TOP STORAGE JAR,-74215,1.04,12346.0,United Kingdom,INVALID_OR_ZERO_QUANTITY,2026-09-07T10:25:00.108037
full_historical_baseline,541482,22837,,-35,0.0,,United Kingdom,INVALID_OR_ZERO_UNIT_PRICE,2026-09-07T10:25:00.108037
full_historical_baseline,541487,85118,,-35,0.0,,United Kingdom,INVALID_OR_ZERO_UNIT_PRICE,2026-09-07T10:25:00.108037
full_historical_baseline,541519,21429,,-15,0.0,,United Kingdom,INVALID_OR_ZERO_UNIT_PRICE,2026-09-07T10:25:00.108037
full_historical_baseline,541600,22866,,-64,0.0,,United Kingdom,INVALID_OR_ZERO_UNIT_PRICE,2026-09-07T10:25:00.108037
full_historical_baseline,541601,22632,,-84,0.0,,United Kingdom,INVALID_OR_ZERO_UNIT_PRICE,2026-09-07T10:25:00.108037
full_historical_baseline,541685,22351,Given away,-1400,0.0,,United Kingdom,INVALID_OR_ZERO_UNIT_PRICE,2026-09-07T10:25:00.108037
full_historical_baseline,541687,46000S,Dotcom,-300,0.0,,United Kingdom,INVALID_OR_ZERO_UNIT_PRICE,2026-09-07T10:25:00.108037
full_historical_baseline,541697,21632,,8,0.0,,United Kingdom,INVALID_OR_ZERO_UNIT_PRICE,2026-09-07T10:25:00.108037
full_historical_baseline,541702,22451,,-30,0.0,,United Kingdom,INVALID_OR_ZERO_UNIT_PRICE,2026-09-07T10:25:00.108037
full_historical_baseline,541802,20854,,-80,0.0,,United Kingdom,INVALID_OR_ZERO_UNIT_PRICE,2026-09-07T10:25:00.108037
full_historical_baseline,541882,48185,?,-57,0.0,,United Kingdom,INVALID_OR_ZERO_UNIT_PRICE,2026-09-07T10:25:00.108037
full_historical_baseline,541967,84823,,-3,0.0,,United Kingdom,INVALID_OR_ZERO_UNIT_PRICE,2026-09-07T10:25:00.108037
full_historical_baseline,542156,21348,,8,0.0,,United Kingdom,INVALID_OR_ZERO_UNIT_PRICE,2026-09-07T10:25:00.108037
full_historical_baseline,542225,85096,label mix up,-59,0.0,,United Kingdom,INVALID_OR_ZERO_UNIT_PRICE,2026-09-07T10:25:00.108037
full_historical_baseline,542361,85161,samples/damages,-20,0.0,,United Kingdom,INVALID_OR_ZERO_UNIT_PRICE,2026-09-07T10:25:00.108037
full_historical_baseline,542362,20699,,-16,0.0,,United Kingdom,INVALID_OR_ZERO_UNIT_PRICE,2026-09-07T10:25:00.108037
full_historical_baseline,542363,84823,,1,0.0,,United Kingdom,INVALID_OR_ZERO_UNIT_PRICE,2026-09-07T10:25:00.108037
full_historical_baseline,542364,21324,,5,0.0,,United Kingdom,INVALID_OR_ZERO_UNIT_PRICE,2026-09-07T10:25:00.108037
full_historical_baseline,542365,21897,,-22,0.0,,United Kingdom,INVALID_OR_ZERO_UNIT_PRICE,2026-09-07T10:25:00.108037
full_historical_baseline,542367,82583,,-30,0.0,,United Kingdom,INVALID_OR_ZERO_UNIT_PRICE,2026-09-07T10:25:00.108037
full_historical_baseline,542368,85188B,,-70,0.0,,United Kingdom,INVALID_OR_ZERO_UNIT_PRICE,2026-09-07T10:25:00.108037
full_historical_baseline,542378,84279B,,192,0.0,,United Kingdom,INVALID_OR_ZERO_UNIT_PRICE,2026-09-07T10:25:00.108037
full_historical_baseline,542379,35922,,-30,0.0,,United Kingdom,INVALID_OR_ZERO_UNIT_PRICE,2026-09-07T10:25:00.108037
full_historical_baseline,542380,84917,,-50,0.0,,United Kingdom,INVALID_OR_ZERO_UNIT_PRICE,2026-09-07T10:25:00.108037
full_historical_baseline,542391,84455,,-31,0.0,,United Kingdom,INVALID_OR_ZERO_UNIT_PRICE,2026-09-07T10:25:00.108037
full_historical_baseline,542392,84227,,-2,0.0,,United Kingdom,INVALID_OR_ZERO_UNIT_PRICE,2026-09-07T10:25:00.108037
full_historical_baseline,542394,84452,,65,0.0,,United Kingdom,INVALID_OR_ZERO_UNIT_PRICE,2026-09-07T10:25:00.108037
full_historical_baseline,542396,22146,,-4,0.0,,United Kingdom,INVALID_OR_ZERO_UNIT_PRICE,2026-09-07T10:25:00.108037
full_historical_baseline,542414,84967A,,-2,0.0,,United Kingdom,INVALID_OR_ZERO_UNIT_PRICE,2026-09-07T10:25:00.108037
full_historical_baseline,542415,84967B,,-1,0.0,,United Kingdom,INVALID_OR_ZERO_UNIT_PRICE,2026-09-07T10:25:00.108037
full_historical_baseline,542417,84966B,,-11,0.0,,United Kingdom,INVALID_OR_ZERO_UNIT_PRICE,2026-09-07T10:25:00.108037
full_historical_baseline,542418,84966A,,-17,0.0,,United Kingdom,INVALID_OR_ZERO_UNIT_PRICE,2026-09-07T10:25:00.108037
full_historical_baseline,542504,37413,,5568,0.0,,United Kingdom,INVALID_OR_ZERO_UNIT_PRICE,2026-09-07T10:25:00.108037
full_historical_baseline,542505,79063D,,2560,0.0,,United Kingdom,INVALID_OR_ZERO_UNIT_PRICE,2026-09-07T10:25:00.108037
full_historical_baseline,542507,20798,,5,0.0,,United Kingdom,INVALID_OR_ZERO_UNIT_PRICE,2026-09-07T10:25:00.108037
full_historical_baseline,542508,37467,,136,0.0,,United Kingdom,INVALID_OR_ZERO_UNIT_PRICE,2026-09-07T10:25:00.108037
full_historical_baseline,542509,85049B,,3,0.0,,United Kingdom,INVALID_OR_ZERO_UNIT_PRICE,2026-09-07T10:25:00.108037
full_historical_baseline,542510,21667,,2,0.0,,United Kingdom,INVALID_OR_ZERO_UNIT_PRICE,2026-09-07T10:25:00.108037
full_historical_baseline,542512,22830,,2,0.0,,United Kingdom,INVALID_OR_ZERO_UNIT_PRICE,2026-09-07T10:25:00.108037
full_historical_baseline,542513,75013B,,2,0.0,,United Kingdom,INVALID_OR_ZERO_UNIT_PRICE,2026-09-07T10:25:00.108037
full_historical_baseline,542514,22866,,1,0.0,,United Kingdom,INVALID_OR_ZERO_UNIT_PRICE,2026-09-07T10:25:00.108037
full_historical_baseline,542515,35607A,,1,0.0,,United Kingdom,INVALID_OR_ZERO_UNIT_PRICE,2026-09-07T10:25:00.108037
full_historical_baseline,542516,71477,,4,0.0,,United Kingdom,INVALID_OR_ZERO_UNIT_PRICE,2026-09-07T10:25:00.108037
full_historical_baseline,542518,22184,,-13,0.0,,United Kingdom,INVALID_OR_ZERO_UNIT_PRICE,2026-09-07T10:25:00.108037
full_historical_baseline,542529,DCGS0055,,-1,0.0,,United Kingdom,INVALID_OR_ZERO_UNIT_PRICE,2026-09-07T10:25:00.108037
full_historical_baseline,542531,DCGS0072,,-1,0.0,,United Kingdom,INVALID_OR_ZERO_UNIT_PRICE,2026-09-07T10:25:00.108037
full_historical_baseline,542532,DCGS0074,,-1,0.0,,United Kingdom,INVALID_OR_ZERO_UNIT_PRICE,2026-09-07T10:25:00.108037
full_historical_baseline,542544,17165D,,-10,0.0,,United Kingdom,INVALID_OR_ZERO_UNIT_PRICE,2026-09-07T10:25:00.108037
full_historical_baseline,542545,17165D,,9,0.0,,United Kingdom,INVALID_OR_ZERO_UNIT_PRICE,2026-09-07T10:25:00.108037
full_historical_baseline,542546,20734,,-1,0.0,,United Kingdom,INVALID_OR_ZERO_UNIT_PRICE,2026-09-07T10:25:00.108037
full_historical_baseline,542547,20864,,-1,0.0,,United Kingdom,INVALID_OR_ZERO_UNIT_PRICE,2026-09-07T10:25:00.108037
full_historical_baseline,542548,20892,,-1,0.0,,United Kingdom,INVALID_OR_ZERO_UNIT_PRICE,2026-09-07T10:25:00.108037
full_historical_baseline,542550,20910,,-1,0.0,,United Kingdom,INVALID_OR_ZERO_UNIT_PRICE,2026-09-07T10:25:00.108037
full_historical_baseline,542551,21282,,-1,0.0,,United Kingdom,INVALID_OR_ZERO_UNIT_PRICE,2026-09-07T10:25:00.108037
full_historical_baseline,542552,21645,,-1,0.0,,United Kingdom,INVALID_OR_ZERO_UNIT_PRICE,2026-09-07T10:25:00.108037
full_historical_baseline,542553,21805,,-1,0.0,,United Kingdom,INVALID_OR_ZERO_UNIT_PRICE,2026-09-07T10:25:00.108037
full_historical_baseline,542554,21836,,-1,0.0,,United Kingdom,INVALID_OR_ZERO_UNIT_PRICE,2026-09-07T10:25:00.108037
full_historical_baseline,542555,21841,,-1,0.0,,United Kingdom,INVALID_OR_ZERO_UNIT_PRICE,2026-09-07T10:25:00.108037
full_historical_baseline,542556,22143,,-1,0.0,,United Kingdom,INVALID_OR_ZERO_UNIT_PRICE,2026-09-07T10:25:00.108037
full_historical_baseline,542557,22765,,-1,0.0,,United Kingdom,INVALID_OR_ZERO_UNIT_PRICE,2026-09-07T10:25:00.108037
full_historical_baseline,542558,35644,,-1,0.0,,United Kingdom,INVALID_OR_ZERO_UNIT_PRICE,2026-09-07T10:25:00.108037
full_historical_baseline,542559,35991,,-1,0.0,,United Kingdom,INVALID_OR_ZERO_UNIT_PRICE,2026-09-07T10:25:00.108037
full_historical_baseline,542560,47579,,-1,0.0,,United Kingdom,INVALID_OR_ZERO_UNIT_PRICE,2026-09-07T10:25:00.108037
full_historical_baseline,542561,84424A,,-1,0.0,,United Kingdom,INVALID_OR_ZERO_UNIT_PRICE,2026-09-07T10:25:00.108037
full_historical_baseline,542562,84499,,-1,0.0,,United Kingdom,INVALID_OR_ZERO_UNIT_PRICE,2026-09-07T10:25:00.108037
full_historical_baseline,542563,84509F,,-1,0.0,,United Kingdom,INVALID_OR_ZERO_UNIT_PRICE,2026-09-07T10:25:00.108037
full_historical_baseline,542564,84526,,-1,0.0,,United Kingdom,INVALID_OR_ZERO_UNIT_PRICE,2026-09-07T10:25:00.108037
full_historical_baseline,542565,84664,,-1,0.0,,United Kingdom,INVALID_OR_ZERO_UNIT_PRICE,2026-09-07T10:25:00.108037
full_historical_baseline,542566,84964B,,-1,0.0,,United Kingdom,INVALID_OR_ZERO_UNIT_PRICE,2026-09-07T10:25:00.108037
full_historical_baseline,542567,84975,,-1,0.0,,United Kingdom,INVALID_OR_ZERO_UNIT_PRICE,2026-09-07T10:25:00.108037
full_historical_baseline,542569,85028L,,-1,0.0,,United Kingdom,INVALID_OR_ZERO_UNIT_PRICE,2026-09-07T10:25:00.108037
full_historical_baseline,542570,85028S,,-1,0.0,,United Kingdom,INVALID_OR_ZERO_UNIT_PRICE,2026-09-07T10:25:00.108037
full_historical_baseline,542571,85031C,,-1,0.0,,United Kingdom,INVALID_OR_ZERO_UNIT_PRICE,2026-09-07T10:25:00.108037
full_historical_baseline,542572,85064,,-1,0.0,,United Kingdom,INVALID_OR_ZERO_UNIT_PRICE,2026-09-07T10:25:00.108037
full_historical_baseline,542573,85110,,-1,0.0,,United Kingdom,INVALID_OR_ZERO_UNIT_PRICE,2026-09-07T10:25:00.108037
full_historical_baseline,542574,85119,,-1,0.0,,United Kingdom,INVALID_OR_ZERO_UNIT_PRICE,2026-09-07T10:25:00.108037
full_historical_baseline,542575,85126,,-1,0.0,,United Kingdom,INVALID_OR_ZERO_UNIT_PRICE,2026-09-07T10:25:00.108037
full_historical_baseline,542576,85179B,,-1,0.0,,United Kingdom,INVALID_OR_ZERO_UNIT_PRICE,2026-09-07T10:25:00.108037
full_historical_baseline,542577,85232B,,-1,0.0,,United Kingdom,INVALID_OR_ZERO_UNIT_PRICE,2026-09-07T10:25:00.108037
full_historical_baseline,542579,90000C,,-1,0.0,,United Kingdom,INVALID_OR_ZERO_UNIT_PRICE,2026-09-07T10:25:00.108037
full_historical_baseline,542580,90095,,-1,0.0,,United Kingdom,INVALID_OR_ZERO_UNIT_PRICE,2026-09-07T10:25:00.108037
full_historical_baseline,542581,90091,,-1,0.0,,United Kingdom,INVALID_OR_ZERO_UNIT_PRICE,2026-09-07T10:25:00.108037
full_historical_baseline,542582,DCGS0057,,-6,0.0,,United Kingdom,INVALID_OR_ZERO_UNIT_PRICE,2026-09-07T10:25:00.108037
full_historical_baseline,542783,21690,,4,0.0,,United Kingdom,INVALID_OR_ZERO_UNIT_PRICE,2026-09-07T10:25:00.108037
full_historical_baseline,542784,84795C,,3,0.0,,United Kingdom,INVALID_OR_ZERO_UNIT_PRICE,2026-09-07T10:25:00.108037
full_historical_baseline,542861,47591B,?,-207,0.0,,United Kingdom,INVALID_OR_ZERO_UNIT_PRICE,2026-09-07T10:25:00.108037
full_historical_baseline,542879,22242,,-19,0.0,,United Kingdom,INVALID_OR_ZERO_UNIT_PRICE,2026-09-07T10:25:00.108037
full_historical_baseline,542880,22242,,10,0.0,,United Kingdom,INVALID_OR_ZERO_UNIT_PRICE,2026-09-07T10:25:00.108037
full_historical_baseline,542882,22162,,-40,0.0,,United Kingdom,INVALID_OR_ZERO_UNIT_PRICE,2026-09-07T10:25:00.108037
full_historical_baseline,542883,21448,,-40,0.0,,United Kingdom,INVALID_OR_ZERO_UNIT_PRICE,2026-09-07T10:25:00.108037
full_historical_baseline,542884,84748,,-52,0.0,,United Kingdom,INVALID_OR_ZERO_UNIT_PRICE,2026-09-07T10:25:00.108037
full_historical_baseline,542885,84465,,-6,0.0,,United Kingdom,INVALID_OR_ZERO_UNIT_PRICE,2026-09-07T10:25:00.108037
full_historical_baseline,542965,35400,,2,0.0,,United Kingdom,INVALID_OR_ZERO_UNIT_PRICE,2026-09-07T10:25:00.108037
full_historical_baseline,543014,47591B,,1,0.0,,United Kingdom,INVALID_OR_ZERO_UNIT_PRICE,2026-09-07T10:25:00.108037
full_historical_baseline,543034,85049F,,-130,0.0,,United Kingdom,INVALID_OR_ZERO_UNIT_PRICE,2026-09-07T10:25:00.108037
full_historical_baseline,543035,35004C,,-206,0.0,,United Kingdom,INVALID_OR_ZERO_UNIT_PRICE,2026-09-07T10:25:00.108037
full_historical_baseline,543049,79063C,,320,0.0,,United Kingdom,INVALID_OR_ZERO_UNIT_PRICE,2026-09-07T10:25:00.108037
full_historical_baseline,543051,79062D,,960,0.0,,United Kingdom,INVALID_OR_ZERO_UNIT_PRICE,2026-09-07T10:25:00.108037
full_historical_baseline,543176,22353,,60,0.0,,United Kingdom,INVALID_OR_ZERO_UNIT_PRICE,2026-09-07T10:25:00.108037
full_historical_baseline,543194,21355,,-217,0.0,,United Kingdom,INVALID_OR_ZERO_UNIT_PRICE,2026-09-07T10:25:00.108037
full_historical_baseline,543238,22833,,1,0.0,,United Kingdom,INVALID_OR_ZERO_UNIT_PRICE,2026-09-07T10:25:00.108037
full_historical_baseline,543254,35645,,18,0.0,,United Kingdom,INVALID_OR_ZERO_UNIT_PRICE,2026-09-07T10:25:00.108037
full_historical_baseline,543257,84611B,thrown away,-1430,0.0,,United Kingdom,INVALID_OR_ZERO_UNIT_PRICE,2026-09-07T10:25:00.108037
full_historical_baseline,543258,84611B,,1287,0.0,,United Kingdom,INVALID_OR_ZERO_UNIT_PRICE,2026-09-07T10:25:00.108037
full_historical_baseline,543259,84612B,thrown away,-162,0.0,,United Kingdom,INVALID_OR_ZERO_UNIT_PRICE,2026-09-07T10:25:00.108037
full_historical_baseline,543260,84613A,thrown away,-230,0.0,,United Kingdom,INVALID_OR_ZERO_UNIT_PRICE,2026-09-07T10:25:00.108037
full_historical_baseline,543261,84613C,,-173,0.0,,United Kingdom,INVALID_OR_ZERO_UNIT_PRICE,2026-09-07T10:25:00.108037
full_historical_baseline,543262,84614A,thrown away,-390,0.0,,United Kingdom,INVALID_OR_ZERO_UNIT_PRICE,2026-09-07T10:25:00.108037
full_historical_baseline,543265,84872A,,-4,0.0,,United Kingdom,INVALID_OR_ZERO_UNIT_PRICE,2026-09-07T10:25:00.108037
full_historical_baseline,543266,82095,,-5,0.0,,United Kingdom,INVALID_OR_ZERO_UNIT_PRICE,2026-09-07T10:25:00.108037
full_historical_baseline,543267,35645,,3,0.0,,United Kingdom,INVALID_OR_ZERO_UNIT_PRICE,2026-09-07T10:25:00.108037
full_historical_baseline,543268,84306,,3,0.0,,United Kingdom,INVALID_OR_ZERO_UNIT_PRICE,2026-09-07T10:25:00.108037
full_historical_baseline,543269,84638,,-18,0.0,,United Kingdom,INVALID_OR_ZERO_UNIT_PRICE,2026-09-07T10:25:00.108037
full_historical_baseline,543270,84631,,-19,0.0,,United Kingdom,INVALID_OR_ZERO_UNIT_PRICE,2026-09-07T10:25:00.108037
full_historical_baseline,543271,21087,,-6,0.0,,United Kingdom,INVALID_OR_ZERO_UNIT_PRICE,2026-09-07T10:25:00.108037
full_historical_baseline,543308,35969,,-3,0.0,,United Kingdom,INVALID_OR_ZERO_UNIT_PRICE,2026-09-07T10:25:00.108037
full_historical_baseline,543310,35954,,-234,0.0,,United Kingdom,INVALID_OR_ZERO_UNIT_PRICE,2026-09-07T10:25:00.108037
full_historical_baseline,543386,16207B,,4,0.0,,United Kingdom,INVALID_OR_ZERO_UNIT_PRICE,2026-09-07T10:25:00.108037
full_historical_baseline,543390,84880,,-5,0.0,,United Kingdom,INVALID_OR_ZERO_UNIT_PRICE,2026-09-07T10:25:00.108037
full_historical_baseline,543453,21429,,1,0.0,,United Kingdom,INVALID_OR_ZERO_UNIT_PRICE,2026-09-07T10:25:00.108037
full_historical_baseline,543471,85150,,118,0.0,,United Kingdom,INVALID_OR_ZERO_UNIT_PRICE,2026-09-07T10:25:00.108037
full_historical_baseline,543472,22451,,1,0.0,,United Kingdom,INVALID_OR_ZERO_UNIT_PRICE,2026-09-07T10:25:00.108037
full_historical_baseline,543473,21661,,1,0.0,,United Kingdom,INVALID_OR_ZERO_UNIT_PRICE,2026-09-07T10:25:00.108037
full_historical_baseline,543521,22769,,-6,0.0,,United Kingdom,INVALID_OR_ZERO_UNIT_PRICE,2026-09-07T10:25:00.108037
full_historical_baseline,543545,22627,,-11,0.0,,United Kingdom,INVALID_OR_ZERO_UNIT_PRICE,2026-09-07T10:25:00.108037
full_historical_baseline,543552,22847,,-10,0.0,,United Kingdom,INVALID_OR_ZERO_UNIT_PRICE,2026-09-07T10:25:00.108037
full_historical_baseline,543599,84535B,FAIRY CAKES NOTEBOOK A6 SIZE,16,0.0,17560.0,United Kingdom,INVALID_OR_ZERO_UNIT_PRICE,2026-09-07T10:25:00.108037
full_historical_baseline,543654,22525,,-57,0.0,,United Kingdom,INVALID_OR_ZERO_UNIT_PRICE,2026-09-07T10:25:00.108037
full_historical_baseline,543655,21717,,-42,0.0,,United Kingdom,INVALID_OR_ZERO_UNIT_PRICE,2026-09-07T10:25:00.108037
full_historical_baseline,543656,84801B,,-44,0.0,,United Kingdom,INVALID_OR_ZERO_UNIT_PRICE,2026-09-07T10:25:00.108037
full_historical_baseline,543781,21655,,19,0.0,,United Kingdom,INVALID_OR_ZERO_UNIT_PRICE,2026-09-07T10:25:00.108037
full_historical_baseline,543782,85232B,,6,0.0,,United Kingdom,INVALID_OR_ZERO_UNIT_PRICE,2026-09-07T10:25:00.108037
full_historical_baseline,543783,20966,,-41,0.0,,United Kingdom,INVALID_OR_ZERO_UNIT_PRICE,2026-09-07T10:25:00.108037
full_historical_baseline,543827,84406B,incorrectly made-thrown away.,-64,0.0,,United Kingdom,INVALID_OR_ZERO_UNIT_PRICE,2026-09-07T10:25:00.108037
full_historical_baseline,544046,21785,,-140,0.0,,United Kingdom,INVALID_OR_ZERO_UNIT_PRICE,2026-09-07T10:25:00.108037
full_historical_baseline,544063,22837,,-9,0.0,,United Kingdom,INVALID_OR_ZERO_UNIT_PRICE,2026-09-07T10:25:00.108037
full_historical_baseline,544072,22837,,26,0.0,,United Kingdom,INVALID_OR_ZERO_UNIT_PRICE,2026-09-07T10:25:00.108037
full_historical_baseline,544086,21785,,-7,0.0,,United Kingdom,INVALID_OR_ZERO_UNIT_PRICE,2026-09-07T10:25:00.108037
full_historical_baseline,544321,16033,,120,0.0,,United Kingdom,INVALID_OR_ZERO_UNIT_PRICE,2026-09-07T10:25:00.108037
full_historical_baseline,544342,22633,,-53,0.0,,United Kingdom,INVALID_OR_ZERO_UNIT_PRICE,2026-09-07T10:25:00.108037
full_historical_baseline,544343,22867,,-99,0.0,,United Kingdom,INVALID_OR_ZERO_UNIT_PRICE,2026-09-07T10:25:00.108037
full_historical_baseline,544344,22865,,51,0.0,,United Kingdom,INVALID_OR_ZERO_UNIT_PRICE,2026-09-07T10:25:00.108037
full_historical_baseline,544345,22866,,1,0.0,,United Kingdom,INVALID_OR_ZERO_UNIT_PRICE,2026-09-07T10:25:00.108037
full_historical_baseline,544346,22114,,-21,0.0,,United Kingdom,INVALID_OR_ZERO_UNIT_PRICE,2026-09-07T10:25:00.108037
full_historical_baseline,544347,22114,,-4,0.0,,United Kingdom,INVALID_OR_ZERO_UNIT_PRICE,2026-09-07T10:25:00.108037
full_historical_baseline,544348,84029E,,13,0.0,,United Kingdom,INVALID_OR_ZERO_UNIT_PRICE,2026-09-07T10:25:00.108037
full_historical_baseline,544396,62094B,,-92,0.0,,United Kingdom,INVALID_OR_ZERO_UNIT_PRICE,2026-09-07T10:25:00.108037
full_historical_baseline,544410,84997C,?,-741,0.0,,United Kingdom,INVALID_OR_ZERO_UNIT_PRICE,2026-09-07T10:25:00.108037
full_historical_baseline,544554,22588,,-41,0.0,,United Kingdom,INVALID_OR_ZERO_UNIT_PRICE,2026-09-07T10:25:00.108037
full_historical_baseline,544579,21651,,-6,0.0,,United Kingdom,INVALID_OR_ZERO_UNIT_PRICE,2026-09-07T10:25:00.108037
full_historical_baseline,544649,21621,?,-400,0.0,,United Kingdom,INVALID_OR_ZERO_UNIT_PRICE,2026-09-07T10:25:00.108037
full_historical_baseline,544703,22202,,-114,0.0,,United Kingdom,INVALID_OR_ZERO_UNIT_PRICE,2026-09-07T10:25:00.108037
full_historical_baseline,544832,62096A,,-88,0.0,,United Kingdom,INVALID_OR_ZERO_UNIT_PRICE,2026-09-07T10:25:00.108037
full_historical_baseline,544834,90200C,,-33,0.0,,United Kingdom,INVALID_OR_ZERO_UNIT_PRICE,2026-09-07T10:25:00.108037
full_historical_baseline,545127,22024,,-50,0.0,,United Kingdom,INVALID_OR_ZERO_UNIT_PRICE,2026-09-07T10:25:00.108037
full_historical_baseline,545135,22028,,-30,0.0,,United Kingdom,INVALID_OR_ZERO_UNIT_PRICE,2026-09-07T10:25:00.108037
full_historical_baseline,545160,22666,RECIPE BOX PANTRY YELLOW DESIGN,1,0.0,,United Kingdom,INVALID_OR_ZERO_UNIT_PRICE,2026-09-07T10:25:00.108037
full_historical_baseline,545160,22627,MINT KITCHEN SCALES,1,0.0,,United Kingdom,INVALID_OR_ZERO_UNIT_PRICE,2026-09-07T10:25:00.108037
full_historical_baseline,545160,22625,RED KITCHEN SCALES,1,0.0,,United Kingdom,INVALID_OR_ZERO_UNIT_PRICE,2026-09-07T10:25:00.108037
full_historical_baseline,545160,22559,SEASIDE FLYING DISC,1,0.0,,United Kingdom,INVALID_OR_ZERO_UNIT_PRICE,2026-09-07T10:25:00.108037
full_historical_baseline,545176,22470,HEART OF WICKER LARGE,1,0.0,,United Kingdom,INVALID_OR_ZERO_UNIT_PRICE,2026-09-07T10:25:00.108037
full_historical_baseline,545176,22374,AIRLINE BAG VINTAGE JET SET RED,2,0.0,,United Kingdom,INVALID_OR_ZERO_UNIT_PRICE,2026-09-07T10:25:00.108037
full_historical_baseline,545176,22371,AIRLINE BAG VINTAGE TOKYO 78,1,0.0,,United Kingdom,INVALID_OR_ZERO_UNIT_PRICE,2026-09-07T10:25:00.108037
full_historical_baseline,545176,22365,DOORMAT RESPECTABLE HOUSE,1,0.0,,United Kingdom,INVALID_OR_ZERO_UNIT_PRICE,2026-09-07T10:25:00.108037
full_historical_baseline,545176,22363,GLASS JAR MARMALADE ,1,0.0,,United Kingdom,INVALID_OR_ZERO_UNIT_PRICE,2026-09-07T10:25:00.108037
full_historical_baseline,545176,22360,GLASS JAR ENGLISH CONFECTIONERY,1,0.0,,United Kingdom,INVALID_OR_ZERO_UNIT_PRICE,2026-09-07T10:25:00.108037
full_historical_baseline,545176,22364,GLASS JAR DIGESTIVE BISCUITS,1,0.0,,United Kingdom,INVALID_OR_ZERO_UNIT_PRICE,2026-09-07T10:25:00.108037
full_historical_baseline,545176,22359,GLASS JAR KINGS CHOICE,2,0.0,,United Kingdom,INVALID_OR_ZERO_UNIT_PRICE,2026-09-07T10:25:00.108037
full_historical_baseline,545176,22357,KINGS CHOICE BISCUIT TIN,3,0.0,,United Kingdom,INVALID_OR_ZERO_UNIT_PRICE,2026-09-07T10:25:00.108037
full_historical_baseline,545176,22350,ILLUSTRATED CAT BOWL ,1,0.0,,United Kingdom,INVALID_OR_ZERO_UNIT_PRICE,2026-09-07T10:25:00.108037
full_historical_baseline,545176,22300,COFFEE MUG DOG + BALL DESIGN,1,0.0,,United Kingdom,INVALID_OR_ZERO_UNIT_PRICE,2026-09-07T10:25:00.108037
full_historical_baseline,545176,22064,PINK DOUGHNUT TRINKET POT ,1,0.0,,United Kingdom,INVALID_OR_ZERO_UNIT_PRICE,2026-09-07T10:25:00.108037
full_historical_baseline,545176,21888,BINGO SET,1,0.0,,United Kingdom,INVALID_OR_ZERO_UNIT_PRICE,2026-09-07T10:25:00.108037
full_historical_baseline,545176,21116,OWL DOORSTOP,5,0.0,,United Kingdom,INVALID_OR_ZERO_UNIT_PRICE,2026-09-07T10:25:00.108037
full_historical_baseline,545176,20724,RED RETROSPOT CHARLOTTE BAG,1,0.0,,United Kingdom,INVALID_OR_ZERO_UNIT_PRICE,2026-09-07T10:25:00.108037
full_historical_baseline,545176,20685,DOORMAT RED RETROSPOT,1,0.0,,United Kingdom,INVALID_OR_ZERO_UNIT_PRICE,2026-09-07T10:25:00.108037
full_historical_baseline,545176,20652,BLUE POLKADOT LUGGAGE TAG ,3,0.0,,United Kingdom,INVALID_OR_ZERO_UNIT_PRICE,2026-09-07T10:25:00.108037
full_historical_baseline,545176,20615,BLUE POLKADOT PASSPORT COVER,3,0.0,,United Kingdom,INVALID_OR_ZERO_UNIT_PRICE,2026-09-07T10:25:00.108037
full_historical_baseline,545176,18098C,PORCELAIN BUTTERFLY OIL BURNER,6,0.0,,United Kingdom,INVALID_OR_ZERO_UNIT_PRICE,2026-09-07T10:25:00.108037
full_historical_baseline,545176,22383,LUNCH BAG SUKI DESIGN ,1,0.0,,United Kingdom,INVALID_OR_ZERO_UNIT_PRICE,2026-09-07T10:25:00.108037
full_historical_baseline,545176,85099F,JUMBO BAG STRAWBERRY,1,0.0,,United Kingdom,INVALID_OR_ZERO_UNIT_PRICE,2026-09-07T10:25:00.108037
full_historical_baseline,545176,84968E,SET OF 16 VINTAGE BLACK CUTLERY,1,0.0,,United Kingdom,INVALID_OR_ZERO_UNIT_PRICE,2026-09-07T10:25:00.108037
full_historical_baseline,545176,84872A,TEATIME FUNKY FLOWER BACKPACK FOR 2,1,0.0,,United Kingdom,INVALID_OR_ZERO_UNIT_PRICE,2026-09-07T10:25:00.108037
full_historical_baseline,545176,22676,FRENCH BLUE METAL DOOR SIGN 1,1,0.0,,United Kingdom,INVALID_OR_ZERO_UNIT_PRICE,2026-09-07T10:25:00.108037
full_historical_baseline,545176,21899,"KEY FOB , GARAGE DESIGN",1,0.0,,United Kingdom,INVALID_OR_ZERO_UNIT_PRICE,2026-09-07T10:25:00.108037
full_historical_baseline,545176,22524,CHILDRENS GARDEN GLOVES BLUE,1,0.0,,United Kingdom,INVALID_OR_ZERO_UNIT_PRICE,2026-09-07T10:25:00.108037
full_historical_baseline,545176,84692,BOX OF 24 COCKTAIL PARASOLS,1,0.0,,United Kingdom,INVALID_OR_ZERO_UNIT_PRICE,2026-09-07T10:25:00.108037
full_historical_baseline,545176,79321,CHILLI LIGHTS,1,0.0,,United Kingdom,INVALID_OR_ZERO_UNIT_PRICE,2026-09-07T10:25:00.108037
full_historical_baseline,545176,37333,"RETRO ""TEA FOR ONE"" ",3,0.0,,United Kingdom,INVALID_OR_ZERO_UNIT_PRICE,2026-09-07T10:25:00.108037
full_historical_baseline,545176,22697,GREEN REGENCY TEACUP AND SAUCER,1,0.0,,United Kingdom,INVALID_OR_ZERO_UNIT_PRICE,2026-09-07T10:25:00.108037
full_historical_baseline,545176,22699,ROSES REGENCY TEACUP AND SAUCER ,1,0.0,,United Kingdom,INVALID_OR_ZERO_UNIT_PRICE,2026-09-07T10:25:00.108037
full_historical_baseline,545176,22698,PINK REGENCY TEACUP AND SAUCER,1,0.0,,United Kingdom,INVALID_OR_ZERO_UNIT_PRICE,2026-09-07T10:25:00.108037
full_historical_baseline,545176,22689,DOORMAT MERRY CHRISTMAS RED ,3,0.0,,United Kingdom,INVALID_OR_ZERO_UNIT_PRICE,2026-09-07T10:25:00.108037
full_historical_baseline,545176,22681,FRENCH BLUE METAL DOOR SIGN 6,2,0.0,,United Kingdom,INVALID_OR_ZERO_UNIT_PRICE,2026-09-07T10:25:00.108037
full_historical_baseline,545176,22678,FRENCH BLUE METAL DOOR SIGN 3,1,0.0,,United Kingdom,INVALID_OR_ZERO_UNIT_PRICE,2026-09-07T10:25:00.108037
full_historical_baseline,545176,22686,FRENCH BLUE METAL DOOR SIGN No,2,0.0,,United Kingdom,INVALID_OR_ZERO_UNIT_PRICE,2026-09-07T10:25:00.108037
full_historical_baseline,545176,22681,FRENCH BLUE METAL DOOR SIGN 6,3,0.0,,United Kingdom,INVALID_OR_ZERO_UNIT_PRICE,2026-09-07T10:25:00.108037
full_historical_baseline,545176,22677,FRENCH BLUE METAL DOOR SIGN 2,1,0.0,,United Kingdom,INVALID_OR_ZERO_UNIT_PRICE,2026-09-07T10:25:00.108037
full_historical_baseline,545176,22683,FRENCH BLUE METAL DOOR SIGN 8,1,0.0,,United Kingdom,INVALID_OR_ZERO_UNIT_PRICE,2026-09-07T10:25:00.108037
full_historical_baseline,545176,22676,FRENCH BLUE METAL DOOR SIGN 1,2,0.0,,United Kingdom,INVALID_OR_ZERO_UNIT_PRICE,2026-09-07T10:25:00.108037
full_historical_baseline,545176,22665,RECIPE BOX BLUE SKETCHBOOK DESIGN,1,0.0,,United Kingdom,INVALID_OR_ZERO_UNIT_PRICE,2026-09-07T10:25:00.108037
full_historical_baseline,545176,22649,STRAWBERRY FAIRY CAKE TEAPOT,1,0.0,,United Kingdom,INVALID_OR_ZERO_UNIT_PRICE,2026-09-07T10:25:00.108037
full_historical_baseline,545176,22627,MINT KITCHEN SCALES,1,0.0,,United Kingdom,INVALID_OR_ZERO_UNIT_PRICE,2026-09-07T10:25:00.108037
full_historical_baseline,545176,22625,RED KITCHEN SCALES,4,0.0,,United Kingdom,INVALID_OR_ZERO_UNIT_PRICE,2026-09-07T10:25:00.108037
full_historical_baseline,545176,22624,IVORY KITCHEN SCALES,8,0.0,,United Kingdom,INVALID_OR_ZERO_UNIT_PRICE,2026-09-07T10:25:00.108037
full_historical_baseline,545176,22619,SET OF 6 SOLDIER SKITTLES,1,0.0,,United Kingdom,INVALID_OR_ZERO_UNIT_PRICE,2026-09-07T10:25:00.108037
full_historical_baseline,545176,22550,HOLIDAY FUN LUDO,1,0.0,,United Kingdom,INVALID_OR_ZERO_UNIT_PRICE,2026-09-07T10:25:00.108037
full_historical_baseline,545176,22473,TV DINNER TRAY VINTAGE PAISLEY,1,0.0,,United Kingdom,INVALID_OR_ZERO_UNIT_PRICE,2026-09-07T10:25:00.108037
full_historical_baseline,545176,22475,SKULL DESIGN TV DINNER TRAY,3,0.0,,United Kingdom,INVALID_OR_ZERO_UNIT_PRICE,2026-09-07T10:25:00.108037
full_historical_baseline,545219,20738,,-36,0.0,,United Kingdom,INVALID_OR_ZERO_UNIT_PRICE,2026-09-07T10:25:00.108037
full_historical_baseline,545236,22797,damages,-15,0.0,,United Kingdom,INVALID_OR_ZERO_UNIT_PRICE,2026-09-07T10:25:00.108037
full_historical_baseline,545401,21769,showroom,-5,0.0,,United Kingdom,INVALID_OR_ZERO_UNIT_PRICE,2026-09-07T10:25:00.108037
full_historical_baseline,545402,22862,,-33,0.0,,United Kingdom,INVALID_OR_ZERO_UNIT_PRICE,2026-09-07T10:25:00.108037
full_historical_baseline,545546,84249A,check,-150,0.0,,United Kingdom,INVALID_OR_ZERO_UNIT_PRICE,2026-09-07T10:25:00.108037
full_historical_baseline,545547,85061W,,-391,0.0,,United Kingdom,INVALID_OR_ZERO_UNIT_PRICE,2026-09-07T10:25:00.108037
full_historical_baseline,545548,77101A,,-87,0.0,,United Kingdom,INVALID_OR_ZERO_UNIT_PRICE,2026-09-07T10:25:00.108037
full_historical_baseline,545549,15058B,,-61,0.0,,United Kingdom,INVALID_OR_ZERO_UNIT_PRICE,2026-09-07T10:25:00.108037
full_historical_baseline,545551,15058A,,20,0.0,,United Kingdom,INVALID_OR_ZERO_UNIT_PRICE,2026-09-07T10:25:00.108037
full_historical_baseline,545552,22021,,-20,0.0,,United Kingdom,INVALID_OR_ZERO_UNIT_PRICE,2026-09-07T10:25:00.108037
full_historical_baseline,545553,84459B,,16,0.0,,United Kingdom,INVALID_OR_ZERO_UNIT_PRICE,2026-09-07T10:25:00.108037
full_historical_baseline,545554,22988,,-70,0.0,,United Kingdom,INVALID_OR_ZERO_UNIT_PRICE,2026-09-07T10:25:00.108037
full_historical_baseline,545560,37464,,-2,0.0,,United Kingdom,INVALID_OR_ZERO_UNIT_PRICE,2026-09-07T10:25:00.108037
full_historical_baseline,545561,37379A,,-9,0.0,,United Kingdom,INVALID_OR_ZERO_UNIT_PRICE,2026-09-07T10:25:00.108037
full_historical_baseline,545562,20689,,-5,0.0,,United Kingdom,INVALID_OR_ZERO_UNIT_PRICE,2026-09-07T10:25:00.108037
full_historical_baseline,545563,20671,,-22,0.0,,United Kingdom,INVALID_OR_ZERO_UNIT_PRICE,2026-09-07T10:25:00.108037
full_historical_baseline,545564,85092,,-9,0.0,,United Kingdom,INVALID_OR_ZERO_UNIT_PRICE,2026-09-07T10:25:00.108037
full_historical_baseline,545565,47563B,,-10,0.0,,United Kingdom,INVALID_OR_ZERO_UNIT_PRICE,2026-09-07T10:25:00.108037
full_historical_baseline,545566,37477D,,-9,0.0,,United Kingdom,INVALID_OR_ZERO_UNIT_PRICE,2026-09-07T10:25:00.108037
full_historical_baseline,545567,37444B,,-3,0.0,,United Kingdom,INVALID_OR_ZERO_UNIT_PRICE,2026-09-07T10:25:00.108037
full_historical_baseline,545598,22080,,-278,0.0,,United Kingdom,INVALID_OR_ZERO_UNIT_PRICE,2026-09-07T10:25:00.108037
full_historical_baseline,545599,22272,,-140,0.0,,United Kingdom,INVALID_OR_ZERO_UNIT_PRICE,2026-09-07T10:25:00.108037
full_historical_baseline,545600,85160A,,-21,0.0,,United Kingdom,INVALID_OR_ZERO_UNIT_PRICE,2026-09-07T10:25:00.108037
full_historical_baseline,545651,21973,,140,0.0,,United Kingdom,INVALID_OR_ZERO_UNIT_PRICE,2026-09-07T10:25:00.108037
full_historical_baseline,545666,37468,,67,0.0,,United Kingdom,INVALID_OR_ZERO_UNIT_PRICE,2026-09-07T10:25:00.108037
full_historical_baseline,545857,20681,MIA,-154,0.0,,United Kingdom,INVALID_OR_ZERO_UNIT_PRICE,2026-09-07T10:25:00.108037
full_historical_baseline,545875,21736,Adjustment,34,0.0,,United Kingdom,INVALID_OR_ZERO_UNIT_PRICE,2026-09-07T10:25:00.108037
full_historical_baseline,545990,84598,check,-3000,0.0,,United Kingdom,INVALID_OR_ZERO_UNIT_PRICE,2026-09-07T10:25:00.108037
full_historical_baseline,546010,22423,damages,-19,0.0,,United Kingdom,INVALID_OR_ZERO_UNIT_PRICE,2026-09-07T10:25:00.108037
full_historical_baseline,546016,85172,Dotcom set,-675,0.0,,United Kingdom,INVALID_OR_ZERO_UNIT_PRICE,2026-09-07T10:25:00.108037
full_historical_baseline,546018,85172,wrongly sold as sets,-600,0.0,,United Kingdom,INVALID_OR_ZERO_UNIT_PRICE,2026-09-07T10:25:00.108037
full_historical_baseline,546020,85175,Amazon sold sets,-210,0.0,,United Kingdom,INVALID_OR_ZERO_UNIT_PRICE,2026-09-07T10:25:00.108037
full_historical_baseline,546021,85175,dotcom sold sets,-345,0.0,,United Kingdom,INVALID_OR_ZERO_UNIT_PRICE,2026-09-07T10:25:00.108037
full_historical_baseline,546023,85175,wrongly sold sets,-975,0.0,,United Kingdom,INVALID_OR_ZERO_UNIT_PRICE,2026-09-07T10:25:00.108037
full_historical_baseline,546024,85175,? sold as sets?,-1200,0.0,,United Kingdom,INVALID_OR_ZERO_UNIT_PRICE,2026-09-07T10:25:00.108037
full_historical_baseline,546025,85172,?sold as sets?,-600,0.0,,United Kingdom,INVALID_OR_ZERO_UNIT_PRICE,2026-09-07T10:25:00.108037
full_historical_baseline,546026,90200C,,4,0.0,,United Kingdom,INVALID_OR_ZERO_UNIT_PRICE,2026-09-07T10:25:00.108037
full_historical_baseline,546085,84535A,,144,0.0,,United Kingdom,INVALID_OR_ZERO_UNIT_PRICE,2026-09-07T10:25:00.108037
full_historical_baseline,546114,84247K,,47,0.0,,United Kingdom,INVALID_OR_ZERO_UNIT_PRICE,2026-09-07T10:25:00.108037
full_historical_baseline,546124,35610C,Thrown away.,-1121,0.0,,United Kingdom,INVALID_OR_ZERO_UNIT_PRICE,2026-09-07T10:25:00.108037
full_historical_baseline,546126,35611B,thrown away,-27,0.0,,United Kingdom,INVALID_OR_ZERO_UNIT_PRICE,2026-09-07T10:25:00.108037
full_historical_baseline,546129,35610B,thrown away,-541,0.0,,United Kingdom,INVALID_OR_ZERO_UNIT_PRICE,2026-09-07T10:25:00.108037
full_historical_baseline,546130,35610A,thrown away,-1277,0.0,,United Kingdom,INVALID_OR_ZERO_UNIT_PRICE,2026-09-07T10:25:00.108037
full_historical_baseline,546137,20893,damages/display,-197,0.0,,United Kingdom,INVALID_OR_ZERO_UNIT_PRICE,2026-09-07T10:25:00.108037
full_historical_baseline,546138,21815,?,-300,0.0,,United Kingdom,INVALID_OR_ZERO_UNIT_PRICE,2026-09-07T10:25:00.108037
full_historical_baseline,546139,84988,?,3000,0.0,,United Kingdom,INVALID_OR_ZERO_UNIT_PRICE,2026-09-07T10:25:00.108037
full_historical_baseline,546140,21527,damages,-30,0.0,,United Kingdom,INVALID_OR_ZERO_UNIT_PRICE,2026-09-07T10:25:00.108037
full_historical_baseline,546141,79302M,,73,0.0,,United Kingdom,INVALID_OR_ZERO_UNIT_PRICE,2026-09-07T10:25:00.108037
full_historical_baseline,546142,40016,damaged stock,-1100,0.0,,United Kingdom,INVALID_OR_ZERO_UNIT_PRICE,2026-09-07T10:25:00.108037
full_historical_baseline,546145,21537,?,-80,0.0,,United Kingdom,INVALID_OR_ZERO_UNIT_PRICE,2026-09-07T10:25:00.108037
full_historical_baseline,546146,20752,,-40,0.0,,United Kingdom,INVALID_OR_ZERO_UNIT_PRICE,2026-09-07T10:25:00.108037
full_historical_baseline,546147,21320,broken,-63,0.0,,United Kingdom,INVALID_OR_ZERO_UNIT_PRICE,2026-09-07T10:25:00.108037
full_historical_baseline,546148,85049D,?,-100,0.0,,United Kingdom,INVALID_OR_ZERO_UNIT_PRICE,2026-09-07T10:25:00.108037
full_historical_baseline,546149,20866,?,-230,0.0,,United Kingdom,INVALID_OR_ZERO_UNIT_PRICE,2026-09-07T10:25:00.108037
full_historical_baseline,546150,21503,,-140,0.0,,United Kingdom,INVALID_OR_ZERO_UNIT_PRICE,2026-09-07T10:25:00.108037
full_historical_baseline,546151,21504,,-80,0.0,,United Kingdom,INVALID_OR_ZERO_UNIT_PRICE,2026-09-07T10:25:00.108037
full_historical_baseline,546152,72140F,throw away,-5368,0.0,,United Kingdom,INVALID_OR_ZERO_UNIT_PRICE,2026-09-07T10:25:00.108037
full_historical_baseline,546240,85045,,20,0.0,,United Kingdom,INVALID_OR_ZERO_UNIT_PRICE,2026-09-07T10:25:00.108037
full_historical_baseline,546244,21484,,219,0.0,,United Kingdom,INVALID_OR_ZERO_UNIT_PRICE,2026-09-07T10:25:00.108037
full_historical_baseline,546245,85185B,?,-259,0.0,,United Kingdom,INVALID_OR_ZERO_UNIT_PRICE,2026-09-07T10:25:00.108037
full_historical_baseline,546307,84029G,,280,0.0,,United Kingdom,INVALID_OR_ZERO_UNIT_PRICE,2026-09-07T10:25:00.108037
full_historical_baseline,546308,21555,,232,0.0,,United Kingdom,INVALID_OR_ZERO_UNIT_PRICE,2026-09-07T10:25:00.108037
full_historical_baseline,546309,85185B,,180,0.0,,United Kingdom,INVALID_OR_ZERO_UNIT_PRICE,2026-09-07T10:25:00.108037
full_historical_baseline,546375,85096,,48,0.0,,United Kingdom,INVALID_OR_ZERO_UNIT_PRICE,2026-09-07T10:25:00.108037
full_historical_baseline,546379,72225C,,-82,0.0,,United Kingdom,INVALID_OR_ZERO_UNIT_PRICE,2026-09-07T10:25:00.108037
full_historical_baseline,546406,46000S,POLYESTER FILLER PAD 40x40cm,70,0.0,,United Kingdom,INVALID_OR_ZERO_UNIT_PRICE,2026-09-07T10:25:00.108037
full_historical_baseline,546406,46000M,POLYESTER FILLER PAD 45x45cm,60,0.0,,United Kingdom,INVALID_OR_ZERO_UNIT_PRICE,2026-09-07T10:25:00.108037
full_historical_baseline,546407,22719,wrong barcode (22467),-178,0.0,,United Kingdom,INVALID_OR_ZERO_UNIT_PRICE,2026-09-07T10:25:00.108037
full_historical_baseline,546408,22467,wrongly sold (22719) barcode,170,0.0,,United Kingdom,INVALID_OR_ZERO_UNIT_PRICE,2026-09-07T10:25:00.108037
full_historical_baseline,546409,21833,damages,-110,0.0,,United Kingdom,INVALID_OR_ZERO_UNIT_PRICE,2026-09-07T10:25:00.108037
full_historical_baseline,546551,84563A,,-10,0.0,,United Kingdom,INVALID_OR_ZERO_UNIT_PRICE,2026-09-07T10:25:00.108037
full_historical_baseline,546661,22777,,-25,0.0,,United Kingdom,INVALID_OR_ZERO_UNIT_PRICE,2026-09-07T10:25:00.108037
full_historical_baseline,546666,79321,,72,0.0,,United Kingdom,INVALID_OR_ZERO_UNIT_PRICE,2026-09-07T10:25:00.108037
full_historical_baseline,546672,85206A,,-77,0.0,,United Kingdom,INVALID_OR_ZERO_UNIT_PRICE,2026-09-07T10:25:00.108037
full_historical_baseline,546673,23348,,48,0.0,,United Kingdom,INVALID_OR_ZERO_UNIT_PRICE,2026-09-07T10:25:00.108037
full_historical_baseline,546756,79067,,-5,0.0,,United Kingdom,INVALID_OR_ZERO_UNIT_PRICE,2026-09-07T10:25:00.108037
full_historical_baseline,546933,85123A,WHITE HANGING HEART T-LIGHT HOLDER,1,0.0,,United Kingdom,INVALID_OR_ZERO_UNIT_PRICE,2026-09-07T10:25:00.108037
full_historical_baseline,546933,85099B,JUMBO BAG RED RETROSPOT,2,0.0,,United Kingdom,INVALID_OR_ZERO_UNIT_PRICE,2026-09-07T10:25:00.108037
full_historical_baseline,546933,48184,DOORMAT ENGLISH ROSE ,2,0.0,,United Kingdom,INVALID_OR_ZERO_UNIT_PRICE,2026-09-07T10:25:00.108037
full_historical_baseline,546933,22692,DOORMAT WELCOME TO OUR HOME,1,0.0,,United Kingdom,INVALID_OR_ZERO_UNIT_PRICE,2026-09-07T10:25:00.108037
full_historical_baseline,546933,22683,FRENCH BLUE METAL DOOR SIGN 8,2,0.0,,United Kingdom,INVALID_OR_ZERO_UNIT_PRICE,2026-09-07T10:25:00.108037
full_historical_baseline,546933,22686,FRENCH BLUE METAL DOOR SIGN No,3,0.0,,United Kingdom,INVALID_OR_ZERO_UNIT_PRICE,2026-09-07T10:25:00.108037
full_historical_baseline,546933,22681,FRENCH BLUE METAL DOOR SIGN 6,7,0.0,,United Kingdom,INVALID_OR_ZERO_UNIT_PRICE,2026-09-07T10:25:00.108037
full_historical_baseline,546933,22682,FRENCH BLUE METAL DOOR SIGN 7,3,0.0,,United Kingdom,INVALID_OR_ZERO_UNIT_PRICE,2026-09-07T10:25:00.108037
full_historical_baseline,546933,22685,FRENCH BLUE METAL DOOR SIGN 0,1,0.0,,United Kingdom,INVALID_OR_ZERO_UNIT_PRICE,2026-09-07T10:25:00.108037
full_historical_baseline,546933,22680,FRENCH BLUE METAL DOOR SIGN 5,3,0.0,,United Kingdom,INVALID_OR_ZERO_UNIT_PRICE,2026-09-07T10:25:00.108037
full_historical_baseline,546933,22684,FRENCH BLUE METAL DOOR SIGN 9,3,0.0,,United Kingdom,INVALID_OR_ZERO_UNIT_PRICE,2026-09-07T10:25:00.108037
full_historical_baseline,546933,22678,FRENCH BLUE METAL DOOR SIGN 3,3,0.0,,United Kingdom,INVALID_OR_ZERO_UNIT_PRICE,2026-09-07T10:25:00.108037
full_historical_baseline,546933,22679,FRENCH BLUE METAL DOOR SIGN 4,4,0.0,,United Kingdom,INVALID_OR_ZERO_UNIT_PRICE,2026-09-07T10:25:00.108037
full_historical_baseline,546933,22676,FRENCH BLUE METAL DOOR SIGN 1,3,0.0,,United Kingdom,INVALID_OR_ZERO_UNIT_PRICE,2026-09-07T10:25:00.108037
full_historical_baseline,546933,22666,RECIPE BOX PANTRY YELLOW DESIGN,9,0.0,,United Kingdom,INVALID_OR_ZERO_UNIT_PRICE,2026-09-07T10:25:00.108037
full_historical_baseline,546933,22627,MINT KITCHEN SCALES,1,0.0,,United Kingdom,INVALID_OR_ZERO_UNIT_PRICE,2026-09-07T10:25:00.108037
full_historical_baseline,546933,22626,BLACK KITCHEN SCALES,1,0.0,,United Kingdom,INVALID_OR_ZERO_UNIT_PRICE,2026-09-07T10:25:00.108037
full_historical_baseline,546933,22625,RED KITCHEN SCALES,3,0.0,,United Kingdom,INVALID_OR_ZERO_UNIT_PRICE,2026-09-07T10:25:00.108037
full_historical_baseline,546933,22623,BOX OF VINTAGE JIGSAW BLOCKS ,1,0.0,,United Kingdom,INVALID_OR_ZERO_UNIT_PRICE,2026-09-07T10:25:00.108037
full_historical_baseline,546933,22521,CHILDS GARDEN TROWEL PINK,1,0.0,,United Kingdom,INVALID_OR_ZERO_UNIT_PRICE,2026-09-07T10:25:00.108037
full_historical_baseline,546933,22430,ENAMEL WATERING CAN CREAM,3,0.0,,United Kingdom,INVALID_OR_ZERO_UNIT_PRICE,2026-09-07T10:25:00.108037
full_historical_baseline,546933,22375,AIRLINE BAG VINTAGE JET SET BROWN,1,0.0,,United Kingdom,INVALID_OR_ZERO_UNIT_PRICE,2026-09-07T10:25:00.108037
full_historical_baseline,546933,22374,AIRLINE BAG VINTAGE JET SET RED,1,0.0,,United Kingdom,INVALID_OR_ZERO_UNIT_PRICE,2026-09-07T10:25:00.108037
full_historical_baseline,546933,22366,DOORMAT AIRMAIL ,1,0.0,,United Kingdom,INVALID_OR_ZERO_UNIT_PRICE,2026-09-07T10:25:00.108037
full_historical_baseline,546933,22364,GLASS JAR DIGESTIVE BISCUITS,2,0.0,,United Kingdom,INVALID_OR_ZERO_UNIT_PRICE,2026-09-07T10:25:00.108037
full_historical_baseline,546933,22631,CIRCUS PARADE LUNCH BOX ,3,0.0,,United Kingdom,INVALID_OR_ZERO_UNIT_PRICE,2026-09-07T10:25:00.108037
full_historical_baseline,546933,21556,CERAMIC STRAWBERRY MONEY BOX,2,0.0,,United Kingdom,INVALID_OR_ZERO_UNIT_PRICE,2026-09-07T10:25:00.108037
full_historical_baseline,546933,22666,RECIPE BOX PANTRY YELLOW DESIGN,1,0.0,,United Kingdom,INVALID_OR_ZERO_UNIT_PRICE,2026-09-07T10:25:00.108037
full_historical_baseline,546933,22372,AIRLINE BAG VINTAGE WORLD CHAMPION ,1,0.0,,United Kingdom,INVALID_OR_ZERO_UNIT_PRICE,2026-09-07T10:25:00.108037
full_historical_baseline,546933,20719,WOODLAND CHARLOTTE BAG,1,0.0,,United Kingdom,INVALID_OR_ZERO_UNIT_PRICE,2026-09-07T10:25:00.108037
full_historical_baseline,547328,22272,,45,0.0,,United Kingdom,INVALID_OR_ZERO_UNIT_PRICE,2026-09-07T10:25:00.108037
full_historical_baseline,547329,20681,,-1,0.0,,United Kingdom,INVALID_OR_ZERO_UNIT_PRICE,2026-09-07T10:25:00.108037
full_historical_baseline,547330,21894,,-40,0.0,,United Kingdom,INVALID_OR_ZERO_UNIT_PRICE,2026-09-07T10:25:00.108037
full_historical_baseline,547331,17013D,,-20,0.0,,United Kingdom,INVALID_OR_ZERO_UNIT_PRICE,2026-09-07T10:25:00.108037
full_historical_baseline,547332,21613,,-47,0.0,,United Kingdom,INVALID_OR_ZERO_UNIT_PRICE,2026-09-07T10:25:00.108037
full_historical_baseline,547333,22791,,-70,0.0,,United Kingdom,INVALID_OR_ZERO_UNIT_PRICE,2026-09-07T10:25:00.108037
full_historical_baseline,547335,20934,,-15,0.0,,United Kingdom,INVALID_OR_ZERO_UNIT_PRICE,2026-09-07T10:25:00.108037
full_historical_baseline,547336,21689,wrong barcode,-323,0.0,,United Kingdom,INVALID_OR_ZERO_UNIT_PRICE,2026-09-07T10:25:00.108037
full_historical_baseline,547337,85025C,barcode problem,-230,0.0,,United Kingdom,INVALID_OR_ZERO_UNIT_PRICE,2026-09-07T10:25:00.108037
full_historical_baseline,547338,22245,,-110,0.0,,United Kingdom,INVALID_OR_ZERO_UNIT_PRICE,2026-09-07T10:25:00.108037
full_historical_baseline,547339,84406B,?,-450,0.0,,United Kingdom,INVALID_OR_ZERO_UNIT_PRICE,2026-09-07T10:25:00.108037
full_historical_baseline,547341,85049D,,-20,0.0,,United Kingdom,INVALID_OR_ZERO_UNIT_PRICE,2026-09-07T10:25:00.108037
full_historical_baseline,547343,77101A,,4,0.0,,United Kingdom,INVALID_OR_ZERO_UNIT_PRICE,2026-09-07T10:25:00.108037
full_historical_baseline,547344,22838,,5,0.0,,United Kingdom,INVALID_OR_ZERO_UNIT_PRICE,2026-09-07T10:25:00.108037
full_historical_baseline,547345,22838,,-10,0.0,,United Kingdom,INVALID_OR_ZERO_UNIT_PRICE,2026-09-07T10:25:00.108037
full_historical_baseline,547346,21000,,-41,0.0,,United Kingdom,INVALID_OR_ZERO_UNIT_PRICE,2026-09-07T10:25:00.108037
full_historical_baseline,547347,22470,,-6,0.0,,United Kingdom,INVALID_OR_ZERO_UNIT_PRICE,2026-09-07T10:25:00.108037
full_historical_baseline,547348,85206A,,4,0.0,,United Kingdom,INVALID_OR_ZERO_UNIT_PRICE,2026-09-07T10:25:00.108037
full_historical_baseline,547363,22459,?lost,-232,0.0,,United Kingdom,INVALID_OR_ZERO_UNIT_PRICE,2026-09-07T10:25:00.108037
full_historical_baseline,547369,21898,,-83,0.0,,United Kingdom,INVALID_OR_ZERO_UNIT_PRICE,2026-09-07T10:25:00.108037
full_historical_baseline,547394,71477,,1,0.0,,United Kingdom,INVALID_OR_ZERO_UNIT_PRICE,2026-09-07T10:25:00.108037
full_historical_baseline,547395,84977,,1,0.0,,United Kingdom,INVALID_OR_ZERO_UNIT_PRICE,2026-09-07T10:25:00.108037
full_historical_baseline,547396,79321,CHILLI LIGHTS,1,0.0,,United Kingdom,INVALID_OR_ZERO_UNIT_PRICE,2026-09-07T10:25:00.108037
full_historical_baseline,547402,85028L,,12,0.0,,United Kingdom,INVALID_OR_ZERO_UNIT_PRICE,2026-09-07T10:25:00.108037
full_historical_baseline,547403,85028L,,-2,0.0,,United Kingdom,INVALID_OR_ZERO_UNIT_PRICE,2026-09-07T10:25:00.108037
full_historical_baseline,547404,85028S,,24,0.0,,United Kingdom,INVALID_OR_ZERO_UNIT_PRICE,2026-09-07T10:25:00.108037
full_historical_baseline,547417,22062,CERAMIC BOWL WITH LOVE HEART DESIGN,36,0.0,13239.0,United Kingdom,INVALID_OR_ZERO_UNIT_PRICE,2026-09-07T10:25:00.108037
full_historical_baseline,547487,84596E,,-153,0.0,,United Kingdom,INVALID_OR_ZERO_UNIT_PRICE,2026-09-07T10:25:00.108037
full_historical_baseline,547505,22198,,-9,0.0,,United Kingdom,INVALID_OR_ZERO_UNIT_PRICE,2026-09-07T10:25:00.108037
full_historical_baseline,547506,21538,,-2,0.0,,United Kingdom,INVALID_OR_ZERO_UNIT_PRICE,2026-09-07T10:25:00.108037
full_historical_baseline,547522,21717,,5,0.0,,United Kingdom,INVALID_OR_ZERO_UNIT_PRICE,2026-09-07T10:25:00.108037
full_historical_baseline,547523,85197,,5,0.0,,United Kingdom,INVALID_OR_ZERO_UNIT_PRICE,2026-09-07T10:25:00.108037
full_historical_baseline,547524,22451,,4,0.0,,United Kingdom,INVALID_OR_ZERO_UNIT_PRICE,2026-09-07T10:25:00.108037
full_historical_baseline,547525,21258,,3,0.0,,United Kingdom,INVALID_OR_ZERO_UNIT_PRICE,2026-09-07T10:25:00.108037
full_historical_baseline,547526,22627,,3,0.0,,United Kingdom,INVALID_OR_ZERO_UNIT_PRICE,2026-09-07T10:25:00.108037
full_historical_baseline,547527,21826,,2,0.0,,United Kingdom,INVALID_OR_ZERO_UNIT_PRICE,2026-09-07T10:25:00.108037
full_historical_baseline,547528,84840,,2,0.0,,United Kingdom,INVALID_OR_ZERO_UNIT_PRICE,2026-09-07T10:25:00.108037
full_historical_baseline,547529,21841,,1,0.0,,United Kingdom,INVALID_OR_ZERO_UNIT_PRICE,2026-09-07T10:25:00.108037
full_historical_baseline,547530,22764,,3,0.0,,United Kingdom,INVALID_OR_ZERO_UNIT_PRICE,2026-09-07T10:25:00.108037
full_historical_baseline,547531,82605,,1,0.0,,United Kingdom,INVALID_OR_ZERO_UNIT_PRICE,2026-09-07T10:25:00.108037
full_historical_baseline,547532,84227,,1,0.0,,United Kingdom,INVALID_OR_ZERO_UNIT_PRICE,2026-09-07T10:25:00.108037
full_historical_baseline,547533,84968B,,2,0.0,,United Kingdom,INVALID_OR_ZERO_UNIT_PRICE,2026-09-07T10:25:00.108037
full_historical_baseline,547534,90084,,1,0.0,,United Kingdom,INVALID_OR_ZERO_UNIT_PRICE,2026-09-07T10:25:00.108037
full_historical_baseline,547536,90005A,,1,0.0,,United Kingdom,INVALID_OR_ZERO_UNIT_PRICE,2026-09-07T10:25:00.108037
full_historical_baseline,547557,22866,,2,0.0,,United Kingdom,INVALID_OR_ZERO_UNIT_PRICE,2026-09-07T10:25:00.108037
full_historical_baseline,547559,72759,thrown away-can't sell.,-524,0.0,,United Kingdom,INVALID_OR_ZERO_UNIT_PRICE,2026-09-07T10:25:00.108037
full_historical_baseline,547560,72732,thrown away-can't sell,-2472,0.0,,United Kingdom,INVALID_OR_ZERO_UNIT_PRICE,2026-09-07T10:25:00.108037
full_historical_baseline,547575,85025C,,144,0.0,,United Kingdom,INVALID_OR_ZERO_UNIT_PRICE,2026-09-07T10:25:00.108037
full_historical_baseline,547593,20785,,-2,0.0,,United Kingdom,INVALID_OR_ZERO_UNIT_PRICE,2026-09-07T10:25:00.108037
full_historical_baseline,547595,82483,,-12,0.0,,United Kingdom,INVALID_OR_ZERO_UNIT_PRICE,2026-09-07T10:25:00.108037
full_historical_baseline,547596,84306,,-5,0.0,,United Kingdom,INVALID_OR_ZERO_UNIT_PRICE,2026-09-07T10:25:00.108037
full_historical_baseline,547597,17011F,,-18,0.0,,United Kingdom,INVALID_OR_ZERO_UNIT_PRICE,2026-09-07T10:25:00.108037
full_historical_baseline,547598,21332,,-25,0.0,,United Kingdom,INVALID_OR_ZERO_UNIT_PRICE,2026-09-07T10:25:00.108037
full_historical_baseline,547599,21361,,-10,0.0,,United Kingdom,INVALID_OR_ZERO_UNIT_PRICE,2026-09-07T10:25:00.108037
full_historical_baseline,547606,22173,,-22,0.0,,United Kingdom,INVALID_OR_ZERO_UNIT_PRICE,2026-09-07T10:25:00.108037
full_historical_baseline,547611,84631,,-9,0.0,,United Kingdom,INVALID_OR_ZERO_UNIT_PRICE,2026-09-07T10:25:00.108037
full_historical_baseline,547618,21547,,-12,0.0,,United Kingdom,INVALID_OR_ZERO_UNIT_PRICE,2026-09-07T10:25:00.108037
full_historical_baseline,547626,20973,,60,0.0,,United Kingdom,INVALID_OR_ZERO_UNIT_PRICE,2026-09-07T10:25:00.108037
full_historical_baseline,547646,84849D,,-80,0.0,,United Kingdom,INVALID_OR_ZERO_UNIT_PRICE,2026-09-07T10:25:00.108037
full_historical_baseline,547673,47593A,found,13,0.0,,United Kingdom,INVALID_OR_ZERO_UNIT_PRICE,2026-09-07T10:25:00.108037
full_historical_baseline,547696,35809B,,12,0.0,,United Kingdom,INVALID_OR_ZERO_UNIT_PRICE,2026-09-07T10:25:00.108037
full_historical_baseline,547699,21143,,-32,0.0,,United Kingdom,INVALID_OR_ZERO_UNIT_PRICE,2026-09-07T10:25:00.108037
full_historical_baseline,547700,21147,,-105,0.0,,United Kingdom,INVALID_OR_ZERO_UNIT_PRICE,2026-09-07T10:25:00.108037
full_historical_baseline,547701,84559D,,-7,0.0,,United Kingdom,INVALID_OR_ZERO_UNIT_PRICE,2026-09-07T10:25:00.108037
full_historical_baseline,547704,21621,rcvd be air temp fix for dotcom sit,100,0.0,,United Kingdom,INVALID_OR_ZERO_UNIT_PRICE,2026-09-07T10:25:00.108037
full_historical_baseline,547813,84840,,1,0.0,,United Kingdom,INVALID_OR_ZERO_UNIT_PRICE,2026-09-07T10:25:00.108037
full_historical_baseline,547827,22444,,82,0.0,,United Kingdom,INVALID_OR_ZERO_UNIT_PRICE,2026-09-07T10:25:00.108037
full_historical_baseline,547916,22459,,-36,0.0,,United Kingdom,INVALID_OR_ZERO_UNIT_PRICE,2026-09-07T10:25:00.108037
full_historical_baseline,547917,21898,,6,0.0,,United Kingdom,INVALID_OR_ZERO_UNIT_PRICE,2026-09-07T10:25:00.108037
full_historical_baseline,547927,37444C,,5,0.0,,United Kingdom,INVALID_OR_ZERO_UNIT_PRICE,2026-09-07T10:25:00.108037
full_historical_baseline,547928,37444B,,1,0.0,,United Kingdom,INVALID_OR_ZERO_UNIT_PRICE,2026-09-07T10:25:00.108037
full_historical_baseline,547929,21393,,3,0.0,,United Kingdom,INVALID_OR_ZERO_UNIT_PRICE,2026-09-07T10:25:00.108037
full_historical_baseline,547932,85197,,24,0.0,,United Kingdom,INVALID_OR_ZERO_UNIT_PRICE,2026-09-07T10:25:00.108037
full_historical_baseline,547933,21445,,1,0.0,,United Kingdom,INVALID_OR_ZERO_UNIT_PRICE,2026-09-07T10:25:00.108037
full_historical_baseline,547943,21357,,1,0.0,,United Kingdom,INVALID_OR_ZERO_UNIT_PRICE,2026-09-07T10:25:00.108037
full_historical_baseline,547948,71038,,167,0.0,,United Kingdom,INVALID_OR_ZERO_UNIT_PRICE,2026-09-07T10:25:00.108037
full_historical_baseline,547950,35241,damages?,-40,0.0,,United Kingdom,INVALID_OR_ZERO_UNIT_PRICE,2026-09-07T10:25:00.108037
full_historical_baseline,547957,20713,,32,0.0,,United Kingdom,INVALID_OR_ZERO_UNIT_PRICE,2026-09-07T10:25:00.108037
full_historical_baseline,547959,20713,,23,0.0,,United Kingdom,INVALID_OR_ZERO_UNIT_PRICE,2026-09-07T10:25:00.108037
full_historical_baseline,547966,DOT,,1000,0.0,,United Kingdom,INVALID_OR_ZERO_UNIT_PRICE,2026-09-07T10:25:00.108037
full_historical_baseline,547989,21621,re dotcom quick fix.,-100,0.0,,United Kingdom,INVALID_OR_ZERO_UNIT_PRICE,2026-09-07T10:25:00.108037
full_historical_baseline,547994,21228,,-7,0.0,,United Kingdom,INVALID_OR_ZERO_UNIT_PRICE,2026-09-07T10:25:00.108037
full_historical_baseline,547995,35823P,,-12,0.0,,United Kingdom,INVALID_OR_ZERO_UNIT_PRICE,2026-09-07T10:25:00.108037
full_historical_baseline,547996,84534B,,-10,0.0,,United Kingdom,INVALID_OR_ZERO_UNIT_PRICE,2026-09-07T10:25:00.108037
full_historical_baseline,547997,20857,,-34,0.0,,United Kingdom,INVALID_OR_ZERO_UNIT_PRICE,2026-09-07T10:25:00.108037
full_historical_baseline,547998,20854,,-2,0.0,,United Kingdom,INVALID_OR_ZERO_UNIT_PRICE,2026-09-07T10:25:00.108037
full_historical_baseline,547999,20860,,-7,0.0,,United Kingdom,INVALID_OR_ZERO_UNIT_PRICE,2026-09-07T10:25:00.108037
full_historical_baseline,548000,85224,,-7,0.0,,United Kingdom,INVALID_OR_ZERO_UNIT_PRICE,2026-09-07T10:25:00.108037
full_historical_baseline,548001,22451,,11,0.0,,United Kingdom,INVALID_OR_ZERO_UNIT_PRICE,2026-09-07T10:25:00.108037
full_historical_baseline,548002,21051,,-25,0.0,,United Kingdom,INVALID_OR_ZERO_UNIT_PRICE,2026-09-07T10:25:00.108037
full_historical_baseline,548008,21190,,-80,0.0,,United Kingdom,INVALID_OR_ZERO_UNIT_PRICE,2026-09-07T10:25:00.108037
full_historical_baseline,548069,20713,,-22,0.0,,United Kingdom,INVALID_OR_ZERO_UNIT_PRICE,2026-09-07T10:25:00.108037
full_historical_baseline,548095,20850,,-3,0.0,,United Kingdom,INVALID_OR_ZERO_UNIT_PRICE,2026-09-07T10:25:00.108037
full_historical_baseline,548098,21283,,-15,0.0,,United Kingdom,INVALID_OR_ZERO_UNIT_PRICE,2026-09-07T10:25:00.108037
full_historical_baseline,548104,84854,,-3,0.0,,United Kingdom,INVALID_OR_ZERO_UNIT_PRICE,2026-09-07T10:25:00.108037
full_historical_baseline,548110,21911,,-27,0.0,,United Kingdom,INVALID_OR_ZERO_UNIT_PRICE,2026-09-07T10:25:00.108037
full_historical_baseline,548149,72821,,-2,0.0,,United Kingdom,INVALID_OR_ZERO_UNIT_PRICE,2026-09-07T10:25:00.108037
full_historical_baseline,548161,20734,,2,0.0,,United Kingdom,INVALID_OR_ZERO_UNIT_PRICE,2026-09-07T10:25:00.108037
full_historical_baseline,548173,85067,,-3,0.0,,United Kingdom,INVALID_OR_ZERO_UNIT_PRICE,2026-09-07T10:25:00.108037
full_historical_baseline,548175,46115B,,-2,0.0,,United Kingdom,INVALID_OR_ZERO_UNIT_PRICE,2026-09-07T10:25:00.108037
full_historical_baseline,548195,79321,,27,0.0,,United Kingdom,INVALID_OR_ZERO_UNIT_PRICE,2026-09-07T10:25:00.108037
full_historical_baseline,548205,21614,,48,0.0,,United Kingdom,INVALID_OR_ZERO_UNIT_PRICE,2026-09-07T10:25:00.108037
full_historical_baseline,548206,22469,,-53,0.0,,United Kingdom,INVALID_OR_ZERO_UNIT_PRICE,2026-09-07T10:25:00.108037
full_historical_baseline,548207,20713,,25,0.0,,United Kingdom,INVALID_OR_ZERO_UNIT_PRICE,2026-09-07T10:25:00.108037
full_historical_baseline,548209,21621,,-30,0.0,,United Kingdom,INVALID_OR_ZERO_UNIT_PRICE,2026-09-07T10:25:00.108037
full_historical_baseline,548220,79321,,14,0.0,,United Kingdom,INVALID_OR_ZERO_UNIT_PRICE,2026-09-07T10:25:00.108037
full_historical_baseline,548221,85049B,,1,0.0,,United Kingdom,INVALID_OR_ZERO_UNIT_PRICE,2026-09-07T10:25:00.108037
full_historical_baseline,548224,47593A,,2,0.0,,United Kingdom,INVALID_OR_ZERO_UNIT_PRICE,2026-09-07T10:25:00.108037
full_historical_baseline,548227,90099,,-19,0.0,,United Kingdom,INVALID_OR_ZERO_UNIT_PRICE,2026-09-07T10:25:00.108037
full_historical_baseline,548261,90104,,2,0.0,,United Kingdom,INVALID_OR_ZERO_UNIT_PRICE,2026-09-07T10:25:00.108037
full_historical_baseline,548269,22036,,-45,0.0,,United Kingdom,INVALID_OR_ZERO_UNIT_PRICE,2026-09-07T10:25:00.108037
full_historical_baseline,548286,10002,,180,0.0,,United Kingdom,INVALID_OR_ZERO_UNIT_PRICE,2026-09-07T10:25:00.108037
full_historical_baseline,548318,22055,MINI CAKE STAND  HANGING STRAWBERY,5,0.0,13113.0,United Kingdom,INVALID_OR_ZERO_UNIT_PRICE,2026-09-07T10:25:00.108037
full_historical_baseline,548328,21527,,-21,0.0,,United Kingdom,INVALID_OR_ZERO_UNIT_PRICE,2026-09-07T10:25:00.108037
full_historical_baseline,548339,21827,,-42,0.0,,United Kingdom,INVALID_OR_ZERO_UNIT_PRICE,2026-09-07T10:25:00.108037
full_historical_baseline,548364,21095,,53,0.0,,United Kingdom,INVALID_OR_ZERO_UNIT_PRICE,2026-09-07T10:25:00.108037
full_historical_baseline,548365,79172D,,-7,0.0,,United Kingdom,INVALID_OR_ZERO_UNIT_PRICE,2026-09-07T10:25:00.108037
full_historical_baseline,548366,84678,,-33,0.0,,United Kingdom,INVALID_OR_ZERO_UNIT_PRICE,2026-09-07T10:25:00.108037
full_historical_baseline,548369,84683,,-6,0.0,,United Kingdom,INVALID_OR_ZERO_UNIT_PRICE,2026-09-07T10:25:00.108037
full_historical_baseline,548376,22533,,-80,0.0,,United Kingdom,INVALID_OR_ZERO_UNIT_PRICE,2026-09-07T10:25:00.108037
full_historical_baseline,548377,85016,,-46,0.0,,United Kingdom,INVALID_OR_ZERO_UNIT_PRICE,2026-09-07T10:25:00.108037
full_historical_baseline,548378,22052,,-75,0.0,,United Kingdom,INVALID_OR_ZERO_UNIT_PRICE,2026-09-07T10:25:00.108037
full_historical_baseline,548379,20702,,11,0.0,,United Kingdom,INVALID_OR_ZERO_UNIT_PRICE,2026-09-07T10:25:00.108037
full_historical_baseline,548380,22127,Dotcom sold in 6's,-60,0.0,,United Kingdom,INVALID_OR_ZERO_UNIT_PRICE,2026-09-07T10:25:00.108037
full_historical_baseline,548381,22127,sold in set?,-690,0.0,,United Kingdom,INVALID_OR_ZERO_UNIT_PRICE,2026-09-07T10:25:00.108037
full_historical_baseline,548382,84898F,,-2,0.0,,United Kingdom,INVALID_OR_ZERO_UNIT_PRICE,2026-09-07T10:25:00.108037
full_historical_baseline,548383,84906,,5,0.0,,United Kingdom,INVALID_OR_ZERO_UNIT_PRICE,2026-09-07T10:25:00.108037
full_historical_baseline,548385,22168,,-19,0.0,,United Kingdom,INVALID_OR_ZERO_UNIT_PRICE,2026-09-07T10:25:00.108037
full_historical_baseline,548394,82494L,cracked,-39,0.0,,United Kingdom,INVALID_OR_ZERO_UNIT_PRICE,2026-09-07T10:25:00.108037
full_historical_baseline,548395,22194,,-9,0.0,,United Kingdom,INVALID_OR_ZERO_UNIT_PRICE,2026-09-07T10:25:00.108037
full_historical_baseline,548396,22719,sold as 22467,-25,0.0,,United Kingdom,INVALID_OR_ZERO_UNIT_PRICE,2026-09-07T10:25:00.108037
full_historical_baseline,548397,21195,,-30,0.0,,United Kingdom,INVALID_OR_ZERO_UNIT_PRICE,2026-09-07T10:25:00.108037
full_historical_baseline,548398,22482,,-66,0.0,,United Kingdom,INVALID_OR_ZERO_UNIT_PRICE,2026-09-07T10:25:00.108037
full_historical_baseline,548399,15030,,150,0.0,,United Kingdom,INVALID_OR_ZERO_UNIT_PRICE,2026-09-07T10:25:00.108037
full_historical_baseline,548402,21040,,-5,0.0,,United Kingdom,INVALID_OR_ZERO_UNIT_PRICE,2026-09-07T10:25:00.108037
full_historical_baseline,548535,90010A,,25,0.0,,United Kingdom,INVALID_OR_ZERO_UNIT_PRICE,2026-09-07T10:25:00.108037
full_historical_baseline,548536,90010B,,-50,0.0,,United Kingdom,INVALID_OR_ZERO_UNIT_PRICE,2026-09-07T10:25:00.108037
full_historical_baseline,548537,90173,,-28,0.0,,United Kingdom,INVALID_OR_ZERO_UNIT_PRICE,2026-09-07T10:25:00.108037
full_historical_baseline,548538,90082B,,3,0.0,,United Kingdom,INVALID_OR_ZERO_UNIT_PRICE,2026-09-07T10:25:00.108037
full_historical_baseline,548539,90005A,,2,0.0,,United Kingdom,INVALID_OR_ZERO_UNIT_PRICE,2026-09-07T10:25:00.108037
full_historical_baseline,548540,90035A,,-9,0.0,,United Kingdom,INVALID_OR_ZERO_UNIT_PRICE,2026-09-07T10:25:00.108037
full_historical_baseline,548615,16010,,-7,0.0,,United Kingdom,INVALID_OR_ZERO_UNIT_PRICE,2026-09-07T10:25:00.108037
full_historical_baseline,548620,84313B,Damaged,-32,0.0,,United Kingdom,INVALID_OR_ZERO_UNIT_PRICE,2026-09-07T10:25:00.108037
full_historical_baseline,548637,84596E,,5,0.0,,United Kingdom,INVALID_OR_ZERO_UNIT_PRICE,2026-09-07T10:25:00.108037
full_historical_baseline,548638,21258,,4,0.0,,United Kingdom,INVALID_OR_ZERO_UNIT_PRICE,2026-09-07T10:25:00.108037
full_historical_baseline,548639,22627,,1,0.0,,United Kingdom,INVALID_OR_ZERO_UNIT_PRICE,2026-09-07T10:25:00.108037
full_historical_baseline,548646,21472,,-140,0.0,,United Kingdom,INVALID_OR_ZERO_UNIT_PRICE,2026-09-07T10:25:00.108037
full_historical_baseline,548662,82494L,,-180,0.0,,United Kingdom,INVALID_OR_ZERO_UNIT_PRICE,2026-09-07T10:25:00.108037
full_historical_baseline,548675,85185D,,-2,0.0,,United Kingdom,INVALID_OR_ZERO_UNIT_PRICE,2026-09-07T10:25:00.108037
full_historical_baseline,548676,72800F,,-5,0.0,,United Kingdom,INVALID_OR_ZERO_UNIT_PRICE,2026-09-07T10:25:00.108037
full_historical_baseline,548677,72781,,-30,0.0,,United Kingdom,INVALID_OR_ZERO_UNIT_PRICE,2026-09-07T10:25:00.108037
full_historical_baseline,548678,35015,,-9,0.0,,United Kingdom,INVALID_OR_ZERO_UNIT_PRICE,2026-09-07T10:25:00.108037
full_historical_baseline,548679,72793,,-3,0.0,,United Kingdom,INVALID_OR_ZERO_UNIT_PRICE,2026-09-07T10:25:00.108037
full_historical_baseline,548680,72800D,,-18,0.0,,United Kingdom,INVALID_OR_ZERO_UNIT_PRICE,2026-09-07T10:25:00.108037
full_historical_baseline,548681,72800D,,3,0.0,,United Kingdom,INVALID_OR_ZERO_UNIT_PRICE,2026-09-07T10:25:00.108037
full_historical_baseline,548682,72789,,-2,0.0,,United Kingdom,INVALID_OR_ZERO_UNIT_PRICE,2026-09-07T10:25:00.108037
full_historical_baseline,548683,72801G,,47,0.0,,United Kingdom,INVALID_OR_ZERO_UNIT_PRICE,2026-09-07T10:25:00.108037
full_historical_baseline,548684,72798C,,-2,0.0,,United Kingdom,INVALID_OR_ZERO_UNIT_PRICE,2026-09-07T10:25:00.108037
full_historical_baseline,548685,85018B,,-2,0.0,,United Kingdom,INVALID_OR_ZERO_UNIT_PRICE,2026-09-07T10:25:00.108037
full_historical_baseline,548693,22720,,-60,0.0,,United Kingdom,INVALID_OR_ZERO_UNIT_PRICE,2026-09-07T10:25:00.108037
full_historical_baseline,548694,22720,,10,0.0,,United Kingdom,INVALID_OR_ZERO_UNIT_PRICE,2026-09-07T10:25:00.108037
full_historical_baseline,548871,22162,HEART GARLAND RUSTIC PADDED,2,0.0,14410.0,United Kingdom,INVALID_OR_ZERO_UNIT_PRICE,2026-09-07T10:25:00.108037
full_historical_baseline,548886,85118,,-6,0.0,,United Kingdom,INVALID_OR_ZERO_UNIT_PRICE,2026-09-07T10:25:00.108037
full_historical_baseline,548887,35824B,,-8,0.0,,United Kingdom,INVALID_OR_ZERO_UNIT_PRICE,2026-09-07T10:25:00.108037
full_historical_baseline,548888,84726,,-14,0.0,,United Kingdom,INVALID_OR_ZERO_UNIT_PRICE,2026-09-07T10:25:00.108037
full_historical_baseline,548889,84875A,,-17,0.0,,United Kingdom,INVALID_OR_ZERO_UNIT_PRICE,2026-09-07T10:25:00.108037
full_historical_baseline,548890,84876C,,-19,0.0,,United Kingdom,INVALID_OR_ZERO_UNIT_PRICE,2026-09-07T10:25:00.108037
full_historical_baseline,548897,47570B,,-70,0.0,,United Kingdom,INVALID_OR_ZERO_UNIT_PRICE,2026-09-07T10:25:00.108037
full_historical_baseline,548980,22114,,-194,0.0,,United Kingdom,INVALID_OR_ZERO_UNIT_PRICE,2026-09-07T10:25:00.108037
full_historical_baseline,548986,21210,,-177,0.0,,United Kingdom,INVALID_OR_ZERO_UNIT_PRICE,2026-09-07T10:25:00.108037
full_historical_baseline,548989,72799F,,-46,0.0,,United Kingdom,INVALID_OR_ZERO_UNIT_PRICE,2026-09-07T10:25:00.108037
full_historical_baseline,548997,84507B,,20,0.0,,United Kingdom,INVALID_OR_ZERO_UNIT_PRICE,2026-09-07T10:25:00.108037
full_historical_baseline,548998,84741C,,8,0.0,,United Kingdom,INVALID_OR_ZERO_UNIT_PRICE,2026-09-07T10:25:00.108037
full_historical_baseline,548999,84743C,damages,-26,0.0,,United Kingdom,INVALID_OR_ZERO_UNIT_PRICE,2026-09-07T10:25:00.108037
full_historical_baseline,549000,35972,,-45,0.0,,United Kingdom,INVALID_OR_ZERO_UNIT_PRICE,2026-09-07T10:25:00.108037
full_historical_baseline,549001,84845D,,-5,0.0,,United Kingdom,INVALID_OR_ZERO_UNIT_PRICE,2026-09-07T10:25:00.108037
full_historical_baseline,549002,21278,,17,0.0,,United Kingdom,INVALID_OR_ZERO_UNIT_PRICE,2026-09-07T10:25:00.108037
full_historical_baseline,549003,21279,,14,0.0,,United Kingdom,INVALID_OR_ZERO_UNIT_PRICE,2026-09-07T10:25:00.108037
full_historical_baseline,549004,21274,,-3,0.0,,United Kingdom,INVALID_OR_ZERO_UNIT_PRICE,2026-09-07T10:25:00.108037
full_historical_baseline,549005,16020C,,-5,0.0,,United Kingdom,INVALID_OR_ZERO_UNIT_PRICE,2026-09-07T10:25:00.108037
full_historical_baseline,549006,84508B,,-23,0.0,,United Kingdom,INVALID_OR_ZERO_UNIT_PRICE,2026-09-07T10:25:00.108037
full_historical_baseline,549008,21281,,-31,0.0,,United Kingdom,INVALID_OR_ZERO_UNIT_PRICE,2026-09-07T10:25:00.108037
full_historical_baseline,549009,21474,,-8,0.0,,United Kingdom,INVALID_OR_ZERO_UNIT_PRICE,2026-09-07T10:25:00.108037
full_historical_baseline,549010,21684,,-62,0.0,,United Kingdom,INVALID_OR_ZERO_UNIT_PRICE,2026-09-07T10:25:00.108037
full_historical_baseline,549011,62096B,,-8,0.0,,United Kingdom,INVALID_OR_ZERO_UNIT_PRICE,2026-09-07T10:25:00.108037
full_historical_baseline,549028,84569A,,-18,0.0,,United Kingdom,INVALID_OR_ZERO_UNIT_PRICE,2026-09-07T10:25:00.108037
full_historical_baseline,549029,84569B,,-17,0.0,,United Kingdom,INVALID_OR_ZERO_UNIT_PRICE,2026-09-07T10:25:00.108037
full_historical_baseline,549030,84520B,,-61,0.0,,United Kingdom,INVALID_OR_ZERO_UNIT_PRICE,2026-09-07T10:25:00.108037
full_historical_baseline,549031,10134,,-19,0.0,,United Kingdom,INVALID_OR_ZERO_UNIT_PRICE,2026-09-07T10:25:00.108037
full_historical_baseline,549032,20778,,-6,0.0,,United Kingdom,INVALID_OR_ZERO_UNIT_PRICE,2026-09-07T10:25:00.108037
full_historical_baseline,549033,16254,,-5,0.0,,United Kingdom,INVALID_OR_ZERO_UNIT_PRICE,2026-09-07T10:25:00.108037
full_historical_baseline,549034,16248B,,2,0.0,,United Kingdom,INVALID_OR_ZERO_UNIT_PRICE,2026-09-07T10:25:00.108037
full_historical_baseline,549035,72051S,,-15,0.0,,United Kingdom,INVALID_OR_ZERO_UNIT_PRICE,2026-09-07T10:25:00.108037
full_historical_baseline,549036,84993B,,-54,0.0,,United Kingdom,INVALID_OR_ZERO_UNIT_PRICE,2026-09-07T10:25:00.108037
full_historical_baseline,549037,84569C,,-37,0.0,,United Kingdom,INVALID_OR_ZERO_UNIT_PRICE,2026-09-07T10:25:00.108037
full_historical_baseline,549038,84569D,,-70,0.0,,United Kingdom,INVALID_OR_ZERO_UNIT_PRICE,2026-09-07T10:25:00.108037
full_historical_baseline,549042,21681,,-2,0.0,,United Kingdom,INVALID_OR_ZERO_UNIT_PRICE,2026-09-07T10:25:00.108037
full_historical_baseline,549043,84990,,-24,0.0,,United Kingdom,INVALID_OR_ZERO_UNIT_PRICE,2026-09-07T10:25:00.108037
full_historical_baseline,549100,21484,CHICK GREY HOT WATER BOTTLE,1,0.0,,United Kingdom,INVALID_OR_ZERO_UNIT_PRICE,2026-09-07T10:25:00.108037
full_historical_baseline,549103,82494L,,167,0.0,,United Kingdom,INVALID_OR_ZERO_UNIT_PRICE,2026-09-07T10:25:00.108037
full_historical_baseline,549132,20756,,-70,0.0,,United Kingdom,INVALID_OR_ZERO_UNIT_PRICE,2026-09-07T10:25:00.108037
full_historical_baseline,549133,20759,,-52,0.0,,United Kingdom,INVALID_OR_ZERO_UNIT_PRICE,2026-09-07T10:25:00.108037
full_historical_baseline,549134,20758,,-54,0.0,,United Kingdom,INVALID_OR_ZERO_UNIT_PRICE,2026-09-07T10:25:00.108037
full_historical_baseline,549135,20760,,31,0.0,,United Kingdom,INVALID_OR_ZERO_UNIT_PRICE,2026-09-07T10:25:00.108037
full_historical_baseline,549136,21414,,-3,0.0,,United Kingdom,INVALID_OR_ZERO_UNIT_PRICE,2026-09-07T10:25:00.108037
full_historical_baseline,549137,84459B,,-7,0.0,,United Kingdom,INVALID_OR_ZERO_UNIT_PRICE,2026-09-07T10:25:00.108037
full_historical_baseline,549138,22988,,12,0.0,,United Kingdom,INVALID_OR_ZERO_UNIT_PRICE,2026-09-07T10:25:00.108037
full_historical_baseline,549139,22988,,-91,0.0,,United Kingdom,INVALID_OR_ZERO_UNIT_PRICE,2026-09-07T10:25:00.108037
full_historical_baseline,549140,35819B,,7,0.0,,United Kingdom,INVALID_OR_ZERO_UNIT_PRICE,2026-09-07T10:25:00.108037
full_historical_baseline,549141,35819B,,70,0.0,,United Kingdom,INVALID_OR_ZERO_UNIT_PRICE,2026-09-07T10:25:00.108037
full_historical_baseline,549142,35650,,-24,0.0,,United Kingdom,INVALID_OR_ZERO_UNIT_PRICE,2026-09-07T10:25:00.108037
full_historical_baseline,549143,84597C,,-17,0.0,,United Kingdom,INVALID_OR_ZERO_UNIT_PRICE,2026-09-07T10:25:00.108037
full_historical_baseline,549144,21416,,-14,0.0,,United Kingdom,INVALID_OR_ZERO_UNIT_PRICE,2026-09-07T10:25:00.108037
full_historical_baseline,549145,21421,,26,0.0,,United Kingdom,INVALID_OR_ZERO_UNIT_PRICE,2026-09-07T10:25:00.108037
full_historical_baseline,549146,85017A,,-10,0.0,,United Kingdom,INVALID_OR_ZERO_UNIT_PRICE,2026-09-07T10:25:00.108037
full_historical_baseline,549147,20773,,-4,0.0,,United Kingdom,INVALID_OR_ZERO_UNIT_PRICE,2026-09-07T10:25:00.108037
full_historical_baseline,549149,35649,,-43,0.0,,United Kingdom,INVALID_OR_ZERO_UNIT_PRICE,2026-09-07T10:25:00.108037
full_historical_baseline,549150,79336,,-47,0.0,,United Kingdom,INVALID_OR_ZERO_UNIT_PRICE,2026-09-07T10:25:00.108037
full_historical_baseline,549151,21664,,20,0.0,,United Kingdom,INVALID_OR_ZERO_UNIT_PRICE,2026-09-07T10:25:00.108037
full_historical_baseline,549156,17013D,,-9,0.0,,United Kingdom,INVALID_OR_ZERO_UNIT_PRICE,2026-09-07T10:25:00.108037
full_historical_baseline,549157,21511,,-9,0.0,,United Kingdom,INVALID_OR_ZERO_UNIT_PRICE,2026-09-07T10:25:00.108037
full_historical_baseline,549158,21910,,-1,0.0,,United Kingdom,INVALID_OR_ZERO_UNIT_PRICE,2026-09-07T10:25:00.108037
full_historical_baseline,549159,22052,,-25,0.0,,United Kingdom,INVALID_OR_ZERO_UNIT_PRICE,2026-09-07T10:25:00.108037
full_historical_baseline,549160,81953P,,-7,0.0,,United Kingdom,INVALID_OR_ZERO_UNIT_PRICE,2026-09-07T10:25:00.108037
full_historical_baseline,549161,21518,,-31,0.0,,United Kingdom,INVALID_OR_ZERO_UNIT_PRICE,2026-09-07T10:25:00.108037
full_historical_baseline,549163,84247L,,8,0.0,,United Kingdom,INVALID_OR_ZERO_UNIT_PRICE,2026-09-07T10:25:00.108037
full_historical_baseline,549164,16169P,,-75,0.0,,United Kingdom,INVALID_OR_ZERO_UNIT_PRICE,2026-09-07T10:25:00.108037
full_historical_baseline,549165,35815P,,-63,0.0,,United Kingdom,INVALID_OR_ZERO_UNIT_PRICE,2026-09-07T10:25:00.108037
full_historical_baseline,549166,44265,,3,0.0,,United Kingdom,INVALID_OR_ZERO_UNIT_PRICE,2026-09-07T10:25:00.108037
full_historical_baseline,549167,84846A,,-8,0.0,,United Kingdom,INVALID_OR_ZERO_UNIT_PRICE,2026-09-07T10:25:00.108037
full_historical_baseline,549168,21161,,-10,0.0,,United Kingdom,INVALID_OR_ZERO_UNIT_PRICE,2026-09-07T10:25:00.108037
full_historical_baseline,549170,82545A,,-4,0.0,,United Kingdom,INVALID_OR_ZERO_UNIT_PRICE,2026-09-07T10:25:00.108037
full_historical_baseline,549171,84251F,,-2,0.0,,United Kingdom,INVALID_OR_ZERO_UNIT_PRICE,2026-09-07T10:25:00.108037
full_historical_baseline,549172,21637,,-139,0.0,,United Kingdom,INVALID_OR_ZERO_UNIT_PRICE,2026-09-07T10:25:00.108037
full_historical_baseline,549173,84218,,-2,0.0,,United Kingdom,INVALID_OR_ZERO_UNIT_PRICE,2026-09-07T10:25:00.108037
full_historical_baseline,549174,21160,,-7,0.0,,United Kingdom,INVALID_OR_ZERO_UNIT_PRICE,2026-09-07T10:25:00.108037
full_historical_baseline,549175,21171,,-30,0.0,,United Kingdom,INVALID_OR_ZERO_UNIT_PRICE,2026-09-07T10:25:00.108037
full_historical_baseline,549176,35603B,,-12,0.0,,United Kingdom,INVALID_OR_ZERO_UNIT_PRICE,2026-09-07T10:25:00.108037
full_historical_baseline,549177,20821,,9,0.0,,United Kingdom,INVALID_OR_ZERO_UNIT_PRICE,2026-09-07T10:25:00.108037
full_historical_baseline,549178,47502,,-19,0.0,,United Kingdom,INVALID_OR_ZERO_UNIT_PRICE,2026-09-07T10:25:00.108037
full_historical_baseline,549179,84007,,-3,0.0,,United Kingdom,INVALID_OR_ZERO_UNIT_PRICE,2026-09-07T10:25:00.108037
full_historical_baseline,549180,84522,,-30,0.0,,United Kingdom,INVALID_OR_ZERO_UNIT_PRICE,2026-09-07T10:25:00.108037
full_historical_baseline,549244,79331,,-3,0.0,,United Kingdom,INVALID_OR_ZERO_UNIT_PRICE,2026-09-07T10:25:00.108037
full_historical_baseline,549264,21337,,-21,0.0,,United Kingdom,INVALID_OR_ZERO_UNIT_PRICE,2026-09-07T10:25:00.108037
full_historical_baseline,549266,84593,,-5,0.0,,United Kingdom,INVALID_OR_ZERO_UNIT_PRICE,2026-09-07T10:25:00.108037
full_historical_baseline,549267,46037A,,-5,0.0,,United Kingdom,INVALID_OR_ZERO_UNIT_PRICE,2026-09-07T10:25:00.108037
full_historical_baseline,549268,84856S,,-7,0.0,,United Kingdom,INVALID_OR_ZERO_UNIT_PRICE,2026-09-07T10:25:00.108037
full_historical_baseline,549270,84856L,,-27,0.0,,United Kingdom,INVALID_OR_ZERO_UNIT_PRICE,2026-09-07T10:25:00.108037
full_historical_baseline,549271,62096B,,-2,0.0,,United Kingdom,INVALID_OR_ZERO_UNIT_PRICE,2026-09-07T10:25:00.108037
full_historical_baseline,549326,21738,,-5,0.0,,United Kingdom,INVALID_OR_ZERO_UNIT_PRICE,2026-09-07T10:25:00.108037
full_historical_baseline,549327,84912A,,70,0.0,,United Kingdom,INVALID_OR_ZERO_UNIT_PRICE,2026-09-07T10:25:00.108037
full_historical_baseline,549328,51008,,-110,0.0,,United Kingdom,INVALID_OR_ZERO_UNIT_PRICE,2026-09-07T10:25:00.108037
full_historical_baseline,549329,84989A,,-1,0.0,,United Kingdom,INVALID_OR_ZERO_UNIT_PRICE,2026-09-07T10:25:00.108037
full_historical_baseline,549330,84251J,,-28,0.0,,United Kingdom,INVALID_OR_ZERO_UNIT_PRICE,2026-09-07T10:25:00.108037
full_historical_baseline,549331,40018F,,-22,0.0,,United Kingdom,INVALID_OR_ZERO_UNIT_PRICE,2026-09-07T10:25:00.108037
full_historical_baseline,549332,84864A,,-2,0.0,,United Kingdom,INVALID_OR_ZERO_UNIT_PRICE,2026-09-07T10:25:00.108037
full_historical_baseline,549340,20774,,-11,0.0,,United Kingdom,INVALID_OR_ZERO_UNIT_PRICE,2026-09-07T10:25:00.108037
full_historical_baseline,549342,35818B,,-53,0.0,,United Kingdom,INVALID_OR_ZERO_UNIT_PRICE,2026-09-07T10:25:00.108037
full_historical_baseline,549343,72815,,-3,0.0,,United Kingdom,INVALID_OR_ZERO_UNIT_PRICE,2026-09-07T10:25:00.108037
full_historical_baseline,549344,21825,,-14,0.0,,United Kingdom,INVALID_OR_ZERO_UNIT_PRICE,2026-09-07T10:25:00.108037
full_historical_baseline,549345,20748,,12,0.0,,United Kingdom,INVALID_OR_ZERO_UNIT_PRICE,2026-09-07T10:25:00.108037
full_historical_baseline,549346,22033,,-50,0.0,,United Kingdom,INVALID_OR_ZERO_UNIT_PRICE,2026-09-07T10:25:00.108037
full_historical_baseline,549347,35914,,10,0.0,,United Kingdom,INVALID_OR_ZERO_UNIT_PRICE,2026-09-07T10:25:00.108037
full_historical_baseline,549348,84251B,,-60,0.0,,United Kingdom,INVALID_OR_ZERO_UNIT_PRICE,2026-09-07T10:25:00.108037
full_historical_baseline,549349,10123G,,-38,0.0,,United Kingdom,INVALID_OR_ZERO_UNIT_PRICE,2026-09-07T10:25:00.108037
full_historical_baseline,549350,84597B,,-13,0.0,,United Kingdom,INVALID_OR_ZERO_UNIT_PRICE,2026-09-07T10:25:00.108037
full_historical_baseline,549351,85006,,-21,0.0,,United Kingdom,INVALID_OR_ZERO_UNIT_PRICE,2026-09-07T10:25:00.108037
full_historical_baseline,549355,84899F,,-5,0.0,,United Kingdom,INVALID_OR_ZERO_UNIT_PRICE,2026-09-07T10:25:00.108037
full_historical_baseline,549371,84921,,-17,0.0,,United Kingdom,INVALID_OR_ZERO_UNIT_PRICE,2026-09-07T10:25:00.108037
full_historical_baseline,549373,85008,,-2,0.0,,United Kingdom,INVALID_OR_ZERO_UNIT_PRICE,2026-09-07T10:25:00.108037
full_historical_baseline,549374,20775,,-29,0.0,,United Kingdom,INVALID_OR_ZERO_UNIT_PRICE,2026-09-07T10:25:00.108037
full_historical_baseline,549375,20863,,-6,0.0,,United Kingdom,INVALID_OR_ZERO_UNIT_PRICE,2026-09-07T10:25:00.108037
full_historical_baseline,549376,17014A,,11,0.0,,United Kingdom,INVALID_OR_ZERO_UNIT_PRICE,2026-09-07T10:25:00.108037
full_historical_baseline,549426,22078,,-201,0.0,,United Kingdom,INVALID_OR_ZERO_UNIT_PRICE,2026-09-07T10:25:00.108037
full_historical_baseline,549427,22797,damages,-12,0.0,,United Kingdom,INVALID_OR_ZERO_UNIT_PRICE,2026-09-07T10:25:00.108037
full_historical_baseline,549453,84857C,,24,0.0,,United Kingdom,INVALID_OR_ZERO_UNIT_PRICE,2026-09-07T10:25:00.108037
full_historical_baseline,549454,84858C,,46,0.0,,United Kingdom,INVALID_OR_ZERO_UNIT_PRICE,2026-09-07T10:25:00.108037
full_historical_baseline,549455,84858C,,-10,0.0,,United Kingdom,INVALID_OR_ZERO_UNIT_PRICE,2026-09-07T10:25:00.108037
full_historical_baseline,549456,47341A,,-6,0.0,,United Kingdom,INVALID_OR_ZERO_UNIT_PRICE,2026-09-07T10:25:00.108037
full_historical_baseline,549457,47344B,,-16,0.0,,United Kingdom,INVALID_OR_ZERO_UNIT_PRICE,2026-09-07T10:25:00.108037
full_historical_baseline,549458,62097B,,-6,0.0,,United Kingdom,INVALID_OR_ZERO_UNIT_PRICE,2026-09-07T10:25:00.108037
full_historical_baseline,549459,62043B,,7,0.0,,United Kingdom,INVALID_OR_ZERO_UNIT_PRICE,2026-09-07T10:25:00.108037
full_historical_baseline,549460,20716,,-82,0.0,,United Kingdom,INVALID_OR_ZERO_UNIT_PRICE,2026-09-07T10:25:00.108037
full_historical_baseline,549461,20731,,-16,0.0,,United Kingdom,INVALID_OR_ZERO_UNIT_PRICE,2026-09-07T10:25:00.108037
full_historical_baseline,549462,84910A,,-16,0.0,,United Kingdom,INVALID_OR_ZERO_UNIT_PRICE,2026-09-07T10:25:00.108037
full_historical_baseline,549463,84919,,-17,0.0,,United Kingdom,INVALID_OR_ZERO_UNIT_PRICE,2026-09-07T10:25:00.108037
full_historical_baseline,549464,20701,,-6,0.0,,United Kingdom,INVALID_OR_ZERO_UNIT_PRICE,2026-09-07T10:25:00.108037
full_historical_baseline,549465,84415B,,-5,0.0,,United Kingdom,INVALID_OR_ZERO_UNIT_PRICE,2026-09-07T10:25:00.108037
full_historical_baseline,549466,20816,,-11,0.0,,United Kingdom,INVALID_OR_ZERO_UNIT_PRICE,2026-09-07T10:25:00.108037
full_historical_baseline,549470,46775D,,-8,0.0,,United Kingdom,INVALID_OR_ZERO_UNIT_PRICE,2026-09-07T10:25:00.108037
full_historical_baseline,549489,85146,,8,0.0,,United Kingdom,INVALID_OR_ZERO_UNIT_PRICE,2026-09-07T10:25:00.108037
full_historical_baseline,549492,21736,,5,0.0,,United Kingdom,INVALID_OR_ZERO_UNIT_PRICE,2026-09-07T10:25:00.108037
full_historical_baseline,549494,22168,,6,0.0,,United Kingdom,INVALID_OR_ZERO_UNIT_PRICE,2026-09-07T10:25:00.108037
full_historical_baseline,549497,21527,,3,0.0,,United Kingdom,INVALID_OR_ZERO_UNIT_PRICE,2026-09-07T10:25:00.108037
full_historical_baseline,549498,22847,,1,0.0,,United Kingdom,INVALID_OR_ZERO_UNIT_PRICE,2026-09-07T10:25:00.108037
full_historical_baseline,549500,79321,,1,0.0,,United Kingdom,INVALID_OR_ZERO_UNIT_PRICE,2026-09-07T10:25:00.108037
full_historical_baseline,549502,84459B,,1,0.0,,United Kingdom,INVALID_OR_ZERO_UNIT_PRICE,2026-09-07T10:25:00.108037
full_historical_baseline,549506,22415,,-31,0.0,,United Kingdom,INVALID_OR_ZERO_UNIT_PRICE,2026-09-07T10:25:00.108037
full_historical_baseline,549510,84559B,,-158,0.0,,United Kingdom,INVALID_OR_ZERO_UNIT_PRICE,2026-09-07T10:25:00.108037
full_historical_baseline,549514,20820,,-3,0.0,,United Kingdom,INVALID_OR_ZERO_UNIT_PRICE,2026-09-07T10:25:00.108037
full_historical_baseline,549527,21620,mystery! Only ever imported 1800,-1479,0.0,,United Kingdom,INVALID_OR_ZERO_UNIT_PRICE,2026-09-07T10:25:00.108037
full_historical_baseline,549528,21422,,-55,0.0,,United Kingdom,INVALID_OR_ZERO_UNIT_PRICE,2026-09-07T10:25:00.108037
full_historical_baseline,549529,21830,"MERCHANT CHANDLER CREDIT ERROR, STO",-576,0.0,,United Kingdom,INVALID_OR_ZERO_UNIT_PRICE,2026-09-07T10:25:00.108037
full_historical_baseline,549531,21622,POSSIBLE DAMAGES OR LOST?,-750,0.0,,United Kingdom,INVALID_OR_ZERO_UNIT_PRICE,2026-09-07T10:25:00.108037
full_historical_baseline,549695,84751B,,-24,0.0,,United Kingdom,INVALID_OR_ZERO_UNIT_PRICE,2026-09-07T10:25:00.108037
full_historical_baseline,549846,21100,Damaged,-6,0.0,,United Kingdom,INVALID_OR_ZERO_UNIT_PRICE,2026-09-07T10:25:00.108037
full_historical_baseline,549848,84531A,,-34,0.0,,United Kingdom,INVALID_OR_ZERO_UNIT_PRICE,2026-09-07T10:25:00.108037
full_historical_baseline,549849,84531B,,-23,0.0,,United Kingdom,INVALID_OR_ZERO_UNIT_PRICE,2026-09-07T10:25:00.108037
full_historical_baseline,549935,35915C,damaged,-43,0.0,,United Kingdom,INVALID_OR_ZERO_UNIT_PRICE,2026-09-07T10:25:00.108037
full_historical_baseline,549948,37488A,damaged,-1,0.0,,United Kingdom,INVALID_OR_ZERO_UNIT_PRICE,2026-09-07T10:25:00.108037
full_historical_baseline,549950,37487B,Damaged,-6,0.0,,United Kingdom,INVALID_OR_ZERO_UNIT_PRICE,2026-09-07T10:25:00.108037
full_historical_baseline,549952,37482P,Damaged,-93,0.0,,United Kingdom,INVALID_OR_ZERO_UNIT_PRICE,2026-09-07T10:25:00.108037
full_historical_baseline,550133,85099F,,-1092,0.0,,United Kingdom,INVALID_OR_ZERO_UNIT_PRICE,2026-09-07T10:25:00.108037
full_historical_baseline,550153,85167B,DAMAGED,-1,0.0,,United Kingdom,INVALID_OR_ZERO_UNIT_PRICE,2026-09-07T10:25:00.108037
full_historical_baseline,550188,22636,CHILDS BREAKFAST SET CIRCUS PARADE,1,0.0,12457.0,Switzerland,INVALID_OR_ZERO_UNIT_PRICE,2026-09-07T10:25:00.108037
full_historical_baseline,550460,47556B,did  a credit  and did not tick ret,1300,0.0,,United Kingdom,INVALID_OR_ZERO_UNIT_PRICE,2026-09-07T10:25:00.108037
full_historical_baseline,550501,35915C,,30,0.0,,United Kingdom,INVALID_OR_ZERO_UNIT_PRICE,2026-09-07T10:25:00.108037
full_historical_baseline,550502,84535A,,320,0.0,,United Kingdom,INVALID_OR_ZERO_UNIT_PRICE,2026-09-07T10:25:00.108037
full_historical_baseline,550753,84763,Display,-150,0.0,,United Kingdom,INVALID_OR_ZERO_UNIT_PRICE,2026-09-07T10:25:00.108037
full_historical_baseline,550757,16202B,,-9,0.0,,United Kingdom,INVALID_OR_ZERO_UNIT_PRICE,2026-09-07T10:25:00.108037
full_historical_baseline,550758,85017A,,-8,0.0,,United Kingdom,INVALID_OR_ZERO_UNIT_PRICE,2026-09-07T10:25:00.108037
full_historical_baseline,550759,21087,,-7,0.0,,United Kingdom,INVALID_OR_ZERO_UNIT_PRICE,2026-09-07T10:25:00.108037
full_historical_baseline,550760,84750B,,-4,0.0,,United Kingdom,INVALID_OR_ZERO_UNIT_PRICE,2026-09-07T10:25:00.108037
full_historical_baseline,550761,84388,,6,0.0,,United Kingdom,INVALID_OR_ZERO_UNIT_PRICE,2026-09-07T10:25:00.108037
full_historical_baseline,550762,85030,,-9,0.0,,United Kingdom,INVALID_OR_ZERO_UNIT_PRICE,2026-09-07T10:25:00.108037
full_historical_baseline,550763,84666,,-5,0.0,,United Kingdom,INVALID_OR_ZERO_UNIT_PRICE,2026-09-07T10:25:00.108037
full_historical_baseline,550800,22458,Missing,-65,0.0,,United Kingdom,INVALID_OR_ZERO_UNIT_PRICE,2026-09-07T10:25:00.108037
full_historical_baseline,550815,85027L,,8,0.0,,United Kingdom,INVALID_OR_ZERO_UNIT_PRICE,2026-09-07T10:25:00.108037
full_historical_baseline,550908,20827,damages,-68,0.0,,United Kingdom,INVALID_OR_ZERO_UNIT_PRICE,2026-09-07T10:25:00.108037
full_historical_baseline,550922,22784,damages,-25,0.0,,United Kingdom,INVALID_OR_ZERO_UNIT_PRICE,2026-09-07T10:25:00.108037
full_historical_baseline,550926,22469,,8,0.0,,United Kingdom,INVALID_OR_ZERO_UNIT_PRICE,2026-09-07T10:25:00.108037
full_historical_baseline,550927,84990,,1,0.0,,United Kingdom,INVALID_OR_ZERO_UNIT_PRICE,2026-09-07T10:25:00.108037
full_historical_baseline,550928,22867,,3,0.0,,United Kingdom,INVALID_OR_ZERO_UNIT_PRICE,2026-09-07T10:25:00.108037
full_historical_baseline,550929,22470,,2,0.0,,United Kingdom,INVALID_OR_ZERO_UNIT_PRICE,2026-09-07T10:25:00.108037
full_historical_baseline,550930,22988,,2,0.0,,United Kingdom,INVALID_OR_ZERO_UNIT_PRICE,2026-09-07T10:25:00.108037
full_historical_baseline,550943,21316,,-5,0.0,,United Kingdom,INVALID_OR_ZERO_UNIT_PRICE,2026-09-07T10:25:00.108037
full_historical_baseline,550945,79329,,-2,0.0,,United Kingdom,INVALID_OR_ZERO_UNIT_PRICE,2026-09-07T10:25:00.108037
full_historical_baseline,550947,21319,adjustment,3,0.0,,United Kingdom,INVALID_OR_ZERO_UNIT_PRICE,2026-09-07T10:25:00.108037
full_historical_baseline,550948,17109D,Adjustment,14,0.0,,United Kingdom,INVALID_OR_ZERO_UNIT_PRICE,2026-09-07T10:25:00.108037
full_historical_baseline,550950,17091A,found,84,0.0,,United Kingdom,INVALID_OR_ZERO_UNIT_PRICE,2026-09-07T10:25:00.108037
full_historical_baseline,550951,84531A,returned,2,0.0,,United Kingdom,INVALID_OR_ZERO_UNIT_PRICE,2026-09-07T10:25:00.108037
full_historical_baseline,550952,84531B,returned,2,0.0,,United Kingdom,INVALID_OR_ZERO_UNIT_PRICE,2026-09-07T10:25:00.108037
full_historical_baseline,550954,47013A,damaged,-2,0.0,,United Kingdom,INVALID_OR_ZERO_UNIT_PRICE,2026-09-07T10:25:00.108037
full_historical_baseline,550970,82599,,-11,0.0,,United Kingdom,INVALID_OR_ZERO_UNIT_PRICE,2026-09-07T10:25:00.108037
full_historical_baseline,550975,20941,,20,0.0,,United Kingdom,INVALID_OR_ZERO_UNIT_PRICE,2026-09-07T10:25:00.108037
full_historical_baseline,550976,84921,,6,0.0,,United Kingdom,INVALID_OR_ZERO_UNIT_PRICE,2026-09-07T10:25:00.108037
full_historical_baseline,550977,85200,,6,0.0,,United Kingdom,INVALID_OR_ZERO_UNIT_PRICE,2026-09-07T10:25:00.108037
full_historical_baseline,550979,85145,,9,0.0,,United Kingdom,INVALID_OR_ZERO_UNIT_PRICE,2026-09-07T10:25:00.108037
full_historical_baseline,550980,21445,,1,0.0,,United Kingdom,INVALID_OR_ZERO_UNIT_PRICE,2026-09-07T10:25:00.108037
full_historical_baseline,550981,21911,,1,0.0,,United Kingdom,INVALID_OR_ZERO_UNIT_PRICE,2026-09-07T10:25:00.108037
full_historical_baseline,550982,22632,,5,0.0,,United Kingdom,INVALID_OR_ZERO_UNIT_PRICE,2026-09-07T10:25:00.108037
full_historical_baseline,550983,22866,,4,0.0,,United Kingdom,INVALID_OR_ZERO_UNIT_PRICE,2026-09-07T10:25:00.108037
full_historical_baseline,550984,85008,,1,0.0,,United Kingdom,INVALID_OR_ZERO_UNIT_PRICE,2026-09-07T10:25:00.108037
full_historical_baseline,550985,22777,,4,0.0,,United Kingdom,INVALID_OR_ZERO_UNIT_PRICE,2026-09-07T10:25:00.108037
full_historical_baseline,551019,22467,wrong code?,-100,0.0,,United Kingdom,INVALID_OR_ZERO_UNIT_PRICE,2026-09-07T10:25:00.108037
full_historical_baseline,551020,22719,wrong code,-110,0.0,,United Kingdom,INVALID_OR_ZERO_UNIT_PRICE,2026-09-07T10:25:00.108037
full_historical_baseline,551126,82483,,18,0.0,,United Kingdom,INVALID_OR_ZERO_UNIT_PRICE,2026-09-07T10:25:00.108037
full_historical_baseline,551168,85068,,-4,0.0,,United Kingdom,INVALID_OR_ZERO_UNIT_PRICE,2026-09-07T10:25:00.108037
full_historical_baseline,551201,16015,,-620,0.0,,United Kingdom,INVALID_OR_ZERO_UNIT_PRICE,2026-09-07T10:25:00.108037
full_historical_baseline,551240,51020A,adjustment,41,0.0,,United Kingdom,INVALID_OR_ZERO_UNIT_PRICE,2026-09-07T10:25:00.108037
full_historical_baseline,551243,51020B,adjust,-53,0.0,,United Kingdom,INVALID_OR_ZERO_UNIT_PRICE,2026-09-07T10:25:00.108037
full_historical_baseline,551302,48189,damaged,-18,0.0,,United Kingdom,INVALID_OR_ZERO_UNIT_PRICE,2026-09-07T10:25:00.108037
full_historical_baseline,551304,48189,adjustment,2,0.0,,United Kingdom,INVALID_OR_ZERO_UNIT_PRICE,2026-09-07T10:25:00.108037
full_historical_baseline,551318,21898,,60,0.0,,United Kingdom,INVALID_OR_ZERO_UNIT_PRICE,2026-09-07T10:25:00.108037
full_historical_baseline,551319,22459,,65,0.0,,United Kingdom,INVALID_OR_ZERO_UNIT_PRICE,2026-09-07T10:25:00.108037
full_historical_baseline,551320,21897,,60,0.0,,United Kingdom,INVALID_OR_ZERO_UNIT_PRICE,2026-09-07T10:25:00.108037
full_historical_baseline,551321,22719,,36,0.0,,United Kingdom,INVALID_OR_ZERO_UNIT_PRICE,2026-09-07T10:25:00.108037
full_historical_baseline,551322,85099F,,101,0.0,,United Kingdom,INVALID_OR_ZERO_UNIT_PRICE,2026-09-07T10:25:00.108037
full_historical_baseline,551323,21398,damages,-9,0.0,,United Kingdom,INVALID_OR_ZERO_UNIT_PRICE,2026-09-07T10:25:00.108037
full_historical_baseline,551324,85017C,Found,13,0.0,,United Kingdom,INVALID_OR_ZERO_UNIT_PRICE,2026-09-07T10:25:00.108037
full_historical_baseline,551326,85017A,,-2,0.0,,United Kingdom,INVALID_OR_ZERO_UNIT_PRICE,2026-09-07T10:25:00.108037
full_historical_baseline,551327,84228,crushed,-4,0.0,,United Kingdom,INVALID_OR_ZERO_UNIT_PRICE,2026-09-07T10:25:00.108037
full_historical_baseline,551328,21320,,-23,0.0,,United Kingdom,INVALID_OR_ZERO_UNIT_PRICE,2026-09-07T10:25:00.108037
full_historical_baseline,551394,16015,,400,0.0,,United Kingdom,INVALID_OR_ZERO_UNIT_PRICE,2026-09-07T10:25:00.108037
full_historical_baseline,551422,22084,,-150,0.0,,United Kingdom,INVALID_OR_ZERO_UNIT_PRICE,2026-09-07T10:25:00.108037
full_historical_baseline,551429,10002,,-3,0.0,,United Kingdom,INVALID_OR_ZERO_UNIT_PRICE,2026-09-07T10:25:00.108037
full_historical_baseline,551430,20966,,-3,0.0,,United Kingdom,INVALID_OR_ZERO_UNIT_PRICE,2026-09-07T10:25:00.108037
full_historical_baseline,551431,44091A,,-2,0.0,,United Kingdom,INVALID_OR_ZERO_UNIT_PRICE,2026-09-07T10:25:00.108037
full_historical_baseline,551432,21923,,-5,0.0,,United Kingdom,INVALID_OR_ZERO_UNIT_PRICE,2026-09-07T10:25:00.108037
full_historical_baseline,551433,21784,,-2,0.0,,United Kingdom,INVALID_OR_ZERO_UNIT_PRICE,2026-09-07T10:25:00.108037
full_historical_baseline,551434,20896,,-5,0.0,,United Kingdom,INVALID_OR_ZERO_UNIT_PRICE,2026-09-07T10:25:00.108037
full_historical_baseline,551435,20825,,-5,0.0,,United Kingdom,INVALID_OR_ZERO_UNIT_PRICE,2026-09-07T10:25:00.108037
full_historical_baseline,551441,85136B,,-4,0.0,,United Kingdom,INVALID_OR_ZERO_UNIT_PRICE,2026-09-07T10:25:00.108037
full_historical_baseline,551442,85060,,-4,0.0,,United Kingdom,INVALID_OR_ZERO_UNIT_PRICE,2026-09-07T10:25:00.108037
full_historical_baseline,551443,35920,,-4,0.0,,United Kingdom,INVALID_OR_ZERO_UNIT_PRICE,2026-09-07T10:25:00.108037
full_historical_baseline,551444,35809B,,-4,0.0,,United Kingdom,INVALID_OR_ZERO_UNIT_PRICE,2026-09-07T10:25:00.108037
full_historical_baseline,551446,35594,,-4,0.0,,United Kingdom,INVALID_OR_ZERO_UNIT_PRICE,2026-09-07T10:25:00.108037
full_historical_baseline,551447,35004C,,-4,0.0,,United Kingdom,INVALID_OR_ZERO_UNIT_PRICE,2026-09-07T10:25:00.108037
full_historical_baseline,551448,22734,,-4,0.0,,United Kingdom,INVALID_OR_ZERO_UNIT_PRICE,2026-09-07T10:25:00.108037
full_historical_baseline,551449,22525,,-4,0.0,,United Kingdom,INVALID_OR_ZERO_UNIT_PRICE,2026-09-07T10:25:00.108037
full_historical_baseline,551450,21410,,-4,0.0,,United Kingdom,INVALID_OR_ZERO_UNIT_PRICE,2026-09-07T10:25:00.108037
full_historical_baseline,551451,21330,,-4,0.0,,United Kingdom,INVALID_OR_ZERO_UNIT_PRICE,2026-09-07T10:25:00.108037
full_historical_baseline,551452,84715,,-3,0.0,,United Kingdom,INVALID_OR_ZERO_UNIT_PRICE,2026-09-07T10:25:00.108037
full_historical_baseline,551453,82494L,,-3,0.0,,United Kingdom,INVALID_OR_ZERO_UNIT_PRICE,2026-09-07T10:25:00.108037
full_historical_baseline,551454,78027,,-3,0.0,,United Kingdom,INVALID_OR_ZERO_UNIT_PRICE,2026-09-07T10:25:00.108037
full_historical_baseline,551455,37333,,-1,0.0,,United Kingdom,INVALID_OR_ZERO_UNIT_PRICE,2026-09-07T10:25:00.108037
full_historical_baseline,551456,22795,,-3,0.0,,United Kingdom,INVALID_OR_ZERO_UNIT_PRICE,2026-09-07T10:25:00.108037
full_historical_baseline,551457,22719,,-3,0.0,,United Kingdom,INVALID_OR_ZERO_UNIT_PRICE,2026-09-07T10:25:00.108037
full_historical_baseline,551458,22451,,3,0.0,,United Kingdom,INVALID_OR_ZERO_UNIT_PRICE,2026-09-07T10:25:00.108037
full_historical_baseline,551459,22173,,-30,0.0,,United Kingdom,INVALID_OR_ZERO_UNIT_PRICE,2026-09-07T10:25:00.108037
full_historical_baseline,551460,22173,,27,0.0,,United Kingdom,INVALID_OR_ZERO_UNIT_PRICE,2026-09-07T10:25:00.108037
full_historical_baseline,551461,21806,,-3,0.0,,United Kingdom,INVALID_OR_ZERO_UNIT_PRICE,2026-09-07T10:25:00.108037
full_historical_baseline,551553,22521,,-90,0.0,,United Kingdom,INVALID_OR_ZERO_UNIT_PRICE,2026-09-07T10:25:00.108037
full_historical_baseline,551554,22720,,-4,0.0,,United Kingdom,INVALID_OR_ZERO_UNIT_PRICE,2026-09-07T10:25:00.108037
full_historical_baseline,551565,85135A,,-7,0.0,,United Kingdom,INVALID_OR_ZERO_UNIT_PRICE,2026-09-07T10:25:00.108037
full_historical_baseline,551567,21269,,13,0.0,,United Kingdom,INVALID_OR_ZERO_UNIT_PRICE,2026-09-07T10:25:00.108037
full_historical_baseline,551568,21038,,-6,0.0,,United Kingdom,INVALID_OR_ZERO_UNIT_PRICE,2026-09-07T10:25:00.108037
full_historical_baseline,551569,85226C,,-6,0.0,,United Kingdom,INVALID_OR_ZERO_UNIT_PRICE,2026-09-07T10:25:00.108037
full_historical_baseline,551570,85189,,-6,0.0,,United Kingdom,INVALID_OR_ZERO_UNIT_PRICE,2026-09-07T10:25:00.108037
full_historical_baseline,551571,47591A,,-6,0.0,,United Kingdom,INVALID_OR_ZERO_UNIT_PRICE,2026-09-07T10:25:00.108037
full_historical_baseline,551572,37424,,-6,0.0,,United Kingdom,INVALID_OR_ZERO_UNIT_PRICE,2026-09-07T10:25:00.108037
full_historical_baseline,551573,22726,,-5,0.0,,United Kingdom,INVALID_OR_ZERO_UNIT_PRICE,2026-09-07T10:25:00.108037
full_historical_baseline,551574,21692,,-6,0.0,,United Kingdom,INVALID_OR_ZERO_UNIT_PRICE,2026-09-07T10:25:00.108037
full_historical_baseline,551575,21412,,-6,0.0,,United Kingdom,INVALID_OR_ZERO_UNIT_PRICE,2026-09-07T10:25:00.108037
full_historical_baseline,551577,90100,,-5,0.0,,United Kingdom,INVALID_OR_ZERO_UNIT_PRICE,2026-09-07T10:25:00.108037
full_historical_baseline,551578,90037D,,-5,0.0,,United Kingdom,INVALID_OR_ZERO_UNIT_PRICE,2026-09-07T10:25:00.108037
full_historical_baseline,551579,85098B,,-5,0.0,,United Kingdom,INVALID_OR_ZERO_UNIT_PRICE,2026-09-07T10:25:00.108037
full_historical_baseline,551580,85084,,-5,0.0,,United Kingdom,INVALID_OR_ZERO_UNIT_PRICE,2026-09-07T10:25:00.108037
full_historical_baseline,551581,84873A,,5,0.0,,United Kingdom,INVALID_OR_ZERO_UNIT_PRICE,2026-09-07T10:25:00.108037
full_historical_baseline,551582,84857A,,-5,0.0,,United Kingdom,INVALID_OR_ZERO_UNIT_PRICE,2026-09-07T10:25:00.108037
full_historical_baseline,551583,84482,,-5,0.0,,United Kingdom,INVALID_OR_ZERO_UNIT_PRICE,2026-09-07T10:25:00.108037
full_historical_baseline,551586,21120,,-6,0.0,,United Kingdom,INVALID_OR_ZERO_UNIT_PRICE,2026-09-07T10:25:00.108037
full_historical_baseline,551589,21854,,-2,0.0,,United Kingdom,INVALID_OR_ZERO_UNIT_PRICE,2026-09-07T10:25:00.108037
full_historical_baseline,551663,84548,,-70,0.0,,United Kingdom,INVALID_OR_ZERO_UNIT_PRICE,2026-09-07T10:25:00.108037
full_historical_baseline,551664,20933,,-3,0.0,,United Kingdom,INVALID_OR_ZERO_UNIT_PRICE,2026-09-07T10:25:00.108037
full_historical_baseline,551666,84750A,,-10,0.0,,United Kingdom,INVALID_OR_ZERO_UNIT_PRICE,2026-09-07T10:25:00.108037
full_historical_baseline,551667,84539,,6,0.0,,United Kingdom,INVALID_OR_ZERO_UNIT_PRICE,2026-09-07T10:25:00.108037
full_historical_baseline,551668,22444,,-10,0.0,,United Kingdom,INVALID_OR_ZERO_UNIT_PRICE,2026-09-07T10:25:00.108037
full_historical_baseline,551669,21355,,90,0.0,,United Kingdom,INVALID_OR_ZERO_UNIT_PRICE,2026-09-07T10:25:00.108037
full_historical_baseline,551671,20734,,-10,0.0,,United Kingdom,INVALID_OR_ZERO_UNIT_PRICE,2026-09-07T10:25:00.108037
full_historical_baseline,551672,84631,,-4,0.0,,United Kingdom,INVALID_OR_ZERO_UNIT_PRICE,2026-09-07T10:25:00.108037
full_historical_baseline,551673,79192A,,-9,0.0,,United Kingdom,INVALID_OR_ZERO_UNIT_PRICE,2026-09-07T10:25:00.108037
full_historical_baseline,551689,22625,,-9,0.0,,United Kingdom,INVALID_OR_ZERO_UNIT_PRICE,2026-09-07T10:25:00.108037
full_historical_baseline,551690,21143,,-9,0.0,,United Kingdom,INVALID_OR_ZERO_UNIT_PRICE,2026-09-07T10:25:00.108037
full_historical_baseline,551691,18098C,,10,0.0,,United Kingdom,INVALID_OR_ZERO_UNIT_PRICE,2026-09-07T10:25:00.108037
full_historical_baseline,551692,84685,,14,0.0,,United Kingdom,INVALID_OR_ZERO_UNIT_PRICE,2026-09-07T10:25:00.108037
full_historical_baseline,551694,47589,,2,0.0,,United Kingdom,INVALID_OR_ZERO_UNIT_PRICE,2026-09-07T10:25:00.108037
full_historical_baseline,551695,22467,,-8,0.0,,United Kingdom,INVALID_OR_ZERO_UNIT_PRICE,2026-09-07T10:25:00.108037
full_historical_baseline,551700,85144,,-38,0.0,,United Kingdom,INVALID_OR_ZERO_UNIT_PRICE,2026-09-07T10:25:00.108037
full_historical_baseline,551701,84683,,-2,0.0,,United Kingdom,INVALID_OR_ZERO_UNIT_PRICE,2026-09-07T10:25:00.108037
full_historical_baseline,551704,22656,,-2,0.0,,United Kingdom,INVALID_OR_ZERO_UNIT_PRICE,2026-09-07T10:25:00.108037
full_historical_baseline,551705,22655,damages/showroom etc,-11,0.0,,United Kingdom,INVALID_OR_ZERO_UNIT_PRICE,2026-09-07T10:25:00.108037
full_historical_baseline,551722,20975,,-170,0.0,,United Kingdom,INVALID_OR_ZERO_UNIT_PRICE,2026-09-07T10:25:00.108037
full_historical_baseline,551723,22136,,-23,0.0,,United Kingdom,INVALID_OR_ZERO_UNIT_PRICE,2026-09-07T10:25:00.108037
full_historical_baseline,551735,21656,samples,-19,0.0,,United Kingdom,INVALID_OR_ZERO_UNIT_PRICE,2026-09-07T10:25:00.108037
full_historical_baseline,551837,79164,damages/credits from ASOS.,-1512,0.0,,United Kingdom,INVALID_OR_ZERO_UNIT_PRICE,2026-09-07T10:25:00.108037
full_historical_baseline,551838,35609A,,-51,0.0,,United Kingdom,INVALID_OR_ZERO_UNIT_PRICE,2026-09-07T10:25:00.108037
full_historical_baseline,551900,20778,,2,0.0,,United Kingdom,INVALID_OR_ZERO_UNIT_PRICE,2026-09-07T10:25:00.108037
full_historical_baseline,551964,20851,,1,0.0,,United Kingdom,INVALID_OR_ZERO_UNIT_PRICE,2026-09-07T10:25:00.108037
full_historical_baseline,551965,21429,,1,0.0,,United Kingdom,INVALID_OR_ZERO_UNIT_PRICE,2026-09-07T10:25:00.108037
full_historical_baseline,552050,84916,,-32,0.0,,United Kingdom,INVALID_OR_ZERO_UNIT_PRICE,2026-09-07T10:25:00.108037
full_historical_baseline,552052,84917,,-8,0.0,,United Kingdom,INVALID_OR_ZERO_UNIT_PRICE,2026-09-07T10:25:00.108037
full_historical_baseline,552175,23200,mailout ,100,0.0,,United Kingdom,INVALID_OR_ZERO_UNIT_PRICE,2026-09-07T10:25:00.108037
full_historical_baseline,552177,23202,mailout,100,0.0,,United Kingdom,INVALID_OR_ZERO_UNIT_PRICE,2026-09-07T10:25:00.108037
full_historical_baseline,552178,23203,mailout,100,0.0,,United Kingdom,INVALID_OR_ZERO_UNIT_PRICE,2026-09-07T10:25:00.108037
full_historical_baseline,552187,23209,mailout,100,0.0,,United Kingdom,INVALID_OR_ZERO_UNIT_PRICE,2026-09-07T10:25:00.108037
full_historical_baseline,552214,84872A,,-12,0.0,,United Kingdom,INVALID_OR_ZERO_UNIT_PRICE,2026-09-07T10:25:00.108037
full_historical_baseline,552215,17096,,-41,0.0,,United Kingdom,INVALID_OR_ZERO_UNIT_PRICE,2026-09-07T10:25:00.108037
full_historical_baseline,552216,21363,,-19,0.0,,United Kingdom,INVALID_OR_ZERO_UNIT_PRICE,2026-09-07T10:25:00.108037
full_historical_baseline,552218,84406B,,-38,0.0,,United Kingdom,INVALID_OR_ZERO_UNIT_PRICE,2026-09-07T10:25:00.108037
full_historical_baseline,552219,22073,,-56,0.0,,United Kingdom,INVALID_OR_ZERO_UNIT_PRICE,2026-09-07T10:25:00.108037
full_historical_baseline,552220,22202,,1,0.0,,United Kingdom,INVALID_OR_ZERO_UNIT_PRICE,2026-09-07T10:25:00.108037
full_historical_baseline,552221,21043,,-38,0.0,,United Kingdom,INVALID_OR_ZERO_UNIT_PRICE,2026-09-07T10:25:00.108037
full_historical_baseline,552222,21974,,-45,0.0,,United Kingdom,INVALID_OR_ZERO_UNIT_PRICE,2026-09-07T10:25:00.108037
full_historical_baseline,552223,22524,,-49,0.0,,United Kingdom,INVALID_OR_ZERO_UNIT_PRICE,2026-09-07T10:25:00.108037
full_historical_baseline,552224,84766,,-37,0.0,,United Kingdom,INVALID_OR_ZERO_UNIT_PRICE,2026-09-07T10:25:00.108037
full_historical_baseline,552225,22775,,-40,0.0,,United Kingdom,INVALID_OR_ZERO_UNIT_PRICE,2026-09-07T10:25:00.108037
full_historical_baseline,552226,22035,,-160,0.0,,United Kingdom,INVALID_OR_ZERO_UNIT_PRICE,2026-09-07T10:25:00.108037
full_historical_baseline,552227,84596J,,70,0.0,,United Kingdom,INVALID_OR_ZERO_UNIT_PRICE,2026-09-07T10:25:00.108037
full_historical_baseline,552228,84912B,,-93,0.0,,United Kingdom,INVALID_OR_ZERO_UNIT_PRICE,2026-09-07T10:25:00.108037
full_historical_baseline,552230,20735,BLACK MINI TAPE MEASURE ,1,0.0,,United Kingdom,INVALID_OR_ZERO_UNIT_PRICE,2026-09-07T10:25:00.108037
full_historical_baseline,552230,22617,BAKING SET SPACEBOY DESIGN,1,0.0,,United Kingdom,INVALID_OR_ZERO_UNIT_PRICE,2026-09-07T10:25:00.108037
full_historical_baseline,552230,37327,ASSTD MULTICOLOUR CIRCLES MUG,1,0.0,,United Kingdom,INVALID_OR_ZERO_UNIT_PRICE,2026-09-07T10:25:00.108037
full_historical_baseline,552230,84375,SET OF 20 KIDS COOKIE CUTTERS,1,0.0,,United Kingdom,INVALID_OR_ZERO_UNIT_PRICE,2026-09-07T10:25:00.108037
full_historical_baseline,552230,84969,BOX OF 6 ASSORTED COLOUR TEASPOONS,1,0.0,,United Kingdom,INVALID_OR_ZERO_UNIT_PRICE,2026-09-07T10:25:00.108037
full_historical_baseline,552230,DOT,DOTCOM POSTAGE,1,0.0,,United Kingdom,INVALID_OR_ZERO_UNIT_PRICE,2026-09-07T10:25:00.108037
full_historical_baseline,552331,22667,damaged,-30,0.0,,United Kingdom,INVALID_OR_ZERO_UNIT_PRICE,2026-09-07T10:25:00.108037
full_historical_baseline,552443,22796,Not rcvd in 10/11/2010 delivery,-360,0.0,,United Kingdom,INVALID_OR_ZERO_UNIT_PRICE,2026-09-07T10:25:00.108037
full_historical_baseline,552527,20964,,2,0.0,,United Kingdom,INVALID_OR_ZERO_UNIT_PRICE,2026-09-07T10:25:00.108037
full_historical_baseline,552653,22926,,-48,0.0,,United Kingdom,INVALID_OR_ZERO_UNIT_PRICE,2026-09-07T10:25:00.108037
full_historical_baseline,552733,23059,Thrown away-rusty,-2376,0.0,,United Kingdom,INVALID_OR_ZERO_UNIT_PRICE,2026-09-07T10:25:00.108037
full_historical_baseline,552763,21137,,-25,0.0,,United Kingdom,INVALID_OR_ZERO_UNIT_PRICE,2026-09-07T10:25:00.108037
full_historical_baseline,552766,22084,,-56,0.0,,United Kingdom,INVALID_OR_ZERO_UNIT_PRICE,2026-09-07T10:25:00.108037
full_historical_baseline,552767,79164,,-47,0.0,,United Kingdom,INVALID_OR_ZERO_UNIT_PRICE,2026-09-07T10:25:00.108037
full_historical_baseline,552768,22087,,-26,0.0,,United Kingdom,INVALID_OR_ZERO_UNIT_PRICE,2026-09-07T10:25:00.108037
full_historical_baseline,552979,35970,,-217,0.0,,United Kingdom,INVALID_OR_ZERO_UNIT_PRICE,2026-09-07T10:25:00.108037
full_historical_baseline,553000,47566,PARTY BUNTING,4,0.0,17667.0,United Kingdom,INVALID_OR_ZERO_UNIT_PRICE,2026-09-07T10:25:00.108037
full_historical_baseline,553041,22521,,-9,0.0,,United Kingdom,INVALID_OR_ZERO_UNIT_PRICE,2026-09-07T10:25:00.108037
full_historical_baseline,553147,84879,damaged,-160,0.0,,United Kingdom,INVALID_OR_ZERO_UNIT_PRICE,2026-09-07T10:25:00.108037
full_historical_baseline,553163,22726,,1,0.0,,United Kingdom,INVALID_OR_ZERO_UNIT_PRICE,2026-09-07T10:25:00.108037
full_historical_baseline,553349,22719,,1,0.0,,United Kingdom,INVALID_OR_ZERO_UNIT_PRICE,2026-09-07T10:25:00.108037
full_historical_baseline,553391,37370,sold as set/6 by dotcom,-786,0.0,,United Kingdom,INVALID_OR_ZERO_UNIT_PRICE,2026-09-07T10:25:00.108037
full_historical_baseline,553394,15058A,wet/rusty,-30,0.0,,United Kingdom,INVALID_OR_ZERO_UNIT_PRICE,2026-09-07T10:25:00.108037
full_historical_baseline,553395,15058C,wet/rusty,-30,0.0,,United Kingdom,INVALID_OR_ZERO_UNIT_PRICE,2026-09-07T10:25:00.108037
full_historical_baseline,553396,22423,damages,-21,0.0,,United Kingdom,INVALID_OR_ZERO_UNIT_PRICE,2026-09-07T10:25:00.108037
full_historical_baseline,553398,37370,damages/dotcom?,-590,0.0,,United Kingdom,INVALID_OR_ZERO_UNIT_PRICE,2026-09-07T10:25:00.108037
full_historical_baseline,553399,84789,,-2,0.0,,United Kingdom,INVALID_OR_ZERO_UNIT_PRICE,2026-09-07T10:25:00.108037
full_historical_baseline,553400,20803,damages,-40,0.0,,United Kingdom,INVALID_OR_ZERO_UNIT_PRICE,2026-09-07T10:25:00.108037
full_historical_baseline,553401,22060,,-16,0.0,,United Kingdom,INVALID_OR_ZERO_UNIT_PRICE,2026-09-07T10:25:00.108037
full_historical_baseline,553413,21259,,-51,0.0,,United Kingdom,INVALID_OR_ZERO_UNIT_PRICE,2026-09-07T10:25:00.108037
full_historical_baseline,553480,21143,,24,0.0,,United Kingdom,INVALID_OR_ZERO_UNIT_PRICE,2026-09-07T10:25:00.108037
full_historical_baseline,553481,21181,on cargo order,192,0.0,,United Kingdom,INVALID_OR_ZERO_UNIT_PRICE,2026-09-07T10:25:00.108037
full_historical_baseline,553521,85099F,JUMBO BAG STRAWBERRY,1,0.0,,United Kingdom,INVALID_OR_ZERO_UNIT_PRICE,2026-09-07T10:25:00.108037
full_historical_baseline,553521,48184,DOORMAT ENGLISH ROSE ,1,0.0,,United Kingdom,INVALID_OR_ZERO_UNIT_PRICE,2026-09-07T10:25:00.108037
full_historical_baseline,553521,22692,DOORMAT WELCOME TO OUR HOME,1,0.0,,United Kingdom,INVALID_OR_ZERO_UNIT_PRICE,2026-09-07T10:25:00.108037
full_historical_baseline,553521,22684,FRENCH BLUE METAL DOOR SIGN 9,2,0.0,,United Kingdom,INVALID_OR_ZERO_UNIT_PRICE,2026-09-07T10:25:00.108037
full_historical_baseline,553521,22682,FRENCH BLUE METAL DOOR SIGN 7,3,0.0,,United Kingdom,INVALID_OR_ZERO_UNIT_PRICE,2026-09-07T10:25:00.108037
full_historical_baseline,553521,22686,FRENCH BLUE METAL DOOR SIGN No,11,0.0,,United Kingdom,INVALID_OR_ZERO_UNIT_PRICE,2026-09-07T10:25:00.108037
full_historical_baseline,553521,22683,FRENCH BLUE METAL DOOR SIGN 8,5,0.0,,United Kingdom,INVALID_OR_ZERO_UNIT_PRICE,2026-09-07T10:25:00.108037
full_historical_baseline,553521,22679,FRENCH BLUE METAL DOOR SIGN 4,4,0.0,,United Kingdom,INVALID_OR_ZERO_UNIT_PRICE,2026-09-07T10:25:00.108037
full_historical_baseline,553521,22684,FRENCH BLUE METAL DOOR SIGN 9,2,0.0,,United Kingdom,INVALID_OR_ZERO_UNIT_PRICE,2026-09-07T10:25:00.108037
full_historical_baseline,553521,22678,FRENCH BLUE METAL DOOR SIGN 3,5,0.0,,United Kingdom,INVALID_OR_ZERO_UNIT_PRICE,2026-09-07T10:25:00.108037
full_historical_baseline,553521,22680,FRENCH BLUE METAL DOOR SIGN 5,2,0.0,,United Kingdom,INVALID_OR_ZERO_UNIT_PRICE,2026-09-07T10:25:00.108037
full_historical_baseline,553521,22677,FRENCH BLUE METAL DOOR SIGN 2,4,0.0,,United Kingdom,INVALID_OR_ZERO_UNIT_PRICE,2026-09-07T10:25:00.108037
full_historical_baseline,553521,22676,FRENCH BLUE METAL DOOR SIGN 1,2,0.0,,United Kingdom,INVALID_OR_ZERO_UNIT_PRICE,2026-09-07T10:25:00.108037
full_historical_baseline,553521,22666,RECIPE BOX PANTRY YELLOW DESIGN,1,0.0,,United Kingdom,INVALID_OR_ZERO_UNIT_PRICE,2026-09-07T10:25:00.108037
full_historical_baseline,553521,22665,RECIPE BOX BLUE SKETCHBOOK DESIGN,2,0.0,,United Kingdom,INVALID_OR_ZERO_UNIT_PRICE,2026-09-07T10:25:00.108037
full_historical_baseline,553521,22649,STRAWBERRY FAIRY CAKE TEAPOT,1,0.0,,United Kingdom,INVALID_OR_ZERO_UNIT_PRICE,2026-09-07T10:25:00.108037
full_historical_baseline,553521,22646,CERAMIC STRAWBERRY CAKE MONEY BANK,1,0.0,,United Kingdom,INVALID_OR_ZERO_UNIT_PRICE,2026-09-07T10:25:00.108037
full_historical_baseline,553521,22644,CERAMIC CHERRY CAKE MONEY BANK,1,0.0,,United Kingdom,INVALID_OR_ZERO_UNIT_PRICE,2026-09-07T10:25:00.108037
full_historical_baseline,553521,22645,CERAMIC HEART FAIRY CAKE MONEY BANK,1,0.0,,United Kingdom,INVALID_OR_ZERO_UNIT_PRICE,2026-09-07T10:25:00.108037
full_historical_baseline,553521,22637,PIGGY BANK RETROSPOT ,2,0.0,,United Kingdom,INVALID_OR_ZERO_UNIT_PRICE,2026-09-07T10:25:00.108037
full_historical_baseline,553521,22626,BLACK KITCHEN SCALES,1,0.0,,United Kingdom,INVALID_OR_ZERO_UNIT_PRICE,2026-09-07T10:25:00.108037
full_historical_baseline,553521,22559,SEASIDE FLYING DISC,1,0.0,,United Kingdom,INVALID_OR_ZERO_UNIT_PRICE,2026-09-07T10:25:00.108037
full_historical_baseline,553521,22524,CHILDRENS GARDEN GLOVES BLUE,1,0.0,,United Kingdom,INVALID_OR_ZERO_UNIT_PRICE,2026-09-07T10:25:00.108037
full_historical_baseline,553521,22520,CHILDS GARDEN TROWEL BLUE ,1,0.0,,United Kingdom,INVALID_OR_ZERO_UNIT_PRICE,2026-09-07T10:25:00.108037
full_historical_baseline,553521,22518,CHILDS GARDEN BRUSH BLUE,1,0.0,,United Kingdom,INVALID_OR_ZERO_UNIT_PRICE,2026-09-07T10:25:00.108037
full_historical_baseline,553521,22519,CHILDS GARDEN BRUSH PINK,1,0.0,,United Kingdom,INVALID_OR_ZERO_UNIT_PRICE,2026-09-07T10:25:00.108037
full_historical_baseline,553521,22515,CHILDS GARDEN SPADE PINK,1,0.0,,United Kingdom,INVALID_OR_ZERO_UNIT_PRICE,2026-09-07T10:25:00.108037
full_historical_baseline,553521,22514,CHILDS GARDEN SPADE BLUE,2,0.0,,United Kingdom,INVALID_OR_ZERO_UNIT_PRICE,2026-09-07T10:25:00.108037
full_historical_baseline,553521,22430,ENAMEL WATERING CAN CREAM,1,0.0,,United Kingdom,INVALID_OR_ZERO_UNIT_PRICE,2026-09-07T10:25:00.108037
full_historical_baseline,553521,22427,ENAMEL FLOWER JUG CREAM,1,0.0,,United Kingdom,INVALID_OR_ZERO_UNIT_PRICE,2026-09-07T10:25:00.108037
full_historical_baseline,553521,22414,DOORMAT NEIGHBOURHOOD WITCH ,1,0.0,,United Kingdom,INVALID_OR_ZERO_UNIT_PRICE,2026-09-07T10:25:00.108037
full_historical_baseline,553521,22365,DOORMAT RESPECTABLE HOUSE,1,0.0,,United Kingdom,INVALID_OR_ZERO_UNIT_PRICE,2026-09-07T10:25:00.108037
full_historical_baseline,553521,22363,GLASS JAR MARMALADE ,1,0.0,,United Kingdom,INVALID_OR_ZERO_UNIT_PRICE,2026-09-07T10:25:00.108037
full_historical_baseline,553521,22362,GLASS JAR PEACOCK BATH SALTS,1,0.0,,United Kingdom,INVALID_OR_ZERO_UNIT_PRICE,2026-09-07T10:25:00.108037
full_historical_baseline,553521,22359,GLASS JAR KINGS CHOICE,1,0.0,,United Kingdom,INVALID_OR_ZERO_UNIT_PRICE,2026-09-07T10:25:00.108037
full_historical_baseline,553521,22356,CHARLOTTE BAG PINK POLKADOT,1,0.0,,United Kingdom,INVALID_OR_ZERO_UNIT_PRICE,2026-09-07T10:25:00.108037
full_historical_baseline,553521,22301,COFFEE MUG CAT + BIRD DESIGN,1,0.0,,United Kingdom,INVALID_OR_ZERO_UNIT_PRICE,2026-09-07T10:25:00.108037
full_historical_baseline,553521,22203,MILK PAN RED RETROSPOT,1,0.0,,United Kingdom,INVALID_OR_ZERO_UNIT_PRICE,2026-09-07T10:25:00.108037
full_historical_baseline,553521,21889,WOODEN BOX OF DOMINOES,1,0.0,,United Kingdom,INVALID_OR_ZERO_UNIT_PRICE,2026-09-07T10:25:00.108037
full_historical_baseline,553521,21116,OWL DOORSTOP,1,0.0,,United Kingdom,INVALID_OR_ZERO_UNIT_PRICE,2026-09-07T10:25:00.108037
full_historical_baseline,553539,22425,ENAMEL COLANDER CREAM,1,0.0,,United Kingdom,INVALID_OR_ZERO_UNIT_PRICE,2026-09-07T10:25:00.108037
full_historical_baseline,553539,22414,DOORMAT NEIGHBOURHOOD WITCH ,1,0.0,,United Kingdom,INVALID_OR_ZERO_UNIT_PRICE,2026-09-07T10:25:00.108037
full_historical_baseline,553539,22301,COFFEE MUG CAT + BIRD DESIGN,1,0.0,,United Kingdom,INVALID_OR_ZERO_UNIT_PRICE,2026-09-07T10:25:00.108037
full_historical_baseline,553539,22201,FRYING PAN BLUE POLKADOT,1,0.0,,United Kingdom,INVALID_OR_ZERO_UNIT_PRICE,2026-09-07T10:25:00.108037
full_historical_baseline,553539,21922,UNION STRIPE WITH FRINGE  HAMMOCK,1,0.0,,United Kingdom,INVALID_OR_ZERO_UNIT_PRICE,2026-09-07T10:25:00.108037
full_historical_baseline,553539,22692,DOORMAT WELCOME TO OUR HOME,1,0.0,,United Kingdom,INVALID_OR_ZERO_UNIT_PRICE,2026-09-07T10:25:00.108037
full_historical_baseline,553539,21559,STRAWBERRY LUNCH BOX WITH CUTLERY,1,0.0,,United Kingdom,INVALID_OR_ZERO_UNIT_PRICE,2026-09-07T10:25:00.108037
full_historical_baseline,553539,21116,OWL DOORSTOP,2,0.0,,United Kingdom,INVALID_OR_ZERO_UNIT_PRICE,2026-09-07T10:25:00.108037
full_historical_baseline,553539,20711,JUMBO BAG TOYS ,1,0.0,,United Kingdom,INVALID_OR_ZERO_UNIT_PRICE,2026-09-07T10:25:00.108037
full_historical_baseline,553539,20682,RED RETROSPOT CHILDRENS UMBRELLA,1,0.0,,United Kingdom,INVALID_OR_ZERO_UNIT_PRICE,2026-09-07T10:25:00.108037
full_historical_baseline,553539,22843,BISCUIT TIN VINTAGE GREEN,1,0.0,,United Kingdom,INVALID_OR_ZERO_UNIT_PRICE,2026-09-07T10:25:00.108037
full_historical_baseline,553539,22682,FRENCH BLUE METAL DOOR SIGN 7,1,0.0,,United Kingdom,INVALID_OR_ZERO_UNIT_PRICE,2026-09-07T10:25:00.108037
full_historical_baseline,553539,22679,FRENCH BLUE METAL DOOR SIGN 4,2,0.0,,United Kingdom,INVALID_OR_ZERO_UNIT_PRICE,2026-09-07T10:25:00.108037
full_historical_baseline,553539,22678,FRENCH BLUE METAL DOOR SIGN 3,5,0.0,,United Kingdom,INVALID_OR_ZERO_UNIT_PRICE,2026-09-07T10:25:00.108037
full_historical_baseline,553539,22677,FRENCH BLUE METAL DOOR SIGN 2,2,0.0,,United Kingdom,INVALID_OR_ZERO_UNIT_PRICE,2026-09-07T10:25:00.108037
full_historical_baseline,553539,22683,FRENCH BLUE METAL DOOR SIGN 8,1,0.0,,United Kingdom,INVALID_OR_ZERO_UNIT_PRICE,2026-09-07T10:25:00.108037
full_historical_baseline,553539,22666,RECIPE BOX PANTRY YELLOW DESIGN,1,0.0,,United Kingdom,INVALID_OR_ZERO_UNIT_PRICE,2026-09-07T10:25:00.108037
full_historical_baseline,553539,22665,RECIPE BOX BLUE SKETCHBOOK DESIGN,1,0.0,,United Kingdom,INVALID_OR_ZERO_UNIT_PRICE,2026-09-07T10:25:00.108037
full_historical_baseline,553539,22685,FRENCH BLUE METAL DOOR SIGN 0,2,0.0,,United Kingdom,INVALID_OR_ZERO_UNIT_PRICE,2026-09-07T10:25:00.108037
full_historical_baseline,553539,22676,FRENCH BLUE METAL DOOR SIGN 1,4,0.0,,United Kingdom,INVALID_OR_ZERO_UNIT_PRICE,2026-09-07T10:25:00.108037
full_historical_baseline,553539,22646,CERAMIC STRAWBERRY CAKE MONEY BANK,1,0.0,,United Kingdom,INVALID_OR_ZERO_UNIT_PRICE,2026-09-07T10:25:00.108037
full_historical_baseline,553539,22520,CHILDS GARDEN TROWEL BLUE ,1,0.0,,United Kingdom,INVALID_OR_ZERO_UNIT_PRICE,2026-09-07T10:25:00.108037
full_historical_baseline,553539,22523,CHILDS GARDEN FORK PINK,1,0.0,,United Kingdom,INVALID_OR_ZERO_UNIT_PRICE,2026-09-07T10:25:00.108037
full_historical_baseline,553539,22522,CHILDS GARDEN FORK BLUE ,1,0.0,,United Kingdom,INVALID_OR_ZERO_UNIT_PRICE,2026-09-07T10:25:00.108037
full_historical_baseline,553539,22519,CHILDS GARDEN BRUSH PINK,1,0.0,,United Kingdom,INVALID_OR_ZERO_UNIT_PRICE,2026-09-07T10:25:00.108037
full_historical_baseline,553539,22514,CHILDS GARDEN SPADE BLUE,1,0.0,,United Kingdom,INVALID_OR_ZERO_UNIT_PRICE,2026-09-07T10:25:00.108037
full_historical_baseline,553539,22515,CHILDS GARDEN SPADE PINK,2,0.0,,United Kingdom,INVALID_OR_ZERO_UNIT_PRICE,2026-09-07T10:25:00.108037
full_historical_baseline,553539,22501,PICNIC BASKET WICKER LARGE,1,0.0,,United Kingdom,INVALID_OR_ZERO_UNIT_PRICE,2026-09-07T10:25:00.108037
full_historical_baseline,553539,22474,SPACEBOY TV DINNER TRAY,1,0.0,,United Kingdom,INVALID_OR_ZERO_UNIT_PRICE,2026-09-07T10:25:00.108037
full_historical_baseline,553539,22430,ENAMEL WATERING CAN CREAM,2,0.0,,United Kingdom,INVALID_OR_ZERO_UNIT_PRICE,2026-09-07T10:25:00.108037
full_historical_baseline,553539,22426,ENAMEL WASH BOWL CREAM,1,0.0,,United Kingdom,INVALID_OR_ZERO_UNIT_PRICE,2026-09-07T10:25:00.108037
full_historical_baseline,553548,75131,,-48,0.0,,United Kingdom,INVALID_OR_ZERO_UNIT_PRICE,2026-09-07T10:25:00.108037
full_historical_baseline,553651,46126A,,-23,0.0,,United Kingdom,INVALID_OR_ZERO_UNIT_PRICE,2026-09-07T10:25:00.108037
full_historical_baseline,553652,20826,,-168,0.0,,United Kingdom,INVALID_OR_ZERO_UNIT_PRICE,2026-09-07T10:25:00.108037
full_historical_baseline,553659,20967,,-77,0.0,,United Kingdom,INVALID_OR_ZERO_UNIT_PRICE,2026-09-07T10:25:00.108037
full_historical_baseline,553688,22078,,4,0.0,,United Kingdom,INVALID_OR_ZERO_UNIT_PRICE,2026-09-07T10:25:00.108037
full_historical_baseline,553716,37444A,,3,0.0,,United Kingdom,INVALID_OR_ZERO_UNIT_PRICE,2026-09-07T10:25:00.108037
full_historical_baseline,553717,22087,,2,0.0,,United Kingdom,INVALID_OR_ZERO_UNIT_PRICE,2026-09-07T10:25:00.108037
full_historical_baseline,553719,85017C,adjustment,1,0.0,,United Kingdom,INVALID_OR_ZERO_UNIT_PRICE,2026-09-07T10:25:00.108037
full_historical_baseline,553728,21324,,2,0.0,,United Kingdom,INVALID_OR_ZERO_UNIT_PRICE,2026-09-07T10:25:00.108037
full_historical_baseline,553729,82599,,2,0.0,,United Kingdom,INVALID_OR_ZERO_UNIT_PRICE,2026-09-07T10:25:00.108037
full_historical_baseline,553743,21318,,-62,0.0,,United Kingdom,INVALID_OR_ZERO_UNIT_PRICE,2026-09-07T10:25:00.108037
full_historical_baseline,553744,85141,,-7,0.0,,United Kingdom,INVALID_OR_ZERO_UNIT_PRICE,2026-09-07T10:25:00.108037
full_historical_baseline,553745,84760S,,2,0.0,,United Kingdom,INVALID_OR_ZERO_UNIT_PRICE,2026-09-07T10:25:00.108037
full_historical_baseline,553746,84990,,1,0.0,,United Kingdom,INVALID_OR_ZERO_UNIT_PRICE,2026-09-07T10:25:00.108037
full_historical_baseline,553769,23444,,200,0.0,,United Kingdom,INVALID_OR_ZERO_UNIT_PRICE,2026-09-07T10:25:00.108037
full_historical_baseline,554017,22520,,-101,0.0,,United Kingdom,INVALID_OR_ZERO_UNIT_PRICE,2026-09-07T10:25:00.108037
full_historical_baseline,554020,22518,,-30,0.0,,United Kingdom,INVALID_OR_ZERO_UNIT_PRICE,2026-09-07T10:25:00.108037
full_historical_baseline,554021,20886,,-65,0.0,,United Kingdom,INVALID_OR_ZERO_UNIT_PRICE,2026-09-07T10:25:00.108037
full_historical_baseline,554022,20886,,10,0.0,,United Kingdom,INVALID_OR_ZERO_UNIT_PRICE,2026-09-07T10:25:00.108037
full_historical_baseline,554023,82613B,,-71,0.0,,United Kingdom,INVALID_OR_ZERO_UNIT_PRICE,2026-09-07T10:25:00.108037
full_historical_baseline,554024,20998,,-11,0.0,,United Kingdom,INVALID_OR_ZERO_UNIT_PRICE,2026-09-07T10:25:00.108037
full_historical_baseline,554037,22619,SET OF 6 SOLDIER SKITTLES,80,0.0,12415.0,Australia,INVALID_OR_ZERO_UNIT_PRICE,2026-09-07T10:25:00.108037
full_historical_baseline,554128,84563A,damaged,-4,0.0,,United Kingdom,INVALID_OR_ZERO_UNIT_PRICE,2026-09-07T10:25:00.108037
full_historical_baseline,554133,84596J,,-3,0.0,,United Kingdom,INVALID_OR_ZERO_UNIT_PRICE,2026-09-07T10:25:00.108037
full_historical_baseline,554143,79030G,damages,-413,0.0,,United Kingdom,INVALID_OR_ZERO_UNIT_PRICE,2026-09-07T10:25:00.108037
full_historical_baseline,554144,79030D,damages,-664,0.0,,United Kingdom,INVALID_OR_ZERO_UNIT_PRICE,2026-09-07T10:25:00.108037
full_historical_baseline,554145,84313C,,-12,0.0,,United Kingdom,INVALID_OR_ZERO_UNIT_PRICE,2026-09-07T10:25:00.108037
full_historical_baseline,554148,20966,,1,0.0,,United Kingdom,INVALID_OR_ZERO_UNIT_PRICE,2026-09-07T10:25:00.108037
full_historical_baseline,554149,85185D,,1,0.0,,United Kingdom,INVALID_OR_ZERO_UNIT_PRICE,2026-09-07T10:25:00.108037
full_historical_baseline,554267,84313C,,6,0.0,,United Kingdom,INVALID_OR_ZERO_UNIT_PRICE,2026-09-07T10:25:00.108037
full_historical_baseline,554276,22966,,-58,0.0,,United Kingdom,INVALID_OR_ZERO_UNIT_PRICE,2026-09-07T10:25:00.108037
full_historical_baseline,554287,22700,smashed,-48,0.0,,United Kingdom,INVALID_OR_ZERO_UNIT_PRICE,2026-09-07T10:25:00.108037
full_historical_baseline,554299,20975,,-39,0.0,,United Kingdom,INVALID_OR_ZERO_UNIT_PRICE,2026-09-07T10:25:00.108037
full_historical_baseline,554311,84743C,,-16,0.0,,United Kingdom,INVALID_OR_ZERO_UNIT_PRICE,2026-09-07T10:25:00.108037
full_historical_baseline,554312,84741C,,-2,0.0,,United Kingdom,INVALID_OR_ZERO_UNIT_PRICE,2026-09-07T10:25:00.108037
full_historical_baseline,554313,21144,,-63,0.0,,United Kingdom,INVALID_OR_ZERO_UNIT_PRICE,2026-09-07T10:25:00.108037
full_historical_baseline,554314,85195,,-13,0.0,,United Kingdom,INVALID_OR_ZERO_UNIT_PRICE,2026-09-07T10:25:00.108037
full_historical_baseline,554316,21195,,-1,0.0,,United Kingdom,INVALID_OR_ZERO_UNIT_PRICE,2026-09-07T10:25:00.108037
full_historical_baseline,554317,85198,,-11,0.0,,United Kingdom,INVALID_OR_ZERO_UNIT_PRICE,2026-09-07T10:25:00.108037
full_historical_baseline,554318,84535A,,-65,0.0,,United Kingdom,INVALID_OR_ZERO_UNIT_PRICE,2026-09-07T10:25:00.108037
full_historical_baseline,554319,47574B,,-13,0.0,,United Kingdom,INVALID_OR_ZERO_UNIT_PRICE,2026-09-07T10:25:00.108037
full_historical_baseline,554320,16053,,-102,0.0,,United Kingdom,INVALID_OR_ZERO_UNIT_PRICE,2026-09-07T10:25:00.108037
full_historical_baseline,554321,16244B,,-5,0.0,,United Kingdom,INVALID_OR_ZERO_UNIT_PRICE,2026-09-07T10:25:00.108037
full_historical_baseline,554328,21609,,-46,0.0,,United Kingdom,INVALID_OR_ZERO_UNIT_PRICE,2026-09-07T10:25:00.108037
full_historical_baseline,554352,22720,,4,0.0,,United Kingdom,INVALID_OR_ZERO_UNIT_PRICE,2026-09-07T10:25:00.108037
full_historical_baseline,554360,22524,,-13,0.0,,United Kingdom,INVALID_OR_ZERO_UNIT_PRICE,2026-09-07T10:25:00.108037
full_historical_baseline,554377,79164,,47,0.0,,United Kingdom,INVALID_OR_ZERO_UNIT_PRICE,2026-09-07T10:25:00.108037
full_historical_baseline,554378,20975,,3,0.0,,United Kingdom,INVALID_OR_ZERO_UNIT_PRICE,2026-09-07T10:25:00.108037
full_historical_baseline,554432,85132A,damaged,-97,0.0,,United Kingdom,INVALID_OR_ZERO_UNIT_PRICE,2026-09-07T10:25:00.108037
full_historical_baseline,554488,84913A,,-75,0.0,,United Kingdom,INVALID_OR_ZERO_UNIT_PRICE,2026-09-07T10:25:00.108037
full_historical_baseline,554550,47566B,incorrectly credited C550456 see 47,1300,0.0,,United Kingdom,INVALID_OR_ZERO_UNIT_PRICE,2026-09-07T10:25:00.108037
full_historical_baseline,554551,47566B,reverse previous adjustment,-1300,0.0,,United Kingdom,INVALID_OR_ZERO_UNIT_PRICE,2026-09-07T10:25:00.108037
full_historical_baseline,554553,47566B,incorrectly credited C550456 see 47,-1300,0.0,,United Kingdom,INVALID_OR_ZERO_UNIT_PRICE,2026-09-07T10:25:00.108037
full_historical_baseline,554559,16151A,,-2,0.0,,United Kingdom,INVALID_OR_ZERO_UNIT_PRICE,2026-09-07T10:25:00.108037
full_historical_baseline,554627,84746,,67,0.0,,United Kingdom,INVALID_OR_ZERO_UNIT_PRICE,2026-09-07T10:25:00.108037
full_historical_baseline,554634,85214,,64,0.0,,United Kingdom,INVALID_OR_ZERO_UNIT_PRICE,2026-09-07T10:25:00.108037
full_historical_baseline,554673,35653,,24,0.0,,United Kingdom,INVALID_OR_ZERO_UNIT_PRICE,2026-09-07T10:25:00.108037
full_historical_baseline,554675,20903,,-33,0.0,,United Kingdom,INVALID_OR_ZERO_UNIT_PRICE,2026-09-07T10:25:00.108037
full_historical_baseline,554676,71143,,-31,0.0,,United Kingdom,INVALID_OR_ZERO_UNIT_PRICE,2026-09-07T10:25:00.108037
full_historical_baseline,554677,20664,,9,0.0,,United Kingdom,INVALID_OR_ZERO_UNIT_PRICE,2026-09-07T10:25:00.108037
full_historical_baseline,554678,85086A,,-30,0.0,,United Kingdom,INVALID_OR_ZERO_UNIT_PRICE,2026-09-07T10:25:00.108037
full_historical_baseline,554679,35916A,,-21,0.0,,United Kingdom,INVALID_OR_ZERO_UNIT_PRICE,2026-09-07T10:25:00.108037
full_historical_baseline,554680,35916B,,-21,0.0,,United Kingdom,INVALID_OR_ZERO_UNIT_PRICE,2026-09-07T10:25:00.108037
full_historical_baseline,554681,35916C,,-32,0.0,,United Kingdom,INVALID_OR_ZERO_UNIT_PRICE,2026-09-07T10:25:00.108037
full_historical_baseline,554696,85016,,5,0.0,,United Kingdom,INVALID_OR_ZERO_UNIT_PRICE,2026-09-07T10:25:00.108037
full_historical_baseline,554828,16049,,74,0.0,,United Kingdom,INVALID_OR_ZERO_UNIT_PRICE,2026-09-07T10:25:00.108037
full_historical_baseline,554829,20801,,6,0.0,,United Kingdom,INVALID_OR_ZERO_UNIT_PRICE,2026-09-07T10:25:00.108037
full_historical_baseline,554830,21904,,3,0.0,,United Kingdom,INVALID_OR_ZERO_UNIT_PRICE,2026-09-07T10:25:00.108037
full_historical_baseline,554831,84906,,2,0.0,,United Kingdom,INVALID_OR_ZERO_UNIT_PRICE,2026-09-07T10:25:00.108037
full_historical_baseline,554852,21272,?,-212,0.0,,United Kingdom,INVALID_OR_ZERO_UNIT_PRICE,2026-09-07T10:25:00.108037
full_historical_baseline,554857,POST,,800,0.0,,United Kingdom,INVALID_OR_ZERO_UNIT_PRICE,2026-09-07T10:25:00.108037
full_historical_baseline,554907,40003,,-11,0.0,,United Kingdom,INVALID_OR_ZERO_UNIT_PRICE,2026-09-07T10:25:00.108037
full_historical_baseline,554928,21763,,-3,0.0,,United Kingdom,INVALID_OR_ZERO_UNIT_PRICE,2026-09-07T10:25:00.108037
full_historical_baseline,554962,84691,,2,0.0,,United Kingdom,INVALID_OR_ZERO_UNIT_PRICE,2026-09-07T10:25:00.108037
full_historical_baseline,555330,84804A,wet damaged,-125,0.0,,United Kingdom,INVALID_OR_ZERO_UNIT_PRICE,2026-09-07T10:25:00.108037
full_historical_baseline,555331,84800L,wet damaged,-144,0.0,,United Kingdom,INVALID_OR_ZERO_UNIT_PRICE,2026-09-07T10:25:00.108037
full_historical_baseline,555332,84801A,wet damaged,-48,0.0,,United Kingdom,INVALID_OR_ZERO_UNIT_PRICE,2026-09-07T10:25:00.108037
full_historical_baseline,555333,84805B,wet damaged,-96,0.0,,United Kingdom,INVALID_OR_ZERO_UNIT_PRICE,2026-09-07T10:25:00.108037
full_historical_baseline,555334,84805A,wet damaged,-96,0.0,,United Kingdom,INVALID_OR_ZERO_UNIT_PRICE,2026-09-07T10:25:00.108037
full_historical_baseline,555335,84804B,,-96,0.0,,United Kingdom,INVALID_OR_ZERO_UNIT_PRICE,2026-09-07T10:25:00.108037
full_historical_baseline,555387,22276,,-59,0.0,,United Kingdom,INVALID_OR_ZERO_UNIT_PRICE,2026-09-07T10:25:00.108037
full_historical_baseline,555390,22501,,50,0.0,,United Kingdom,INVALID_OR_ZERO_UNIT_PRICE,2026-09-07T10:25:00.108037
full_historical_baseline,555391,22501,,-10,0.0,,United Kingdom,INVALID_OR_ZERO_UNIT_PRICE,2026-09-07T10:25:00.108037
full_historical_baseline,555402,22501,,10,0.0,,United Kingdom,INVALID_OR_ZERO_UNIT_PRICE,2026-09-07T10:25:00.108037
full_historical_baseline,555469,84917,,1,0.0,,United Kingdom,INVALID_OR_ZERO_UNIT_PRICE,2026-09-07T10:25:00.108037
full_historical_baseline,555503,84313C,damaged,-1,0.0,,United Kingdom,INVALID_OR_ZERO_UNIT_PRICE,2026-09-07T10:25:00.108037
full_historical_baseline,555505,79030G,Water damaged,-16,0.0,,United Kingdom,INVALID_OR_ZERO_UNIT_PRICE,2026-09-07T10:25:00.108037
full_historical_baseline,555506,21397,damaged,-57,0.0,,United Kingdom,INVALID_OR_ZERO_UNIT_PRICE,2026-09-07T10:25:00.108037
full_historical_baseline,555821,21399,,-116,0.0,,United Kingdom,INVALID_OR_ZERO_UNIT_PRICE,2026-09-07T10:25:00.108037
full_historical_baseline,555822,35809A,,-13,0.0,,United Kingdom,INVALID_OR_ZERO_UNIT_PRICE,2026-09-07T10:25:00.108037
full_historical_baseline,555823,47021G,,-52,0.0,,United Kingdom,INVALID_OR_ZERO_UNIT_PRICE,2026-09-07T10:25:00.108037
full_historical_baseline,555824,21043,,-12,0.0,,United Kingdom,INVALID_OR_ZERO_UNIT_PRICE,2026-09-07T10:25:00.108037
full_historical_baseline,555838,22966,,-6,0.0,,United Kingdom,INVALID_OR_ZERO_UNIT_PRICE,2026-09-07T10:25:00.108037
full_historical_baseline,556012,15044B,,-27,0.0,,United Kingdom,INVALID_OR_ZERO_UNIT_PRICE,2026-09-07T10:25:00.108037
full_historical_baseline,556013,21662,,-17,0.0,,United Kingdom,INVALID_OR_ZERO_UNIT_PRICE,2026-09-07T10:25:00.108037
full_historical_baseline,556014,37476,,-3,0.0,,United Kingdom,INVALID_OR_ZERO_UNIT_PRICE,2026-09-07T10:25:00.108037
full_historical_baseline,556015,37501,,-13,0.0,,United Kingdom,INVALID_OR_ZERO_UNIT_PRICE,2026-09-07T10:25:00.108037
full_historical_baseline,556046,21890,missing,-140,0.0,,United Kingdom,INVALID_OR_ZERO_UNIT_PRICE,2026-09-07T10:25:00.108037
full_historical_baseline,556061,20906,,-21,0.0,,United Kingdom,INVALID_OR_ZERO_UNIT_PRICE,2026-09-07T10:25:00.108037
full_historical_baseline,556069,84226,,-34,0.0,,United Kingdom,INVALID_OR_ZERO_UNIT_PRICE,2026-09-07T10:25:00.108037
full_historical_baseline,556074,22519,,-19,0.0,,United Kingdom,INVALID_OR_ZERO_UNIT_PRICE,2026-09-07T10:25:00.108037
full_historical_baseline,556122,85019C,Damaged,-108,0.0,,United Kingdom,INVALID_OR_ZERO_UNIT_PRICE,2026-09-07T10:25:00.108037
full_historical_baseline,556123,22272,Damaged,-15,0.0,,United Kingdom,INVALID_OR_ZERO_UNIT_PRICE,2026-09-07T10:25:00.108037
full_historical_baseline,556124,17007B,,-4,0.0,,United Kingdom,INVALID_OR_ZERO_UNIT_PRICE,2026-09-07T10:25:00.108037
full_historical_baseline,556180,22502,,40,0.0,,United Kingdom,INVALID_OR_ZERO_UNIT_PRICE,2026-09-07T10:25:00.108037
full_historical_baseline,556200,84796B,,17,0.0,,United Kingdom,INVALID_OR_ZERO_UNIT_PRICE,2026-09-07T10:25:00.108037
full_historical_baseline,556231,85123A,?,4000,0.0,,United Kingdom,INVALID_OR_ZERO_UNIT_PRICE,2026-09-07T10:25:00.108037
full_historical_baseline,556232,21135,sold as set on dotcom,-304,0.0,,United Kingdom,INVALID_OR_ZERO_UNIT_PRICE,2026-09-07T10:25:00.108037
full_historical_baseline,556233,21136,sold as set on dotcom,-272,0.0,,United Kingdom,INVALID_OR_ZERO_UNIT_PRICE,2026-09-07T10:25:00.108037
full_historical_baseline,556242,21700,sold as set on dotcom and amazon,-1206,0.0,,United Kingdom,INVALID_OR_ZERO_UNIT_PRICE,2026-09-07T10:25:00.108037
full_historical_baseline,556260,37340,sold as set on dotcom,-18,0.0,,United Kingdom,INVALID_OR_ZERO_UNIT_PRICE,2026-09-07T10:25:00.108037
full_historical_baseline,556261,79051A,sold as set on dotcom,-6,0.0,,United Kingdom,INVALID_OR_ZERO_UNIT_PRICE,2026-09-07T10:25:00.108037
full_historical_baseline,556262,37327,sold as set on dotcom,-95,0.0,,United Kingdom,INVALID_OR_ZERO_UNIT_PRICE,2026-09-07T10:25:00.108037
full_historical_baseline,556286,16052,,-16,0.0,,United Kingdom,INVALID_OR_ZERO_UNIT_PRICE,2026-09-07T10:25:00.108037
full_historical_baseline,556287,16043,,-45,0.0,,United Kingdom,INVALID_OR_ZERO_UNIT_PRICE,2026-09-07T10:25:00.108037
full_historical_baseline,556289,20823,,-102,0.0,,United Kingdom,INVALID_OR_ZERO_UNIT_PRICE,2026-09-07T10:25:00.108037
full_historical_baseline,556291,79164,,2,0.0,,United Kingdom,INVALID_OR_ZERO_UNIT_PRICE,2026-09-07T10:25:00.108037
full_historical_baseline,556292,21472,,-1,0.0,,United Kingdom,INVALID_OR_ZERO_UNIT_PRICE,2026-09-07T10:25:00.108037
full_historical_baseline,556299,21937,?,-161,0.0,,United Kingdom,INVALID_OR_ZERO_UNIT_PRICE,2026-09-07T10:25:00.108037
full_historical_baseline,556300,20735,,-472,0.0,,United Kingdom,INVALID_OR_ZERO_UNIT_PRICE,2026-09-07T10:25:00.108037
full_historical_baseline,556301,22968,water damage,-50,0.0,,United Kingdom,INVALID_OR_ZERO_UNIT_PRICE,2026-09-07T10:25:00.108037
full_historical_baseline,556306,37479B,sold as set by dotcom,-30,0.0,,United Kingdom,INVALID_OR_ZERO_UNIT_PRICE,2026-09-07T10:25:00.108037
full_historical_baseline,556307,37479P,sold as set on dotcom,-30,0.0,,United Kingdom,INVALID_OR_ZERO_UNIT_PRICE,2026-09-07T10:25:00.108037
full_historical_baseline,556308,22130,sold as set on dotcom,-390,0.0,,United Kingdom,INVALID_OR_ZERO_UNIT_PRICE,2026-09-07T10:25:00.108037
full_historical_baseline,556309,22856,sold as set on dotcom,-30,0.0,,United Kingdom,INVALID_OR_ZERO_UNIT_PRICE,2026-09-07T10:25:00.108037
full_historical_baseline,556310,22944,sold as set on dotcom,-42,0.0,,United Kingdom,INVALID_OR_ZERO_UNIT_PRICE,2026-09-07T10:25:00.108037
full_historical_baseline,556311,37471,sold as set on dotcom,-12,0.0,,United Kingdom,INVALID_OR_ZERO_UNIT_PRICE,2026-09-07T10:25:00.108037
full_historical_baseline,556312,22924,sold as set on dotcom,-30,0.0,,United Kingdom,INVALID_OR_ZERO_UNIT_PRICE,2026-09-07T10:25:00.108037
full_historical_baseline,556313,22923,sold as set on dotcom,-12,0.0,,United Kingdom,INVALID_OR_ZERO_UNIT_PRICE,2026-09-07T10:25:00.108037
full_historical_baseline,556314,23155,sold as set on dotcom,-84,0.0,,United Kingdom,INVALID_OR_ZERO_UNIT_PRICE,2026-09-07T10:25:00.108037
full_historical_baseline,556315,22948,sold as set on dotcom,-108,0.0,,United Kingdom,INVALID_OR_ZERO_UNIT_PRICE,2026-09-07T10:25:00.108037
full_historical_baseline,556316,22128,sold as set on dotcom,-24,0.0,,United Kingdom,INVALID_OR_ZERO_UNIT_PRICE,2026-09-07T10:25:00.108037
full_historical_baseline,556317,22857,sold as set on dotcom,-48,0.0,,United Kingdom,INVALID_OR_ZERO_UNIT_PRICE,2026-09-07T10:25:00.108037
full_historical_baseline,556319,22945,sold as set on dotcom,-618,0.0,,United Kingdom,INVALID_OR_ZERO_UNIT_PRICE,2026-09-07T10:25:00.108037
full_historical_baseline,556320,22922,sold as set on dotcom,-42,0.0,,United Kingdom,INVALID_OR_ZERO_UNIT_PRICE,2026-09-07T10:25:00.108037
full_historical_baseline,556321,79163,sold as set on dotcom,-24,0.0,,United Kingdom,INVALID_OR_ZERO_UNIT_PRICE,2026-09-07T10:25:00.108037
full_historical_baseline,556322,22915,sold as set on dotcom,-204,0.0,,United Kingdom,INVALID_OR_ZERO_UNIT_PRICE,2026-09-07T10:25:00.108037
full_historical_baseline,556326,20731,,10,0.0,,United Kingdom,INVALID_OR_ZERO_UNIT_PRICE,2026-09-07T10:25:00.108037
full_historical_baseline,556328,21027,,47,0.0,,United Kingdom,INVALID_OR_ZERO_UNIT_PRICE,2026-09-07T10:25:00.108037
full_historical_baseline,556418,47021G,,288,0.0,,United Kingdom,INVALID_OR_ZERO_UNIT_PRICE,2026-09-07T10:25:00.108037
full_historical_baseline,556430,22968,,19,0.0,,United Kingdom,INVALID_OR_ZERO_UNIT_PRICE,2026-09-07T10:25:00.108037
full_historical_baseline,556438,37479B,,8,0.0,,United Kingdom,INVALID_OR_ZERO_UNIT_PRICE,2026-09-07T10:25:00.108037
full_historical_baseline,556687,23003,Printing smudges/thrown away,-9058,0.0,,United Kingdom,INVALID_OR_ZERO_UNIT_PRICE,2026-09-07T10:25:00.108037
full_historical_baseline,556690,23005,printing smudges/thrown away,-9600,0.0,,United Kingdom,INVALID_OR_ZERO_UNIT_PRICE,2026-09-07T10:25:00.108037
full_historical_baseline,556691,23005,printing smudges/thrown away,-9600,0.0,,United Kingdom,INVALID_OR_ZERO_UNIT_PRICE,2026-09-07T10:25:00.108037
full_historical_baseline,556884,22698,,-61,0.0,,United Kingdom,INVALID_OR_ZERO_UNIT_PRICE,2026-09-07T10:25:00.108037
full_historical_baseline,556933,22783,,2,0.0,,United Kingdom,INVALID_OR_ZERO_UNIT_PRICE,2026-09-07T10:25:00.108037
full_historical_baseline,556934,37479B,,1,0.0,,United Kingdom,INVALID_OR_ZERO_UNIT_PRICE,2026-09-07T10:25:00.108037
full_historical_baseline,556939,46000M,POLYESTER FILLER PAD 45x45cm,80,0.0,,United Kingdom,INVALID_OR_ZERO_UNIT_PRICE,2026-09-07T10:25:00.108037
full_historical_baseline,556939,46000S,POLYESTER FILLER PAD 40x40cm,160,0.0,,United Kingdom,INVALID_OR_ZERO_UNIT_PRICE,2026-09-07T10:25:00.108037
full_historical_baseline,556943,84809A,,-126,0.0,,United Kingdom,INVALID_OR_ZERO_UNIT_PRICE,2026-09-07T10:25:00.108037
full_historical_baseline,556944,84800L,,-29,0.0,,United Kingdom,INVALID_OR_ZERO_UNIT_PRICE,2026-09-07T10:25:00.108037
full_historical_baseline,556945,21614,,3,0.0,,United Kingdom,INVALID_OR_ZERO_UNIT_PRICE,2026-09-07T10:25:00.108037
full_historical_baseline,556946,37444A,,2,0.0,,United Kingdom,INVALID_OR_ZERO_UNIT_PRICE,2026-09-07T10:25:00.108037
full_historical_baseline,556947,22444,,1,0.0,,United Kingdom,INVALID_OR_ZERO_UNIT_PRICE,2026-09-07T10:25:00.108037
full_historical_baseline,556948,90104,,1,0.0,,United Kingdom,INVALID_OR_ZERO_UNIT_PRICE,2026-09-07T10:25:00.108037
full_historical_baseline,556949,85185D,,1,0.0,,United Kingdom,INVALID_OR_ZERO_UNIT_PRICE,2026-09-07T10:25:00.108037
full_historical_baseline,556950,84548,,1,0.0,,United Kingdom,INVALID_OR_ZERO_UNIT_PRICE,2026-09-07T10:25:00.108037
full_historical_baseline,556951,20975,,2,0.0,,United Kingdom,INVALID_OR_ZERO_UNIT_PRICE,2026-09-07T10:25:00.108037
full_historical_baseline,556952,21784,,1,0.0,,United Kingdom,INVALID_OR_ZERO_UNIT_PRICE,2026-09-07T10:25:00.108037
full_historical_baseline,556955,gift_0001_20,to push order througha s stock was ,10,0.0,,United Kingdom,INVALID_OR_ZERO_UNIT_PRICE,2026-09-07T10:25:00.108037
full_historical_baseline,556962,35965,,12,0.0,,United Kingdom,INVALID_OR_ZERO_UNIT_PRICE,2026-09-07T10:25:00.108037
full_historical_baseline,556963,35965,found some more on shelf,-9,0.0,,United Kingdom,INVALID_OR_ZERO_UNIT_PRICE,2026-09-07T10:25:00.108037
full_historical_baseline,557025,22192,,-9,0.0,,United Kingdom,INVALID_OR_ZERO_UNIT_PRICE,2026-09-07T10:25:00.108037
full_historical_baseline,557028,79071B,,-4,0.0,,United Kingdom,INVALID_OR_ZERO_UNIT_PRICE,2026-09-07T10:25:00.108037
full_historical_baseline,557029,22480,,-24,0.0,,United Kingdom,INVALID_OR_ZERO_UNIT_PRICE,2026-09-07T10:25:00.108037
full_historical_baseline,557030,21446,,-50,0.0,,United Kingdom,INVALID_OR_ZERO_UNIT_PRICE,2026-09-07T10:25:00.108037
full_historical_baseline,557031,21447,,-65,0.0,,United Kingdom,INVALID_OR_ZERO_UNIT_PRICE,2026-09-07T10:25:00.108037
full_historical_baseline,557035,82583,?,-220,0.0,,United Kingdom,INVALID_OR_ZERO_UNIT_PRICE,2026-09-07T10:25:00.108037
full_historical_baseline,557036,20867,?,-271,0.0,,United Kingdom,INVALID_OR_ZERO_UNIT_PRICE,2026-09-07T10:25:00.108037
full_historical_baseline,557108,23113,Damaged,-1440,0.0,,United Kingdom,INVALID_OR_ZERO_UNIT_PRICE,2026-09-07T10:25:00.108037
full_historical_baseline,557137,85141,,3,0.0,,United Kingdom,INVALID_OR_ZERO_UNIT_PRICE,2026-09-07T10:25:00.108037
full_historical_baseline,557138,21095,,2,0.0,,United Kingdom,INVALID_OR_ZERO_UNIT_PRICE,2026-09-07T10:25:00.108037
full_historical_baseline,557139,35965,,2,0.0,,United Kingdom,INVALID_OR_ZERO_UNIT_PRICE,2026-09-07T10:25:00.108037
full_historical_baseline,557390,21360,Show Samples,-4,0.0,,United Kingdom,INVALID_OR_ZERO_UNIT_PRICE,2026-09-07T10:25:00.108037
full_historical_baseline,557412,35965,,5,0.0,,United Kingdom,INVALID_OR_ZERO_UNIT_PRICE,2026-09-07T10:25:00.108037
full_historical_baseline,557415,21937,,12,0.0,,United Kingdom,INVALID_OR_ZERO_UNIT_PRICE,2026-09-07T10:25:00.108037
full_historical_baseline,557417,84809B,damaged,-324,0.0,,United Kingdom,INVALID_OR_ZERO_UNIT_PRICE,2026-09-07T10:25:00.108037
full_historical_baseline,557486,22084,,44,0.0,,United Kingdom,INVALID_OR_ZERO_UNIT_PRICE,2026-09-07T10:25:00.108037
full_historical_baseline,557491,85213,,66,0.0,,United Kingdom,INVALID_OR_ZERO_UNIT_PRICE,2026-09-07T10:25:00.108037
full_historical_baseline,557596,23114,Damaged,-1440,0.0,,United Kingdom,INVALID_OR_ZERO_UNIT_PRICE,2026-09-07T10:25:00.108037
full_historical_baseline,557597,23115,Damaged,-1440,0.0,,United Kingdom,INVALID_OR_ZERO_UNIT_PRICE,2026-09-07T10:25:00.108037
full_historical_baseline,557599,23116,Damaged,-1440,0.0,,United Kingdom,INVALID_OR_ZERO_UNIT_PRICE,2026-09-07T10:25:00.108037
full_historical_baseline,557600,23117,Damaged,-1440,0.0,,United Kingdom,INVALID_OR_ZERO_UNIT_PRICE,2026-09-07T10:25:00.108037
full_historical_baseline,557613,21841,,80,0.0,,United Kingdom,INVALID_OR_ZERO_UNIT_PRICE,2026-09-07T10:25:00.108037
full_historical_baseline,557756,22567,,-14,0.0,,United Kingdom,INVALID_OR_ZERO_UNIT_PRICE,2026-09-07T10:25:00.108037
full_historical_baseline,557777,44265,,-5,0.0,,United Kingdom,INVALID_OR_ZERO_UNIT_PRICE,2026-09-07T10:25:00.108037
full_historical_baseline,557778,21161,,-38,0.0,,United Kingdom,INVALID_OR_ZERO_UNIT_PRICE,2026-09-07T10:25:00.108037
full_historical_baseline,557784,21421,damaged,-5,0.0,,United Kingdom,INVALID_OR_ZERO_UNIT_PRICE,2026-09-07T10:25:00.108037
full_historical_baseline,557806,84706D,,-5,0.0,,United Kingdom,INVALID_OR_ZERO_UNIT_PRICE,2026-09-07T10:25:00.108037
full_historical_baseline,557847,84387A,,11,0.0,,United Kingdom,INVALID_OR_ZERO_UNIT_PRICE,2026-09-07T10:25:00.108037
full_historical_baseline,557851,85130A,,-23,0.0,,United Kingdom,INVALID_OR_ZERO_UNIT_PRICE,2026-09-07T10:25:00.108037
full_historical_baseline,558032,22443,,-7,0.0,,United Kingdom,INVALID_OR_ZERO_UNIT_PRICE,2026-09-07T10:25:00.108037
full_historical_baseline,558033,84876B,,-59,0.0,,United Kingdom,INVALID_OR_ZERO_UNIT_PRICE,2026-09-07T10:25:00.108037
full_historical_baseline,558034,20658,,-78,0.0,,United Kingdom,INVALID_OR_ZERO_UNIT_PRICE,2026-09-07T10:25:00.108037
full_historical_baseline,558238,22722,,-21,0.0,,United Kingdom,INVALID_OR_ZERO_UNIT_PRICE,2026-09-07T10:25:00.108037
full_historical_baseline,558244,84796B,,-2,0.0,,United Kingdom,INVALID_OR_ZERO_UNIT_PRICE,2026-09-07T10:25:00.108037
full_historical_baseline,558245,22734,FOUND,8,0.0,,United Kingdom,INVALID_OR_ZERO_UNIT_PRICE,2026-09-07T10:25:00.108037
full_historical_baseline,558268,21351,damaged,-220,0.0,,United Kingdom,INVALID_OR_ZERO_UNIT_PRICE,2026-09-07T10:25:00.108037
full_historical_baseline,558305,21027,,7,0.0,,United Kingdom,INVALID_OR_ZERO_UNIT_PRICE,2026-09-07T10:25:00.108037
full_historical_baseline,558306,85232D,mix up with c,-118,0.0,,United Kingdom,INVALID_OR_ZERO_UNIT_PRICE,2026-09-07T10:25:00.108037
full_historical_baseline,558307,22088,,-39,0.0,,United Kingdom,INVALID_OR_ZERO_UNIT_PRICE,2026-09-07T10:25:00.108037
full_historical_baseline,558308,84576,,-10,0.0,,United Kingdom,INVALID_OR_ZERO_UNIT_PRICE,2026-09-07T10:25:00.108037
full_historical_baseline,558309,85132B,,-42,0.0,,United Kingdom,INVALID_OR_ZERO_UNIT_PRICE,2026-09-07T10:25:00.108037
full_historical_baseline,558318,85232A,,-14,0.0,,United Kingdom,INVALID_OR_ZERO_UNIT_PRICE,2026-09-07T10:25:00.108037
full_historical_baseline,558340,22514,CHILDS GARDEN SPADE BLUE,1,0.0,,United Kingdom,INVALID_OR_ZERO_UNIT_PRICE,2026-09-07T10:25:00.108037
full_historical_baseline,558340,85123A,WHITE HANGING HEART T-LIGHT HOLDER,1,0.0,,United Kingdom,INVALID_OR_ZERO_UNIT_PRICE,2026-09-07T10:25:00.108037
full_historical_baseline,558340,22431,WATERING CAN BLUE ELEPHANT,1,0.0,,United Kingdom,INVALID_OR_ZERO_UNIT_PRICE,2026-09-07T10:25:00.108037
full_historical_baseline,558340,22430,ENAMEL WATERING CAN CREAM,1,0.0,,United Kingdom,INVALID_OR_ZERO_UNIT_PRICE,2026-09-07T10:25:00.108037
full_historical_baseline,558340,22414,DOORMAT NEIGHBOURHOOD WITCH ,1,0.0,,United Kingdom,INVALID_OR_ZERO_UNIT_PRICE,2026-09-07T10:25:00.108037
full_historical_baseline,558340,22385,JUMBO BAG SPACEBOY DESIGN,1,0.0,,United Kingdom,INVALID_OR_ZERO_UNIT_PRICE,2026-09-07T10:25:00.108037
full_historical_baseline,558340,22380,TOY TIDY SPACEBOY  ,1,0.0,,United Kingdom,INVALID_OR_ZERO_UNIT_PRICE,2026-09-07T10:25:00.108037
full_historical_baseline,558340,22364,GLASS JAR DIGESTIVE BISCUITS,1,0.0,,United Kingdom,INVALID_OR_ZERO_UNIT_PRICE,2026-09-07T10:25:00.108037
full_historical_baseline,558340,22362,GLASS JAR PEACOCK BATH SALTS,1,0.0,,United Kingdom,INVALID_OR_ZERO_UNIT_PRICE,2026-09-07T10:25:00.108037
full_historical_baseline,558340,22357,KINGS CHOICE BISCUIT TIN,3,0.0,,United Kingdom,INVALID_OR_ZERO_UNIT_PRICE,2026-09-07T10:25:00.108037
full_historical_baseline,558340,22301,COFFEE MUG CAT + BIRD DESIGN,1,0.0,,United Kingdom,INVALID_OR_ZERO_UNIT_PRICE,2026-09-07T10:25:00.108037
full_historical_baseline,558340,21556,CERAMIC STRAWBERRY MONEY BOX,2,0.0,,United Kingdom,INVALID_OR_ZERO_UNIT_PRICE,2026-09-07T10:25:00.108037
full_historical_baseline,558340,21116,OWL DOORSTOP,1,0.0,,United Kingdom,INVALID_OR_ZERO_UNIT_PRICE,2026-09-07T10:25:00.108037
full_historical_baseline,558340,85099F,JUMBO BAG STRAWBERRY,1,0.0,,United Kingdom,INVALID_OR_ZERO_UNIT_PRICE,2026-09-07T10:25:00.108037
full_historical_baseline,558340,85099B,JUMBO BAG RED RETROSPOT,1,0.0,,United Kingdom,INVALID_OR_ZERO_UNIT_PRICE,2026-09-07T10:25:00.108037
full_historical_baseline,558340,22627,MINT KITCHEN SCALES,1,0.0,,United Kingdom,INVALID_OR_ZERO_UNIT_PRICE,2026-09-07T10:25:00.108037
full_historical_baseline,558340,84692,BOX OF 24 COCKTAIL PARASOLS,1,0.0,,United Kingdom,INVALID_OR_ZERO_UNIT_PRICE,2026-09-07T10:25:00.108037
full_historical_baseline,558340,48184,DOORMAT ENGLISH ROSE ,3,0.0,,United Kingdom,INVALID_OR_ZERO_UNIT_PRICE,2026-09-07T10:25:00.108037
full_historical_baseline,558340,22692,DOORMAT WELCOME TO OUR HOME,1,0.0,,United Kingdom,INVALID_OR_ZERO_UNIT_PRICE,2026-09-07T10:25:00.108037
full_historical_baseline,558340,22684,FRENCH BLUE METAL DOOR SIGN 9,1,0.0,,United Kingdom,INVALID_OR_ZERO_UNIT_PRICE,2026-09-07T10:25:00.108037
full_historical_baseline,558340,22685,FRENCH BLUE METAL DOOR SIGN 0,1,0.0,,United Kingdom,INVALID_OR_ZERO_UNIT_PRICE,2026-09-07T10:25:00.108037
full_historical_baseline,558340,22683,FRENCH BLUE METAL DOOR SIGN 8,2,0.0,,United Kingdom,INVALID_OR_ZERO_UNIT_PRICE,2026-09-07T10:25:00.108037
full_historical_baseline,558340,22679,FRENCH BLUE METAL DOOR SIGN 4,1,0.0,,United Kingdom,INVALID_OR_ZERO_UNIT_PRICE,2026-09-07T10:25:00.108037
full_historical_baseline,558340,22678,FRENCH BLUE METAL DOOR SIGN 3,2,0.0,,United Kingdom,INVALID_OR_ZERO_UNIT_PRICE,2026-09-07T10:25:00.108037
full_historical_baseline,558340,22686,FRENCH BLUE METAL DOOR SIGN No,4,0.0,,United Kingdom,INVALID_OR_ZERO_UNIT_PRICE,2026-09-07T10:25:00.108037
full_historical_baseline,558340,22680,FRENCH BLUE METAL DOOR SIGN 5,4,0.0,,United Kingdom,INVALID_OR_ZERO_UNIT_PRICE,2026-09-07T10:25:00.108037
full_historical_baseline,558340,22676,FRENCH BLUE METAL DOOR SIGN 1,3,0.0,,United Kingdom,INVALID_OR_ZERO_UNIT_PRICE,2026-09-07T10:25:00.108037
full_historical_baseline,558340,22666,RECIPE BOX PANTRY YELLOW DESIGN,1,0.0,,United Kingdom,INVALID_OR_ZERO_UNIT_PRICE,2026-09-07T10:25:00.108037
full_historical_baseline,558340,22665,RECIPE BOX BLUE SKETCHBOOK DESIGN,1,0.0,,United Kingdom,INVALID_OR_ZERO_UNIT_PRICE,2026-09-07T10:25:00.108037
full_historical_baseline,558340,22649,STRAWBERRY FAIRY CAKE TEAPOT,1,0.0,,United Kingdom,INVALID_OR_ZERO_UNIT_PRICE,2026-09-07T10:25:00.108037
full_historical_baseline,558340,22627,MINT KITCHEN SCALES,1,0.0,,United Kingdom,INVALID_OR_ZERO_UNIT_PRICE,2026-09-07T10:25:00.108037
full_historical_baseline,558340,22626,BLACK KITCHEN SCALES,1,0.0,,United Kingdom,INVALID_OR_ZERO_UNIT_PRICE,2026-09-07T10:25:00.108037
full_historical_baseline,558340,22526,WHEELBARROW FOR CHILDREN ,1,0.0,,United Kingdom,INVALID_OR_ZERO_UNIT_PRICE,2026-09-07T10:25:00.108037
full_historical_baseline,558340,22430,ENAMEL WATERING CAN CREAM,1,0.0,,United Kingdom,INVALID_OR_ZERO_UNIT_PRICE,2026-09-07T10:25:00.108037
full_historical_baseline,558340,22515,CHILDS GARDEN SPADE PINK,3,0.0,,United Kingdom,INVALID_OR_ZERO_UNIT_PRICE,2026-09-07T10:25:00.108037
full_historical_baseline,558342,20731,,1,0.0,,United Kingdom,INVALID_OR_ZERO_UNIT_PRICE,2026-09-07T10:25:00.108037
full_historical_baseline,558343,84709B,,6,0.0,,United Kingdom,INVALID_OR_ZERO_UNIT_PRICE,2026-09-07T10:25:00.108037
full_historical_baseline,558344,47013C,,4,0.0,,United Kingdom,INVALID_OR_ZERO_UNIT_PRICE,2026-09-07T10:25:00.108037
full_historical_baseline,558345,21784,,6,0.0,,United Kingdom,INVALID_OR_ZERO_UNIT_PRICE,2026-09-07T10:25:00.108037
full_historical_baseline,558346,35965,,3,0.0,,United Kingdom,INVALID_OR_ZERO_UNIT_PRICE,2026-09-07T10:25:00.108037
full_historical_baseline,558369,21082,found,3,0.0,,United Kingdom,INVALID_OR_ZERO_UNIT_PRICE,2026-09-07T10:25:00.108037
full_historical_baseline,558377,37423,,-17,0.0,,United Kingdom,INVALID_OR_ZERO_UNIT_PRICE,2026-09-07T10:25:00.108037
full_historical_baseline,558378,79161A,,-13,0.0,,United Kingdom,INVALID_OR_ZERO_UNIT_PRICE,2026-09-07T10:25:00.108037
full_historical_baseline,558379,22618,"mouldy, unsaleable.",-1681,0.0,,United Kingdom,INVALID_OR_ZERO_UNIT_PRICE,2026-09-07T10:25:00.108037
full_historical_baseline,558445,22034,,-18,0.0,,United Kingdom,INVALID_OR_ZERO_UNIT_PRICE,2026-09-07T10:25:00.108037
full_historical_baseline,558446,22164,,-80,0.0,,United Kingdom,INVALID_OR_ZERO_UNIT_PRICE,2026-09-07T10:25:00.108037
full_historical_baseline,558448,22163,,-90,0.0,,United Kingdom,INVALID_OR_ZERO_UNIT_PRICE,2026-09-07T10:25:00.108037
full_historical_baseline,558449,21807,,-35,0.0,,United Kingdom,INVALID_OR_ZERO_UNIT_PRICE,2026-09-07T10:25:00.108037
full_historical_baseline,558450,21145,,40,0.0,,United Kingdom,INVALID_OR_ZERO_UNIT_PRICE,2026-09-07T10:25:00.108037
full_historical_baseline,558451,21817,,-80,0.0,,United Kingdom,INVALID_OR_ZERO_UNIT_PRICE,2026-09-07T10:25:00.108037
full_historical_baseline,558457,21147,?,-95,0.0,,United Kingdom,INVALID_OR_ZERO_UNIT_PRICE,2026-09-07T10:25:00.108037
full_historical_baseline,558464,35966,,-20,0.0,,United Kingdom,INVALID_OR_ZERO_UNIT_PRICE,2026-09-07T10:25:00.108037
full_historical_baseline,558476,84597B,damages,-6,0.0,,United Kingdom,INVALID_OR_ZERO_UNIT_PRICE,2026-09-07T10:25:00.108037
full_historical_baseline,558477,84597C,,-1,0.0,,United Kingdom,INVALID_OR_ZERO_UNIT_PRICE,2026-09-07T10:25:00.108037
full_historical_baseline,558520,21896,,-38,0.0,,United Kingdom,INVALID_OR_ZERO_UNIT_PRICE,2026-09-07T10:25:00.108037
full_historical_baseline,558663,23574,,100,0.0,,United Kingdom,INVALID_OR_ZERO_UNIT_PRICE,2026-09-07T10:25:00.108037
full_historical_baseline,558723,84865,damaged,-7,0.0,,United Kingdom,INVALID_OR_ZERO_UNIT_PRICE,2026-09-07T10:25:00.108037
full_historical_baseline,558724,35966,,14,0.0,,United Kingdom,INVALID_OR_ZERO_UNIT_PRICE,2026-09-07T10:25:00.108037
full_historical_baseline,558725,84944,found,37,0.0,,United Kingdom,INVALID_OR_ZERO_UNIT_PRICE,2026-09-07T10:25:00.108037
full_historical_baseline,558728,20826,,-1,0.0,,United Kingdom,INVALID_OR_ZERO_UNIT_PRICE,2026-09-07T10:25:00.108037
full_historical_baseline,558730,22060,damaged,-1,0.0,,United Kingdom,INVALID_OR_ZERO_UNIT_PRICE,2026-09-07T10:25:00.108037
full_historical_baseline,558732,47341A,,-1,0.0,,United Kingdom,INVALID_OR_ZERO_UNIT_PRICE,2026-09-07T10:25:00.108037
full_historical_baseline,558741,37444C,,-1,0.0,,United Kingdom,INVALID_OR_ZERO_UNIT_PRICE,2026-09-07T10:25:00.108037
full_historical_baseline,558742,62043B,,-1,0.0,,United Kingdom,INVALID_OR_ZERO_UNIT_PRICE,2026-09-07T10:25:00.108037
full_historical_baseline,558743,35810B,,-4,0.0,,United Kingdom,INVALID_OR_ZERO_UNIT_PRICE,2026-09-07T10:25:00.108037
full_historical_baseline,558889,84857B,,24,0.0,,United Kingdom,INVALID_OR_ZERO_UNIT_PRICE,2026-09-07T10:25:00.108037
full_historical_baseline,558890,84857C,,-24,0.0,,United Kingdom,INVALID_OR_ZERO_UNIT_PRICE,2026-09-07T10:25:00.108037
full_historical_baseline,558913,84548,,11,0.0,,United Kingdom,INVALID_OR_ZERO_UNIT_PRICE,2026-09-07T10:25:00.108037
full_historical_baseline,558914,84686,,11,0.0,,United Kingdom,INVALID_OR_ZERO_UNIT_PRICE,2026-09-07T10:25:00.108037
full_historical_baseline,558915,20716,,4,0.0,,United Kingdom,INVALID_OR_ZERO_UNIT_PRICE,2026-09-07T10:25:00.108037
full_historical_baseline,559037,82583,,10,0.0,,United Kingdom,INVALID_OR_ZERO_UNIT_PRICE,2026-09-07T10:25:00.108037
full_historical_baseline,559147,84944,,147,0.0,,United Kingdom,INVALID_OR_ZERO_UNIT_PRICE,2026-09-07T10:25:00.108037
full_historical_baseline,559296,23001,TRAVEL CARD WALLET DOTCOMGIFTSHOP,200,0.0,,United Kingdom,INVALID_OR_ZERO_UNIT_PRICE,2026-09-07T10:25:00.108037
full_historical_baseline,559296,22616,PACK OF 12 LONDON TISSUES ,204,0.0,,United Kingdom,INVALID_OR_ZERO_UNIT_PRICE,2026-09-07T10:25:00.108037
full_historical_baseline,559296,23298,SPOTTY BUNTING,170,0.0,,United Kingdom,INVALID_OR_ZERO_UNIT_PRICE,2026-09-07T10:25:00.108037
full_historical_baseline,559314,84584,?,-50,0.0,,United Kingdom,INVALID_OR_ZERO_UNIT_PRICE,2026-09-07T10:25:00.108037
full_historical_baseline,559335,21147,found,72,0.0,,United Kingdom,INVALID_OR_ZERO_UNIT_PRICE,2026-09-07T10:25:00.108037
full_historical_baseline,559365,22451,,-3,0.0,,United Kingdom,INVALID_OR_ZERO_UNIT_PRICE,2026-09-07T10:25:00.108037
full_historical_baseline,559373,16156S,,-110,0.0,,United Kingdom,INVALID_OR_ZERO_UNIT_PRICE,2026-09-07T10:25:00.108037
full_historical_baseline,559374,22050,,-100,0.0,,United Kingdom,INVALID_OR_ZERO_UNIT_PRICE,2026-09-07T10:25:00.108037
full_historical_baseline,559375,22051,?,-300,0.0,,United Kingdom,INVALID_OR_ZERO_UNIT_PRICE,2026-09-07T10:25:00.108037
full_historical_baseline,559376,48116,,-35,0.0,,United Kingdom,INVALID_OR_ZERO_UNIT_PRICE,2026-09-07T10:25:00.108037
full_historical_baseline,559377,23283,,17,0.0,,United Kingdom,INVALID_OR_ZERO_UNIT_PRICE,2026-09-07T10:25:00.108037
full_historical_baseline,559378,21781,damages?,-39,0.0,,United Kingdom,INVALID_OR_ZERO_UNIT_PRICE,2026-09-07T10:25:00.108037
full_historical_baseline,559379,79337,,-8,0.0,,United Kingdom,INVALID_OR_ZERO_UNIT_PRICE,2026-09-07T10:25:00.108037
full_historical_baseline,559390,21700,,-110,0.0,,United Kingdom,INVALID_OR_ZERO_UNIT_PRICE,2026-09-07T10:25:00.108037
full_historical_baseline,559398,21169,,-70,0.0,,United Kingdom,INVALID_OR_ZERO_UNIT_PRICE,2026-09-07T10:25:00.108037
full_historical_baseline,559402,21635,,-8,0.0,,United Kingdom,INVALID_OR_ZERO_UNIT_PRICE,2026-09-07T10:25:00.108037
full_historical_baseline,559405,22863,,-7,0.0,,United Kingdom,INVALID_OR_ZERO_UNIT_PRICE,2026-09-07T10:25:00.108037
full_historical_baseline,559410,84341B,,-179,0.0,,United Kingdom,INVALID_OR_ZERO_UNIT_PRICE,2026-09-07T10:25:00.108037
full_historical_baseline,559414,22855,,-4,0.0,,United Kingdom,INVALID_OR_ZERO_UNIT_PRICE,2026-09-07T10:25:00.108037
full_historical_baseline,559423,71143,,-14,0.0,,United Kingdom,INVALID_OR_ZERO_UNIT_PRICE,2026-09-07T10:25:00.108037
full_historical_baseline,559503,21763,,1,0.0,,United Kingdom,INVALID_OR_ZERO_UNIT_PRICE,2026-09-07T10:25:00.108037
full_historical_baseline,559602,84686,,23,0.0,,United Kingdom,INVALID_OR_ZERO_UNIT_PRICE,2026-09-07T10:25:00.108037
full_historical_baseline,559603,79337,,1,0.0,,United Kingdom,INVALID_OR_ZERO_UNIT_PRICE,2026-09-07T10:25:00.108037
full_historical_baseline,559604,22084,,3,0.0,,United Kingdom,INVALID_OR_ZERO_UNIT_PRICE,2026-09-07T10:25:00.108037
full_historical_baseline,559655,21166,?,-124,0.0,,United Kingdom,INVALID_OR_ZERO_UNIT_PRICE,2026-09-07T10:25:00.108037
full_historical_baseline,559792,21067,,-66,0.0,,United Kingdom,INVALID_OR_ZERO_UNIT_PRICE,2026-09-07T10:25:00.108037
full_historical_baseline,559825,21067,,23,0.0,,United Kingdom,INVALID_OR_ZERO_UNIT_PRICE,2026-09-07T10:25:00.108037
full_historical_baseline,559943,21578,?,-251,0.0,,United Kingdom,INVALID_OR_ZERO_UNIT_PRICE,2026-09-07T10:25:00.108037
full_historical_baseline,559946,21578,,200,0.0,,United Kingdom,INVALID_OR_ZERO_UNIT_PRICE,2026-09-07T10:25:00.108037
full_historical_baseline,560037,22242,,-34,0.0,,United Kingdom,INVALID_OR_ZERO_UNIT_PRICE,2026-09-07T10:25:00.108037
full_historical_baseline,560039,20713,wrongly marked. 23343 in box,-3100,0.0,,United Kingdom,INVALID_OR_ZERO_UNIT_PRICE,2026-09-07T10:25:00.108037
full_historical_baseline,560040,23343,came coded as 20713,3100,0.0,,United Kingdom,INVALID_OR_ZERO_UNIT_PRICE,2026-09-07T10:25:00.108037
full_historical_baseline,560091,44236,,-10,0.0,,United Kingdom,INVALID_OR_ZERO_UNIT_PRICE,2026-09-07T10:25:00.108037
full_historical_baseline,560110,21673,,-40,0.0,,United Kingdom,INVALID_OR_ZERO_UNIT_PRICE,2026-09-07T10:25:00.108037
full_historical_baseline,560111,84874B,,-3,0.0,,United Kingdom,INVALID_OR_ZERO_UNIT_PRICE,2026-09-07T10:25:00.108037
full_historical_baseline,560112,21683,,-38,0.0,,United Kingdom,INVALID_OR_ZERO_UNIT_PRICE,2026-09-07T10:25:00.108037
full_historical_baseline,560113,21865,,-40,0.0,,United Kingdom,INVALID_OR_ZERO_UNIT_PRICE,2026-09-07T10:25:00.108037
full_historical_baseline,560114,75172,,-35,0.0,,United Kingdom,INVALID_OR_ZERO_UNIT_PRICE,2026-09-07T10:25:00.108037
full_historical_baseline,560116,22084,,15,0.0,,United Kingdom,INVALID_OR_ZERO_UNIT_PRICE,2026-09-07T10:25:00.108037
full_historical_baseline,560213,10123C,,-18,0.0,,United Kingdom,INVALID_OR_ZERO_UNIT_PRICE,2026-09-07T10:25:00.108037
full_historical_baseline,560214,16162L,,-54,0.0,,United Kingdom,INVALID_OR_ZERO_UNIT_PRICE,2026-09-07T10:25:00.108037
full_historical_baseline,560215,16162M,,-84,0.0,,United Kingdom,INVALID_OR_ZERO_UNIT_PRICE,2026-09-07T10:25:00.108037
full_historical_baseline,560216,16162L,,30,0.0,,United Kingdom,INVALID_OR_ZERO_UNIT_PRICE,2026-09-07T10:25:00.108037
full_historical_baseline,560218,16162M,alan hodge cant mamage this section,30,0.0,,United Kingdom,INVALID_OR_ZERO_UNIT_PRICE,2026-09-07T10:25:00.108037
full_historical_baseline,560283,22624,IVORY KITCHEN SCALES,12,0.0,,EIRE,INVALID_OR_ZERO_UNIT_PRICE,2026-09-07T10:25:00.108037
full_historical_baseline,560283,23196,VINTAGE LEAF MAGNETIC NOTEPAD,12,0.0,,EIRE,INVALID_OR_ZERO_UNIT_PRICE,2026-09-07T10:25:00.108037
full_historical_baseline,560328,35968,Found,63,0.0,,United Kingdom,INVALID_OR_ZERO_UNIT_PRICE,2026-09-07T10:25:00.108037
full_historical_baseline,560329,35965,found,6,0.0,,United Kingdom,INVALID_OR_ZERO_UNIT_PRICE,2026-09-07T10:25:00.108037
full_historical_baseline,560358,35965,dotcom,26,0.0,,United Kingdom,INVALID_OR_ZERO_UNIT_PRICE,2026-09-07T10:25:00.108037
full_historical_baseline,560388,21635,,1,0.0,,United Kingdom,INVALID_OR_ZERO_UNIT_PRICE,2026-09-07T10:25:00.108037
full_historical_baseline,560389,37444A,,1,0.0,,United Kingdom,INVALID_OR_ZERO_UNIT_PRICE,2026-09-07T10:25:00.108037
full_historical_baseline,560399,82583,,17,0.0,,United Kingdom,INVALID_OR_ZERO_UNIT_PRICE,2026-09-07T10:25:00.108037
full_historical_baseline,560400,21069,,6,0.0,,United Kingdom,INVALID_OR_ZERO_UNIT_PRICE,2026-09-07T10:25:00.108037
full_historical_baseline,560401,84925F,,15,0.0,,United Kingdom,INVALID_OR_ZERO_UNIT_PRICE,2026-09-07T10:25:00.108037
full_historical_baseline,560402,21067,,2,0.0,,United Kingdom,INVALID_OR_ZERO_UNIT_PRICE,2026-09-07T10:25:00.108037
full_historical_baseline,560403,21272,,17,0.0,,United Kingdom,INVALID_OR_ZERO_UNIT_PRICE,2026-09-07T10:25:00.108037
full_historical_baseline,560404,21472,,1,0.0,,United Kingdom,INVALID_OR_ZERO_UNIT_PRICE,2026-09-07T10:25:00.108037
full_historical_baseline,560405,22080,,1,0.0,,United Kingdom,INVALID_OR_ZERO_UNIT_PRICE,2026-09-07T10:25:00.108037
full_historical_baseline,560406,22088,,1,0.0,,United Kingdom,INVALID_OR_ZERO_UNIT_PRICE,2026-09-07T10:25:00.108037
full_historical_baseline,560407,35653,,9,0.0,,United Kingdom,INVALID_OR_ZERO_UNIT_PRICE,2026-09-07T10:25:00.108037
full_historical_baseline,560423,16169K,,-25,0.0,,United Kingdom,INVALID_OR_ZERO_UNIT_PRICE,2026-09-07T10:25:00.108037
full_historical_baseline,560424,21503,,-84,0.0,,United Kingdom,INVALID_OR_ZERO_UNIT_PRICE,2026-09-07T10:25:00.108037
full_historical_baseline,560425,81950B,,-23,0.0,,United Kingdom,INVALID_OR_ZERO_UNIT_PRICE,2026-09-07T10:25:00.108037
full_historical_baseline,560427,84629,,-2,0.0,,United Kingdom,INVALID_OR_ZERO_UNIT_PRICE,2026-09-07T10:25:00.108037
full_historical_baseline,560428,21634,,-169,0.0,,United Kingdom,INVALID_OR_ZERO_UNIT_PRICE,2026-09-07T10:25:00.108037
full_historical_baseline,560429,85086A,,6,0.0,,United Kingdom,INVALID_OR_ZERO_UNIT_PRICE,2026-09-07T10:25:00.108037
full_historical_baseline,560440,84029E,,-1,0.0,,United Kingdom,INVALID_OR_ZERO_UNIT_PRICE,2026-09-07T10:25:00.108037
full_historical_baseline,560565,82583,FBA,160,0.0,,United Kingdom,INVALID_OR_ZERO_UNIT_PRICE,2026-09-07T10:25:00.108037
full_historical_baseline,560578,22034,,12,0.0,,United Kingdom,INVALID_OR_ZERO_UNIT_PRICE,2026-09-07T10:25:00.108037
full_historical_baseline,560583,17096,,-7,0.0,,United Kingdom,INVALID_OR_ZERO_UNIT_PRICE,2026-09-07T10:25:00.108037
full_historical_baseline,560600,18007,,-2834,0.0,,United Kingdom,INVALID_OR_ZERO_UNIT_PRICE,2026-09-07T10:25:00.108037
full_historical_baseline,560717,84576,damaged,-3,0.0,,United Kingdom,INVALID_OR_ZERO_UNIT_PRICE,2026-09-07T10:25:00.108037
full_historical_baseline,560719,84877A,,-21,0.0,,United Kingdom,INVALID_OR_ZERO_UNIT_PRICE,2026-09-07T10:25:00.108037
full_historical_baseline,560722,16049,,-31,0.0,,United Kingdom,INVALID_OR_ZERO_UNIT_PRICE,2026-09-07T10:25:00.108037
full_historical_baseline,560730,84797B,,-2,0.0,,United Kingdom,INVALID_OR_ZERO_UNIT_PRICE,2026-09-07T10:25:00.108037
full_historical_baseline,560737,84798B,,-109,0.0,,United Kingdom,INVALID_OR_ZERO_UNIT_PRICE,2026-09-07T10:25:00.108037
full_historical_baseline,560819,21686,,2,0.0,,United Kingdom,INVALID_OR_ZERO_UNIT_PRICE,2026-09-07T10:25:00.108037
full_historical_baseline,560830,81953B,,-6,0.0,,United Kingdom,INVALID_OR_ZERO_UNIT_PRICE,2026-09-07T10:25:00.108037
full_historical_baseline,560831,81950V,,-1,0.0,,United Kingdom,INVALID_OR_ZERO_UNIT_PRICE,2026-09-07T10:25:00.108037
full_historical_baseline,560857,35819P,,108,0.0,,United Kingdom,INVALID_OR_ZERO_UNIT_PRICE,2026-09-07T10:25:00.108037
full_historical_baseline,560867,21891,,-21,0.0,,United Kingdom,INVALID_OR_ZERO_UNIT_PRICE,2026-09-07T10:25:00.108037
full_historical_baseline,560889,84789,,1,0.0,,United Kingdom,INVALID_OR_ZERO_UNIT_PRICE,2026-09-07T10:25:00.108037
full_historical_baseline,560890,84402B,,1,0.0,,United Kingdom,INVALID_OR_ZERO_UNIT_PRICE,2026-09-07T10:25:00.108037
full_historical_baseline,560923,22777,,-14,0.0,,United Kingdom,INVALID_OR_ZERO_UNIT_PRICE,2026-09-07T10:25:00.108037
full_historical_baseline,560939,84907,,-3,0.0,,United Kingdom,INVALID_OR_ZERO_UNIT_PRICE,2026-09-07T10:25:00.108037
full_historical_baseline,560940,72127,,-53,0.0,,United Kingdom,INVALID_OR_ZERO_UNIT_PRICE,2026-09-07T10:25:00.108037
full_historical_baseline,560941,85230E,,-178,0.0,,United Kingdom,INVALID_OR_ZERO_UNIT_PRICE,2026-09-07T10:25:00.108037
full_historical_baseline,560986,23084,,24,0.0,,United Kingdom,INVALID_OR_ZERO_UNIT_PRICE,2026-09-07T10:25:00.108037
full_historical_baseline,561086,15036,,-530,0.0,,United Kingdom,INVALID_OR_ZERO_UNIT_PRICE,2026-09-07T10:25:00.108037
full_historical_baseline,561103,85103,stock creditted wrongly,-32,0.0,,United Kingdom,INVALID_OR_ZERO_UNIT_PRICE,2026-09-07T10:25:00.108037
full_historical_baseline,561107,84763,,-5,0.0,,United Kingdom,INVALID_OR_ZERO_UNIT_PRICE,2026-09-07T10:25:00.108037
full_historical_baseline,561108,46775D,,-7,0.0,,United Kingdom,INVALID_OR_ZERO_UNIT_PRICE,2026-09-07T10:25:00.108037
full_historical_baseline,561110,85087,,-16,0.0,,United Kingdom,INVALID_OR_ZERO_UNIT_PRICE,2026-09-07T10:25:00.108037
full_historical_baseline,561249,DCGS0073,ebay,-4,0.0,,United Kingdom,INVALID_OR_ZERO_UNIT_PRICE,2026-09-07T10:25:00.108037
full_historical_baseline,561250,DCGS0071,,-2,0.0,,United Kingdom,INVALID_OR_ZERO_UNIT_PRICE,2026-09-07T10:25:00.108037
full_historical_baseline,561251,DCGS0070,,-8,0.0,,United Kingdom,INVALID_OR_ZERO_UNIT_PRICE,2026-09-07T10:25:00.108037
full_historical_baseline,561252,DCGS0069,ebay,-5,0.0,,United Kingdom,INVALID_OR_ZERO_UNIT_PRICE,2026-09-07T10:25:00.108037
full_historical_baseline,561253,DCGS0068,ebay,-10,0.0,,United Kingdom,INVALID_OR_ZERO_UNIT_PRICE,2026-09-07T10:25:00.108037
full_historical_baseline,561254,DCGS0067,ebay,-11,0.0,,United Kingdom,INVALID_OR_ZERO_UNIT_PRICE,2026-09-07T10:25:00.108037
full_historical_baseline,561255,DCGS0066P,,-3,0.0,,United Kingdom,INVALID_OR_ZERO_UNIT_PRICE,2026-09-07T10:25:00.108037
full_historical_baseline,561256,DCGS0003,ebay,-7,0.0,,United Kingdom,INVALID_OR_ZERO_UNIT_PRICE,2026-09-07T10:25:00.108037
full_historical_baseline,561271,10080,,170,0.0,,United Kingdom,INVALID_OR_ZERO_UNIT_PRICE,2026-09-07T10:25:00.108037
full_historical_baseline,561282,21868,,13,0.0,,United Kingdom,INVALID_OR_ZERO_UNIT_PRICE,2026-09-07T10:25:00.108037
full_historical_baseline,561284,22167, OVAL WALL MIRROR DIAMANTE ,1,0.0,16818.0,United Kingdom,INVALID_OR_ZERO_UNIT_PRICE,2026-09-07T10:25:00.108037
full_historical_baseline,561323,81952B,,11,0.0,,United Kingdom,INVALID_OR_ZERO_UNIT_PRICE,2026-09-07T10:25:00.108037
full_historical_baseline,561326,21294,damaged,-227,0.0,,United Kingdom,INVALID_OR_ZERO_UNIT_PRICE,2026-09-07T10:25:00.108037
full_historical_baseline,561327,85213,,36,0.0,,United Kingdom,INVALID_OR_ZERO_UNIT_PRICE,2026-09-07T10:25:00.108037
full_historical_baseline,561354,21792,,-8,0.0,,United Kingdom,INVALID_OR_ZERO_UNIT_PRICE,2026-09-07T10:25:00.108037
full_historical_baseline,561361,21294,,100,0.0,,United Kingdom,INVALID_OR_ZERO_UNIT_PRICE,2026-09-07T10:25:00.108037
full_historical_baseline,561362,84415A,,-11,0.0,,United Kingdom,INVALID_OR_ZERO_UNIT_PRICE,2026-09-07T10:25:00.108037
full_historical_baseline,561364,84415B,,-4,0.0,,United Kingdom,INVALID_OR_ZERO_UNIT_PRICE,2026-09-07T10:25:00.108037
full_historical_baseline,561365,84595E,,10,0.0,,United Kingdom,INVALID_OR_ZERO_UNIT_PRICE,2026-09-07T10:25:00.108037
full_historical_baseline,561392,79161A,,15,0.0,,United Kingdom,INVALID_OR_ZERO_UNIT_PRICE,2026-09-07T10:25:00.108037
full_historical_baseline,561475,84584,,-3,0.0,,United Kingdom,INVALID_OR_ZERO_UNIT_PRICE,2026-09-07T10:25:00.108037
full_historical_baseline,561476,21839,,-36,0.0,,United Kingdom,INVALID_OR_ZERO_UNIT_PRICE,2026-09-07T10:25:00.108037
full_historical_baseline,561477,40046A,,20,0.0,,United Kingdom,INVALID_OR_ZERO_UNIT_PRICE,2026-09-07T10:25:00.108037
full_historical_baseline,561478,20954,,-2,0.0,,United Kingdom,INVALID_OR_ZERO_UNIT_PRICE,2026-09-07T10:25:00.108037
full_historical_baseline,561479,21594,,-1,0.0,,United Kingdom,INVALID_OR_ZERO_UNIT_PRICE,2026-09-07T10:25:00.108037
full_historical_baseline,561480,21858,,-12,0.0,,United Kingdom,INVALID_OR_ZERO_UNIT_PRICE,2026-09-07T10:25:00.108037
full_historical_baseline,561481,20684,,-27,0.0,,United Kingdom,INVALID_OR_ZERO_UNIT_PRICE,2026-09-07T10:25:00.108037
full_historical_baseline,561482,21432,,-2,0.0,,United Kingdom,INVALID_OR_ZERO_UNIT_PRICE,2026-09-07T10:25:00.108037
full_historical_baseline,561483,77079,,4,0.0,,United Kingdom,INVALID_OR_ZERO_UNIT_PRICE,2026-09-07T10:25:00.108037
full_historical_baseline,561484,77081,,-39,0.0,,United Kingdom,INVALID_OR_ZERO_UNIT_PRICE,2026-09-07T10:25:00.108037
full_historical_baseline,561486,21765,,-2,0.0,,United Kingdom,INVALID_OR_ZERO_UNIT_PRICE,2026-09-07T10:25:00.108037
full_historical_baseline,561487,22168,,-1,0.0,,United Kingdom,INVALID_OR_ZERO_UNIT_PRICE,2026-09-07T10:25:00.108037
full_historical_baseline,561489,84905,,-2,0.0,,United Kingdom,INVALID_OR_ZERO_UNIT_PRICE,2026-09-07T10:25:00.108037
full_historical_baseline,561490,21275,,3,0.0,,United Kingdom,INVALID_OR_ZERO_UNIT_PRICE,2026-09-07T10:25:00.108037
full_historical_baseline,561491,21781,,-2,0.0,,United Kingdom,INVALID_OR_ZERO_UNIT_PRICE,2026-09-07T10:25:00.108037
full_historical_baseline,561492,22528,,-1,0.0,,United Kingdom,INVALID_OR_ZERO_UNIT_PRICE,2026-09-07T10:25:00.108037
full_historical_baseline,561493,84761,,-11,0.0,,United Kingdom,INVALID_OR_ZERO_UNIT_PRICE,2026-09-07T10:25:00.108037
full_historical_baseline,561494,18097A,,-23,0.0,,United Kingdom,INVALID_OR_ZERO_UNIT_PRICE,2026-09-07T10:25:00.108037
full_historical_baseline,561495,79336,,36,0.0,,United Kingdom,INVALID_OR_ZERO_UNIT_PRICE,2026-09-07T10:25:00.108037
full_historical_baseline,561496,17090D,,-10,0.0,,United Kingdom,INVALID_OR_ZERO_UNIT_PRICE,2026-09-07T10:25:00.108037
full_historical_baseline,561497,21609,,38,0.0,,United Kingdom,INVALID_OR_ZERO_UNIT_PRICE,2026-09-07T10:25:00.108037
full_historical_baseline,561498,21610,,-14,0.0,,United Kingdom,INVALID_OR_ZERO_UNIT_PRICE,2026-09-07T10:25:00.108037
full_historical_baseline,561499,72709,,52,0.0,,United Kingdom,INVALID_OR_ZERO_UNIT_PRICE,2026-09-07T10:25:00.108037
full_historical_baseline,561500,85040B,,-1,0.0,,United Kingdom,INVALID_OR_ZERO_UNIT_PRICE,2026-09-07T10:25:00.108037
full_historical_baseline,561501,21278,,-1,0.0,,United Kingdom,INVALID_OR_ZERO_UNIT_PRICE,2026-09-07T10:25:00.108037
full_historical_baseline,561503,22194,,-4,0.0,,United Kingdom,INVALID_OR_ZERO_UNIT_PRICE,2026-09-07T10:25:00.108037
full_historical_baseline,561504,21361,,-7,0.0,,United Kingdom,INVALID_OR_ZERO_UNIT_PRICE,2026-09-07T10:25:00.108037
full_historical_baseline,561505,84925D,,-12,0.0,,United Kingdom,INVALID_OR_ZERO_UNIT_PRICE,2026-09-07T10:25:00.108037
full_historical_baseline,561506,72051S,,-1,0.0,,United Kingdom,INVALID_OR_ZERO_UNIT_PRICE,2026-09-07T10:25:00.108037
full_historical_baseline,561523,20973,,-45,0.0,,United Kingdom,INVALID_OR_ZERO_UNIT_PRICE,2026-09-07T10:25:00.108037
full_historical_baseline,561524,16020C,,-2,0.0,,United Kingdom,INVALID_OR_ZERO_UNIT_PRICE,2026-09-07T10:25:00.108037
full_historical_baseline,561525,84466,,-1,0.0,,United Kingdom,INVALID_OR_ZERO_UNIT_PRICE,2026-09-07T10:25:00.108037
full_historical_baseline,561526,21051,,-2,0.0,,United Kingdom,INVALID_OR_ZERO_UNIT_PRICE,2026-09-07T10:25:00.108037
full_historical_baseline,561527,20666,,-5,0.0,,United Kingdom,INVALID_OR_ZERO_UNIT_PRICE,2026-09-07T10:25:00.108037
full_historical_baseline,561536,84927E,,-2,0.0,,United Kingdom,INVALID_OR_ZERO_UNIT_PRICE,2026-09-07T10:25:00.108037
full_historical_baseline,561538,84927D,,-1,0.0,,United Kingdom,INVALID_OR_ZERO_UNIT_PRICE,2026-09-07T10:25:00.108037
full_historical_baseline,561539,79026B,,-1,0.0,,United Kingdom,INVALID_OR_ZERO_UNIT_PRICE,2026-09-07T10:25:00.108037
full_historical_baseline,561540,84279B,,-1,0.0,,United Kingdom,INVALID_OR_ZERO_UNIT_PRICE,2026-09-07T10:25:00.108037
full_historical_baseline,561541,21658,,-1,0.0,,United Kingdom,INVALID_OR_ZERO_UNIT_PRICE,2026-09-07T10:25:00.108037
full_historical_baseline,561543,22202,,-1,0.0,,United Kingdom,INVALID_OR_ZERO_UNIT_PRICE,2026-09-07T10:25:00.108037
full_historical_baseline,561553,21392,,-29,0.0,,United Kingdom,INVALID_OR_ZERO_UNIT_PRICE,2026-09-07T10:25:00.108037
full_historical_baseline,561555,37477B,,-11,0.0,,United Kingdom,INVALID_OR_ZERO_UNIT_PRICE,2026-09-07T10:25:00.108037
full_historical_baseline,561557,37477C,,-31,0.0,,United Kingdom,INVALID_OR_ZERO_UNIT_PRICE,2026-09-07T10:25:00.108037
full_historical_baseline,561565,35965,,18,0.0,,United Kingdom,INVALID_OR_ZERO_UNIT_PRICE,2026-09-07T10:25:00.108037
full_historical_baseline,561609,47589,,-1,0.0,,United Kingdom,INVALID_OR_ZERO_UNIT_PRICE,2026-09-07T10:25:00.108037
full_historical_baseline,561639,84799,,-346,0.0,,United Kingdom,INVALID_OR_ZERO_UNIT_PRICE,2026-09-07T10:25:00.108037
full_historical_baseline,561640,84802B,,-125,0.0,,United Kingdom,INVALID_OR_ZERO_UNIT_PRICE,2026-09-07T10:25:00.108037
full_historical_baseline,561652,84847,,2,0.0,,United Kingdom,INVALID_OR_ZERO_UNIT_PRICE,2026-09-07T10:25:00.108037
full_historical_baseline,561660,22502,,1,0.0,,United Kingdom,INVALID_OR_ZERO_UNIT_PRICE,2026-09-07T10:25:00.108037
full_historical_baseline,561663,22501,incorrectly put back into stock,-108,0.0,,United Kingdom,INVALID_OR_ZERO_UNIT_PRICE,2026-09-07T10:25:00.108037
full_historical_baseline,561665,22171,?,142,0.0,,United Kingdom,INVALID_OR_ZERO_UNIT_PRICE,2026-09-07T10:25:00.108037
full_historical_baseline,561666,22502,,30,0.0,,United Kingdom,INVALID_OR_ZERO_UNIT_PRICE,2026-09-07T10:25:00.108037
full_historical_baseline,561668,44091A,,-2,0.0,,United Kingdom,INVALID_OR_ZERO_UNIT_PRICE,2026-09-07T10:25:00.108037
full_historical_baseline,561669,22960,JAM MAKING SET WITH JARS,11,0.0,12507.0,Spain,INVALID_OR_ZERO_UNIT_PRICE,2026-09-07T10:25:00.108037
full_historical_baseline,561673,23134,,107,0.0,,United Kingdom,INVALID_OR_ZERO_UNIT_PRICE,2026-09-07T10:25:00.108037
full_historical_baseline,561674,21445,,1,0.0,,United Kingdom,INVALID_OR_ZERO_UNIT_PRICE,2026-09-07T10:25:00.108037
full_historical_baseline,561805,23284,,-15,0.0,,United Kingdom,INVALID_OR_ZERO_UNIT_PRICE,2026-09-07T10:25:00.108037
full_historical_baseline,561812,84944,,8,0.0,,United Kingdom,INVALID_OR_ZERO_UNIT_PRICE,2026-09-07T10:25:00.108037
full_historical_baseline,561916,M,Manual,1,0.0,15581.0,United Kingdom,INVALID_OR_ZERO_UNIT_PRICE,2026-09-07T10:25:00.108037
full_historical_baseline,561918,85127,,-6,0.0,,United Kingdom,INVALID_OR_ZERO_UNIT_PRICE,2026-09-07T10:25:00.108037
full_historical_baseline,561919,85017B,,-188,0.0,,United Kingdom,INVALID_OR_ZERO_UNIT_PRICE,2026-09-07T10:25:00.108037
full_historical_baseline,561920,84352,Damages/samples,-52,0.0,,United Kingdom,INVALID_OR_ZERO_UNIT_PRICE,2026-09-07T10:25:00.108037
full_historical_baseline,561921,22044,,-240,0.0,,United Kingdom,INVALID_OR_ZERO_UNIT_PRICE,2026-09-07T10:25:00.108037
full_historical_baseline,561924,22042,,-197,0.0,,United Kingdom,INVALID_OR_ZERO_UNIT_PRICE,2026-09-07T10:25:00.108037
full_historical_baseline,561927,22740,?,-1060,0.0,,United Kingdom,INVALID_OR_ZERO_UNIT_PRICE,2026-09-07T10:25:00.108037
full_historical_baseline,562134,22722,,1,0.0,,United Kingdom,INVALID_OR_ZERO_UNIT_PRICE,2026-09-07T10:25:00.108037
full_historical_baseline,562135,84847,,1,0.0,,United Kingdom,INVALID_OR_ZERO_UNIT_PRICE,2026-09-07T10:25:00.108037
full_historical_baseline,562164,21257,?,-94,0.0,,United Kingdom,INVALID_OR_ZERO_UNIT_PRICE,2026-09-07T10:25:00.108037
full_historical_baseline,562212,21187,,-97,0.0,,United Kingdom,INVALID_OR_ZERO_UNIT_PRICE,2026-09-07T10:25:00.108037
full_historical_baseline,562215,21147,,100,0.0,,United Kingdom,INVALID_OR_ZERO_UNIT_PRICE,2026-09-07T10:25:00.108037
full_historical_baseline,562278,21391,Sold as 1 on dotcom,-342,0.0,,United Kingdom,INVALID_OR_ZERO_UNIT_PRICE,2026-09-07T10:25:00.108037
full_historical_baseline,562279,21391,,-26,0.0,,United Kingdom,INVALID_OR_ZERO_UNIT_PRICE,2026-09-07T10:25:00.108037
full_historical_baseline,562352,21735,damages,-59,0.0,,United Kingdom,INVALID_OR_ZERO_UNIT_PRICE,2026-09-07T10:25:00.108037
full_historical_baseline,562382,22927,?,-40,0.0,,United Kingdom,INVALID_OR_ZERO_UNIT_PRICE,2026-09-07T10:25:00.108037
full_historical_baseline,562383,22523,?,-90,0.0,,United Kingdom,INVALID_OR_ZERO_UNIT_PRICE,2026-09-07T10:25:00.108037
full_historical_baseline,562384,23175,,-44,0.0,,United Kingdom,INVALID_OR_ZERO_UNIT_PRICE,2026-09-07T10:25:00.108037
full_historical_baseline,562385,47559B,,-84,0.0,,United Kingdom,INVALID_OR_ZERO_UNIT_PRICE,2026-09-07T10:25:00.108037
full_historical_baseline,562386,84596L,,-21,0.0,,United Kingdom,INVALID_OR_ZERO_UNIT_PRICE,2026-09-07T10:25:00.108037
full_historical_baseline,562390,21246,,-92,0.0,,United Kingdom,INVALID_OR_ZERO_UNIT_PRICE,2026-09-07T10:25:00.108037
full_historical_baseline,562391,22854,,-40,0.0,,United Kingdom,INVALID_OR_ZERO_UNIT_PRICE,2026-09-07T10:25:00.108037
full_historical_baseline,562463,85152,,-6,0.0,,United Kingdom,INVALID_OR_ZERO_UNIT_PRICE,2026-09-07T10:25:00.108037
full_historical_baseline,562464,20701,,-24,0.0,,United Kingdom,INVALID_OR_ZERO_UNIT_PRICE,2026-09-07T10:25:00.108037
full_historical_baseline,562544,84920,,-9,0.0,,United Kingdom,INVALID_OR_ZERO_UNIT_PRICE,2026-09-07T10:25:00.108037
full_historical_baseline,562546,20694,?,-110,0.0,,United Kingdom,INVALID_OR_ZERO_UNIT_PRICE,2026-09-07T10:25:00.108037
full_historical_baseline,562547,21918,,-343,0.0,,United Kingdom,INVALID_OR_ZERO_UNIT_PRICE,2026-09-07T10:25:00.108037
full_historical_baseline,562548,23084,,-84,0.0,,United Kingdom,INVALID_OR_ZERO_UNIT_PRICE,2026-09-07T10:25:00.108037
full_historical_baseline,562653,21359,,-30,0.0,,United Kingdom,INVALID_OR_ZERO_UNIT_PRICE,2026-09-07T10:25:00.108037
full_historical_baseline,562714,22501,,64,0.0,,United Kingdom,INVALID_OR_ZERO_UNIT_PRICE,2026-09-07T10:25:00.108037
full_historical_baseline,562785,21033,,-455,0.0,,United Kingdom,INVALID_OR_ZERO_UNIT_PRICE,2026-09-07T10:25:00.108037
full_historical_baseline,562855,84800M,,-124,0.0,,United Kingdom,INVALID_OR_ZERO_UNIT_PRICE,2026-09-07T10:25:00.108037
full_historical_baseline,562945,79000,,425,0.0,,United Kingdom,INVALID_OR_ZERO_UNIT_PRICE,2026-09-07T10:25:00.108037
full_historical_baseline,562973,23157,SET OF 6 NATIVITY MAGNETS ,240,0.0,14911.0,EIRE,INVALID_OR_ZERO_UNIT_PRICE,2026-09-07T10:25:00.108037
full_historical_baseline,563015,46000M,POLYESTER FILLER PAD 45x45cm,160,0.0,,United Kingdom,INVALID_OR_ZERO_UNIT_PRICE,2026-09-07T10:25:00.108037
full_historical_baseline,563015,46000S,POLYESTER FILLER PAD 40x40cm,220,0.0,,United Kingdom,INVALID_OR_ZERO_UNIT_PRICE,2026-09-07T10:25:00.108037
full_historical_baseline,563101,22084,,1,0.0,,United Kingdom,INVALID_OR_ZERO_UNIT_PRICE,2026-09-07T10:25:00.108037
full_historical_baseline,563102,21359,,1,0.0,,United Kingdom,INVALID_OR_ZERO_UNIT_PRICE,2026-09-07T10:25:00.108037
full_historical_baseline,563105,22194,,2,0.0,,United Kingdom,INVALID_OR_ZERO_UNIT_PRICE,2026-09-07T10:25:00.108037
full_historical_baseline,563106,21658,,3,0.0,,United Kingdom,INVALID_OR_ZERO_UNIT_PRICE,2026-09-07T10:25:00.108037
full_historical_baseline,563108,21033,,37,0.0,,United Kingdom,INVALID_OR_ZERO_UNIT_PRICE,2026-09-07T10:25:00.108037
full_historical_baseline,563148,21033,,-37,0.0,,United Kingdom,INVALID_OR_ZERO_UNIT_PRICE,2026-09-07T10:25:00.108037
full_historical_baseline,A563186,B,Adjust bad debt,1,-11062.06,,United Kingdom,INVALID_OR_ZERO_UNIT_PRICE,2026-09-07T10:25:00.108037
full_historical_baseline,A563187,B,Adjust bad debt,1,-11062.06,,United Kingdom,INVALID_OR_ZERO_UNIT_PRICE,2026-09-07T10:25:00.108037
full_historical_baseline,563244,22740,,-36,0.0,,United Kingdom,INVALID_OR_ZERO_UNIT_PRICE,2026-09-07T10:25:00.108037
full_historical_baseline,563359,23084,,20,0.0,,United Kingdom,INVALID_OR_ZERO_UNIT_PRICE,2026-09-07T10:25:00.108037
full_historical_baseline,563445,85049D,,1,0.0,,United Kingdom,INVALID_OR_ZERO_UNIT_PRICE,2026-09-07T10:25:00.108037
full_historical_baseline,563447,21033,,50,0.0,,United Kingdom,INVALID_OR_ZERO_UNIT_PRICE,2026-09-07T10:25:00.108037
full_historical_baseline,563449,85152,,2,0.0,,United Kingdom,INVALID_OR_ZERO_UNIT_PRICE,2026-09-07T10:25:00.108037
full_historical_baseline,563452,21033,,12,0.0,,United Kingdom,INVALID_OR_ZERO_UNIT_PRICE,2026-09-07T10:25:00.108037
full_historical_baseline,563453,21033,taig adjust no stock,-24,0.0,,United Kingdom,INVALID_OR_ZERO_UNIT_PRICE,2026-09-07T10:25:00.108037
full_historical_baseline,563568,20774,,12,0.0,,United Kingdom,INVALID_OR_ZERO_UNIT_PRICE,2026-09-07T10:25:00.108037
full_historical_baseline,563650,79163,,-156,0.0,,United Kingdom,INVALID_OR_ZERO_UNIT_PRICE,2026-09-07T10:25:00.108037
full_historical_baseline,563652,22461,,-36,0.0,,United Kingdom,INVALID_OR_ZERO_UNIT_PRICE,2026-09-07T10:25:00.108037
full_historical_baseline,563700,85106,,-553,0.0,,United Kingdom,INVALID_OR_ZERO_UNIT_PRICE,2026-09-07T10:25:00.108037
full_historical_baseline,563701,85106,,20,0.0,,United Kingdom,INVALID_OR_ZERO_UNIT_PRICE,2026-09-07T10:25:00.108037
full_historical_baseline,563702,85107,,65,0.0,,United Kingdom,INVALID_OR_ZERO_UNIT_PRICE,2026-09-07T10:25:00.108037
full_historical_baseline,563704,37342,,-66,0.0,,United Kingdom,INVALID_OR_ZERO_UNIT_PRICE,2026-09-07T10:25:00.108037
full_historical_baseline,563715,90120D,,-18,0.0,,United Kingdom,INVALID_OR_ZERO_UNIT_PRICE,2026-09-07T10:25:00.108037
full_historical_baseline,564220,20684,,1,0.0,,United Kingdom,INVALID_OR_ZERO_UNIT_PRICE,2026-09-07T10:25:00.108037
full_historical_baseline,564229,82583,amazon,20,0.0,,United Kingdom,INVALID_OR_ZERO_UNIT_PRICE,2026-09-07T10:25:00.108037
full_historical_baseline,564530,22683,FRENCH BLUE METAL DOOR SIGN 8,3,0.0,,United Kingdom,INVALID_OR_ZERO_UNIT_PRICE,2026-09-07T10:25:00.108037
full_historical_baseline,564530,22682,FRENCH BLUE METAL DOOR SIGN 7,1,0.0,,United Kingdom,INVALID_OR_ZERO_UNIT_PRICE,2026-09-07T10:25:00.108037
full_historical_baseline,564530,22681,FRENCH BLUE METAL DOOR SIGN 6,3,0.0,,United Kingdom,INVALID_OR_ZERO_UNIT_PRICE,2026-09-07T10:25:00.108037
full_historical_baseline,564530,22680,FRENCH BLUE METAL DOOR SIGN 5,1,0.0,,United Kingdom,INVALID_OR_ZERO_UNIT_PRICE,2026-09-07T10:25:00.108037
full_historical_baseline,564530,22679,FRENCH BLUE METAL DOOR SIGN 4,3,0.0,,United Kingdom,INVALID_OR_ZERO_UNIT_PRICE,2026-09-07T10:25:00.108037
full_historical_baseline,564530,22678,FRENCH BLUE METAL DOOR SIGN 3,3,0.0,,United Kingdom,INVALID_OR_ZERO_UNIT_PRICE,2026-09-07T10:25:00.108037
full_historical_baseline,564530,22677,FRENCH BLUE METAL DOOR SIGN 2,4,0.0,,United Kingdom,INVALID_OR_ZERO_UNIT_PRICE,2026-09-07T10:25:00.108037
full_historical_baseline,564530,21172,PARTY METAL SIGN ,1,0.0,,United Kingdom,INVALID_OR_ZERO_UNIT_PRICE,2026-09-07T10:25:00.108037
full_historical_baseline,564530,21116,OWL DOORSTOP,1,0.0,,United Kingdom,INVALID_OR_ZERO_UNIT_PRICE,2026-09-07T10:25:00.108037
full_historical_baseline,564530,20682,RED RETROSPOT CHILDRENS UMBRELLA,1,0.0,,United Kingdom,INVALID_OR_ZERO_UNIT_PRICE,2026-09-07T10:25:00.108037
full_historical_baseline,564530,85123A,WHITE HANGING HEART T-LIGHT HOLDER,1,0.0,,United Kingdom,INVALID_OR_ZERO_UNIT_PRICE,2026-09-07T10:25:00.108037
full_historical_baseline,564530,22692,DOORMAT WELCOME TO OUR HOME,1,0.0,,United Kingdom,INVALID_OR_ZERO_UNIT_PRICE,2026-09-07T10:25:00.108037
full_historical_baseline,564530,22686,FRENCH BLUE METAL DOOR SIGN No,2,0.0,,United Kingdom,INVALID_OR_ZERO_UNIT_PRICE,2026-09-07T10:25:00.108037
full_historical_baseline,564530,22627,MINT KITCHEN SCALES,3,0.0,,United Kingdom,INVALID_OR_ZERO_UNIT_PRICE,2026-09-07T10:25:00.108037
full_historical_baseline,564530,22427,ENAMEL FLOWER JUG CREAM,1,0.0,,United Kingdom,INVALID_OR_ZERO_UNIT_PRICE,2026-09-07T10:25:00.108037
full_historical_baseline,564530,22366,DOORMAT AIRMAIL ,1,0.0,,United Kingdom,INVALID_OR_ZERO_UNIT_PRICE,2026-09-07T10:25:00.108037
full_historical_baseline,564530,22365,DOORMAT RESPECTABLE HOUSE,1,0.0,,United Kingdom,INVALID_OR_ZERO_UNIT_PRICE,2026-09-07T10:25:00.108037
full_historical_baseline,564530,22362,GLASS JAR PEACOCK BATH SALTS,1,0.0,,United Kingdom,INVALID_OR_ZERO_UNIT_PRICE,2026-09-07T10:25:00.108037
full_historical_baseline,564530,22363,GLASS JAR MARMALADE ,1,0.0,,United Kingdom,INVALID_OR_ZERO_UNIT_PRICE,2026-09-07T10:25:00.108037
full_historical_baseline,564530,22359,GLASS JAR KINGS CHOICE,1,0.0,,United Kingdom,INVALID_OR_ZERO_UNIT_PRICE,2026-09-07T10:25:00.108037
full_historical_baseline,564530,22357,KINGS CHOICE BISCUIT TIN,1,0.0,,United Kingdom,INVALID_OR_ZERO_UNIT_PRICE,2026-09-07T10:25:00.108037
full_historical_baseline,564530,21899,GARAGE KEY FOB,1,0.0,,United Kingdom,INVALID_OR_ZERO_UNIT_PRICE,2026-09-07T10:25:00.108037
full_historical_baseline,564530,21900,"KEY FOB , SHED",1,0.0,,United Kingdom,INVALID_OR_ZERO_UNIT_PRICE,2026-09-07T10:25:00.108037
full_historical_baseline,564530,21901,"KEY FOB , BACK DOOR ",1,0.0,,United Kingdom,INVALID_OR_ZERO_UNIT_PRICE,2026-09-07T10:25:00.108037
full_historical_baseline,564530,21561,DINOSAUR LUNCH BOX WITH CUTLERY,1,0.0,,United Kingdom,INVALID_OR_ZERO_UNIT_PRICE,2026-09-07T10:25:00.108037
full_historical_baseline,564530,21452,TOADSTOOL MONEY BOX,1,0.0,,United Kingdom,INVALID_OR_ZERO_UNIT_PRICE,2026-09-07T10:25:00.108037
full_historical_baseline,564530,22685,FRENCH BLUE METAL DOOR SIGN 0,3,0.0,,United Kingdom,INVALID_OR_ZERO_UNIT_PRICE,2026-09-07T10:25:00.108037
full_historical_baseline,564530,22676,FRENCH BLUE METAL DOOR SIGN 1,3,0.0,,United Kingdom,INVALID_OR_ZERO_UNIT_PRICE,2026-09-07T10:25:00.108037
full_historical_baseline,564530,22684,FRENCH BLUE METAL DOOR SIGN 9,1,0.0,,United Kingdom,INVALID_OR_ZERO_UNIT_PRICE,2026-09-07T10:25:00.108037
full_historical_baseline,564533,23348,,100,0.0,,United Kingdom,INVALID_OR_ZERO_UNIT_PRICE,2026-09-07T10:25:00.108037
full_historical_baseline,564633,23084,,400,0.0,,United Kingdom,INVALID_OR_ZERO_UNIT_PRICE,2026-09-07T10:25:00.108037
full_historical_baseline,564644,82583,,5,0.0,,United Kingdom,INVALID_OR_ZERO_UNIT_PRICE,2026-09-07T10:25:00.108037
full_historical_baseline,564645,82583,amazon,44,0.0,,United Kingdom,INVALID_OR_ZERO_UNIT_PRICE,2026-09-07T10:25:00.108037
full_historical_baseline,564651,23270,SET OF 2 CERAMIC PAINTED HEARTS ,96,0.0,14646.0,Netherlands,INVALID_OR_ZERO_UNIT_PRICE,2026-09-07T10:25:00.108037
full_historical_baseline,564651,23268,SET OF 2 CERAMIC CHRISTMAS REINDEER,192,0.0,14646.0,Netherlands,INVALID_OR_ZERO_UNIT_PRICE,2026-09-07T10:25:00.108037
full_historical_baseline,564651,22955,36 FOIL STAR CAKE CASES ,144,0.0,14646.0,Netherlands,INVALID_OR_ZERO_UNIT_PRICE,2026-09-07T10:25:00.108037
full_historical_baseline,564651,21786,POLKADOT RAIN HAT ,144,0.0,14646.0,Netherlands,INVALID_OR_ZERO_UNIT_PRICE,2026-09-07T10:25:00.108037
full_historical_baseline,564667,23084,,-400,0.0,,United Kingdom,INVALID_OR_ZERO_UNIT_PRICE,2026-09-07T10:25:00.108037
full_historical_baseline,564761,gift_0001_30,,30,0.0,,United Kingdom,INVALID_OR_ZERO_UNIT_PRICE,2026-09-07T10:25:00.108037
full_historical_baseline,564762,gift_0001_10,,30,0.0,,United Kingdom,INVALID_OR_ZERO_UNIT_PRICE,2026-09-07T10:25:00.108037
full_historical_baseline,564914,85132C,damages,-109,0.0,,United Kingdom,INVALID_OR_ZERO_UNIT_PRICE,2026-09-07T10:25:00.108037
full_historical_baseline,564915,21673,,26,0.0,,United Kingdom,INVALID_OR_ZERO_UNIT_PRICE,2026-09-07T10:25:00.108037
full_historical_baseline,564916,22157,,31,0.0,,United Kingdom,INVALID_OR_ZERO_UNIT_PRICE,2026-09-07T10:25:00.108037
full_historical_baseline,564917,79000,,245,0.0,,United Kingdom,INVALID_OR_ZERO_UNIT_PRICE,2026-09-07T10:25:00.108037
full_historical_baseline,564918,16046,,21,0.0,,United Kingdom,INVALID_OR_ZERO_UNIT_PRICE,2026-09-07T10:25:00.108037
full_historical_baseline,564919,23284,,8,0.0,,United Kingdom,INVALID_OR_ZERO_UNIT_PRICE,2026-09-07T10:25:00.108037
full_historical_baseline,564920,48116,,8,0.0,,United Kingdom,INVALID_OR_ZERO_UNIT_PRICE,2026-09-07T10:25:00.108037
full_historical_baseline,564921,85214,,6,0.0,,United Kingdom,INVALID_OR_ZERO_UNIT_PRICE,2026-09-07T10:25:00.108037
full_historical_baseline,564922,22084,,5,0.0,,United Kingdom,INVALID_OR_ZERO_UNIT_PRICE,2026-09-07T10:25:00.108037
full_historical_baseline,564923,21868,,2,0.0,,United Kingdom,INVALID_OR_ZERO_UNIT_PRICE,2026-09-07T10:25:00.108037
full_historical_baseline,564924,21272,,1,0.0,,United Kingdom,INVALID_OR_ZERO_UNIT_PRICE,2026-09-07T10:25:00.108037
full_historical_baseline,564925,21662,,1,0.0,,United Kingdom,INVALID_OR_ZERO_UNIT_PRICE,2026-09-07T10:25:00.108037
full_historical_baseline,564926,22968,,9,0.0,,United Kingdom,INVALID_OR_ZERO_UNIT_PRICE,2026-09-07T10:25:00.108037
full_historical_baseline,564927,23175,,2,0.0,,United Kingdom,INVALID_OR_ZERO_UNIT_PRICE,2026-09-07T10:25:00.108037
full_historical_baseline,564928,35966,,1,0.0,,United Kingdom,INVALID_OR_ZERO_UNIT_PRICE,2026-09-07T10:25:00.108037
full_historical_baseline,564929,37501,,1,0.0,,United Kingdom,INVALID_OR_ZERO_UNIT_PRICE,2026-09-07T10:25:00.108037
full_historical_baseline,565042,85185B,,-27,0.0,,United Kingdom,INVALID_OR_ZERO_UNIT_PRICE,2026-09-07T10:25:00.108037
full_historical_baseline,565043,22171,,8,0.0,,United Kingdom,INVALID_OR_ZERO_UNIT_PRICE,2026-09-07T10:25:00.108037
full_historical_baseline,565045,21670,,-115,0.0,,United Kingdom,INVALID_OR_ZERO_UNIT_PRICE,2026-09-07T10:25:00.108037
full_historical_baseline,565046,22606,,-49,0.0,,United Kingdom,INVALID_OR_ZERO_UNIT_PRICE,2026-09-07T10:25:00.108037
full_historical_baseline,565047,21257,,7,0.0,,United Kingdom,INVALID_OR_ZERO_UNIT_PRICE,2026-09-07T10:25:00.108037
full_historical_baseline,565048,84976,,-66,0.0,,United Kingdom,INVALID_OR_ZERO_UNIT_PRICE,2026-09-07T10:25:00.108037
full_historical_baseline,565049,21907,,-77,0.0,,United Kingdom,INVALID_OR_ZERO_UNIT_PRICE,2026-09-07T10:25:00.108037
full_historical_baseline,565052,21179,,-60,0.0,,United Kingdom,INVALID_OR_ZERO_UNIT_PRICE,2026-09-07T10:25:00.108037
full_historical_baseline,565055,21172,,-10,0.0,,United Kingdom,INVALID_OR_ZERO_UNIT_PRICE,2026-09-07T10:25:00.108037
full_historical_baseline,565057,82551,,-110,0.0,,United Kingdom,INVALID_OR_ZERO_UNIT_PRICE,2026-09-07T10:25:00.108037
full_historical_baseline,565060,21165,,-46,0.0,,United Kingdom,INVALID_OR_ZERO_UNIT_PRICE,2026-09-07T10:25:00.108037
full_historical_baseline,565063,21175,,-18,0.0,,United Kingdom,INVALID_OR_ZERO_UNIT_PRICE,2026-09-07T10:25:00.108037
full_historical_baseline,565069,20665,,-49,0.0,,United Kingdom,INVALID_OR_ZERO_UNIT_PRICE,2026-09-07T10:25:00.108037
full_historical_baseline,565070,85032D,,171,0.0,,United Kingdom,INVALID_OR_ZERO_UNIT_PRICE,2026-09-07T10:25:00.108037
full_historical_baseline,565071,84754,,-242,0.0,,United Kingdom,INVALID_OR_ZERO_UNIT_PRICE,2026-09-07T10:25:00.108037
full_historical_baseline,565072,21820,,-210,0.0,,United Kingdom,INVALID_OR_ZERO_UNIT_PRICE,2026-09-07T10:25:00.108037
full_historical_baseline,565081,21067,,1,0.0,,United Kingdom,INVALID_OR_ZERO_UNIT_PRICE,2026-09-07T10:25:00.108037
full_historical_baseline,565275,90209C,,-72,0.0,,United Kingdom,INVALID_OR_ZERO_UNIT_PRICE,2026-09-07T10:25:00.108037
full_historical_baseline,565288,23135,?,101,0.0,,United Kingdom,INVALID_OR_ZERO_UNIT_PRICE,2026-09-07T10:25:00.108037
full_historical_baseline,565296,84929,code mix up? 84930,-967,0.0,,United Kingdom,INVALID_OR_ZERO_UNIT_PRICE,2026-09-07T10:25:00.108037
full_historical_baseline,565297,84877D,?,-203,0.0,,United Kingdom,INVALID_OR_ZERO_UNIT_PRICE,2026-09-07T10:25:00.108037
full_historical_baseline,565302,21682,?display?,-156,0.0,,United Kingdom,INVALID_OR_ZERO_UNIT_PRICE,2026-09-07T10:25:00.108037
full_historical_baseline,565304,16259,,-3167,0.0,,United Kingdom,INVALID_OR_ZERO_UNIT_PRICE,2026-09-07T10:25:00.108037
full_historical_baseline,565306,21830,sold as 1,-252,0.0,,United Kingdom,INVALID_OR_ZERO_UNIT_PRICE,2026-09-07T10:25:00.108037
full_historical_baseline,565307,21830,?,-443,0.0,,United Kingdom,INVALID_OR_ZERO_UNIT_PRICE,2026-09-07T10:25:00.108037
full_historical_baseline,565308,21829,sold as 1,-432,0.0,,United Kingdom,INVALID_OR_ZERO_UNIT_PRICE,2026-09-07T10:25:00.108037
full_historical_baseline,565310,21829,?missing,-1897,0.0,,United Kingdom,INVALID_OR_ZERO_UNIT_PRICE,2026-09-07T10:25:00.108037
full_historical_baseline,565314,84660C,,-21,0.0,,United Kingdom,INVALID_OR_ZERO_UNIT_PRICE,2026-09-07T10:25:00.108037
full_historical_baseline,565319,23348,,225,0.0,,United Kingdom,INVALID_OR_ZERO_UNIT_PRICE,2026-09-07T10:25:00.108037
full_historical_baseline,565368,21784,,1,0.0,,United Kingdom,INVALID_OR_ZERO_UNIT_PRICE,2026-09-07T10:25:00.108037
full_historical_baseline,565369,37342,,1,0.0,,United Kingdom,INVALID_OR_ZERO_UNIT_PRICE,2026-09-07T10:25:00.108037
full_historical_baseline,565370,82494L,crushed ctn,-33,0.0,,United Kingdom,INVALID_OR_ZERO_UNIT_PRICE,2026-09-07T10:25:00.108037
full_historical_baseline,565371,82483,crushed,-13,0.0,,United Kingdom,INVALID_OR_ZERO_UNIT_PRICE,2026-09-07T10:25:00.108037
full_historical_baseline,565376,21682,,144,0.0,,United Kingdom,INVALID_OR_ZERO_UNIT_PRICE,2026-09-07T10:25:00.108037
full_historical_baseline,565385,22435,?missing,-434,0.0,,United Kingdom,INVALID_OR_ZERO_UNIT_PRICE,2026-09-07T10:25:00.108037
full_historical_baseline,565389,47343A,,-16,0.0,,United Kingdom,INVALID_OR_ZERO_UNIT_PRICE,2026-09-07T10:25:00.108037
full_historical_baseline,565543,22502,,8,0.0,,United Kingdom,INVALID_OR_ZERO_UNIT_PRICE,2026-09-07T10:25:00.108037
full_historical_baseline,565544,84989A,,1,0.0,,United Kingdom,INVALID_OR_ZERO_UNIT_PRICE,2026-09-07T10:25:00.108037
full_historical_baseline,565545,20973,,1,0.0,,United Kingdom,INVALID_OR_ZERO_UNIT_PRICE,2026-09-07T10:25:00.108037
full_historical_baseline,565556,POST,,750,0.0,,United Kingdom,INVALID_OR_ZERO_UNIT_PRICE,2026-09-07T10:25:00.108037
full_historical_baseline,565797,47570B,,1,0.0,,United Kingdom,INVALID_OR_ZERO_UNIT_PRICE,2026-09-07T10:25:00.108037
full_historical_baseline,565798,85232D,,1,0.0,,United Kingdom,INVALID_OR_ZERO_UNIT_PRICE,2026-09-07T10:25:00.108037
full_historical_baseline,565935,23064,Crushed,-8,0.0,,United Kingdom,INVALID_OR_ZERO_UNIT_PRICE,2026-09-07T10:25:00.108037
full_historical_baseline,565938,23066,,-13,0.0,,United Kingdom,INVALID_OR_ZERO_UNIT_PRICE,2026-09-07T10:25:00.108037
full_historical_baseline,566064,22355,test,1,0.0,,United Kingdom,INVALID_OR_ZERO_UNIT_PRICE,2026-09-07T10:25:00.108037
full_historical_baseline,566065,84660C,,1,0.0,,United Kingdom,INVALID_OR_ZERO_UNIT_PRICE,2026-09-07T10:25:00.108037
full_historical_baseline,566066,15060B,,-52,0.0,,United Kingdom,INVALID_OR_ZERO_UNIT_PRICE,2026-09-07T10:25:00.108037
full_historical_baseline,566067,20686,,-95,0.0,,United Kingdom,INVALID_OR_ZERO_UNIT_PRICE,2026-09-07T10:25:00.108037
full_historical_baseline,566068,22268,,-86,0.0,,United Kingdom,INVALID_OR_ZERO_UNIT_PRICE,2026-09-07T10:25:00.108037
full_historical_baseline,566121,23306,,-682,0.0,,United Kingdom,INVALID_OR_ZERO_UNIT_PRICE,2026-09-07T10:25:00.108037
full_historical_baseline,566122,23084,temp adjustment,-484,0.0,,United Kingdom,INVALID_OR_ZERO_UNIT_PRICE,2026-09-07T10:25:00.108037
full_historical_baseline,566316,23306,,682,0.0,,United Kingdom,INVALID_OR_ZERO_UNIT_PRICE,2026-09-07T10:25:00.108037
full_historical_baseline,566323,22035,,1,0.0,,United Kingdom,INVALID_OR_ZERO_UNIT_PRICE,2026-09-07T10:25:00.108037
full_historical_baseline,566324,22035,taig adjust,1,0.0,,United Kingdom,INVALID_OR_ZERO_UNIT_PRICE,2026-09-07T10:25:00.108037
full_historical_baseline,566325,22035,taig adjust,36,0.0,,United Kingdom,INVALID_OR_ZERO_UNIT_PRICE,2026-09-07T10:25:00.108037
full_historical_baseline,566327,23084,allocate stock for dotcom orders ta,4,0.0,,United Kingdom,INVALID_OR_ZERO_UNIT_PRICE,2026-09-07T10:25:00.108037
full_historical_baseline,566449,20856,??,-140,0.0,,United Kingdom,INVALID_OR_ZERO_UNIT_PRICE,2026-09-07T10:25:00.108037
full_historical_baseline,566476,23084,add stock to allocate online orders,2,0.0,,United Kingdom,INVALID_OR_ZERO_UNIT_PRICE,2026-09-07T10:25:00.108037
full_historical_baseline,566478,23084,for online retail orders,1,0.0,,United Kingdom,INVALID_OR_ZERO_UNIT_PRICE,2026-09-07T10:25:00.108037
full_historical_baseline,566493,23284,,1,0.0,,United Kingdom,INVALID_OR_ZERO_UNIT_PRICE,2026-09-07T10:25:00.108037
full_historical_baseline,566573,22823,test,-22,0.0,,United Kingdom,INVALID_OR_ZERO_UNIT_PRICE,2026-09-07T10:25:00.108037
full_historical_baseline,566574,22823,test,22,0.0,,United Kingdom,INVALID_OR_ZERO_UNIT_PRICE,2026-09-07T10:25:00.108037
full_historical_baseline,566593,22035,,18,0.0,,United Kingdom,INVALID_OR_ZERO_UNIT_PRICE,2026-09-07T10:25:00.108037
full_historical_baseline,566615,23084,,344,0.0,,United Kingdom,INVALID_OR_ZERO_UNIT_PRICE,2026-09-07T10:25:00.108037
full_historical_baseline,566710,16207B,,-4,0.0,,United Kingdom,INVALID_OR_ZERO_UNIT_PRICE,2026-09-07T10:25:00.108037
full_historical_baseline,566711,21578,,-31,0.0,,United Kingdom,INVALID_OR_ZERO_UNIT_PRICE,2026-09-07T10:25:00.108037
full_historical_baseline,566712,22030,??,-635,0.0,,United Kingdom,INVALID_OR_ZERO_UNIT_PRICE,2026-09-07T10:25:00.108037
full_historical_baseline,566762,85232D,,143,0.0,,United Kingdom,INVALID_OR_ZERO_UNIT_PRICE,2026-09-07T10:25:00.108037
full_historical_baseline,566763,84708B,,-5,0.0,,United Kingdom,INVALID_OR_ZERO_UNIT_PRICE,2026-09-07T10:25:00.108037
full_historical_baseline,566764,23065,,-13,0.0,,United Kingdom,INVALID_OR_ZERO_UNIT_PRICE,2026-09-07T10:25:00.108037
full_historical_baseline,566765,22244,,-9,0.0,,United Kingdom,INVALID_OR_ZERO_UNIT_PRICE,2026-09-07T10:25:00.108037
full_historical_baseline,566766,21311,,-117,0.0,,United Kingdom,INVALID_OR_ZERO_UNIT_PRICE,2026-09-07T10:25:00.108037
full_historical_baseline,566767,20977,,-188,0.0,,United Kingdom,INVALID_OR_ZERO_UNIT_PRICE,2026-09-07T10:25:00.108037
full_historical_baseline,566768,16045,,-3667,0.0,,United Kingdom,INVALID_OR_ZERO_UNIT_PRICE,2026-09-07T10:25:00.108037
full_historical_baseline,566924,79163,,15,0.0,,United Kingdom,INVALID_OR_ZERO_UNIT_PRICE,2026-09-07T10:25:00.108037
full_historical_baseline,566977,48173C,,-54,0.0,,United Kingdom,INVALID_OR_ZERO_UNIT_PRICE,2026-09-07T10:25:00.108037
full_historical_baseline,566982,85049B,Amazon,1,0.0,,United Kingdom,INVALID_OR_ZERO_UNIT_PRICE,2026-09-07T10:25:00.108037
full_historical_baseline,566983,23084,Amazon,1,0.0,,United Kingdom,INVALID_OR_ZERO_UNIT_PRICE,2026-09-07T10:25:00.108037
full_historical_baseline,567056,22050,,25,0.0,,United Kingdom,INVALID_OR_ZERO_UNIT_PRICE,2026-09-07T10:25:00.108037
full_historical_baseline,567057,84725,,-8,0.0,,United Kingdom,INVALID_OR_ZERO_UNIT_PRICE,2026-09-07T10:25:00.108037
full_historical_baseline,567058,22453,,-12,0.0,,United Kingdom,INVALID_OR_ZERO_UNIT_PRICE,2026-09-07T10:25:00.108037
full_historical_baseline,567059,22452,,-63,0.0,,United Kingdom,INVALID_OR_ZERO_UNIT_PRICE,2026-09-07T10:25:00.108037
full_historical_baseline,567060,22445,,-62,0.0,,United Kingdom,INVALID_OR_ZERO_UNIT_PRICE,2026-09-07T10:25:00.108037
full_historical_baseline,567061,84877B,,-27,0.0,,United Kingdom,INVALID_OR_ZERO_UNIT_PRICE,2026-09-07T10:25:00.108037
full_historical_baseline,567063,23135,,-27,0.0,,United Kingdom,INVALID_OR_ZERO_UNIT_PRICE,2026-09-07T10:25:00.108037
full_historical_baseline,567064,23135,,27,0.0,,United Kingdom,INVALID_OR_ZERO_UNIT_PRICE,2026-09-07T10:25:00.108037
full_historical_baseline,567113,85215,Damaged,-29,0.0,,United Kingdom,INVALID_OR_ZERO_UNIT_PRICE,2026-09-07T10:25:00.108037
full_historical_baseline,567125,21246,damaged,-2,0.0,,United Kingdom,INVALID_OR_ZERO_UNIT_PRICE,2026-09-07T10:25:00.108037
full_historical_baseline,567127,85230E,Damaged,-48,0.0,,United Kingdom,INVALID_OR_ZERO_UNIT_PRICE,2026-09-07T10:25:00.108037
full_historical_baseline,567129,72127,found box,24,0.0,,United Kingdom,INVALID_OR_ZERO_UNIT_PRICE,2026-09-07T10:25:00.108037
full_historical_baseline,567131,21830,damaged,192,0.0,,United Kingdom,INVALID_OR_ZERO_UNIT_PRICE,2026-09-07T10:25:00.108037
full_historical_baseline,567132,21830,OOPS ! adjustment,-384,0.0,,United Kingdom,INVALID_OR_ZERO_UNIT_PRICE,2026-09-07T10:25:00.108037
full_historical_baseline,567133,85185B,Found in w/hse,50,0.0,,United Kingdom,INVALID_OR_ZERO_UNIT_PRICE,2026-09-07T10:25:00.108037
full_historical_baseline,567137,84929,found,600,0.0,,United Kingdom,INVALID_OR_ZERO_UNIT_PRICE,2026-09-07T10:25:00.108037
full_historical_baseline,567143,21179,damaged,-14,0.0,,United Kingdom,INVALID_OR_ZERO_UNIT_PRICE,2026-09-07T10:25:00.108037
full_historical_baseline,567149,35607B,thrown away,-9,0.0,,United Kingdom,INVALID_OR_ZERO_UNIT_PRICE,2026-09-07T10:25:00.108037
full_historical_baseline,567150,35817P,thrown away,-44,0.0,,United Kingdom,INVALID_OR_ZERO_UNIT_PRICE,2026-09-07T10:25:00.108037
full_historical_baseline,567151,35815P,,34,0.0,,United Kingdom,INVALID_OR_ZERO_UNIT_PRICE,2026-09-07T10:25:00.108037
full_historical_baseline,567152,35598C,found,3,0.0,,United Kingdom,INVALID_OR_ZERO_UNIT_PRICE,2026-09-07T10:25:00.108037
full_historical_baseline,567201,23084,website fixed,110,0.0,,United Kingdom,INVALID_OR_ZERO_UNIT_PRICE,2026-09-07T10:25:00.108037
full_historical_baseline,567207,35592T,,4,0.0,,United Kingdom,INVALID_OR_ZERO_UNIT_PRICE,2026-09-07T10:25:00.108037
full_historical_baseline,567208,35597D,,2,0.0,,United Kingdom,INVALID_OR_ZERO_UNIT_PRICE,2026-09-07T10:25:00.108037
full_historical_baseline,567335,35965,,6,0.0,,United Kingdom,INVALID_OR_ZERO_UNIT_PRICE,2026-09-07T10:25:00.108037
full_historical_baseline,567337,35965,,5,0.0,,United Kingdom,INVALID_OR_ZERO_UNIT_PRICE,2026-09-07T10:25:00.108037
full_historical_baseline,567363,23028,,-49,0.0,,United Kingdom,INVALID_OR_ZERO_UNIT_PRICE,2026-09-07T10:25:00.108037
full_historical_baseline,567364,22925,,-20,0.0,,United Kingdom,INVALID_OR_ZERO_UNIT_PRICE,2026-09-07T10:25:00.108037
full_historical_baseline,567366,21174,,-138,0.0,,United Kingdom,INVALID_OR_ZERO_UNIT_PRICE,2026-09-07T10:25:00.108037
full_historical_baseline,567367,17012A,,-86,0.0,,United Kingdom,INVALID_OR_ZERO_UNIT_PRICE,2026-09-07T10:25:00.108037
full_historical_baseline,567371,22084,,7,0.0,,United Kingdom,INVALID_OR_ZERO_UNIT_PRICE,2026-09-07T10:25:00.108037
full_historical_baseline,567629,40016,?,-752,0.0,,United Kingdom,INVALID_OR_ZERO_UNIT_PRICE,2026-09-07T10:25:00.108037
full_historical_baseline,567645,21447,,-53,0.0,,United Kingdom,INVALID_OR_ZERO_UNIT_PRICE,2026-09-07T10:25:00.108037
full_historical_baseline,567680,23284,,4,0.0,,United Kingdom,INVALID_OR_ZERO_UNIT_PRICE,2026-09-07T10:25:00.108037
full_historical_baseline,567693,85199L,?,-250,0.0,,United Kingdom,INVALID_OR_ZERO_UNIT_PRICE,2026-09-07T10:25:00.108037
full_historical_baseline,567694,22665,,-24,0.0,,United Kingdom,INVALID_OR_ZERO_UNIT_PRICE,2026-09-07T10:25:00.108037
full_historical_baseline,567695,22688,,-42,0.0,,United Kingdom,INVALID_OR_ZERO_UNIT_PRICE,2026-09-07T10:25:00.108037
full_historical_baseline,567696,23091,,-15,0.0,,United Kingdom,INVALID_OR_ZERO_UNIT_PRICE,2026-09-07T10:25:00.108037
full_historical_baseline,567719,20980,,-7,0.0,,United Kingdom,INVALID_OR_ZERO_UNIT_PRICE,2026-09-07T10:25:00.108037
full_historical_baseline,567861,35597A,,-14,0.0,,United Kingdom,INVALID_OR_ZERO_UNIT_PRICE,2026-09-07T10:25:00.108037
full_historical_baseline,567862,35591T,,-4,0.0,,United Kingdom,INVALID_OR_ZERO_UNIT_PRICE,2026-09-07T10:25:00.108037
full_historical_baseline,567863,35598A,,8,0.0,,United Kingdom,INVALID_OR_ZERO_UNIT_PRICE,2026-09-07T10:25:00.108037
full_historical_baseline,567918,79163,damaged,-1,0.0,,United Kingdom,INVALID_OR_ZERO_UNIT_PRICE,2026-09-07T10:25:00.108037
full_historical_baseline,567920,84875D,found,5,0.0,,United Kingdom,INVALID_OR_ZERO_UNIT_PRICE,2026-09-07T10:25:00.108037
full_historical_baseline,567921,21089,damaged,-7,0.0,,United Kingdom,INVALID_OR_ZERO_UNIT_PRICE,2026-09-07T10:25:00.108037
full_historical_baseline,567923,37343,damaged,-2,0.0,,United Kingdom,INVALID_OR_ZERO_UNIT_PRICE,2026-09-07T10:25:00.108037
full_historical_baseline,567925,84876D,damaged,-2,0.0,,United Kingdom,INVALID_OR_ZERO_UNIT_PRICE,2026-09-07T10:25:00.108037
full_historical_baseline,567926,84877D,found,1,0.0,,United Kingdom,INVALID_OR_ZERO_UNIT_PRICE,2026-09-07T10:25:00.108037
full_historical_baseline,567927,21654,Damaged,-3,0.0,,United Kingdom,INVALID_OR_ZERO_UNIT_PRICE,2026-09-07T10:25:00.108037
full_historical_baseline,567931,84563B,damaged,-11,0.0,,United Kingdom,INVALID_OR_ZERO_UNIT_PRICE,2026-09-07T10:25:00.108037
full_historical_baseline,567932,85213,,-12,0.0,,United Kingdom,INVALID_OR_ZERO_UNIT_PRICE,2026-09-07T10:25:00.108037
full_historical_baseline,567933,84422,Dagamed,-30,0.0,,United Kingdom,INVALID_OR_ZERO_UNIT_PRICE,2026-09-07T10:25:00.108037
full_historical_baseline,568052,90209C,,-3,0.0,,United Kingdom,INVALID_OR_ZERO_UNIT_PRICE,2026-09-07T10:25:00.108037
full_historical_baseline,568053,90209C,,3,0.0,,United Kingdom,INVALID_OR_ZERO_UNIT_PRICE,2026-09-07T10:25:00.108037
full_historical_baseline,568079,85197,,-1,0.0,,United Kingdom,INVALID_OR_ZERO_UNIT_PRICE,2026-09-07T10:25:00.108037
full_historical_baseline,568080,44236,,-2,0.0,,United Kingdom,INVALID_OR_ZERO_UNIT_PRICE,2026-09-07T10:25:00.108037
full_historical_baseline,568081,84663A,,-9,0.0,,United Kingdom,INVALID_OR_ZERO_UNIT_PRICE,2026-09-07T10:25:00.108037
full_historical_baseline,568084,84927A,,-7,0.0,,United Kingdom,INVALID_OR_ZERO_UNIT_PRICE,2026-09-07T10:25:00.108037
full_historical_baseline,568085,84912A,,2,0.0,,United Kingdom,INVALID_OR_ZERO_UNIT_PRICE,2026-09-07T10:25:00.108037
full_historical_baseline,568087,85049D,,-8,0.0,,United Kingdom,INVALID_OR_ZERO_UNIT_PRICE,2026-09-07T10:25:00.108037
full_historical_baseline,568088,21641,,-49,0.0,,United Kingdom,INVALID_OR_ZERO_UNIT_PRICE,2026-09-07T10:25:00.108037
full_historical_baseline,568089,22245,,-37,0.0,,United Kingdom,INVALID_OR_ZERO_UNIT_PRICE,2026-09-07T10:25:00.108037
full_historical_baseline,568090,20793,,-5,0.0,,United Kingdom,INVALID_OR_ZERO_UNIT_PRICE,2026-09-07T10:25:00.108037
full_historical_baseline,568091,85211,,-3,0.0,,United Kingdom,INVALID_OR_ZERO_UNIT_PRICE,2026-09-07T10:25:00.108037
full_historical_baseline,568092,23134,,1,0.0,,United Kingdom,INVALID_OR_ZERO_UNIT_PRICE,2026-09-07T10:25:00.108037
full_historical_baseline,568093,20773,,-9,0.0,,United Kingdom,INVALID_OR_ZERO_UNIT_PRICE,2026-09-07T10:25:00.108037
full_historical_baseline,568102,35911A,,20,0.0,,United Kingdom,INVALID_OR_ZERO_UNIT_PRICE,2026-09-07T10:25:00.108037
full_historical_baseline,568158,PADS,PADS TO MATCH ALL CUSHIONS,1,0.0,16133.0,United Kingdom,INVALID_OR_ZERO_UNIT_PRICE,2026-09-07T10:25:00.108037
full_historical_baseline,568233,21586,,-147,0.0,,United Kingdom,INVALID_OR_ZERO_UNIT_PRICE,2026-09-07T10:25:00.108037
full_historical_baseline,568302,20700,?,-121,0.0,,United Kingdom,INVALID_OR_ZERO_UNIT_PRICE,2026-09-07T10:25:00.108037
full_historical_baseline,568365,84663A,,30,0.0,,United Kingdom,INVALID_OR_ZERO_UNIT_PRICE,2026-09-07T10:25:00.108037
full_historical_baseline,568371,22687,,-41,0.0,,United Kingdom,INVALID_OR_ZERO_UNIT_PRICE,2026-09-07T10:25:00.108037
full_historical_baseline,568372,90082D,,-19,0.0,,United Kingdom,INVALID_OR_ZERO_UNIT_PRICE,2026-09-07T10:25:00.108037
full_historical_baseline,568384,M,Manual,1,0.0,12748.0,United Kingdom,INVALID_OR_ZERO_UNIT_PRICE,2026-09-07T10:25:00.108037
full_historical_baseline,568401,21394,damages,-35,0.0,,United Kingdom,INVALID_OR_ZERO_UNIT_PRICE,2026-09-07T10:25:00.108037
full_historical_baseline,568403,84905,,-3,0.0,,United Kingdom,INVALID_OR_ZERO_UNIT_PRICE,2026-09-07T10:25:00.108037
full_historical_baseline,568404,22497,,-17,0.0,,United Kingdom,INVALID_OR_ZERO_UNIT_PRICE,2026-09-07T10:25:00.108037
full_historical_baseline,568405,22893,,-42,0.0,,United Kingdom,INVALID_OR_ZERO_UNIT_PRICE,2026-09-07T10:25:00.108037
full_historical_baseline,568406,18094C,,-67,0.0,,United Kingdom,INVALID_OR_ZERO_UNIT_PRICE,2026-09-07T10:25:00.108037
full_historical_baseline,568407,84660A,,-8,0.0,,United Kingdom,INVALID_OR_ZERO_UNIT_PRICE,2026-09-07T10:25:00.108037
full_historical_baseline,568442,37327,damages,-131,0.0,,United Kingdom,INVALID_OR_ZERO_UNIT_PRICE,2026-09-07T10:25:00.108037
full_historical_baseline,568543,84920,,-21,0.0,,United Kingdom,INVALID_OR_ZERO_UNIT_PRICE,2026-09-07T10:25:00.108037
full_historical_baseline,568544,84921,,5,0.0,,United Kingdom,INVALID_OR_ZERO_UNIT_PRICE,2026-09-07T10:25:00.108037
full_historical_baseline,568545,22548,,-70,0.0,,United Kingdom,INVALID_OR_ZERO_UNIT_PRICE,2026-09-07T10:25:00.108037
full_historical_baseline,568546,22409,,-20,0.0,,United Kingdom,INVALID_OR_ZERO_UNIT_PRICE,2026-09-07T10:25:00.108037
full_historical_baseline,568548,21830,,240,0.0,,United Kingdom,INVALID_OR_ZERO_UNIT_PRICE,2026-09-07T10:25:00.108037
full_historical_baseline,568567,46000S,POLYESTER FILLER PAD 40x40cm,320,0.0,,United Kingdom,INVALID_OR_ZERO_UNIT_PRICE,2026-09-07T10:25:00.108037
full_historical_baseline,568567,46000M,POLYESTER FILLER PAD 45x45cm,140,0.0,,United Kingdom,INVALID_OR_ZERO_UNIT_PRICE,2026-09-07T10:25:00.108037
full_historical_baseline,568724,84816,damages,-21,0.0,,United Kingdom,INVALID_OR_ZERO_UNIT_PRICE,2026-09-07T10:25:00.108037
full_historical_baseline,568725,79000,,-209,0.0,,United Kingdom,INVALID_OR_ZERO_UNIT_PRICE,2026-09-07T10:25:00.108037
full_historical_baseline,568946,22740,adjustment,89,0.0,,United Kingdom,INVALID_OR_ZERO_UNIT_PRICE,2026-09-07T10:25:00.108037
full_historical_baseline,568948,20984,found,120,0.0,,United Kingdom,INVALID_OR_ZERO_UNIT_PRICE,2026-09-07T10:25:00.108037
full_historical_baseline,569083,23084,,3,0.0,,United Kingdom,INVALID_OR_ZERO_UNIT_PRICE,2026-09-07T10:25:00.108037
full_historical_baseline,569098,21098,damages?,-231,0.0,,United Kingdom,INVALID_OR_ZERO_UNIT_PRICE,2026-09-07T10:25:00.108037
full_historical_baseline,569102,21098,,-129,0.0,,United Kingdom,INVALID_OR_ZERO_UNIT_PRICE,2026-09-07T10:25:00.108037
full_historical_baseline,569121,21244,,-38,0.0,,United Kingdom,INVALID_OR_ZERO_UNIT_PRICE,2026-09-07T10:25:00.108037
full_historical_baseline,569131,22927,damaged,-5,0.0,,United Kingdom,INVALID_OR_ZERO_UNIT_PRICE,2026-09-07T10:25:00.108037
full_historical_baseline,569135,21349,,5,0.0,,United Kingdom,INVALID_OR_ZERO_UNIT_PRICE,2026-09-07T10:25:00.108037
full_historical_baseline,569256,20774,damaged,-14,0.0,,United Kingdom,INVALID_OR_ZERO_UNIT_PRICE,2026-09-07T10:25:00.108037
full_historical_baseline,569335,84660A,damaged,-15,0.0,,United Kingdom,INVALID_OR_ZERO_UNIT_PRICE,2026-09-07T10:25:00.108037
full_historical_baseline,569341,82600,historic computer difference?....se,-458,0.0,,United Kingdom,INVALID_OR_ZERO_UNIT_PRICE,2026-09-07T10:25:00.108037
full_historical_baseline,569347,85086A,,-6,0.0,,United Kingdom,INVALID_OR_ZERO_UNIT_PRICE,2026-09-07T10:25:00.108037
full_historical_baseline,569375,22829,,3,0.0,,United Kingdom,INVALID_OR_ZERO_UNIT_PRICE,2026-09-07T10:25:00.108037
full_historical_baseline,569376,85106,,-9,0.0,,United Kingdom,INVALID_OR_ZERO_UNIT_PRICE,2026-09-07T10:25:00.108037
full_historical_baseline,569377,22784,,-14,0.0,,United Kingdom,INVALID_OR_ZERO_UNIT_PRICE,2026-09-07T10:25:00.108037
full_historical_baseline,569378,72799F,,-5,0.0,,United Kingdom,INVALID_OR_ZERO_UNIT_PRICE,2026-09-07T10:25:00.108037
full_historical_baseline,569379,16015,,-69,0.0,,United Kingdom,INVALID_OR_ZERO_UNIT_PRICE,2026-09-07T10:25:00.108037
full_historical_baseline,569380,21809,,-140,0.0,,United Kingdom,INVALID_OR_ZERO_UNIT_PRICE,2026-09-07T10:25:00.108037
full_historical_baseline,569381,84660A,,15,0.0,,United Kingdom,INVALID_OR_ZERO_UNIT_PRICE,2026-09-07T10:25:00.108037
full_historical_baseline,569391,84625C,,-32,0.0,,United Kingdom,INVALID_OR_ZERO_UNIT_PRICE,2026-09-07T10:25:00.108037
full_historical_baseline,569392,47504K,,-275,0.0,,United Kingdom,INVALID_OR_ZERO_UNIT_PRICE,2026-09-07T10:25:00.108037
full_historical_baseline,569393,23152,,-23,0.0,,United Kingdom,INVALID_OR_ZERO_UNIT_PRICE,2026-09-07T10:25:00.108037
full_historical_baseline,569394,21163,,-70,0.0,,United Kingdom,INVALID_OR_ZERO_UNIT_PRICE,2026-09-07T10:25:00.108037
full_historical_baseline,569458,20984,,58,0.0,,United Kingdom,INVALID_OR_ZERO_UNIT_PRICE,2026-09-07T10:25:00.108037
full_historical_baseline,569463,23268,Lighthouse Trading zero invc incorr,192,0.0,,United Kingdom,INVALID_OR_ZERO_UNIT_PRICE,2026-09-07T10:25:00.108037
full_historical_baseline,569464,23268,Incorrect stock entry.,-1440,0.0,,United Kingdom,INVALID_OR_ZERO_UNIT_PRICE,2026-09-07T10:25:00.108037
full_historical_baseline,569465,23269,incorrect stock entry.,-1440,0.0,,United Kingdom,INVALID_OR_ZERO_UNIT_PRICE,2026-09-07T10:25:00.108037
full_historical_baseline,569466,23270,incorrect stock entry.,-2880,0.0,,United Kingdom,INVALID_OR_ZERO_UNIT_PRICE,2026-09-07T10:25:00.108037
full_historical_baseline,569517,23084,,14,0.0,,United Kingdom,INVALID_OR_ZERO_UNIT_PRICE,2026-09-07T10:25:00.108037
full_historical_baseline,569540,21586,,96,0.0,,United Kingdom,INVALID_OR_ZERO_UNIT_PRICE,2026-09-07T10:25:00.108037
full_historical_baseline,569541,21587,,48,0.0,,United Kingdom,INVALID_OR_ZERO_UNIT_PRICE,2026-09-07T10:25:00.108037
full_historical_baseline,569578,23084,,5,0.0,,United Kingdom,INVALID_OR_ZERO_UNIT_PRICE,2026-09-07T10:25:00.108037
full_historical_baseline,569657,84944,michel oops,22,0.0,,United Kingdom,INVALID_OR_ZERO_UNIT_PRICE,2026-09-07T10:25:00.108037
full_historical_baseline,569681,84944,,25,0.0,,United Kingdom,INVALID_OR_ZERO_UNIT_PRICE,2026-09-07T10:25:00.108037
full_historical_baseline,569716,22778,GLASS CLOCHE SMALL,2,0.0,15804.0,United Kingdom,INVALID_OR_ZERO_UNIT_PRICE,2026-09-07T10:25:00.108037
full_historical_baseline,569817,21870,,-26,0.0,,United Kingdom,INVALID_OR_ZERO_UNIT_PRICE,2026-09-07T10:25:00.108037
full_historical_baseline,569830,23343,wrongly coded 20713,800,0.0,,United Kingdom,INVALID_OR_ZERO_UNIT_PRICE,2026-09-07T10:25:00.108037
full_historical_baseline,569831,20713,wrongly coded-23343,-800,0.0,,United Kingdom,INVALID_OR_ZERO_UNIT_PRICE,2026-09-07T10:25:00.108037
full_historical_baseline,569854,35954,counted,-430,0.0,,United Kingdom,INVALID_OR_ZERO_UNIT_PRICE,2026-09-07T10:25:00.108037
full_historical_baseline,569855,23412,?,-30,0.0,,United Kingdom,INVALID_OR_ZERO_UNIT_PRICE,2026-09-07T10:25:00.108037
full_historical_baseline,569874,90180A,stock check,-32,0.0,,United Kingdom,INVALID_OR_ZERO_UNIT_PRICE,2026-09-07T10:25:00.108037
full_historical_baseline,569875,90195A,check,-45,0.0,,United Kingdom,INVALID_OR_ZERO_UNIT_PRICE,2026-09-07T10:25:00.108037
full_historical_baseline,569876,90210D,check,-28,0.0,,United Kingdom,INVALID_OR_ZERO_UNIT_PRICE,2026-09-07T10:25:00.108037
full_historical_baseline,569877,90210C,,-10,0.0,,United Kingdom,INVALID_OR_ZERO_UNIT_PRICE,2026-09-07T10:25:00.108037
full_historical_baseline,569878,90057,crushed boxes,-380,0.0,,United Kingdom,INVALID_OR_ZERO_UNIT_PRICE,2026-09-07T10:25:00.108037
full_historical_baseline,569879,90012B,check,-5,0.0,,United Kingdom,INVALID_OR_ZERO_UNIT_PRICE,2026-09-07T10:25:00.108037
full_historical_baseline,569880,90012A,stock check,-18,0.0,,United Kingdom,INVALID_OR_ZERO_UNIT_PRICE,2026-09-07T10:25:00.108037
full_historical_baseline,569881,90014C,,-8,0.0,,United Kingdom,INVALID_OR_ZERO_UNIT_PRICE,2026-09-07T10:25:00.108037
full_historical_baseline,569882,90014B,,-1,0.0,,United Kingdom,INVALID_OR_ZERO_UNIT_PRICE,2026-09-07T10:25:00.108037
full_historical_baseline,569883,90014A,check,-12,0.0,,United Kingdom,INVALID_OR_ZERO_UNIT_PRICE,2026-09-07T10:25:00.108037
full_historical_baseline,569884,90164B,,-14,0.0,,United Kingdom,INVALID_OR_ZERO_UNIT_PRICE,2026-09-07T10:25:00.108037
full_historical_baseline,569885,90164A,,-15,0.0,,United Kingdom,INVALID_OR_ZERO_UNIT_PRICE,2026-09-07T10:25:00.108037
full_historical_baseline,569886,90191,??,-60,0.0,,United Kingdom,INVALID_OR_ZERO_UNIT_PRICE,2026-09-07T10:25:00.108037
full_historical_baseline,569895,23348,,420,0.0,,United Kingdom,INVALID_OR_ZERO_UNIT_PRICE,2026-09-07T10:25:00.108037
full_historical_baseline,569924,22837,,9,0.0,,United Kingdom,INVALID_OR_ZERO_UNIT_PRICE,2026-09-07T10:25:00.108037
full_historical_baseline,569925,21067,,6,0.0,,United Kingdom,INVALID_OR_ZERO_UNIT_PRICE,2026-09-07T10:25:00.108037
full_historical_baseline,569926,35815P,,6,0.0,,United Kingdom,INVALID_OR_ZERO_UNIT_PRICE,2026-09-07T10:25:00.108037
full_historical_baseline,569927,22171,,9,0.0,,United Kingdom,INVALID_OR_ZERO_UNIT_PRICE,2026-09-07T10:25:00.108037
full_historical_baseline,569928,22062,,16,0.0,,United Kingdom,INVALID_OR_ZERO_UNIT_PRICE,2026-09-07T10:25:00.108037
full_historical_baseline,569929,22084,,2,0.0,,United Kingdom,INVALID_OR_ZERO_UNIT_PRICE,2026-09-07T10:25:00.108037
full_historical_baseline,569930,35914,,2,0.0,,United Kingdom,INVALID_OR_ZERO_UNIT_PRICE,2026-09-07T10:25:00.108037
full_historical_baseline,569931,37370,,18,0.0,,United Kingdom,INVALID_OR_ZERO_UNIT_PRICE,2026-09-07T10:25:00.108037
full_historical_baseline,569933,84849D,,101,0.0,,United Kingdom,INVALID_OR_ZERO_UNIT_PRICE,2026-09-07T10:25:00.108037
full_historical_baseline,569934,85049D,,1,0.0,,United Kingdom,INVALID_OR_ZERO_UNIT_PRICE,2026-09-07T10:25:00.108037
full_historical_baseline,569935,90209B,,1,0.0,,United Kingdom,INVALID_OR_ZERO_UNIT_PRICE,2026-09-07T10:25:00.108037
full_historical_baseline,569937,90209C,,1,0.0,,United Kingdom,INVALID_OR_ZERO_UNIT_PRICE,2026-09-07T10:25:00.108037
full_historical_baseline,569947,22062,,20,0.0,,United Kingdom,INVALID_OR_ZERO_UNIT_PRICE,2026-09-07T10:25:00.108037
full_historical_baseline,570013,21395,,-38,0.0,,United Kingdom,INVALID_OR_ZERO_UNIT_PRICE,2026-09-07T10:25:00.108037
full_historical_baseline,570015,21394,,42,0.0,,United Kingdom,INVALID_OR_ZERO_UNIT_PRICE,2026-09-07T10:25:00.108037
full_historical_baseline,570065,22688,,2,0.0,,United Kingdom,INVALID_OR_ZERO_UNIT_PRICE,2026-09-07T10:25:00.108037
full_historical_baseline,570110,22570,?,-74,0.0,,United Kingdom,INVALID_OR_ZERO_UNIT_PRICE,2026-09-07T10:25:00.108037
full_historical_baseline,570112,22569,?,-84,0.0,,United Kingdom,INVALID_OR_ZERO_UNIT_PRICE,2026-09-07T10:25:00.108037
full_historical_baseline,570120,22570,,6,0.0,,United Kingdom,INVALID_OR_ZERO_UNIT_PRICE,2026-09-07T10:25:00.108037
full_historical_baseline,570185,21090,WET/MOULDY,-192,0.0,,United Kingdom,INVALID_OR_ZERO_UNIT_PRICE,2026-09-07T10:25:00.108037
full_historical_baseline,570193,22449,can't find,-125,0.0,,United Kingdom,INVALID_OR_ZERO_UNIT_PRICE,2026-09-07T10:25:00.108037
full_historical_baseline,570198,47504K,,72,0.0,,United Kingdom,INVALID_OR_ZERO_UNIT_PRICE,2026-09-07T10:25:00.108037
full_historical_baseline,570259,22336,,-114,0.0,,United Kingdom,INVALID_OR_ZERO_UNIT_PRICE,2026-09-07T10:25:00.108037
full_historical_baseline,570260,35933,,-34,0.0,,United Kingdom,INVALID_OR_ZERO_UNIT_PRICE,2026-09-07T10:25:00.108037
full_historical_baseline,570261,35933,,10,0.0,,United Kingdom,INVALID_OR_ZERO_UNIT_PRICE,2026-09-07T10:25:00.108037
full_historical_baseline,570262,35954,,-80,0.0,,United Kingdom,INVALID_OR_ZERO_UNIT_PRICE,2026-09-07T10:25:00.108037
full_historical_baseline,570263,23412,,2,0.0,,United Kingdom,INVALID_OR_ZERO_UNIT_PRICE,2026-09-07T10:25:00.108037
full_historical_baseline,570264,21288,,-22,0.0,,United Kingdom,INVALID_OR_ZERO_UNIT_PRICE,2026-09-07T10:25:00.108037
full_historical_baseline,570294,84249A,damaged,-25,0.0,,United Kingdom,INVALID_OR_ZERO_UNIT_PRICE,2026-09-07T10:25:00.108037
full_historical_baseline,570403,47574A,check,-61,0.0,,United Kingdom,INVALID_OR_ZERO_UNIT_PRICE,2026-09-07T10:25:00.108037
full_historical_baseline,570440,21424,damages,-40,0.0,,United Kingdom,INVALID_OR_ZERO_UNIT_PRICE,2026-09-07T10:25:00.108037
full_historical_baseline,570451,37467,,15,0.0,,United Kingdom,INVALID_OR_ZERO_UNIT_PRICE,2026-09-07T10:25:00.108037
full_historical_baseline,570518,23268,,4,0.0,,United Kingdom,INVALID_OR_ZERO_UNIT_PRICE,2026-09-07T10:25:00.108037
full_historical_baseline,570519,21244,,5,0.0,,United Kingdom,INVALID_OR_ZERO_UNIT_PRICE,2026-09-07T10:25:00.108037
full_historical_baseline,570520,23412,,2,0.0,,United Kingdom,INVALID_OR_ZERO_UNIT_PRICE,2026-09-07T10:25:00.108037
full_historical_baseline,570595,21823,check,-94,0.0,,United Kingdom,INVALID_OR_ZERO_UNIT_PRICE,2026-09-07T10:25:00.108037
full_historical_baseline,570596,21803,check,-38,0.0,,United Kingdom,INVALID_OR_ZERO_UNIT_PRICE,2026-09-07T10:25:00.108037
full_historical_baseline,570599,84596G,??,-365,0.0,,United Kingdom,INVALID_OR_ZERO_UNIT_PRICE,2026-09-07T10:25:00.108037
full_historical_baseline,570645,84247E,,24,0.0,,United Kingdom,INVALID_OR_ZERO_UNIT_PRICE,2026-09-07T10:25:00.108037
full_historical_baseline,570691,85231G,check,-110,0.0,,United Kingdom,INVALID_OR_ZERO_UNIT_PRICE,2026-09-07T10:25:00.108037
full_historical_baseline,570709,21098,,19,0.0,,United Kingdom,INVALID_OR_ZERO_UNIT_PRICE,2026-09-07T10:25:00.108037
full_historical_baseline,570710,21918,,10,0.0,,United Kingdom,INVALID_OR_ZERO_UNIT_PRICE,2026-09-07T10:25:00.108037
full_historical_baseline,570711,21622,damages,-45,0.0,,United Kingdom,INVALID_OR_ZERO_UNIT_PRICE,2026-09-07T10:25:00.108037
full_historical_baseline,570712,22121,?,-90,0.0,,United Kingdom,INVALID_OR_ZERO_UNIT_PRICE,2026-09-07T10:25:00.108037
full_historical_baseline,570822,22501,Found,24,0.0,,United Kingdom,INVALID_OR_ZERO_UNIT_PRICE,2026-09-07T10:25:00.108037
full_historical_baseline,570860,16168M,found,44,0.0,,United Kingdom,INVALID_OR_ZERO_UNIT_PRICE,2026-09-07T10:25:00.108037
full_historical_baseline,570868,21311,,96,0.0,,United Kingdom,INVALID_OR_ZERO_UNIT_PRICE,2026-09-07T10:25:00.108037
full_historical_baseline,570869,79164,,36,0.0,,United Kingdom,INVALID_OR_ZERO_UNIT_PRICE,2026-09-07T10:25:00.108037
full_historical_baseline,570873,23322,mouldy,-40,0.0,,United Kingdom,INVALID_OR_ZERO_UNIT_PRICE,2026-09-07T10:25:00.108037
full_historical_baseline,570874,23020,smashed,-4,0.0,,United Kingdom,INVALID_OR_ZERO_UNIT_PRICE,2026-09-07T10:25:00.108037
full_historical_baseline,571010,22848,,-16,0.0,,United Kingdom,INVALID_OR_ZERO_UNIT_PRICE,2026-09-07T10:25:00.108037
full_historical_baseline,571011,21078,,-207,0.0,,United Kingdom,INVALID_OR_ZERO_UNIT_PRICE,2026-09-07T10:25:00.108037
full_historical_baseline,571012,21402,,-147,0.0,,United Kingdom,INVALID_OR_ZERO_UNIT_PRICE,2026-09-07T10:25:00.108037
full_historical_baseline,571013,23306,,-104,0.0,,United Kingdom,INVALID_OR_ZERO_UNIT_PRICE,2026-09-07T10:25:00.108037
full_historical_baseline,571016,84596G,,288,0.0,,United Kingdom,INVALID_OR_ZERO_UNIT_PRICE,2026-09-07T10:25:00.108037
full_historical_baseline,571024,22812,?,-270,0.0,,United Kingdom,INVALID_OR_ZERO_UNIT_PRICE,2026-09-07T10:25:00.108037
full_historical_baseline,571027,72816,,-36,0.0,,United Kingdom,INVALID_OR_ZERO_UNIT_PRICE,2026-09-07T10:25:00.108037
full_historical_baseline,571035,M,Manual,1,0.0,12446.0,RSA,INVALID_OR_ZERO_UNIT_PRICE,2026-09-07T10:25:00.108037
full_historical_baseline,571037,20669,,-25,0.0,,United Kingdom,INVALID_OR_ZERO_UNIT_PRICE,2026-09-07T10:25:00.108037
full_historical_baseline,571042,23306,,48,0.0,,United Kingdom,INVALID_OR_ZERO_UNIT_PRICE,2026-09-07T10:25:00.108037
full_historical_baseline,571112,22637,damages,-65,0.0,,United Kingdom,INVALID_OR_ZERO_UNIT_PRICE,2026-09-07T10:25:00.108037
full_historical_baseline,571113,21407,,-19,0.0,,United Kingdom,INVALID_OR_ZERO_UNIT_PRICE,2026-09-07T10:25:00.108037
full_historical_baseline,571114,23159,,-99,0.0,,United Kingdom,INVALID_OR_ZERO_UNIT_PRICE,2026-09-07T10:25:00.108037
full_historical_baseline,571115,82567,,-73,0.0,,United Kingdom,INVALID_OR_ZERO_UNIT_PRICE,2026-09-07T10:25:00.108037
full_historical_baseline,571116,23131,?,-49,0.0,,United Kingdom,INVALID_OR_ZERO_UNIT_PRICE,2026-09-07T10:25:00.108037
full_historical_baseline,571124,72802A,Wet pallet-thrown away,-306,0.0,,United Kingdom,INVALID_OR_ZERO_UNIT_PRICE,2026-09-07T10:25:00.108037
full_historical_baseline,571126,72802A,?,-50,0.0,,United Kingdom,INVALID_OR_ZERO_UNIT_PRICE,2026-09-07T10:25:00.108037
full_historical_baseline,571128,72802A,Had been put aside.,54,0.0,,United Kingdom,INVALID_OR_ZERO_UNIT_PRICE,2026-09-07T10:25:00.108037
full_historical_baseline,571130,72802C,check,-37,0.0,,United Kingdom,INVALID_OR_ZERO_UNIT_PRICE,2026-09-07T10:25:00.108037
full_historical_baseline,571131,72802B,check,-51,0.0,,United Kingdom,INVALID_OR_ZERO_UNIT_PRICE,2026-09-07T10:25:00.108037
full_historical_baseline,571198,21190,,48,0.0,,United Kingdom,INVALID_OR_ZERO_UNIT_PRICE,2026-09-07T10:25:00.108037
full_historical_baseline,571249,23084,,6,0.0,,United Kingdom,INVALID_OR_ZERO_UNIT_PRICE,2026-09-07T10:25:00.108037
full_historical_baseline,571254,23427,damaged,-2,0.0,,United Kingdom,INVALID_OR_ZERO_UNIT_PRICE,2026-09-07T10:25:00.108037
full_historical_baseline,571458,21761,damaged,-2,0.0,,United Kingdom,INVALID_OR_ZERO_UNIT_PRICE,2026-09-07T10:25:00.108037
full_historical_baseline,571459,20839,damages,-80,0.0,,United Kingdom,INVALID_OR_ZERO_UNIT_PRICE,2026-09-07T10:25:00.108037
full_historical_baseline,571460,46775D,,6,0.0,,United Kingdom,INVALID_OR_ZERO_UNIT_PRICE,2026-09-07T10:25:00.108037
full_historical_baseline,571633,20713,found,100,0.0,,United Kingdom,INVALID_OR_ZERO_UNIT_PRICE,2026-09-07T10:25:00.108037
full_historical_baseline,571674,23702,,100,0.0,,United Kingdom,INVALID_OR_ZERO_UNIT_PRICE,2026-09-07T10:25:00.108037
full_historical_baseline,571686,22149,damages,-40,0.0,,United Kingdom,INVALID_OR_ZERO_UNIT_PRICE,2026-09-07T10:25:00.108037
full_historical_baseline,571687,22149,check,-46,0.0,,United Kingdom,INVALID_OR_ZERO_UNIT_PRICE,2026-09-07T10:25:00.108037
full_historical_baseline,571688,22149,,46,0.0,,United Kingdom,INVALID_OR_ZERO_UNIT_PRICE,2026-09-07T10:25:00.108037
full_historical_baseline,571689,85135B,,-27,0.0,,United Kingdom,INVALID_OR_ZERO_UNIT_PRICE,2026-09-07T10:25:00.108037
full_historical_baseline,571704,23579,Sale error,4,0.0,,United Kingdom,INVALID_OR_ZERO_UNIT_PRICE,2026-09-07T10:25:00.108037
full_historical_baseline,571718,21801,,5,0.0,,United Kingdom,INVALID_OR_ZERO_UNIT_PRICE,2026-09-07T10:25:00.108037
full_historical_baseline,571719,22729,,7,0.0,,United Kingdom,INVALID_OR_ZERO_UNIT_PRICE,2026-09-07T10:25:00.108037
full_historical_baseline,571720,85211,,3,0.0,,United Kingdom,INVALID_OR_ZERO_UNIT_PRICE,2026-09-07T10:25:00.108037
full_historical_baseline,571721,21738,,2,0.0,,United Kingdom,INVALID_OR_ZERO_UNIT_PRICE,2026-09-07T10:25:00.108037
full_historical_baseline,571722,22062,,1,0.0,,United Kingdom,INVALID_OR_ZERO_UNIT_PRICE,2026-09-07T10:25:00.108037
full_historical_baseline,571723,85211,,-1,0.0,,United Kingdom,INVALID_OR_ZERO_UNIT_PRICE,2026-09-07T10:25:00.108037
full_historical_baseline,571731,21911,,1,0.0,,United Kingdom,INVALID_OR_ZERO_UNIT_PRICE,2026-09-07T10:25:00.108037
full_historical_baseline,571915,21627,check,-32,0.0,,United Kingdom,INVALID_OR_ZERO_UNIT_PRICE,2026-09-07T10:25:00.108037
full_historical_baseline,572239,84247E,,1,0.0,,United Kingdom,INVALID_OR_ZERO_UNIT_PRICE,2026-09-07T10:25:00.108037
full_historical_baseline,572341,85036A,,-82,0.0,,United Kingdom,INVALID_OR_ZERO_UNIT_PRICE,2026-09-07T10:25:00.108037
full_historical_baseline,572345,20713,Found,100,0.0,,United Kingdom,INVALID_OR_ZERO_UNIT_PRICE,2026-09-07T10:25:00.108037
full_historical_baseline,572468,72803A,damages,-160,0.0,,United Kingdom,INVALID_OR_ZERO_UNIT_PRICE,2026-09-07T10:25:00.108037
full_historical_baseline,572476,20665,dotcom,21,0.0,,United Kingdom,INVALID_OR_ZERO_UNIT_PRICE,2026-09-07T10:25:00.108037
full_historical_baseline,572477,20665,adjustment,-15,0.0,,United Kingdom,INVALID_OR_ZERO_UNIT_PRICE,2026-09-07T10:25:00.108037
full_historical_baseline,572480,22049,damaged,-100,0.0,,United Kingdom,INVALID_OR_ZERO_UNIT_PRICE,2026-09-07T10:25:00.108037
full_historical_baseline,572510,20967,Amazon Adjustment,1,0.0,,United Kingdom,INVALID_OR_ZERO_UNIT_PRICE,2026-09-07T10:25:00.108037
full_historical_baseline,572514,20774,,-4,0.0,,United Kingdom,INVALID_OR_ZERO_UNIT_PRICE,2026-09-07T10:25:00.108037
full_historical_baseline,572516,22336,damaged,-71,0.0,,United Kingdom,INVALID_OR_ZERO_UNIT_PRICE,2026-09-07T10:25:00.108037
full_historical_baseline,572527,20984,damaged,-46,0.0,,United Kingdom,INVALID_OR_ZERO_UNIT_PRICE,2026-09-07T10:25:00.108037
full_historical_baseline,572533,84877D,,-1,0.0,,United Kingdom,INVALID_OR_ZERO_UNIT_PRICE,2026-09-07T10:25:00.108037
full_historical_baseline,572534,35597D,,-2,0.0,,United Kingdom,INVALID_OR_ZERO_UNIT_PRICE,2026-09-07T10:25:00.108037
full_historical_baseline,572536,21294,,-8,0.0,,United Kingdom,INVALID_OR_ZERO_UNIT_PRICE,2026-09-07T10:25:00.108037
full_historical_baseline,572537,37327,,2,0.0,,United Kingdom,INVALID_OR_ZERO_UNIT_PRICE,2026-09-07T10:25:00.108037
full_historical_baseline,572539,79030D,,13,0.0,,United Kingdom,INVALID_OR_ZERO_UNIT_PRICE,2026-09-07T10:25:00.108037
full_historical_baseline,572543,22570,,-32,0.0,,United Kingdom,INVALID_OR_ZERO_UNIT_PRICE,2026-09-07T10:25:00.108037
full_historical_baseline,572547,20713,wrongly marked 23343,200,0.0,,United Kingdom,INVALID_OR_ZERO_UNIT_PRICE,2026-09-07T10:25:00.108037
full_historical_baseline,572548,23343,20713 wrongly marked,-200,0.0,,United Kingdom,INVALID_OR_ZERO_UNIT_PRICE,2026-09-07T10:25:00.108037
full_historical_baseline,572557,22427,damages,-29,0.0,,United Kingdom,INVALID_OR_ZERO_UNIT_PRICE,2026-09-07T10:25:00.108037
full_historical_baseline,572564,40016,,-108,0.0,,United Kingdom,INVALID_OR_ZERO_UNIT_PRICE,2026-09-07T10:25:00.108037
full_historical_baseline,572614,23595,adjustment,5,0.0,,United Kingdom,INVALID_OR_ZERO_UNIT_PRICE,2026-09-07T10:25:00.108037
full_historical_baseline,572615,23595,re-adjustment,-5,0.0,,United Kingdom,INVALID_OR_ZERO_UNIT_PRICE,2026-09-07T10:25:00.108037
full_historical_baseline,572684,23029,damages,-20,0.0,,United Kingdom,INVALID_OR_ZERO_UNIT_PRICE,2026-09-07T10:25:00.108037
full_historical_baseline,572685,23032,damages,-60,0.0,,United Kingdom,INVALID_OR_ZERO_UNIT_PRICE,2026-09-07T10:25:00.108037
full_historical_baseline,572686,23118,Breakages,-30,0.0,,United Kingdom,INVALID_OR_ZERO_UNIT_PRICE,2026-09-07T10:25:00.108037
full_historical_baseline,572687,20840,damages,-30,0.0,,United Kingdom,INVALID_OR_ZERO_UNIT_PRICE,2026-09-07T10:25:00.108037
full_historical_baseline,572689,84969,check,-50,0.0,,United Kingdom,INVALID_OR_ZERO_UNIT_PRICE,2026-09-07T10:25:00.108037
full_historical_baseline,572690,21539,damages?,-111,0.0,,United Kingdom,INVALID_OR_ZERO_UNIT_PRICE,2026-09-07T10:25:00.108037
full_historical_baseline,572691,22426,check,-15,0.0,,United Kingdom,INVALID_OR_ZERO_UNIT_PRICE,2026-09-07T10:25:00.108037
full_historical_baseline,572692,21071,check,-82,0.0,,United Kingdom,INVALID_OR_ZERO_UNIT_PRICE,2026-09-07T10:25:00.108037
full_historical_baseline,572693,35810A,check,-78,0.0,,United Kingdom,INVALID_OR_ZERO_UNIT_PRICE,2026-09-07T10:25:00.108037
full_historical_baseline,572694,35810B,,12,0.0,,United Kingdom,INVALID_OR_ZERO_UNIT_PRICE,2026-09-07T10:25:00.108037
full_historical_baseline,572697,22087,Amazon,6,0.0,,United Kingdom,INVALID_OR_ZERO_UNIT_PRICE,2026-09-07T10:25:00.108037
full_historical_baseline,572698,82613A,Amazon,1,0.0,,United Kingdom,INVALID_OR_ZERO_UNIT_PRICE,2026-09-07T10:25:00.108037
full_historical_baseline,572699,72818,,-48,0.0,,United Kingdom,INVALID_OR_ZERO_UNIT_PRICE,2026-09-07T10:25:00.108037
full_historical_baseline,572700,72818,,1,0.0,,United Kingdom,INVALID_OR_ZERO_UNIT_PRICE,2026-09-07T10:25:00.108037
full_historical_baseline,572701,85078,missing,-840,0.0,,United Kingdom,INVALID_OR_ZERO_UNIT_PRICE,2026-09-07T10:25:00.108037
full_historical_baseline,572702,37479P,??,-184,0.0,,United Kingdom,INVALID_OR_ZERO_UNIT_PRICE,2026-09-07T10:25:00.108037
full_historical_baseline,572716,22829,,2,0.0,,United Kingdom,INVALID_OR_ZERO_UNIT_PRICE,2026-09-07T10:25:00.108037
full_historical_baseline,572723,21829,adjustment,12,0.0,,United Kingdom,INVALID_OR_ZERO_UNIT_PRICE,2026-09-07T10:25:00.108037
full_historical_baseline,572724,84507C,adjustment,4,0.0,,United Kingdom,INVALID_OR_ZERO_UNIT_PRICE,2026-09-07T10:25:00.108037
full_historical_baseline,572725,20754,Found,57,0.0,,United Kingdom,INVALID_OR_ZERO_UNIT_PRICE,2026-09-07T10:25:00.108037
full_historical_baseline,572731,35914,,2,0.0,,United Kingdom,INVALID_OR_ZERO_UNIT_PRICE,2026-09-07T10:25:00.108037
full_historical_baseline,572739,21578,found,16,0.0,,United Kingdom,INVALID_OR_ZERO_UNIT_PRICE,2026-09-07T10:25:00.108037
full_historical_baseline,572740,22687,adjustment,1,0.0,,United Kingdom,INVALID_OR_ZERO_UNIT_PRICE,2026-09-07T10:25:00.108037
full_historical_baseline,572748,21824,check,-103,0.0,,United Kingdom,INVALID_OR_ZERO_UNIT_PRICE,2026-09-07T10:25:00.108037
full_historical_baseline,572749,22572,??,-335,0.0,,United Kingdom,INVALID_OR_ZERO_UNIT_PRICE,2026-09-07T10:25:00.108037
full_historical_baseline,572759,37468,,-2,0.0,,United Kingdom,INVALID_OR_ZERO_UNIT_PRICE,2026-09-07T10:25:00.108037
full_historical_baseline,572890,20713,Marked as 23343,400,0.0,,United Kingdom,INVALID_OR_ZERO_UNIT_PRICE,2026-09-07T10:25:00.108037
full_historical_baseline,572891,23343,20713,-400,0.0,,United Kingdom,INVALID_OR_ZERO_UNIT_PRICE,2026-09-07T10:25:00.108037
full_historical_baseline,572893,21208,PASTEL COLOUR HONEYCOMB FAN,5,0.0,18059.0,United Kingdom,INVALID_OR_ZERO_UNIT_PRICE,2026-09-07T10:25:00.108037
full_historical_baseline,572898,22180,,-15,0.0,,United Kingdom,INVALID_OR_ZERO_UNIT_PRICE,2026-09-07T10:25:00.108037
full_historical_baseline,572919,72802C,check,-17,0.0,,United Kingdom,INVALID_OR_ZERO_UNIT_PRICE,2026-09-07T10:25:00.108037
full_historical_baseline,572920,72803A,?,117,0.0,,United Kingdom,INVALID_OR_ZERO_UNIT_PRICE,2026-09-07T10:25:00.108037
full_historical_baseline,572996,23462,damages,-34,0.0,,United Kingdom,INVALID_OR_ZERO_UNIT_PRICE,2026-09-07T10:25:00.108037
full_historical_baseline,573107,21794,adjustment,10,0.0,,United Kingdom,INVALID_OR_ZERO_UNIT_PRICE,2026-09-07T10:25:00.108037
full_historical_baseline,573114,20713,wrongly coded 23343,1000,0.0,,United Kingdom,INVALID_OR_ZERO_UNIT_PRICE,2026-09-07T10:25:00.108037
full_historical_baseline,573115,23343,wrongly coded 20713,-1000,0.0,,United Kingdom,INVALID_OR_ZERO_UNIT_PRICE,2026-09-07T10:25:00.108037
full_historical_baseline,573118,85032D,damaged,-1,0.0,,United Kingdom,INVALID_OR_ZERO_UNIT_PRICE,2026-09-07T10:25:00.108037
full_historical_baseline,573120,72816,,-1,0.0,,United Kingdom,INVALID_OR_ZERO_UNIT_PRICE,2026-09-07T10:25:00.108037
full_historical_baseline,573169,35600A,Found by jackie,1,0.0,,United Kingdom,INVALID_OR_ZERO_UNIT_PRICE,2026-09-07T10:25:00.108037
full_historical_baseline,573170,21174,found,71,0.0,,United Kingdom,INVALID_OR_ZERO_UNIT_PRICE,2026-09-07T10:25:00.108037
full_historical_baseline,573254,85135C,Damages,-49,0.0,,United Kingdom,INVALID_OR_ZERO_UNIT_PRICE,2026-09-07T10:25:00.108037
full_historical_baseline,573255,85135B,check,3,0.0,,United Kingdom,INVALID_OR_ZERO_UNIT_PRICE,2026-09-07T10:25:00.108037
full_historical_baseline,573256,85135A,,12,0.0,,United Kingdom,INVALID_OR_ZERO_UNIT_PRICE,2026-09-07T10:25:00.108037
full_historical_baseline,573258,85136C,damages,-36,0.0,,United Kingdom,INVALID_OR_ZERO_UNIT_PRICE,2026-09-07T10:25:00.108037
full_historical_baseline,573259,85136A,damages,-77,0.0,,United Kingdom,INVALID_OR_ZERO_UNIT_PRICE,2026-09-07T10:25:00.108037
full_historical_baseline,573293,21181,adjustment,10,0.0,,United Kingdom,INVALID_OR_ZERO_UNIT_PRICE,2026-09-07T10:25:00.108037
full_historical_baseline,573317,21804,,-84,0.0,,United Kingdom,INVALID_OR_ZERO_UNIT_PRICE,2026-09-07T10:25:00.108037
full_historical_baseline,573318,84944,,-47,0.0,,United Kingdom,INVALID_OR_ZERO_UNIT_PRICE,2026-09-07T10:25:00.108037
full_historical_baseline,573463,17012B,check,-70,0.0,,United Kingdom,INVALID_OR_ZERO_UNIT_PRICE,2026-09-07T10:25:00.108037
full_historical_baseline,573482,21181,check,-54,0.0,,United Kingdom,INVALID_OR_ZERO_UNIT_PRICE,2026-09-07T10:25:00.108037
full_historical_baseline,573487,23400,check,-19,0.0,,United Kingdom,INVALID_OR_ZERO_UNIT_PRICE,2026-09-07T10:25:00.108037
full_historical_baseline,573488,23400,,1,0.0,,United Kingdom,INVALID_OR_ZERO_UNIT_PRICE,2026-09-07T10:25:00.108037
full_historical_baseline,573489,85035B,check,-36,0.0,,United Kingdom,INVALID_OR_ZERO_UNIT_PRICE,2026-09-07T10:25:00.108037
full_historical_baseline,573490,85035A,CHECK,-59,0.0,,United Kingdom,INVALID_OR_ZERO_UNIT_PRICE,2026-09-07T10:25:00.108037
full_historical_baseline,573491,21618,CHECK,-54,0.0,,United Kingdom,INVALID_OR_ZERO_UNIT_PRICE,2026-09-07T10:25:00.108037
full_historical_baseline,573493,21619,check,-94,0.0,,United Kingdom,INVALID_OR_ZERO_UNIT_PRICE,2026-09-07T10:25:00.108037
full_historical_baseline,573494,47503H,check,-24,0.0,,United Kingdom,INVALID_OR_ZERO_UNIT_PRICE,2026-09-07T10:25:00.108037
full_historical_baseline,573495,22117,check,184,0.0,,United Kingdom,INVALID_OR_ZERO_UNIT_PRICE,2026-09-07T10:25:00.108037
full_historical_baseline,573497,21642,check,-138,0.0,,United Kingdom,INVALID_OR_ZERO_UNIT_PRICE,2026-09-07T10:25:00.108037
full_historical_baseline,573498,21636,check,-22,0.0,,United Kingdom,INVALID_OR_ZERO_UNIT_PRICE,2026-09-07T10:25:00.108037
full_historical_baseline,573499,21192,check,-164,0.0,,United Kingdom,INVALID_OR_ZERO_UNIT_PRICE,2026-09-07T10:25:00.108037
full_historical_baseline,573503,22595,check,-80,0.0,,United Kingdom,INVALID_OR_ZERO_UNIT_PRICE,2026-09-07T10:25:00.108037
full_historical_baseline,573505,85208,check,-22,0.0,,United Kingdom,INVALID_OR_ZERO_UNIT_PRICE,2026-09-07T10:25:00.108037
full_historical_baseline,573547,84818,damages,-70,0.0,,United Kingdom,INVALID_OR_ZERO_UNIT_PRICE,2026-09-07T10:25:00.108037
full_historical_baseline,573590,79323G,"Unsaleable, destroyed.",-657,0.0,,United Kingdom,INVALID_OR_ZERO_UNIT_PRICE,2026-09-07T10:25:00.108037
full_historical_baseline,573591,79323B,"Unsaleable, destroyed.",-1671,0.0,,United Kingdom,INVALID_OR_ZERO_UNIT_PRICE,2026-09-07T10:25:00.108037
full_historical_baseline,573592,79323GR,"Unsaleable, destroyed.",-1158,0.0,,United Kingdom,INVALID_OR_ZERO_UNIT_PRICE,2026-09-07T10:25:00.108037
full_historical_baseline,573593,79323LP,"Unsaleable, destroyed.",-2618,0.0,,United Kingdom,INVALID_OR_ZERO_UNIT_PRICE,2026-09-07T10:25:00.108037
full_historical_baseline,573594,79323P,"Unsaleable, destroyed.",-2003,0.0,,United Kingdom,INVALID_OR_ZERO_UNIT_PRICE,2026-09-07T10:25:00.108037
full_historical_baseline,573595,79323S,"Unsaleable, destroyed.",-674,0.0,,United Kingdom,INVALID_OR_ZERO_UNIT_PRICE,2026-09-07T10:25:00.108037
full_historical_baseline,573596,79323W,"Unsaleable, destroyed.",-4830,0.0,,United Kingdom,INVALID_OR_ZERO_UNIT_PRICE,2026-09-07T10:25:00.108037
full_historical_baseline,573597,79341,"Unsaleable, destroyed.",-905,0.0,,United Kingdom,INVALID_OR_ZERO_UNIT_PRICE,2026-09-07T10:25:00.108037
full_historical_baseline,573598,79342B,"Unsaleable, destroyed.",-1128,0.0,,United Kingdom,INVALID_OR_ZERO_UNIT_PRICE,2026-09-07T10:25:00.108037
full_historical_baseline,573664,21192,wrongly marked,48,0.0,,United Kingdom,INVALID_OR_ZERO_UNIT_PRICE,2026-09-07T10:25:00.108037
full_historical_baseline,573670,22176,check,-28,0.0,,United Kingdom,INVALID_OR_ZERO_UNIT_PRICE,2026-09-07T10:25:00.108037
full_historical_baseline,573672,22522,check,-126,0.0,,United Kingdom,INVALID_OR_ZERO_UNIT_PRICE,2026-09-07T10:25:00.108037
full_historical_baseline,573726,72817,check,-67,0.0,,United Kingdom,INVALID_OR_ZERO_UNIT_PRICE,2026-09-07T10:25:00.108037
full_historical_baseline,573734,72818,check,-26,0.0,,United Kingdom,INVALID_OR_ZERO_UNIT_PRICE,2026-09-07T10:25:00.108037
full_historical_baseline,573751,46000U,check,10,0.0,,United Kingdom,INVALID_OR_ZERO_UNIT_PRICE,2026-09-07T10:25:00.108037
full_historical_baseline,573752,46000S,dotcom sales,-90,0.0,,United Kingdom,INVALID_OR_ZERO_UNIT_PRICE,2026-09-07T10:25:00.108037
full_historical_baseline,573815,20902,check,-3,0.0,,United Kingdom,INVALID_OR_ZERO_UNIT_PRICE,2026-09-07T10:25:00.108037
full_historical_baseline,573816,20898,check,-10,0.0,,United Kingdom,INVALID_OR_ZERO_UNIT_PRICE,2026-09-07T10:25:00.108037
full_historical_baseline,573880,22812,check,48,0.0,,United Kingdom,INVALID_OR_ZERO_UNIT_PRICE,2026-09-07T10:25:00.108037
full_historical_baseline,573881,21098,had been put aside,108,0.0,,United Kingdom,INVALID_OR_ZERO_UNIT_PRICE,2026-09-07T10:25:00.108037
full_historical_baseline,573882,23131,had been put aside,48,0.0,,United Kingdom,INVALID_OR_ZERO_UNIT_PRICE,2026-09-07T10:25:00.108037
full_historical_baseline,573883,22121,had been put aside,32,0.0,,United Kingdom,INVALID_OR_ZERO_UNIT_PRICE,2026-09-07T10:25:00.108037
full_historical_baseline,573884,22687,had been put aside,20,0.0,,United Kingdom,INVALID_OR_ZERO_UNIT_PRICE,2026-09-07T10:25:00.108037
full_historical_baseline,573885,22689,had been put aside,40,0.0,,United Kingdom,INVALID_OR_ZERO_UNIT_PRICE,2026-09-07T10:25:00.108037
full_historical_baseline,573919,21352,check,-23,0.0,,United Kingdom,INVALID_OR_ZERO_UNIT_PRICE,2026-09-07T10:25:00.108037
full_historical_baseline,573920,84050,check,14,0.0,,United Kingdom,INVALID_OR_ZERO_UNIT_PRICE,2026-09-07T10:25:00.108037
full_historical_baseline,573926,47503A,check,65,0.0,,United Kingdom,INVALID_OR_ZERO_UNIT_PRICE,2026-09-07T10:25:00.108037
full_historical_baseline,573978,21644,check,27,0.0,,United Kingdom,INVALID_OR_ZERO_UNIT_PRICE,2026-09-07T10:25:00.108037
full_historical_baseline,573979,35968,check,9,0.0,,United Kingdom,INVALID_OR_ZERO_UNIT_PRICE,2026-09-07T10:25:00.108037
full_historical_baseline,573980,21539,check,4,0.0,,United Kingdom,INVALID_OR_ZERO_UNIT_PRICE,2026-09-07T10:25:00.108037
full_historical_baseline,573981,21700,check,26,0.0,,United Kingdom,INVALID_OR_ZERO_UNIT_PRICE,2026-09-07T10:25:00.108037
full_historical_baseline,573983,82600,check,3,0.0,,United Kingdom,INVALID_OR_ZERO_UNIT_PRICE,2026-09-07T10:25:00.108037
full_historical_baseline,573984,16207A,check,2,0.0,,United Kingdom,INVALID_OR_ZERO_UNIT_PRICE,2026-09-07T10:25:00.108037
full_historical_baseline,573985,22848,check,2,0.0,,United Kingdom,INVALID_OR_ZERO_UNIT_PRICE,2026-09-07T10:25:00.108037
full_historical_baseline,573986,84659A,check,19,0.0,,United Kingdom,INVALID_OR_ZERO_UNIT_PRICE,2026-09-07T10:25:00.108037
full_historical_baseline,573987,21349,check,1,0.0,,United Kingdom,INVALID_OR_ZERO_UNIT_PRICE,2026-09-07T10:25:00.108037
full_historical_baseline,573988,22925,check,1,0.0,,United Kingdom,INVALID_OR_ZERO_UNIT_PRICE,2026-09-07T10:25:00.108037
full_historical_baseline,573989,23091,check,2,0.0,,United Kingdom,INVALID_OR_ZERO_UNIT_PRICE,2026-09-07T10:25:00.108037
full_historical_baseline,573990,22606,check,1,0.0,,United Kingdom,INVALID_OR_ZERO_UNIT_PRICE,2026-09-07T10:25:00.108037
full_historical_baseline,573991,21804,check,36,0.0,,United Kingdom,INVALID_OR_ZERO_UNIT_PRICE,2026-09-07T10:25:00.108037
full_historical_baseline,574073,23579,,3,0.0,,United Kingdom,INVALID_OR_ZERO_UNIT_PRICE,2026-09-07T10:25:00.108037
full_historical_baseline,574094,22147,check,-80,0.0,,United Kingdom,INVALID_OR_ZERO_UNIT_PRICE,2026-09-07T10:25:00.108037
full_historical_baseline,574101,22180,,1,0.0,,United Kingdom,INVALID_OR_ZERO_UNIT_PRICE,2026-09-07T10:25:00.108037
full_historical_baseline,574123,22652,check,-111,0.0,,United Kingdom,INVALID_OR_ZERO_UNIT_PRICE,2026-09-07T10:25:00.108037
full_historical_baseline,574133,21071,,1,0.0,,United Kingdom,INVALID_OR_ZERO_UNIT_PRICE,2026-09-07T10:25:00.108037
full_historical_baseline,574138,23234,BISCUIT TIN VINTAGE CHRISTMAS,216,0.0,12415.0,Australia,INVALID_OR_ZERO_UNIT_PRICE,2026-09-07T10:25:00.108037
full_historical_baseline,574171,21818,check,-130,0.0,,United Kingdom,INVALID_OR_ZERO_UNIT_PRICE,2026-09-07T10:25:00.108037
full_historical_baseline,574173,35923,check,-42,0.0,,United Kingdom,INVALID_OR_ZERO_UNIT_PRICE,2026-09-07T10:25:00.108037
full_historical_baseline,574175,22065,CHRISTMAS PUDDING TRINKET POT ,12,0.0,14110.0,United Kingdom,INVALID_OR_ZERO_UNIT_PRICE,2026-09-07T10:25:00.108037
full_historical_baseline,574176,85054,check,-39,0.0,,United Kingdom,INVALID_OR_ZERO_UNIT_PRICE,2026-09-07T10:25:00.108037
full_historical_baseline,574198,21159,damaged,-40,0.0,,United Kingdom,INVALID_OR_ZERO_UNIT_PRICE,2026-09-07T10:25:00.108037
full_historical_baseline,574252,M,Manual,1,0.0,12437.0,France,INVALID_OR_ZERO_UNIT_PRICE,2026-09-07T10:25:00.108037
full_historical_baseline,574257,72818,,-3,0.0,,United Kingdom,INVALID_OR_ZERO_UNIT_PRICE,2026-09-07T10:25:00.108037
full_historical_baseline,574438,85054,found,27,0.0,,United Kingdom,INVALID_OR_ZERO_UNIT_PRICE,2026-09-07T10:25:00.108037
full_historical_baseline,574469,22385,JUMBO BAG SPACEBOY DESIGN,12,0.0,12431.0,Australia,INVALID_OR_ZERO_UNIT_PRICE,2026-09-07T10:25:00.108037
full_historical_baseline,574516,22162,,-24,0.0,,United Kingdom,INVALID_OR_ZERO_UNIT_PRICE,2026-09-07T10:25:00.108037
full_historical_baseline,574518,21174,,63,0.0,,United Kingdom,INVALID_OR_ZERO_UNIT_PRICE,2026-09-07T10:25:00.108037
full_historical_baseline,574520,21181,,-6,0.0,,United Kingdom,INVALID_OR_ZERO_UNIT_PRICE,2026-09-07T10:25:00.108037
full_historical_baseline,574577,21519,check,-80,0.0,,United Kingdom,INVALID_OR_ZERO_UNIT_PRICE,2026-09-07T10:25:00.108037
full_historical_baseline,574578,40001,check,-240,0.0,,United Kingdom,INVALID_OR_ZERO_UNIT_PRICE,2026-09-07T10:25:00.108037
full_historical_baseline,574579,72802B,check,-203,0.0,,United Kingdom,INVALID_OR_ZERO_UNIT_PRICE,2026-09-07T10:25:00.108037
full_historical_baseline,574580,20751,check,-35,0.0,,United Kingdom,INVALID_OR_ZERO_UNIT_PRICE,2026-09-07T10:25:00.108037
full_historical_baseline,574581,23187,check,-62,0.0,,United Kingdom,INVALID_OR_ZERO_UNIT_PRICE,2026-09-07T10:25:00.108037
full_historical_baseline,574582,84279P,check,-104,0.0,,United Kingdom,INVALID_OR_ZERO_UNIT_PRICE,2026-09-07T10:25:00.108037
full_historical_baseline,574583,22892,check,-62,0.0,,United Kingdom,INVALID_OR_ZERO_UNIT_PRICE,2026-09-07T10:25:00.108037
full_historical_baseline,574757,72802C,damages,-54,0.0,,United Kingdom,INVALID_OR_ZERO_UNIT_PRICE,2026-09-07T10:25:00.108037
full_historical_baseline,574816,85036C,damages wax,-1560,0.0,,United Kingdom,INVALID_OR_ZERO_UNIT_PRICE,2026-09-07T10:25:00.108037
full_historical_baseline,574822,85036B,damages wax,-1284,0.0,,United Kingdom,INVALID_OR_ZERO_UNIT_PRICE,2026-09-07T10:25:00.108037
full_historical_baseline,574879,22625,RED KITCHEN SCALES,2,0.0,13014.0,United Kingdom,INVALID_OR_ZERO_UNIT_PRICE,2026-09-07T10:25:00.108037
full_historical_baseline,574904,85017B,,11,0.0,,United Kingdom,INVALID_OR_ZERO_UNIT_PRICE,2026-09-07T10:25:00.108037
full_historical_baseline,574905,85017B,,-22,0.0,,United Kingdom,INVALID_OR_ZERO_UNIT_PRICE,2026-09-07T10:25:00.108037
full_historical_baseline,574906,85034A,damaged,-81,0.0,,United Kingdom,INVALID_OR_ZERO_UNIT_PRICE,2026-09-07T10:25:00.108037
full_historical_baseline,574920,22899,CHILDREN'S APRON DOLLY GIRL ,1,0.0,13985.0,United Kingdom,INVALID_OR_ZERO_UNIT_PRICE,2026-09-07T10:25:00.108037
full_historical_baseline,574920,23480,MINI LIGHTS WOODLAND MUSHROOMS,1,0.0,13985.0,United Kingdom,INVALID_OR_ZERO_UNIT_PRICE,2026-09-07T10:25:00.108037
full_historical_baseline,575048,84665,water damaged,-15,0.0,,United Kingdom,INVALID_OR_ZERO_UNIT_PRICE,2026-09-07T10:25:00.108037
full_historical_baseline,575175,84279P,found,84,0.0,,United Kingdom,INVALID_OR_ZERO_UNIT_PRICE,2026-09-07T10:25:00.108037
full_historical_baseline,575287,84508A,check,-39,0.0,,United Kingdom,INVALID_OR_ZERO_UNIT_PRICE,2026-09-07T10:25:00.108037
full_historical_baseline,575386,20977,,-16,0.0,,United Kingdom,INVALID_OR_ZERO_UNIT_PRICE,2026-09-07T10:25:00.108037
full_historical_baseline,575503,35933,,-2,0.0,,United Kingdom,INVALID_OR_ZERO_UNIT_PRICE,2026-09-07T10:25:00.108037
full_historical_baseline,575505,POST,,800,0.0,,United Kingdom,INVALID_OR_ZERO_UNIT_PRICE,2026-09-07T10:25:00.108037
full_historical_baseline,575506,C2,,150,0.0,,United Kingdom,INVALID_OR_ZERO_UNIT_PRICE,2026-09-07T10:25:00.108037
full_historical_baseline,575513,35965,,7,0.0,,United Kingdom,INVALID_OR_ZERO_UNIT_PRICE,2026-09-07T10:25:00.108037
full_historical_baseline,575518,10080,check,22,0.0,,United Kingdom,INVALID_OR_ZERO_UNIT_PRICE,2026-09-07T10:25:00.108037
full_historical_baseline,575579,22437,SET OF 9 BLACK SKULL BALLOONS,20,0.0,13081.0,United Kingdom,INVALID_OR_ZERO_UNIT_PRICE,2026-09-07T10:25:00.108037
full_historical_baseline,575579,22089,PAPER BUNTING VINTAGE PAISLEY,24,0.0,13081.0,United Kingdom,INVALID_OR_ZERO_UNIT_PRICE,2026-09-07T10:25:00.108037
full_historical_baseline,575613,23118,check,-6,0.0,,United Kingdom,INVALID_OR_ZERO_UNIT_PRICE,2026-09-07T10:25:00.108037
full_historical_baseline,575614,22121,check,-10,0.0,,United Kingdom,INVALID_OR_ZERO_UNIT_PRICE,2026-09-07T10:25:00.108037
full_historical_baseline,575615,82582,??,-130,0.0,,United Kingdom,INVALID_OR_ZERO_UNIT_PRICE,2026-09-07T10:25:00.108037
full_historical_baseline,575617,21014,check,-90,0.0,,United Kingdom,INVALID_OR_ZERO_UNIT_PRICE,2026-09-07T10:25:00.108037
full_historical_baseline,575625,35972,check,-3,0.0,,United Kingdom,INVALID_OR_ZERO_UNIT_PRICE,2026-09-07T10:25:00.108037
full_historical_baseline,575704,21843,smashed,-63,0.0,,United Kingdom,INVALID_OR_ZERO_UNIT_PRICE,2026-09-07T10:25:00.108037
full_historical_baseline,575714,85125,check,-64,0.0,,United Kingdom,INVALID_OR_ZERO_UNIT_PRICE,2026-09-07T10:25:00.108037
full_historical_baseline,575715,72802B,check,-36,0.0,,United Kingdom,INVALID_OR_ZERO_UNIT_PRICE,2026-09-07T10:25:00.108037
full_historical_baseline,575716,72802C,check,-21,0.0,,United Kingdom,INVALID_OR_ZERO_UNIT_PRICE,2026-09-07T10:25:00.108037
full_historical_baseline,575717,85175,check,-42,0.0,,United Kingdom,INVALID_OR_ZERO_UNIT_PRICE,2026-09-07T10:25:00.108037
full_historical_baseline,575719,35954,check,24,0.0,,United Kingdom,INVALID_OR_ZERO_UNIT_PRICE,2026-09-07T10:25:00.108037
full_historical_baseline,575720,21817,check,-8,0.0,,United Kingdom,INVALID_OR_ZERO_UNIT_PRICE,2026-09-07T10:25:00.108037
full_historical_baseline,575721,22804,Wrongly mrked had 85123a in box,-256,0.0,,United Kingdom,INVALID_OR_ZERO_UNIT_PRICE,2026-09-07T10:25:00.108037
full_historical_baseline,575722,85123A,wrongly marked carton 22804,-256,0.0,,United Kingdom,INVALID_OR_ZERO_UNIT_PRICE,2026-09-07T10:25:00.108037
full_historical_baseline,575748,23298,SPOTTY BUNTING,1,0.0,,United Kingdom,INVALID_OR_ZERO_UNIT_PRICE,2026-09-07T10:25:00.108037
full_historical_baseline,575907,22268,check,-10,0.0,,United Kingdom,INVALID_OR_ZERO_UNIT_PRICE,2026-09-07T10:25:00.108037
full_historical_baseline,575909,20711,check,-220,0.0,,United Kingdom,INVALID_OR_ZERO_UNIT_PRICE,2026-09-07T10:25:00.108037
full_historical_baseline,575912,22943,check,-7,0.0,,United Kingdom,INVALID_OR_ZERO_UNIT_PRICE,2026-09-07T10:25:00.108037
full_historical_baseline,576109,21181,adjustment,180,0.0,,United Kingdom,INVALID_OR_ZERO_UNIT_PRICE,2026-09-07T10:25:00.108037
full_historical_baseline,576110,35965,,5,0.0,,United Kingdom,INVALID_OR_ZERO_UNIT_PRICE,2026-09-07T10:25:00.108037
full_historical_baseline,576185,22575,missing?,-130,0.0,,United Kingdom,INVALID_OR_ZERO_UNIT_PRICE,2026-09-07T10:25:00.108037
full_historical_baseline,576192,22827,,4,0.0,,United Kingdom,INVALID_OR_ZERO_UNIT_PRICE,2026-09-07T10:25:00.108037
full_historical_baseline,576193,22827,,-8,0.0,,United Kingdom,INVALID_OR_ZERO_UNIT_PRICE,2026-09-07T10:25:00.108037
full_historical_baseline,576250,71279,damages,-74,0.0,,United Kingdom,INVALID_OR_ZERO_UNIT_PRICE,2026-09-07T10:25:00.108037
full_historical_baseline,576258,22812,,11,0.0,,United Kingdom,INVALID_OR_ZERO_UNIT_PRICE,2026-09-07T10:25:00.108037
full_historical_baseline,576299,21181,,16,0.0,,United Kingdom,INVALID_OR_ZERO_UNIT_PRICE,2026-09-07T10:25:00.108037
full_historical_baseline,576302,22812,,46,0.0,,United Kingdom,INVALID_OR_ZERO_UNIT_PRICE,2026-09-07T10:25:00.108037
full_historical_baseline,576336,21809,,16,0.0,,United Kingdom,INVALID_OR_ZERO_UNIT_PRICE,2026-09-07T10:25:00.108037
full_historical_baseline,576366,23072,damages,-50,0.0,,United Kingdom,INVALID_OR_ZERO_UNIT_PRICE,2026-09-07T10:25:00.108037
full_historical_baseline,576367,23071,damages,-65,0.0,,United Kingdom,INVALID_OR_ZERO_UNIT_PRICE,2026-09-07T10:25:00.108037
full_historical_baseline,576368,21135,wet rusty,-864,0.0,,United Kingdom,INVALID_OR_ZERO_UNIT_PRICE,2026-09-07T10:25:00.108037
full_historical_baseline,576369,21135,wet rusty,-288,0.0,,United Kingdom,INVALID_OR_ZERO_UNIT_PRICE,2026-09-07T10:25:00.108037
full_historical_baseline,576404,22687,,18,0.0,,United Kingdom,INVALID_OR_ZERO_UNIT_PRICE,2026-09-07T10:25:00.108037
full_historical_baseline,576407,47590B,check,-57,0.0,,United Kingdom,INVALID_OR_ZERO_UNIT_PRICE,2026-09-07T10:25:00.108037
full_historical_baseline,576410,71038,check,-16,0.0,,United Kingdom,INVALID_OR_ZERO_UNIT_PRICE,2026-09-07T10:25:00.108037
full_historical_baseline,576411,85111,check,-117,0.0,,United Kingdom,INVALID_OR_ZERO_UNIT_PRICE,2026-09-07T10:25:00.108037
full_historical_baseline,576413,17012C,check,-22,0.0,,United Kingdom,INVALID_OR_ZERO_UNIT_PRICE,2026-09-07T10:25:00.108037
full_historical_baseline,576414,17012F,check,14,0.0,,United Kingdom,INVALID_OR_ZERO_UNIT_PRICE,2026-09-07T10:25:00.108037
full_historical_baseline,576415,17012B,,-2,0.0,,United Kingdom,INVALID_OR_ZERO_UNIT_PRICE,2026-09-07T10:25:00.108037
full_historical_baseline,576419,85036B,check,-23,0.0,,United Kingdom,INVALID_OR_ZERO_UNIT_PRICE,2026-09-07T10:25:00.108037
full_historical_baseline,576424,85036C,check,-4,0.0,,United Kingdom,INVALID_OR_ZERO_UNIT_PRICE,2026-09-07T10:25:00.108037
full_historical_baseline,576426,21051,found,240,0.0,,United Kingdom,INVALID_OR_ZERO_UNIT_PRICE,2026-09-07T10:25:00.108037
full_historical_baseline,576431,22688,,15,0.0,,United Kingdom,INVALID_OR_ZERO_UNIT_PRICE,2026-09-07T10:25:00.108037
full_historical_baseline,576436,22943,check,-26,0.0,,United Kingdom,INVALID_OR_ZERO_UNIT_PRICE,2026-09-07T10:25:00.108037
full_historical_baseline,576473,21868,,-108,0.0,,United Kingdom,INVALID_OR_ZERO_UNIT_PRICE,2026-09-07T10:25:00.108037
full_historical_baseline,576509,21868,,144,0.0,,United Kingdom,INVALID_OR_ZERO_UNIT_PRICE,2026-09-07T10:25:00.108037
full_historical_baseline,576517,22121,,17,0.0,,United Kingdom,INVALID_OR_ZERO_UNIT_PRICE,2026-09-07T10:25:00.108037
full_historical_baseline,576547,21809,,56,0.0,,United Kingdom,INVALID_OR_ZERO_UNIT_PRICE,2026-09-07T10:25:00.108037
full_historical_baseline,576566,21830,,-186,0.0,,United Kingdom,INVALID_OR_ZERO_UNIT_PRICE,2026-09-07T10:25:00.108037
full_historical_baseline,576569,47504K,,-21,0.0,,United Kingdom,INVALID_OR_ZERO_UNIT_PRICE,2026-09-07T10:25:00.108037
full_historical_baseline,576578,22412,,-37,0.0,,United Kingdom,INVALID_OR_ZERO_UNIT_PRICE,2026-09-07T10:25:00.108037
full_historical_baseline,576580,22034,,-5,0.0,,United Kingdom,INVALID_OR_ZERO_UNIT_PRICE,2026-09-07T10:25:00.108037
full_historical_baseline,576585,84247E,,22,0.0,,United Kingdom,INVALID_OR_ZERO_UNIT_PRICE,2026-09-07T10:25:00.108037
full_historical_baseline,576594,21394,,1,0.0,,United Kingdom,INVALID_OR_ZERO_UNIT_PRICE,2026-09-07T10:25:00.108037
full_historical_baseline,576619,21054,,1,0.0,,United Kingdom,INVALID_OR_ZERO_UNIT_PRICE,2026-09-07T10:25:00.108037
full_historical_baseline,576620,16207A,,1,0.0,,United Kingdom,INVALID_OR_ZERO_UNIT_PRICE,2026-09-07T10:25:00.108037
full_historical_baseline,576632,21823,amazon adjust,10,0.0,,United Kingdom,INVALID_OR_ZERO_UNIT_PRICE,2026-09-07T10:25:00.108037
full_historical_baseline,576643,85127,found,6,0.0,,United Kingdom,INVALID_OR_ZERO_UNIT_PRICE,2026-09-07T10:25:00.108037
full_historical_baseline,576662,22570,,1,0.0,,United Kingdom,INVALID_OR_ZERO_UNIT_PRICE,2026-09-07T10:25:00.108037
full_historical_baseline,576673,22548,adjustment,4,0.0,,United Kingdom,INVALID_OR_ZERO_UNIT_PRICE,2026-09-07T10:25:00.108037
full_historical_baseline,576674,21823,damaged,-6,0.0,,United Kingdom,INVALID_OR_ZERO_UNIT_PRICE,2026-09-07T10:25:00.108037
full_historical_baseline,576675,37327,adjustment,3,0.0,,United Kingdom,INVALID_OR_ZERO_UNIT_PRICE,2026-09-07T10:25:00.108037
full_historical_baseline,576762,21744,check,-21,0.0,,United Kingdom,INVALID_OR_ZERO_UNIT_PRICE,2026-09-07T10:25:00.108037
full_historical_baseline,576763,23035,check,-64,0.0,,United Kingdom,INVALID_OR_ZERO_UNIT_PRICE,2026-09-07T10:25:00.108037
full_historical_baseline,576764,16008,check,-1510,0.0,,United Kingdom,INVALID_OR_ZERO_UNIT_PRICE,2026-09-07T10:25:00.108037
full_historical_baseline,576765,22219,???lost,-550,0.0,,United Kingdom,INVALID_OR_ZERO_UNIT_PRICE,2026-09-07T10:25:00.108037
full_historical_baseline,576766,85019B,check,15,0.0,,United Kingdom,INVALID_OR_ZERO_UNIT_PRICE,2026-09-07T10:25:00.108037
full_historical_baseline,576767,22339,check,-60,0.0,,United Kingdom,INVALID_OR_ZERO_UNIT_PRICE,2026-09-07T10:25:00.108037
full_historical_baseline,576773,22181,check,-92,0.0,,United Kingdom,INVALID_OR_ZERO_UNIT_PRICE,2026-09-07T10:25:00.108037
full_historical_baseline,576776,21811,check,-240,0.0,,United Kingdom,INVALID_OR_ZERO_UNIT_PRICE,2026-09-07T10:25:00.108037
full_historical_baseline,576777,22121,,4,0.0,,United Kingdom,INVALID_OR_ZERO_UNIT_PRICE,2026-09-07T10:25:00.108037
full_historical_baseline,576835,21618,,-2,0.0,,United Kingdom,INVALID_OR_ZERO_UNIT_PRICE,2026-09-07T10:25:00.108037
full_historical_baseline,576839,35818B,adjustment,-22,0.0,,United Kingdom,INVALID_OR_ZERO_UNIT_PRICE,2026-09-07T10:25:00.108037
full_historical_baseline,576843,10133,damaged,-82,0.0,,United Kingdom,INVALID_OR_ZERO_UNIT_PRICE,2026-09-07T10:25:00.108037
full_historical_baseline,577037,72817,dotcomstock,4,0.0,,United Kingdom,INVALID_OR_ZERO_UNIT_PRICE,2026-09-07T10:25:00.108037
full_historical_baseline,577102,21915,John Lewis,200,0.0,,United Kingdom,INVALID_OR_ZERO_UNIT_PRICE,2026-09-07T10:25:00.108037
full_historical_baseline,577111,22587,check,-41,0.0,,United Kingdom,INVALID_OR_ZERO_UNIT_PRICE,2026-09-07T10:25:00.108037
full_historical_baseline,577112,22586,check,-30,0.0,,United Kingdom,INVALID_OR_ZERO_UNIT_PRICE,2026-09-07T10:25:00.108037
full_historical_baseline,577113,22271,check,-43,0.0,,United Kingdom,INVALID_OR_ZERO_UNIT_PRICE,2026-09-07T10:25:00.108037
full_historical_baseline,577114,21786,check,-209,0.0,,United Kingdom,INVALID_OR_ZERO_UNIT_PRICE,2026-09-07T10:25:00.108037
full_historical_baseline,577115,85035C,check,-24,0.0,,United Kingdom,INVALID_OR_ZERO_UNIT_PRICE,2026-09-07T10:25:00.108037
full_historical_baseline,577116,21165,check,-28,0.0,,United Kingdom,INVALID_OR_ZERO_UNIT_PRICE,2026-09-07T10:25:00.108037
full_historical_baseline,577117,22149,check,34,0.0,,United Kingdom,INVALID_OR_ZERO_UNIT_PRICE,2026-09-07T10:25:00.108037
full_historical_baseline,577118,22286,check,-47,0.0,,United Kingdom,INVALID_OR_ZERO_UNIT_PRICE,2026-09-07T10:25:00.108037
full_historical_baseline,577119,22778,check,-10,0.0,,United Kingdom,INVALID_OR_ZERO_UNIT_PRICE,2026-09-07T10:25:00.108037
full_historical_baseline,577120,20752,check,-10,0.0,,United Kingdom,INVALID_OR_ZERO_UNIT_PRICE,2026-09-07T10:25:00.108037
full_historical_baseline,577122,23348,sold with wrong barcode,-57,0.0,,United Kingdom,INVALID_OR_ZERO_UNIT_PRICE,2026-09-07T10:25:00.108037
full_historical_baseline,577123,23288,check,-63,0.0,,United Kingdom,INVALID_OR_ZERO_UNIT_PRICE,2026-09-07T10:25:00.108037
full_historical_baseline,577124,22759,check,-327,0.0,,United Kingdom,INVALID_OR_ZERO_UNIT_PRICE,2026-09-07T10:25:00.108037
full_historical_baseline,577129,22464,HANGING METAL HEART LANTERN,4,0.0,15602.0,United Kingdom,INVALID_OR_ZERO_UNIT_PRICE,2026-09-07T10:25:00.108037
full_historical_baseline,577144,22759,found,96,0.0,,United Kingdom,INVALID_OR_ZERO_UNIT_PRICE,2026-09-07T10:25:00.108037
full_historical_baseline,577145,20832,check,110,0.0,,United Kingdom,INVALID_OR_ZERO_UNIT_PRICE,2026-09-07T10:25:00.108037
full_historical_baseline,577168,M,Manual,1,0.0,12603.0,Germany,INVALID_OR_ZERO_UNIT_PRICE,2026-09-07T10:25:00.108037
full_historical_baseline,577251,72802C,,1,0.0,,United Kingdom,INVALID_OR_ZERO_UNIT_PRICE,2026-09-07T10:25:00.108037
full_historical_baseline,577263,47503H,found,66,0.0,,United Kingdom,INVALID_OR_ZERO_UNIT_PRICE,2026-09-07T10:25:00.108037
full_historical_baseline,577264,85125,,3,0.0,,United Kingdom,INVALID_OR_ZERO_UNIT_PRICE,2026-09-07T10:25:00.108037
full_historical_baseline,577265,23268,,2,0.0,,United Kingdom,INVALID_OR_ZERO_UNIT_PRICE,2026-09-07T10:25:00.108037
full_historical_baseline,577304,20956,check,-152,0.0,,United Kingdom,INVALID_OR_ZERO_UNIT_PRICE,2026-09-07T10:25:00.108037
full_historical_baseline,577305,22946,check,-21,0.0,,United Kingdom,INVALID_OR_ZERO_UNIT_PRICE,2026-09-07T10:25:00.108037
full_historical_baseline,577306,72817,,12,0.0,,United Kingdom,INVALID_OR_ZERO_UNIT_PRICE,2026-09-07T10:25:00.108037
full_historical_baseline,577307,16169E,check,-313,0.0,,United Kingdom,INVALID_OR_ZERO_UNIT_PRICE,2026-09-07T10:25:00.108037
full_historical_baseline,577314,23407,SET OF 2 TRAYS HOME SWEET HOME,2,0.0,12444.0,Norway,INVALID_OR_ZERO_UNIT_PRICE,2026-09-07T10:25:00.108037
full_historical_baseline,577339,15060B,,9,0.0,,United Kingdom,INVALID_OR_ZERO_UNIT_PRICE,2026-09-07T10:25:00.108037
full_historical_baseline,577340,22570,,40,0.0,,United Kingdom,INVALID_OR_ZERO_UNIT_PRICE,2026-09-07T10:25:00.108037
full_historical_baseline,577608,35400,,5,0.0,,United Kingdom,INVALID_OR_ZERO_UNIT_PRICE,2026-09-07T10:25:00.108037
full_historical_baseline,577611,23118,dotcom adjust,10,0.0,,United Kingdom,INVALID_OR_ZERO_UNIT_PRICE,2026-09-07T10:25:00.108037
full_historical_baseline,577612,21181,dotcom,20,0.0,,United Kingdom,INVALID_OR_ZERO_UNIT_PRICE,2026-09-07T10:25:00.108037
full_historical_baseline,577696,M,Manual,1,0.0,16406.0,United Kingdom,INVALID_OR_ZERO_UNIT_PRICE,2026-09-07T10:25:00.108037
full_historical_baseline,577787,23055,rusty thrown away,-398,0.0,,United Kingdom,INVALID_OR_ZERO_UNIT_PRICE,2026-09-07T10:25:00.108037
full_historical_baseline,577788,23056,rusty throw away,-210,0.0,,United Kingdom,INVALID_OR_ZERO_UNIT_PRICE,2026-09-07T10:25:00.108037
full_historical_baseline,577789,23057,rusty throw away,-280,0.0,,United Kingdom,INVALID_OR_ZERO_UNIT_PRICE,2026-09-07T10:25:00.108037
full_historical_baseline,577829,85231G,amazon,1,0.0,,United Kingdom,INVALID_OR_ZERO_UNIT_PRICE,2026-09-07T10:25:00.108037
full_historical_baseline,577836,21888,check,-57,0.0,,United Kingdom,INVALID_OR_ZERO_UNIT_PRICE,2026-09-07T10:25:00.108037
full_historical_baseline,577942,21811,check,26,0.0,,United Kingdom,INVALID_OR_ZERO_UNIT_PRICE,2026-09-07T10:25:00.108037
full_historical_baseline,577944,47503A,check,56,0.0,,United Kingdom,INVALID_OR_ZERO_UNIT_PRICE,2026-09-07T10:25:00.108037
full_historical_baseline,577947,21992,check,13,0.0,,United Kingdom,INVALID_OR_ZERO_UNIT_PRICE,2026-09-07T10:25:00.108037
full_historical_baseline,577949,21804,check,44,0.0,,United Kingdom,INVALID_OR_ZERO_UNIT_PRICE,2026-09-07T10:25:00.108037
full_historical_baseline,577953,23348,check,5,0.0,,United Kingdom,INVALID_OR_ZERO_UNIT_PRICE,2026-09-07T10:25:00.108037
full_historical_baseline,577954,17136A,check,3,0.0,,United Kingdom,INVALID_OR_ZERO_UNIT_PRICE,2026-09-07T10:25:00.108037
full_historical_baseline,577956,21145,,3,0.0,,United Kingdom,INVALID_OR_ZERO_UNIT_PRICE,2026-09-07T10:25:00.108037
full_historical_baseline,577959,85107,check?,374,0.0,,United Kingdom,INVALID_OR_ZERO_UNIT_PRICE,2026-09-07T10:25:00.108037
full_historical_baseline,577961,23268,,2,0.0,,United Kingdom,INVALID_OR_ZERO_UNIT_PRICE,2026-09-07T10:25:00.108037
full_historical_baseline,577964,37489A,,2,0.0,,United Kingdom,INVALID_OR_ZERO_UNIT_PRICE,2026-09-07T10:25:00.108037
full_historical_baseline,577966,85045,,2,0.0,,United Kingdom,INVALID_OR_ZERO_UNIT_PRICE,2026-09-07T10:25:00.108037
full_historical_baseline,577968,85135B,,2,0.0,,United Kingdom,INVALID_OR_ZERO_UNIT_PRICE,2026-09-07T10:25:00.108037
full_historical_baseline,577970,85135A,,4,0.0,,United Kingdom,INVALID_OR_ZERO_UNIT_PRICE,2026-09-07T10:25:00.108037
full_historical_baseline,577971,22606,,1,0.0,,United Kingdom,INVALID_OR_ZERO_UNIT_PRICE,2026-09-07T10:25:00.108037
full_historical_baseline,577972,84663A,,1,0.0,,United Kingdom,INVALID_OR_ZERO_UNIT_PRICE,2026-09-07T10:25:00.108037
full_historical_baseline,577999,21018,damaged,-63,0.0,,United Kingdom,INVALID_OR_ZERO_UNIT_PRICE,2026-09-07T10:25:00.108037
full_historical_baseline,578095,23397,damaged,-9,0.0,,United Kingdom,INVALID_OR_ZERO_UNIT_PRICE,2026-09-07T10:25:00.108037
full_historical_baseline,578145,22579,dotcom,-40,0.0,,United Kingdom,INVALID_OR_ZERO_UNIT_PRICE,2026-09-07T10:25:00.108037
full_historical_baseline,578245,22568,?? missing,-170,0.0,,United Kingdom,INVALID_OR_ZERO_UNIT_PRICE,2026-09-07T10:25:00.108037
full_historical_baseline,578327,72807A,wet pallet,-504,0.0,,United Kingdom,INVALID_OR_ZERO_UNIT_PRICE,2026-09-07T10:25:00.108037
full_historical_baseline,578328,72807B,wet pallet,-696,0.0,,United Kingdom,INVALID_OR_ZERO_UNIT_PRICE,2026-09-07T10:25:00.108037
full_historical_baseline,578329,72807C,wet pallet,-408,0.0,,United Kingdom,INVALID_OR_ZERO_UNIT_PRICE,2026-09-07T10:25:00.108037
full_historical_baseline,578336,23579,,1,0.0,,United Kingdom,INVALID_OR_ZERO_UNIT_PRICE,2026-09-07T10:25:00.108037
full_historical_baseline,578337,23348,,1,0.0,,United Kingdom,INVALID_OR_ZERO_UNIT_PRICE,2026-09-07T10:25:00.108037
full_historical_baseline,578338,22125,,1,0.0,,United Kingdom,INVALID_OR_ZERO_UNIT_PRICE,2026-09-07T10:25:00.108037
full_historical_baseline,578340,22568,,8,0.0,,United Kingdom,INVALID_OR_ZERO_UNIT_PRICE,2026-09-07T10:25:00.108037
full_historical_baseline,578360,84971L,,2,0.0,,United Kingdom,INVALID_OR_ZERO_UNIT_PRICE,2026-09-07T10:25:00.108037
full_historical_baseline,578374,21937,found,50,0.0,,United Kingdom,INVALID_OR_ZERO_UNIT_PRICE,2026-09-07T10:25:00.108037
full_historical_baseline,578426,23131,,-12,0.0,,United Kingdom,INVALID_OR_ZERO_UNIT_PRICE,2026-09-07T10:25:00.108037
full_historical_baseline,578431,22579,,-18,0.0,,United Kingdom,INVALID_OR_ZERO_UNIT_PRICE,2026-09-07T10:25:00.108037
full_historical_baseline,578456,22579,,11,0.0,,United Kingdom,INVALID_OR_ZERO_UNIT_PRICE,2026-09-07T10:25:00.108037
full_historical_baseline,578473,72807B,damages,-101,0.0,,United Kingdom,INVALID_OR_ZERO_UNIT_PRICE,2026-09-07T10:25:00.108037
full_historical_baseline,578474,72807A,damages,-56,0.0,,United Kingdom,INVALID_OR_ZERO_UNIT_PRICE,2026-09-07T10:25:00.108037
full_historical_baseline,578475,72807C,damages,-149,0.0,,United Kingdom,INVALID_OR_ZERO_UNIT_PRICE,2026-09-07T10:25:00.108037
full_historical_baseline,578476,72807B,????missing,-124,0.0,,United Kingdom,INVALID_OR_ZERO_UNIT_PRICE,2026-09-07T10:25:00.108037
full_historical_baseline,578477,72807A,???missing,-224,0.0,,United Kingdom,INVALID_OR_ZERO_UNIT_PRICE,2026-09-07T10:25:00.108037
full_historical_baseline,578478,72807C,???missing,-428,0.0,,United Kingdom,INVALID_OR_ZERO_UNIT_PRICE,2026-09-07T10:25:00.108037
full_historical_baseline,578524,22810,check,-25,0.0,,United Kingdom,INVALID_OR_ZERO_UNIT_PRICE,2026-09-07T10:25:00.108037
full_historical_baseline,578525,22152,check,-179,0.0,,United Kingdom,INVALID_OR_ZERO_UNIT_PRICE,2026-09-07T10:25:00.108037
full_historical_baseline,578527,21819,check,-14,0.0,,United Kingdom,INVALID_OR_ZERO_UNIT_PRICE,2026-09-07T10:25:00.108037
full_historical_baseline,578528,22601,check,-20,0.0,,United Kingdom,INVALID_OR_ZERO_UNIT_PRICE,2026-09-07T10:25:00.108037
full_historical_baseline,578529,22087,,-23,0.0,,United Kingdom,INVALID_OR_ZERO_UNIT_PRICE,2026-09-07T10:25:00.108037
full_historical_baseline,578628,23541,,20,0.0,,United Kingdom,INVALID_OR_ZERO_UNIT_PRICE,2026-09-07T10:25:00.108037
full_historical_baseline,578629,22943,,24,0.0,,United Kingdom,INVALID_OR_ZERO_UNIT_PRICE,2026-09-07T10:25:00.108037
full_historical_baseline,578632,22579,,4,0.0,,United Kingdom,INVALID_OR_ZERO_UNIT_PRICE,2026-09-07T10:25:00.108037
full_historical_baseline,578691,85034A,check,24,0.0,,United Kingdom,INVALID_OR_ZERO_UNIT_PRICE,2026-09-07T10:25:00.108037
full_historical_baseline,578692,23157,check,212,0.0,,United Kingdom,INVALID_OR_ZERO_UNIT_PRICE,2026-09-07T10:25:00.108037
full_historical_baseline,578693,21811,,1,0.0,,United Kingdom,INVALID_OR_ZERO_UNIT_PRICE,2026-09-07T10:25:00.108037
full_historical_baseline,578700,72807A,AMAZON,1,0.0,,United Kingdom,INVALID_OR_ZERO_UNIT_PRICE,2026-09-07T10:25:00.108037
full_historical_baseline,578733,21643,damaged,-9,0.0,,United Kingdom,INVALID_OR_ZERO_UNIT_PRICE,2026-09-07T10:25:00.108037
full_historical_baseline,578738,21638,,-33,0.0,,United Kingdom,INVALID_OR_ZERO_UNIT_PRICE,2026-09-07T10:25:00.108037
full_historical_baseline,578837,35833P,check,-24,0.0,,United Kingdom,INVALID_OR_ZERO_UNIT_PRICE,2026-09-07T10:25:00.108037
full_historical_baseline,578838,21591,check,-267,0.0,,United Kingdom,INVALID_OR_ZERO_UNIT_PRICE,2026-09-07T10:25:00.108037
full_historical_baseline,578839,22959,check,-175,0.0,,United Kingdom,INVALID_OR_ZERO_UNIT_PRICE,2026-09-07T10:25:00.108037
full_historical_baseline,578840,22142,check,-70,0.0,,United Kingdom,INVALID_OR_ZERO_UNIT_PRICE,2026-09-07T10:25:00.108037
full_historical_baseline,578841,84826,ASSTD DESIGN 3D PAPER STICKERS,12540,0.0,13256.0,United Kingdom,INVALID_OR_ZERO_UNIT_PRICE,2026-09-07T10:25:00.108037
full_historical_baseline,578930,22848,AMAZON,1,0.0,,United Kingdom,INVALID_OR_ZERO_UNIT_PRICE,2026-09-07T10:25:00.108037
full_historical_baseline,579272,22812,,2,0.0,,United Kingdom,INVALID_OR_ZERO_UNIT_PRICE,2026-09-07T10:25:00.108037
full_historical_baseline,579275,22176,amazon,1,0.0,,United Kingdom,INVALID_OR_ZERO_UNIT_PRICE,2026-09-07T10:25:00.108037
full_historical_baseline,579429,20711,lost in space,-98,0.0,,United Kingdom,INVALID_OR_ZERO_UNIT_PRICE,2026-09-07T10:25:00.108037
full_historical_baseline,579460,21110,,-151,0.0,,United Kingdom,INVALID_OR_ZERO_UNIT_PRICE,2026-09-07T10:25:00.108037
full_historical_baseline,579500,22810,,33,0.0,,United Kingdom,INVALID_OR_ZERO_UNIT_PRICE,2026-09-07T10:25:00.108037
full_historical_baseline,579563,85135C,found,36,0.0,,United Kingdom,INVALID_OR_ZERO_UNIT_PRICE,2026-09-07T10:25:00.108037
full_historical_baseline,579680,22533,check,60,0.0,,United Kingdom,INVALID_OR_ZERO_UNIT_PRICE,2026-09-07T10:25:00.108037
full_historical_baseline,579681,21615,check,-26,0.0,,United Kingdom,INVALID_OR_ZERO_UNIT_PRICE,2026-09-07T10:25:00.108037
full_historical_baseline,579682,85172,check,-145,0.0,,United Kingdom,INVALID_OR_ZERO_UNIT_PRICE,2026-09-07T10:25:00.108037
full_historical_baseline,579683,21868,check,-28,0.0,,United Kingdom,INVALID_OR_ZERO_UNIT_PRICE,2026-09-07T10:25:00.108037
full_historical_baseline,579688,21116,,-33,0.0,,United Kingdom,INVALID_OR_ZERO_UNIT_PRICE,2026-09-07T10:25:00.108037
full_historical_baseline,579691,47503A,,-5,0.0,,United Kingdom,INVALID_OR_ZERO_UNIT_PRICE,2026-09-07T10:25:00.108037
full_historical_baseline,579731,35648,check,-46,0.0,,United Kingdom,INVALID_OR_ZERO_UNIT_PRICE,2026-09-07T10:25:00.108037
full_historical_baseline,579732,35648,check,-10,0.0,,United Kingdom,INVALID_OR_ZERO_UNIT_PRICE,2026-09-07T10:25:00.108037
full_historical_baseline,579733,84581,check,-41,0.0,,United Kingdom,INVALID_OR_ZERO_UNIT_PRICE,2026-09-07T10:25:00.108037
full_historical_baseline,579734,84859C,wet?,-153,0.0,,United Kingdom,INVALID_OR_ZERO_UNIT_PRICE,2026-09-07T10:25:00.108037
full_historical_baseline,579735,21793,check,-40,0.0,,United Kingdom,INVALID_OR_ZERO_UNIT_PRICE,2026-09-07T10:25:00.108037
full_historical_baseline,579738,21927,,8,0.0,,United Kingdom,INVALID_OR_ZERO_UNIT_PRICE,2026-09-07T10:25:00.108037
full_historical_baseline,579742,85204,lost??,-1131,0.0,,United Kingdom,INVALID_OR_ZERO_UNIT_PRICE,2026-09-07T10:25:00.108037
full_historical_baseline,579743,21810,check,-135,0.0,,United Kingdom,INVALID_OR_ZERO_UNIT_PRICE,2026-09-07T10:25:00.108037
full_historical_baseline,579745,22043,check,-40,0.0,,United Kingdom,INVALID_OR_ZERO_UNIT_PRICE,2026-09-07T10:25:00.108037
full_historical_baseline,579755,84912B,damaged,-14,0.0,,United Kingdom,INVALID_OR_ZERO_UNIT_PRICE,2026-09-07T10:25:00.108037
full_historical_baseline,579873,35819B,check,18,0.0,,United Kingdom,INVALID_OR_ZERO_UNIT_PRICE,2026-09-07T10:25:00.108037
full_historical_baseline,579879,22759,check,17,0.0,,United Kingdom,INVALID_OR_ZERO_UNIT_PRICE,2026-09-07T10:25:00.108037
full_historical_baseline,579880,22947,,5,0.0,,United Kingdom,INVALID_OR_ZERO_UNIT_PRICE,2026-09-07T10:25:00.108037
full_historical_baseline,580087,84341B,,-2,0.0,,United Kingdom,INVALID_OR_ZERO_UNIT_PRICE,2026-09-07T10:25:00.108037
full_historical_baseline,580145,22925,AMAZON,1,0.0,,United Kingdom,INVALID_OR_ZERO_UNIT_PRICE,2026-09-07T10:25:00.108037
full_historical_baseline,580197,22696,,6,0.0,,United Kingdom,INVALID_OR_ZERO_UNIT_PRICE,2026-09-07T10:25:00.108037
full_historical_baseline,580218,22577,check,-300,0.0,,United Kingdom,INVALID_OR_ZERO_UNIT_PRICE,2026-09-07T10:25:00.108037
full_historical_baseline,580359,20775,,-35,0.0,,United Kingdom,INVALID_OR_ZERO_UNIT_PRICE,2026-09-07T10:25:00.108037
full_historical_baseline,580366,22923,FRIDGE MAGNETS LES ENFANTS ASSORTED,6,0.0,,United Kingdom,INVALID_OR_ZERO_UNIT_PRICE,2026-09-07T10:25:00.108037
full_historical_baseline,580366,23169,CLASSIC GLASS COOKIE JAR,6,0.0,,United Kingdom,INVALID_OR_ZERO_UNIT_PRICE,2026-09-07T10:25:00.108037
full_historical_baseline,580366,DOT,DOTCOM POSTAGE,1,0.0,,United Kingdom,INVALID_OR_ZERO_UNIT_PRICE,2026-09-07T10:25:00.108037
full_historical_baseline,580376,22606,check,8,0.0,,United Kingdom,INVALID_OR_ZERO_UNIT_PRICE,2026-09-07T10:25:00.108037
full_historical_baseline,580377,84609,damages,-29,0.0,,United Kingdom,INVALID_OR_ZERO_UNIT_PRICE,2026-09-07T10:25:00.108037
full_historical_baseline,580378,22792,damages,-73,0.0,,United Kingdom,INVALID_OR_ZERO_UNIT_PRICE,2026-09-07T10:25:00.108037
full_historical_baseline,580379,72225C,,-144,0.0,,United Kingdom,INVALID_OR_ZERO_UNIT_PRICE,2026-09-07T10:25:00.108037
full_historical_baseline,580380,21620,check,-20,0.0,,United Kingdom,INVALID_OR_ZERO_UNIT_PRICE,2026-09-07T10:25:00.108037
full_historical_baseline,580381,21758,,-9,0.0,,United Kingdom,INVALID_OR_ZERO_UNIT_PRICE,2026-09-07T10:25:00.108037
full_historical_baseline,580382,16045,check,-900,0.0,,United Kingdom,INVALID_OR_ZERO_UNIT_PRICE,2026-09-07T10:25:00.108037
full_historical_baseline,580383,20652,check,-37,0.0,,United Kingdom,INVALID_OR_ZERO_UNIT_PRICE,2026-09-07T10:25:00.108037
full_historical_baseline,580390,21888,Amazon,1,0.0,,United Kingdom,INVALID_OR_ZERO_UNIT_PRICE,2026-09-07T10:25:00.108037
full_historical_baseline,580391,21868,Amazon,1,0.0,,United Kingdom,INVALID_OR_ZERO_UNIT_PRICE,2026-09-07T10:25:00.108037
full_historical_baseline,580546,23406,CHECK,-21,0.0,,United Kingdom,INVALID_OR_ZERO_UNIT_PRICE,2026-09-07T10:25:00.108037
full_historical_baseline,580547,21201,???,-390,0.0,,United Kingdom,INVALID_OR_ZERO_UNIT_PRICE,2026-09-07T10:25:00.108037
full_historical_baseline,580549,84876B,found,66,0.0,,United Kingdom,INVALID_OR_ZERO_UNIT_PRICE,2026-09-07T10:25:00.108037
full_historical_baseline,580561,22043,dotcom,-9,0.0,,United Kingdom,INVALID_OR_ZERO_UNIT_PRICE,2026-09-07T10:25:00.108037
full_historical_baseline,580580,21804,,10,0.0,,United Kingdom,INVALID_OR_ZERO_UNIT_PRICE,2026-09-07T10:25:00.108037
full_historical_baseline,580586,21804,dotcom,4,0.0,,United Kingdom,INVALID_OR_ZERO_UNIT_PRICE,2026-09-07T10:25:00.108037
full_historical_baseline,580588,21808,,5,0.0,,United Kingdom,INVALID_OR_ZERO_UNIT_PRICE,2026-09-07T10:25:00.108037
full_historical_baseline,580609,22927,Amazon,1,0.0,,United Kingdom,INVALID_OR_ZERO_UNIT_PRICE,2026-09-07T10:25:00.108037
full_historical_baseline,580743,47591B,,1,0.0,,United Kingdom,INVALID_OR_ZERO_UNIT_PRICE,2026-09-07T10:25:00.108037
full_historical_baseline,580990,21109,wet,-48,0.0,,United Kingdom,INVALID_OR_ZERO_UNIT_PRICE,2026-09-07T10:25:00.108037
full_historical_baseline,580991,22481,wet boxes,-288,0.0,,United Kingdom,INVALID_OR_ZERO_UNIT_PRICE,2026-09-07T10:25:00.108037
full_historical_baseline,581102,21803,,20,0.0,,United Kingdom,INVALID_OR_ZERO_UNIT_PRICE,2026-09-07T10:25:00.108037
full_historical_baseline,581103,22689,,4,0.0,,United Kingdom,INVALID_OR_ZERO_UNIT_PRICE,2026-09-07T10:25:00.108037
full_historical_baseline,581190,84801A,check,-102,0.0,,United Kingdom,INVALID_OR_ZERO_UNIT_PRICE,2026-09-07T10:25:00.108037
full_historical_baseline,581198,22025,check,-30,0.0,,United Kingdom,INVALID_OR_ZERO_UNIT_PRICE,2026-09-07T10:25:00.108037
full_historical_baseline,581199,84581,,-2,0.0,,United Kingdom,INVALID_OR_ZERO_UNIT_PRICE,2026-09-07T10:25:00.108037
full_historical_baseline,581200,84508C,check,-21,0.0,,United Kingdom,INVALID_OR_ZERO_UNIT_PRICE,2026-09-07T10:25:00.108037
full_historical_baseline,581201,22217,damages?,-155,0.0,,United Kingdom,INVALID_OR_ZERO_UNIT_PRICE,2026-09-07T10:25:00.108037
full_historical_baseline,581202,23404,check,41,0.0,,United Kingdom,INVALID_OR_ZERO_UNIT_PRICE,2026-09-07T10:25:00.108037
full_historical_baseline,581203,23406,,15,0.0,,United Kingdom,INVALID_OR_ZERO_UNIT_PRICE,2026-09-07T10:25:00.108037
full_historical_baseline,581204,85104,????damages????,-355,0.0,,United Kingdom,INVALID_OR_ZERO_UNIT_PRICE,2026-09-07T10:25:00.108037
full_historical_baseline,581205,20893,damages,-55,0.0,,United Kingdom,INVALID_OR_ZERO_UNIT_PRICE,2026-09-07T10:25:00.108037
full_historical_baseline,581206,21693,mixed up,-87,0.0,,United Kingdom,INVALID_OR_ZERO_UNIT_PRICE,2026-09-07T10:25:00.108037
full_historical_baseline,581207,21688,mixed up,-337,0.0,,United Kingdom,INVALID_OR_ZERO_UNIT_PRICE,2026-09-07T10:25:00.108037
full_historical_baseline,581208,72801C,check,-10,0.0,,United Kingdom,INVALID_OR_ZERO_UNIT_PRICE,2026-09-07T10:25:00.108037
full_historical_baseline,581209,21620,,6,0.0,,United Kingdom,INVALID_OR_ZERO_UNIT_PRICE,2026-09-07T10:25:00.108037
full_historical_baseline,581210,23395,check,-26,0.0,,United Kingdom,INVALID_OR_ZERO_UNIT_PRICE,2026-09-07T10:25:00.108037
full_historical_baseline,581211,22142,check,14,0.0,,United Kingdom,INVALID_OR_ZERO_UNIT_PRICE,2026-09-07T10:25:00.108037
full_historical_baseline,581212,22578,lost,-1050,0.0,,United Kingdom,INVALID_OR_ZERO_UNIT_PRICE,2026-09-07T10:25:00.108037
full_historical_baseline,581213,22576,check,-30,0.0,,United Kingdom,INVALID_OR_ZERO_UNIT_PRICE,2026-09-07T10:25:00.108037
full_historical_baseline,581226,23090,missing,-338,0.0,,United Kingdom,INVALID_OR_ZERO_UNIT_PRICE,2026-09-07T10:25:00.108037
full_historical_baseline,581234,72817,,27,0.0,,United Kingdom,INVALID_OR_ZERO_UNIT_PRICE,2026-09-07T10:25:00.108037
full_historical_baseline,581406,46000M,POLYESTER FILLER PAD 45x45cm,240,0.0,,United Kingdom,INVALID_OR_ZERO_UNIT_PRICE,2026-09-07T10:25:00.108037
full_historical_baseline,581406,46000S,POLYESTER FILLER PAD 40x40cm,300,0.0,,United Kingdom,INVALID_OR_ZERO_UNIT_PRICE,2026-09-07T10:25:00.108037
full_historical_baseline,581408,85175,,20,0.0,,United Kingdom,INVALID_OR_ZERO_UNIT_PRICE,2026-09-07T10:25:00.108037
full_historical_baseline,581422,23169,smashed,-235,0.0,,United Kingdom,INVALID_OR_ZERO_UNIT_PRICE,2026-09-07T10:25:00.108037
full_historical_baseline,581483,23843,"PAPER CRAFT , LITTLE BIRDIE",80995,2.08,16446.0,United Kingdom,INVALID_OR_ZERO_QUANTITY,2026-09-07T10:25:00.108037
full_historical_baseline,C581484,23843,"PAPER CRAFT , LITTLE BIRDIE",-80995,2.08,16446.0,United Kingdom,INVALID_OR_ZERO_QUANTITY,2026-09-07T10:25:00.108037
