customer_id,customer_code,gender,age_group,loyalty_tier,signup_date,preferred_device,country
0,GUEST_UNREGISTERED,Unknown,Unknown,None,2011-02-17,Guest Checkout,United Kingdom
12346,CUST_12346,Male,36-50,Bronze,2009-08-19,Desktop Web,United Kingdom
12347,CUST_12347,Male,26-35,Bronze,2010-04-20,Mobile App,Iceland
12348,CUST_12348,Male,26-35,Bronze,2011-02-24,Mobile App,Finland
12349,CUST_12349,Female,51-65,Silver,2009-09-20,Desktop Web,Italy
12350,CUST_12350,Female,18-25,Bronze,2011-01-16,Mobile App,Norway
12352,CUST_12352,Female,36-50,Bronze,2010-07-10,Mobile App,Norway
12353,CUST_12353,Male,18-25,Bronze,2010-06-29,Mobile App,Bahrain
12354,CUST_12354,Male,18-25,Platinum,2010-05-08,Desktop Web,Spain
12355,CUST_12355,Male,36-50,Gold,2010-06-16,Desktop Web,Bahrain
12356,CUST_12356,Female,36-50,Bronze,2011-08-15,Mobile App,Portugal
12357,CUST_12357,Male,51-65,Bronze,2009-12-29,Desktop Web,Switzerland
12358,CUST_12358,Male,36-50,Bronze,2009-09-25,Mobile App,Austria
12359,CUST_12359,Female,65+,Silver,2009-10-25,Desktop Web,Cyprus
12360,CUST_12360,Female,18-25,Bronze,2010-12-22,Mobile App,Austria
12361,CUST_12361,Female,18-25,Silver,2010-12-09,Desktop Web,Belgium
12362,CUST_12362,Female,18-25,Silver,2011-02-25,Tablet,Belgium
12363,CUST_12363,Male,26-35,Gold,2009-01-07,Mobile Web,Unspecified
12364,CUST_12364,Female,36-50,Bronze,2011-09-05,Mobile App,Belgium
12365,CUST_12365,Female,36-50,Gold,2009-10-03,Mobile Web,Cyprus
12367,CUST_12367,Male,18-25,Gold,2009-12-01,Mobile App,Denmark
12370,CUST_12370,Female,51-65,Bronze,2010-08-23,Tablet,Cyprus
12371,CUST_12371,Female,51-65,Bronze,2011-04-01,Mobile App,Switzerland
12372,CUST_12372,Female,26-35,Bronze,2010-03-18,Mobile App,Denmark
12373,CUST_12373,Female,18-25,Bronze,2010-02-23,Mobile App,Austria
12374,CUST_12374,Male,26-35,Bronze,2011-01-17,Mobile App,Austria
12375,CUST_12375,Female,18-25,Silver,2009-09-15,Desktop Web,Finland
12377,CUST_12377,Female,18-25,Bronze,2010-09-27,Mobile Web,Switzerland
12378,CUST_12378,Male,36-50,Platinum,2010-09-05,Desktop Web,Switzerland
12379,CUST_12379,Female,26-35,Bronze,2010-11-26,Desktop Web,Belgium
12380,CUST_12380,Male,26-35,Platinum,2010-11-02,Desktop Web,Belgium
12381,CUST_12381,Female,65+,Bronze,2011-03-29,Mobile App,Norway
12383,CUST_12383,Female,36-50,Gold,2009-07-05,Mobile App,Belgium
12384,CUST_12384,Male,51-65,Bronze,2009-02-04,Mobile App,Switzerland
12386,CUST_12386,Male,18-25,Bronze,2011-10-21,Mobile App,Australia
12388,CUST_12388,Male,26-35,Gold,2009-07-10,Mobile App,Australia
12390,CUST_12390,Female,36-50,Bronze,2010-05-05,Mobile App,Belgium
12391,CUST_12391,Female,18-25,Silver,2010-11-14,Mobile App,Cyprus
12393,CUST_12393,Male,18-25,Silver,2010-04-27,Mobile App,Australia
12394,CUST_12394,Female,36-50,Silver,2011-07-02,Mobile Web,Belgium
12395,CUST_12395,Female,36-50,Silver,2010-08-29,Mobile App,Belgium
12397,CUST_12397,Female,26-35,Silver,2009-04-27,Desktop Web,Belgium
12398,CUST_12398,Female,26-35,Bronze,2011-04-14,Desktop Web,Switzerland
12399,CUST_12399,Male,26-35,Silver,2009-07-05,Desktop Web,Belgium
12401,CUST_12401,Female,18-25,Gold,2010-01-12,Mobile App,Belgium
12402,CUST_12402,Male,26-35,Bronze,2010-06-21,Mobile App,Belgium
12403,CUST_12403,Female,26-35,Bronze,2009-05-16,Mobile App,Denmark
12405,CUST_12405,Male,18-25,Silver,2009-06-23,Mobile App,Finland
12406,CUST_12406,Male,65+,Bronze,2010-09-26,Mobile App,Denmark
12407,CUST_12407,Female,36-50,Bronze,2011-06-10,Desktop Web,Belgium
12408,CUST_12408,Male,36-50,Bronze,2010-03-20,Desktop Web,Belgium
12409,CUST_12409,Male,26-35,Silver,2009-01-28,Desktop Web,Switzerland
12410,CUST_12410,Male,26-35,Bronze,2010-03-11,Mobile App,Switzerland
12412,CUST_12412,Male,26-35,Silver,2010-02-08,Mobile App,Denmark
12413,CUST_12413,Male,18-25,Gold,2011-06-22,Mobile Web,France
12414,CUST_12414,Male,26-35,Bronze,2011-08-15,Mobile App,Austria
12415,CUST_12415,Female,36-50,Silver,2011-03-26,Desktop Web,Australia
12417,CUST_12417,Female,36-50,Platinum,2010-03-19,Desktop Web,Belgium
12418,CUST_12418,Female,36-50,Silver,2009-01-01,Mobile App,Switzerland
12420,CUST_12420,Female,26-35,Gold,2011-06-28,Mobile App,Cyprus
12421,CUST_12421,Female,51-65,Bronze,2009-01-29,Desktop Web,Spain
12422,CUST_12422,Female,18-25,Gold,2011-10-12,Mobile App,Australia
12423,CUST_12423,Male,26-35,Bronze,2010-10-27,Mobile App,Belgium
12424,CUST_12424,Female,26-35,Bronze,2009-11-21,Mobile App,Australia
12425,CUST_12425,Female,36-50,Bronze,2009-11-11,Mobile App,Portugal
12426,CUST_12426,Male,65+,Bronze,2010-12-27,Desktop Web,Germany
12427,CUST_12427,Female,26-35,Gold,2010-06-25,Mobile Web,Germany
12428,CUST_12428,Male,51-65,Bronze,2010-11-30,Mobile App,Finland
12429,CUST_12429,Female,51-65,Silver,2011-05-20,Mobile Web,Denmark
12430,CUST_12430,Non-Binary,26-35,Silver,2011-07-16,Tablet,Norway
12431,CUST_12431,Male,26-35,Silver,2010-02-05,Tablet,Australia
12432,CUST_12432,Female,26-35,Bronze,2009-10-16,Mobile Web,Norway
12433,CUST_12433,Female,65+,Silver,2011-09-23,Mobile App,Norway
12434,CUST_12434,Male,26-35,Bronze,2011-06-25,Mobile App,Australia
12435,CUST_12435,Male,36-50,Bronze,2010-07-18,Desktop Web,Denmark
12436,CUST_12436,Male,26-35,Platinum,2010-01-14,Desktop Web,Norway
12437,CUST_12437,Male,36-50,Bronze,2011-08-26,Mobile Web,France
12438,CUST_12438,Female,26-35,Bronze,2010-10-20,Tablet,Norway
12441,CUST_12441,Female,36-50,Gold,2011-01-11,Desktop Web,France
12442,CUST_12442,Female,51-65,Bronze,2009-09-26,Mobile App,Spain
12444,CUST_12444,Male,51-65,Silver,2011-09-14,Mobile App,Norway
12445,CUST_12445,Male,51-65,Bronze,2010-12-01,Mobile App,Spain
12446,CUST_12446,Female,18-25,Bronze,2011-07-05,Desktop Web,RSA
12447,CUST_12447,Female,36-50,Bronze,2009-12-20,Desktop Web,Belgium
12448,CUST_12448,Female,18-25,Bronze,2011-01-25,Mobile Web,Spain
12449,CUST_12449,Female,26-35,Bronze,2010-10-17,Desktop Web,Belgium
12450,CUST_12450,Male,36-50,Silver,2011-01-18,Mobile Web,Spain
12451,CUST_12451,Male,26-35,Silver,2010-10-08,Desktop Web,Switzerland
12452,CUST_12452,Male,36-50,Platinum,2009-03-25,Mobile Web,Switzerland
12453,CUST_12453,Female,65+,Bronze,2011-10-18,Mobile App,Austria
12454,CUST_12454,Female,18-25,Silver,2010-07-25,Mobile Web,Spain
12455,CUST_12455,Male,36-50,Silver,2010-04-30,Desktop Web,Spain
12456,CUST_12456,Male,26-35,Gold,2011-04-17,Mobile App,Switzerland
12457,CUST_12457,Male,18-25,Bronze,2009-06-10,Mobile App,Switzerland
12458,CUST_12458,Male,26-35,Silver,2010-04-30,Mobile Web,Switzerland
12461,CUST_12461,Female,51-65,Gold,2011-03-04,Mobile App,Switzerland
12462,CUST_12462,Male,51-65,Bronze,2011-04-29,Desktop Web,Spain
12463,CUST_12463,Female,51-65,Gold,2011-02-25,Mobile App,Belgium
12464,CUST_12464,Female,65+,Bronze,2009-09-13,Desktop Web,Belgium
12465,CUST_12465,Female,26-35,Silver,2010-08-26,Mobile Web,Belgium
12468,CUST_12468,Female,26-35,Platinum,2010-06-19,Mobile App,Germany
12471,CUST_12471,Male,36-50,Silver,2010-02-17,Mobile App,Germany
12472,CUST_12472,Female,26-35,Bronze,2009-06-30,Tablet,Germany
12473,CUST_12473,Female,26-35,Bronze,2009-09-17,Desktop Web,Germany
12474,CUST_12474,Male,26-35,Gold,2010-04-14,Mobile Web,Germany
12475,CUST_12475,Female,36-50,Silver,2009-05-15,Mobile App,Germany
12476,CUST_12476,Female,36-50,Bronze,2011-07-23,Mobile App,Germany
12477,CUST_12477,Male,26-35,Silver,2011-02-20,Mobile App,Germany
12478,CUST_12478,Female,26-35,Silver,2011-01-23,Desktop Web,Greece
12479,CUST_12479,Female,36-50,Bronze,2011-03-05,Mobile App,Germany
12480,CUST_12480,Female,36-50,Bronze,2009-11-12,Mobile App,Germany
12481,CUST_12481,Female,26-35,Bronze,2010-06-20,Mobile App,Germany
12483,CUST_12483,Male,36-50,Silver,2009-07-11,Mobile App,Sweden
12484,CUST_12484,Male,18-25,Silver,2010-03-31,Mobile Web,Spain
12488,CUST_12488,Male,26-35,Silver,2009-08-20,Mobile App,France
12489,CUST_12489,Male,36-50,Gold,2009-01-10,Desktop Web,France
12490,CUST_12490,Male,36-50,Gold,2010-09-03,Mobile Web,France
12491,CUST_12491,Female,26-35,Silver,2009-12-19,Mobile App,France
12492,CUST_12492,Male,36-50,Bronze,2009-02-27,Desktop Web,Germany
12493,CUST_12493,Male,36-50,Silver,2011-03-28,Tablet,France
12494,CUST_12494,Male,36-50,Bronze,2010-08-13,Tablet,France
12497,CUST_12497,Male,36-50,Silver,2010-04-10,Mobile App,Germany
12498,CUST_12498,Female,36-50,Silver,2010-11-02,Mobile App,Germany
12500,CUST_12500,Female,26-35,Bronze,2010-11-29,Mobile App,Germany
12501,CUST_12501,Female,18-25,Gold,2010-02-28,Desktop Web,Germany
12502,CUST_12502,Female,26-35,Bronze,2011-02-01,Desktop Web,Spain
12503,CUST_12503,Male,26-35,Silver,2009-12-17,Desktop Web,Spain
12504,CUST_12504,Male,36-50,Bronze,2011-07-17,Mobile App,Germany
12505,CUST_12505,Female,36-50,Gold,2010-04-28,Mobile App,Italy
12506,CUST_12506,Female,26-35,Bronze,2011-03-31,Desktop Web,France
12507,CUST_12507,Female,18-25,Bronze,2009-02-02,Desktop Web,Spain
12508,CUST_12508,Female,26-35,Bronze,2010-11-07,Desktop Web,France
12509,CUST_12509,Female,26-35,Bronze,2010-12-19,Mobile App,France
12510,CUST_12510,Female,36-50,Bronze,2010-06-10,Mobile App,Spain
12512,CUST_12512,Male,18-25,Silver,2009-05-09,Mobile App,Israel
12513,CUST_12513,Female,36-50,Bronze,2009-02-28,Mobile App,France
12514,CUST_12514,Female,51-65,Bronze,2009-03-01,Mobile App,Italy
12515,CUST_12515,Male,26-35,Bronze,2011-10-11,Mobile App,Italy
12516,CUST_12516,Female,26-35,Gold,2011-08-13,Mobile App,Germany
12517,CUST_12517,Non-Binary,18-25,Silver,2009-06-08,Mobile App,Germany
12518,CUST_12518,Male,36-50,Silver,2009-03-14,Mobile App,Germany
12519,CUST_12519,Female,36-50,Silver,2009-09-03,Desktop Web,Germany
12520,CUST_12520,Female,26-35,Bronze,2011-01-04,Mobile App,Germany
12521,CUST_12521,Female,36-50,Bronze,2010-10-07,Desktop Web,Germany
12522,CUST_12522,Female,51-65,Bronze,2009-04-07,Desktop Web,Germany
12523,CUST_12523,Female,26-35,Gold,2011-07-04,Desktop Web,France
12524,CUST_12524,Male,18-25,Platinum,2009-12-17,Tablet,Germany
12526,CUST_12526,Female,51-65,Silver,2009-07-11,Mobile App,Germany
12527,CUST_12527,Female,36-50,Bronze,2011-07-21,Desktop Web,Germany
12528,CUST_12528,Female,51-65,Bronze,2011-04-06,Tablet,Germany
12530,CUST_12530,Male,36-50,Bronze,2011-08-06,Mobile Web,Germany
12531,CUST_12531,Female,51-65,Silver,2010-09-06,Mobile App,Germany
12532,CUST_12532,Female,26-35,Bronze,2011-05-21,Mobile App,France
12534,CUST_12534,Female,36-50,Platinum,2009-11-15,Mobile App,Germany
12535,CUST_12535,Non-Binary,51-65,Bronze,2011-05-21,Desktop Web,France
12536,CUST_12536,Female,36-50,Gold,2011-02-07,Desktop Web,France
12538,CUST_12538,Male,26-35,Gold,2011-05-15,Mobile App,Spain
12539,CUST_12539,Male,26-35,Gold,2009-12-09,Desktop Web,Spain
12540,CUST_12540,Female,26-35,Silver,2010-01-12,Desktop Web,Spain
12541,CUST_12541,Male,26-35,Silver,2010-12-01,Mobile App,Spain
12544,CUST_12544,Female,26-35,Silver,2011-06-08,Mobile Web,Spain
12545,CUST_12545,Male,36-50,Silver,2011-02-23,Desktop Web,Spain
12546,CUST_12546,Male,36-50,Silver,2009-11-19,Mobile App,Spain
12547,CUST_12547,Male,26-35,Platinum,2011-06-18,Desktop Web,Spain
12548,CUST_12548,Female,36-50,Silver,2011-01-08,Mobile App,Spain
12550,CUST_12550,Male,18-25,Gold,2011-06-12,Desktop Web,Spain
12551,CUST_12551,Female,18-25,Gold,2011-04-25,Tablet,Spain
12552,CUST_12552,Female,26-35,Bronze,2011-06-17,Mobile Web,Italy
12553,CUST_12553,Female,36-50,Bronze,2009-03-11,Mobile App,France
12556,CUST_12556,Male,26-35,Silver,2009-04-26,Mobile App,Spain
12557,CUST_12557,Male,26-35,Silver,2010-10-18,Mobile App,Spain
12558,CUST_12558,Female,26-35,Gold,2011-01-23,Desktop Web,USA
12559,CUST_12559,Female,51-65,Bronze,2011-01-22,Mobile App,Germany
12560,CUST_12560,Female,18-25,Silver,2009-09-30,Desktop Web,Germany
12561,CUST_12561,Male,36-50,Silver,2009-03-24,Mobile App,Germany
12562,CUST_12562,Female,36-50,Bronze,2010-12-08,Mobile App,France
12564,CUST_12564,Male,36-50,Silver,2010-07-31,Mobile App,France
12565,CUST_12565,Female,51-65,Gold,2010-10-11,Tablet,Saudi Arabia
12566,CUST_12566,Male,18-25,Bronze,2011-02-06,Desktop Web,Germany
12567,CUST_12567,Female,26-35,Silver,2010-11-17,Mobile App,France
12569,CUST_12569,Female,51-65,Silver,2010-10-14,Mobile App,Germany
12571,CUST_12571,Female,26-35,Bronze,2011-09-20,Desktop Web,France
12572,CUST_12572,Male,36-50,Bronze,2010-12-09,Mobile App,Germany
12573,CUST_12573,Male,36-50,Platinum,2010-03-28,Desktop Web,France
12574,CUST_12574,Female,36-50,Bronze,2010-01-03,Mobile Web,France
12576,CUST_12576,Male,51-65,Bronze,2010-09-26,Desktop Web,Poland
12577,CUST_12577,Male,65+,Bronze,2010-10-10,Desktop Web,France
12578,CUST_12578,Male,36-50,Silver,2011-07-07,Desktop Web,Italy
12579,CUST_12579,Male,26-35,Silver,2010-12-27,Mobile Web,France
12580,CUST_12580,Female,51-65,Silver,2010-05-25,Mobile Web,Germany
12581,CUST_12581,Female,18-25,Bronze,2011-06-25,Desktop Web,Germany
12582,CUST_12582,Male,26-35,Gold,2009-09-17,Mobile App,Finland
12583,CUST_12583,Male,51-65,Bronze,2011-10-06,Desktop Web,France
12584,CUST_12584,Male,26-35,Bronze,2011-01-01,Mobile App,Italy
12585,CUST_12585,Female,26-35,Silver,2011-03-22,Desktop Web,Germany
12586,CUST_12586,Female,18-25,Bronze,2011-06-05,Desktop Web,Italy
12587,CUST_12587,Male,51-65,Gold,2011-06-06,Mobile App,Finland
12588,CUST_12588,Male,36-50,Gold,2011-09-10,Mobile App,Finland
12589,CUST_12589,Male,36-50,Bronze,2010-11-02,Desktop Web,France
12590,CUST_12590,Male,26-35,Gold,2010-05-20,Mobile Web,Germany
12591,CUST_12591,Male,36-50,Gold,2011-05-24,Desktop Web,Italy
12592,CUST_12592,Female,36-50,Platinum,2010-09-22,Desktop Web,Germany
12593,CUST_12593,Female,26-35,Bronze,2009-03-02,Mobile App,France
12594,CUST_12594,Male,26-35,Silver,2010-09-15,Desktop Web,Italy
12596,CUST_12596,Male,26-35,Bronze,2010-07-04,Mobile App,Spain
12597,CUST_12597,Female,65+,Gold,2011-05-25,Desktop Web,Spain
12598,CUST_12598,Female,36-50,Bronze,2011-07-18,Mobile App,France
12599,CUST_12599,Male,51-65,Silver,2010-06-28,Desktop Web,France
12600,CUST_12600,Female,26-35,Bronze,2011-01-02,Mobile App,Germany
12601,CUST_12601,Female,36-50,Bronze,2011-03-06,Mobile App,Germany
12602,CUST_12602,Male,36-50,Silver,2009-04-18,Tablet,France
12603,CUST_12603,Male,36-50,Gold,2009-02-21,Mobile App,Germany
12604,CUST_12604,Male,65+,Silver,2010-08-12,Mobile App,France
12605,CUST_12605,Female,26-35,Gold,2009-07-10,Desktop Web,Germany
12607,CUST_12607,Male,18-25,Bronze,2009-02-07,Mobile Web,USA
12609,CUST_12609,Female,36-50,Silver,2011-09-21,Mobile App,Germany
12610,CUST_12610,Female,36-50,Silver,2009-07-22,Desktop Web,Italy
12611,CUST_12611,Male,36-50,Bronze,2009-09-25,Mobile Web,Italy
12612,CUST_12612,Male,26-35,Silver,2011-07-11,Mobile App,Germany
12613,CUST_12613,Male,36-50,Silver,2009-09-07,Mobile App,Germany
12614,CUST_12614,Male,26-35,Silver,2010-05-26,Mobile App,Germany
12615,CUST_12615,Male,26-35,Silver,2011-09-16,Mobile Web,France
12616,CUST_12616,Female,36-50,Silver,2010-06-29,Mobile App,France
12617,CUST_12617,Female,36-50,Bronze,2010-09-23,Mobile App,France
12618,CUST_12618,Female,26-35,Bronze,2011-07-13,Desktop Web,Italy
12619,CUST_12619,Female,26-35,Silver,2010-08-12,Desktop Web,Germany
12620,CUST_12620,Non-Binary,26-35,Bronze,2010-02-01,Mobile App,France
12621,CUST_12621,Female,26-35,Bronze,2010-08-06,Desktop Web,Germany
12622,CUST_12622,Male,36-50,Bronze,2009-03-02,Mobile App,Germany
12623,CUST_12623,Male,51-65,Silver,2010-06-11,Mobile App,Germany
12624,CUST_12624,Male,26-35,Bronze,2009-05-15,Desktop Web,France
12625,CUST_12625,Female,36-50,Silver,2009-08-15,Mobile Web,Germany
12626,CUST_12626,Male,51-65,Silver,2010-10-14,Mobile App,Germany
12627,CUST_12627,Female,51-65,Bronze,2011-06-16,Mobile Web,Germany
12628,CUST_12628,Female,26-35,Gold,2009-04-16,Desktop Web,Germany
12630,CUST_12630,Male,65+,Silver,2009-12-03,Mobile App,Finland
12631,CUST_12631,Female,26-35,Silver,2009-11-03,Desktop Web,Finland
12633,CUST_12633,Female,26-35,Silver,2009-06-09,Mobile App,Germany
12635,CUST_12635,Male,18-25,Bronze,2010-12-20,Tablet,Germany
12637,CUST_12637,Female,26-35,Silver,2010-08-22,Mobile Web,France
12638,CUST_12638,Male,18-25,Bronze,2009-12-14,Mobile App,Sweden
12639,CUST_12639,Male,26-35,Platinum,2011-07-20,Mobile App,Sweden
12640,CUST_12640,Male,26-35,Gold,2010-08-04,Mobile App,France
12641,CUST_12641,Female,51-65,Silver,2009-04-12,Mobile App,Sweden
12642,CUST_12642,Female,51-65,Bronze,2010-01-20,Mobile App,Germany
12643,CUST_12643,Male,26-35,Bronze,2009-10-29,Mobile App,France
12644,CUST_12644,Female,51-65,Bronze,2009-10-19,Desktop Web,Germany
12645,CUST_12645,Male,51-65,Silver,2009-03-16,Mobile App,Germany
12646,CUST_12646,Male,36-50,Bronze,2011-04-25,Mobile Web,USA
12647,CUST_12647,Male,18-25,Silver,2009-12-15,Mobile Web,Germany
12648,CUST_12648,Female,36-50,Bronze,2009-08-30,Desktop Web,Germany
12649,CUST_12649,Female,51-65,Platinum,2009-05-21,Mobile Web,Germany
12650,CUST_12650,Male,36-50,Bronze,2011-06-22,Mobile App,France
12651,CUST_12651,Female,26-35,Platinum,2009-12-31,Mobile App,France
12652,CUST_12652,Female,36-50,Gold,2010-05-17,Desktop Web,France
12653,CUST_12653,Male,36-50,Silver,2011-05-15,Desktop Web,Israel
12654,CUST_12654,Male,36-50,Silver,2009-01-19,Desktop Web,Germany
12656,CUST_12656,Male,18-25,Bronze,2010-09-19,Mobile Web,France
12657,CUST_12657,Male,26-35,Silver,2009-01-26,Tablet,France
12658,CUST_12658,Female,51-65,Bronze,2010-07-23,Desktop Web,Germany
12659,CUST_12659,Male,51-65,Bronze,2010-04-01,Desktop Web,France
12660,CUST_12660,Non-Binary,18-25,Silver,2010-04-23,Mobile App,France
12662,CUST_12662,Female,65+,Silver,2011-01-19,Mobile App,Germany
12664,CUST_12664,Female,26-35,Silver,2009-02-05,Desktop Web,Finland
12665,CUST_12665,Male,36-50,Bronze,2009-11-27,Mobile App,Germany
12666,CUST_12666,Male,36-50,Bronze,2011-05-31,Mobile App,Israel
12667,CUST_12667,Male,51-65,Bronze,2009-06-04,Mobile App,Finland
12668,CUST_12668,Male,51-65,Bronze,2011-03-11,Desktop Web,Germany
12669,CUST_12669,Female,26-35,Bronze,2009-01-26,Mobile App,France
12670,CUST_12670,Female,51-65,Bronze,2009-09-22,Desktop Web,France
12672,CUST_12672,Male,18-25,Bronze,2009-12-07,Mobile App,France
12673,CUST_12673,Male,36-50,Gold,2011-02-13,Mobile App,Germany
12674,CUST_12674,Male,36-50,Bronze,2011-02-02,Mobile App,France
12676,CUST_12676,Male,36-50,Silver,2011-04-13,Mobile App,Sweden
12678,CUST_12678,Female,26-35,Bronze,2009-06-28,Mobile Web,France
12679,CUST_12679,Female,51-65,Gold,2011-02-15,Mobile App,France
12680,CUST_12680,Male,26-35,Silver,2011-07-02,Mobile App,France
12681,CUST_12681,Male,18-25,Bronze,2009-03-16,Desktop Web,France
12682,CUST_12682,Male,36-50,Silver,2009-10-29,Desktop Web,France
12683,CUST_12683,Male,26-35,Bronze,2009-09-13,Mobile App,France
12684,CUST_12684,Male,51-65,Silver,2010-07-06,Mobile App,France
12685,CUST_12685,Female,26-35,Bronze,2009-06-29,Tablet,France
12686,CUST_12686,Female,26-35,Platinum,2011-04-25,Desktop Web,France
12688,CUST_12688,Female,51-65,Bronze,2011-09-17,Mobile App,Israel
12689,CUST_12689,Male,36-50,Bronze,2011-02-10,Desktop Web,France
12690,CUST_12690,Female,26-35,Silver,2010-03-05,Mobile App,France
12691,CUST_12691,Female,36-50,Bronze,2009-09-05,Mobile App,France
12693,CUST_12693,Male,36-50,Gold,2009-11-10,Desktop Web,Germany
12694,CUST_12694,Female,36-50,Silver,2009-12-17,Mobile Web,France
12695,CUST_12695,Male,26-35,Silver,2010-03-28,Mobile App,France
12697,CUST_12697,Female,51-65,Bronze,2011-02-11,Mobile Web,Sweden
12700,CUST_12700,Female,51-65,Gold,2011-02-22,Mobile App,France
12701,CUST_12701,Male,36-50,Silver,2009-09-11,Mobile App,Germany
12702,CUST_12702,Female,18-25,Bronze,2009-03-20,Mobile App,Germany
12703,CUST_12703,Female,51-65,Bronze,2010-01-23,Mobile App,Germany
12704,CUST_12704,Male,36-50,Bronze,2010-01-12,Mobile Web,Finland
12705,CUST_12705,Male,36-50,Platinum,2010-11-13,Desktop Web,Germany
12707,CUST_12707,Female,26-35,Bronze,2010-12-06,Mobile App,France
12708,CUST_12708,Male,51-65,Silver,2009-10-09,Tablet,Germany
12709,CUST_12709,Female,36-50,Bronze,2010-07-08,Mobile Web,Germany
12710,CUST_12710,Female,18-25,Bronze,2011-01-22,Desktop Web,Germany
12712,CUST_12712,Male,26-35,Silver,2009-03-08,Mobile Web,Germany
12713,CUST_12713,Male,51-65,Platinum,2010-08-16,Mobile App,Germany
12714,CUST_12714,Male,18-25,Silver,2010-07-29,Mobile Web,France
12715,CUST_12715,Male,65+,Gold,2009-12-10,Desktop Web,Sweden
12716,CUST_12716,Non-Binary,36-50,Silver,2010-12-09,Mobile Web,France
12717,CUST_12717,Female,36-50,Bronze,2010-04-06,Desktop Web,Greece
12718,CUST_12718,Female,26-35,Bronze,2010-02-17,Mobile App,France
12719,CUST_12719,Male,26-35,Silver,2011-08-15,Desktop Web,France
12720,CUST_12720,Female,51-65,Platinum,2011-04-13,Mobile App,Germany
12721,CUST_12721,Female,26-35,Gold,2010-05-22,Mobile App,France
12722,CUST_12722,Female,36-50,Bronze,2011-09-11,Mobile App,France
12723,CUST_12723,Female,26-35,Bronze,2011-10-26,Mobile Web,France
12724,CUST_12724,Male,18-25,Bronze,2009-05-02,Mobile App,France
12725,CUST_12725,Male,18-25,Gold,2010-07-22,Desktop Web,Italy
12726,CUST_12726,Male,36-50,Gold,2009-10-30,Mobile App,France
12727,CUST_12727,Female,65+,Gold,2009-09-17,Tablet,France
12728,CUST_12728,Female,26-35,Bronze,2010-09-23,Mobile App,France
12729,CUST_12729,Female,26-35,Silver,2009-10-05,Desktop Web,France
12731,CUST_12731,Female,26-35,Silver,2010-06-25,Mobile Web,France
12732,CUST_12732,Male,36-50,Bronze,2009-04-02,Mobile App,France
12733,CUST_12733,Male,26-35,Silver,2010-03-29,Mobile App,USA
12734,CUST_12734,Male,51-65,Bronze,2010-11-12,Desktop Web,France
12735,CUST_12735,Female,36-50,Bronze,2009-12-07,Mobile Web,France
12736,CUST_12736,Male,36-50,Gold,2009-08-05,Desktop Web,France
12738,CUST_12738,Male,18-25,Gold,2009-08-20,Mobile App,Germany
12739,CUST_12739,Male,65+,Bronze,2009-12-01,Mobile Web,United Arab Emirates
12740,CUST_12740,Male,26-35,Silver,2010-04-07,Mobile App,France
12743,CUST_12743,Female,18-25,Bronze,2010-09-03,Desktop Web,Unspecified
12744,CUST_12744,Female,36-50,Silver,2009-10-07,Mobile Web,Singapore
12747,CUST_12747,Female,36-50,Gold,2009-03-09,Mobile App,United Kingdom
12748,CUST_12748,Male,26-35,Gold,2010-06-25,Desktop Web,United Kingdom
12749,CUST_12749,Female,26-35,Silver,2011-01-05,Desktop Web,United Kingdom
12750,CUST_12750,Female,36-50,Bronze,2010-02-10,Mobile Web,Poland
12752,CUST_12752,Female,26-35,Bronze,2011-06-16,Mobile App,Norway
12753,CUST_12753,Female,51-65,Silver,2010-02-11,Mobile App,Japan
12754,CUST_12754,Male,36-50,Bronze,2010-11-12,Mobile Web,Japan
12755,CUST_12755,Male,26-35,Gold,2009-09-29,Mobile App,Japan
12756,CUST_12756,Female,26-35,Bronze,2009-03-22,Mobile App,Japan
12757,CUST_12757,Female,26-35,Bronze,2011-09-29,Tablet,Portugal
12758,CUST_12758,Female,36-50,Bronze,2010-07-11,Mobile App,Portugal
12759,CUST_12759,Female,36-50,Platinum,2011-09-12,Tablet,Netherlands
12762,CUST_12762,Female,26-35,Bronze,2010-09-22,Mobile App,Portugal
12763,CUST_12763,Female,36-50,Silver,2010-09-09,Mobile App,Japan
12764,CUST_12764,Female,65+,Bronze,2010-08-30,Desktop Web,Lebanon
12766,CUST_12766,Male,26-35,Bronze,2010-04-08,Desktop Web,Portugal
12769,CUST_12769,Male,51-65,Silver,2011-09-12,Desktop Web,Brazil
12770,CUST_12770,Female,26-35,Silver,2011-01-08,Desktop Web,Japan
12772,CUST_12772,Female,18-25,Silver,2011-06-04,Mobile Web,Portugal
12775,CUST_12775,Male,26-35,Gold,2009-11-01,Mobile App,Netherlands
12778,CUST_12778,Female,26-35,Bronze,2011-06-27,Mobile App,Netherlands
12779,CUST_12779,Male,26-35,Bronze,2009-04-09,Mobile App,Poland
12781,CUST_12781,Male,18-25,Platinum,2010-07-26,Desktop Web,Czech Republic
12782,CUST_12782,Female,51-65,Bronze,2009-12-18,Mobile App,Portugal
12783,CUST_12783,Female,51-65,Silver,2010-10-26,Mobile App,Portugal
12784,CUST_12784,Male,36-50,Gold,2011-02-22,Desktop Web,Portugal
12785,CUST_12785,Female,26-35,Bronze,2009-02-15,Mobile App,Portugal
12787,CUST_12787,Male,18-25,Silver,2011-06-06,Mobile App,Netherlands
12789,CUST_12789,Male,18-25,Bronze,2009-10-12,Desktop Web,Netherlands
12790,CUST_12790,Male,36-50,Bronze,2009-03-19,Mobile App,Netherlands
12791,CUST_12791,Female,51-65,Bronze,2009-07-13,Mobile Web,Netherlands
12792,CUST_12792,Male,26-35,Gold,2010-12-17,Desktop Web,Portugal
12793,CUST_12793,Female,18-25,Bronze,2011-10-05,Mobile App,Portugal
12794,CUST_12794,Male,36-50,Silver,2010-11-29,Desktop Web,Portugal
12795,CUST_12795,Male,26-35,Platinum,2011-06-28,Mobile App,Portugal
12797,CUST_12797,Female,26-35,Silver,2009-06-08,Desktop Web,Portugal
12798,CUST_12798,Male,36-50,Silver,2010-04-11,Tablet,Japan
12802,CUST_12802,Male,36-50,Silver,2009-06-30,Desktop Web,Netherlands
12808,CUST_12808,Female,18-25,Bronze,2010-03-01,Desktop Web,Portugal
12809,CUST_12809,Female,18-25,Silver,2010-03-23,Mobile App,Portugal
12811,CUST_12811,Female,65+,Silver,2011-03-19,Mobile App,Portugal
12812,CUST_12812,Female,26-35,Platinum,2009-03-21,Mobile Web,Japan
12814,CUST_12814,Female,18-25,Platinum,2009-08-08,Mobile App,Poland
12815,CUST_12815,Male,26-35,Gold,2010-09-01,Mobile App,Poland
12816,CUST_12816,Female,18-25,Gold,2009-06-06,Mobile App,Poland
12817,CUST_12817,Female,26-35,Silver,2009-12-19,Desktop Web,Austria
12818,CUST_12818,Male,51-65,Silver,2010-10-15,Mobile App,Austria
12820,CUST_12820,Female,26-35,Gold,2011-06-05,Mobile Web,United Kingdom
12821,CUST_12821,Male,26-35,Bronze,2010-06-17,Mobile App,United Kingdom
12822,CUST_12822,Female,36-50,Platinum,2011-02-09,Mobile App,United Kingdom
12823,CUST_12823,Female,36-50,Bronze,2010-06-15,Desktop Web,United Kingdom
12824,CUST_12824,Male,51-65,Silver,2009-08-29,Mobile App,United Kingdom
12826,CUST_12826,Male,51-65,Silver,2009-11-28,Desktop Web,United Kingdom
12827,CUST_12827,Male,18-25,Platinum,2011-05-26,Mobile App,United Kingdom
12828,CUST_12828,Male,36-50,Bronze,2009-03-05,Mobile App,United Kingdom
12829,CUST_12829,Male,26-35,Silver,2011-05-07,Mobile App,United Kingdom
12830,CUST_12830,Female,65+,Silver,2010-08-18,Mobile Web,United Kingdom
12831,CUST_12831,Female,26-35,Bronze,2009-06-26,Desktop Web,United Kingdom
12832,CUST_12832,Male,65+,Gold,2009-11-14,Desktop Web,United Kingdom
12833,CUST_12833,Male,36-50,Silver,2011-06-20,Mobile App,United Kingdom
12834,CUST_12834,Non-Binary,26-35,Silver,2010-03-27,Desktop Web,United Kingdom
12836,CUST_12836,Female,36-50,Bronze,2009-11-21,Desktop Web,United Kingdom
12837,CUST_12837,Female,65+,Silver,2011-05-23,Mobile Web,United Kingdom
12838,CUST_12838,Male,51-65,Silver,2009-07-09,Desktop Web,United Kingdom
12839,CUST_12839,Female,18-25,Bronze,2011-07-17,Desktop Web,United Kingdom
12840,CUST_12840,Male,36-50,Bronze,2010-03-03,Mobile App,United Kingdom
12841,CUST_12841,Male,26-35,Platinum,2010-05-18,Desktop Web,United Kingdom
12842,CUST_12842,Female,18-25,Silver,2011-05-02,Desktop Web,United Kingdom
12843,CUST_12843,Male,26-35,Silver,2009-04-26,Mobile Web,United Kingdom
12844,CUST_12844,Male,26-35,Bronze,2009-09-12,Mobile App,United Kingdom
12845,CUST_12845,Female,51-65,Bronze,2009-05-10,Mobile App,United Kingdom
12847,CUST_12847,Male,26-35,Bronze,2009-06-17,Mobile App,United Kingdom
12849,CUST_12849,Female,51-65,Bronze,2011-07-25,Mobile App,United Kingdom
12851,CUST_12851,Male,18-25,Silver,2010-07-01,Mobile App,United Kingdom
12852,CUST_12852,Female,26-35,Silver,2010-06-18,Mobile Web,United Kingdom
12853,CUST_12853,Male,26-35,Silver,2011-04-27,Desktop Web,United Kingdom
12854,CUST_12854,Female,26-35,Bronze,2010-07-16,Mobile Web,United Kingdom
12855,CUST_12855,Female,18-25,Silver,2009-10-29,Mobile Web,United Kingdom
12856,CUST_12856,Male,26-35,Bronze,2009-09-12,Mobile App,United Kingdom
12857,CUST_12857,Female,36-50,Bronze,2009-05-16,Desktop Web,United Kingdom
12863,CUST_12863,Female,26-35,Platinum,2011-08-29,Mobile App,United Kingdom
12864,CUST_12864,Male,26-35,Silver,2009-10-22,Mobile Web,United Kingdom
12865,CUST_12865,Male,26-35,Silver,2009-11-02,Mobile App,Austria
12866,CUST_12866,Male,51-65,Bronze,2011-03-06,Mobile App,Belgium
12867,CUST_12867,Male,51-65,Gold,2010-01-13,Mobile App,United Kingdom
12868,CUST_12868,Female,26-35,Silver,2011-09-21,Desktop Web,United Kingdom
12870,CUST_12870,Female,26-35,Gold,2011-04-07,Mobile App,United Kingdom
12871,CUST_12871,Female,18-25,Bronze,2011-01-16,Mobile App,United Kingdom
12872,CUST_12872,Male,65+,Platinum,2011-08-28,Desktop Web,United Kingdom
12873,CUST_12873,Male,18-25,Gold,2009-09-12,Mobile Web,United Kingdom
12875,CUST_12875,Male,26-35,Gold,2009-06-07,Mobile App,United Kingdom
12876,CUST_12876,Male,26-35,Bronze,2011-01-23,Desktop Web,Belgium
12877,CUST_12877,Female,26-35,Bronze,2011-05-08,Mobile Web,United Kingdom
12878,CUST_12878,Female,26-35,Bronze,2009-07-31,Mobile App,United Kingdom
12879,CUST_12879,Female,36-50,Bronze,2009-04-01,Mobile Web,United Kingdom
12881,CUST_12881,Male,18-25,Gold,2009-11-06,Mobile App,United Kingdom
12882,CUST_12882,Female,36-50,Bronze,2009-02-25,Desktop Web,United Kingdom
12883,CUST_12883,Male,18-25,Bronze,2009-04-05,Desktop Web,United Kingdom
12884,CUST_12884,Female,18-25,Bronze,2009-09-15,Desktop Web,United Kingdom
12885,CUST_12885,Female,51-65,Bronze,2011-08-12,Mobile Web,United Kingdom
12886,CUST_12886,Female,26-35,Bronze,2009-04-10,Mobile App,United Kingdom
12888,CUST_12888,Male,51-65,Gold,2010-10-18,Mobile App,United Kingdom
12890,CUST_12890,Male,36-50,Silver,2011-07-17,Desktop Web,United Kingdom
12891,CUST_12891,Female,18-25,Bronze,2009-05-22,Mobile Web,United Kingdom
12893,CUST_12893,Female,65+,Bronze,2010-09-09,Mobile App,United Kingdom
12895,CUST_12895,Male,26-35,Bronze,2009-04-27,Mobile Web,United Kingdom
12897,CUST_12897,Female,51-65,Bronze,2009-09-05,Mobile App,United Kingdom
12901,CUST_12901,Male,26-35,Silver,2009-05-25,Mobile App,United Kingdom
12902,CUST_12902,Male,51-65,Silver,2010-07-07,Desktop Web,United Kingdom
12904,CUST_12904,Female,18-25,Silver,2011-05-18,Mobile App,United Kingdom
12906,CUST_12906,Female,36-50,Silver,2009-08-29,Desktop Web,United Kingdom
12908,CUST_12908,Non-Binary,36-50,Bronze,2010-11-07,Mobile App,United Kingdom
12909,CUST_12909,Female,51-65,Platinum,2011-03-15,Mobile App,United Kingdom
12910,CUST_12910,Female,51-65,Gold,2009-10-14,Desktop Web,United Kingdom
12912,CUST_12912,Male,51-65,Gold,2011-10-17,Desktop Web,United Kingdom
12913,CUST_12913,Male,51-65,Bronze,2011-10-09,Mobile App,United Kingdom
12915,CUST_12915,Non-Binary,26-35,Platinum,2011-01-18,Mobile App,United Kingdom
12916,CUST_12916,Male,26-35,Gold,2011-05-01,Mobile App,United Kingdom
12917,CUST_12917,Female,26-35,Gold,2011-10-10,Desktop Web,United Kingdom
12919,CUST_12919,Female,26-35,Bronze,2011-01-21,Tablet,United Kingdom
12920,CUST_12920,Male,26-35,Silver,2010-12-26,Mobile Web,United Kingdom
12921,CUST_12921,Male,36-50,Platinum,2009-02-28,Mobile App,United Kingdom
12922,CUST_12922,Female,26-35,Silver,2011-01-28,Mobile App,United Kingdom
12923,CUST_12923,Male,36-50,Silver,2011-07-23,Mobile Web,United Kingdom
12924,CUST_12924,Female,26-35,Platinum,2010-05-10,Desktop Web,United Kingdom
12925,CUST_12925,Female,26-35,Bronze,2009-05-24,Desktop Web,United Kingdom
12928,CUST_12928,Female,36-50,Silver,2010-11-09,Desktop Web,United Kingdom
12929,CUST_12929,Female,36-50,Silver,2011-01-22,Mobile App,United Kingdom
12930,CUST_12930,Female,36-50,Platinum,2011-03-07,Desktop Web,United Kingdom
12931,CUST_12931,Female,36-50,Bronze,2009-01-08,Tablet,United Kingdom
12933,CUST_12933,Female,26-35,Silver,2009-12-12,Desktop Web,United Kingdom
12935,CUST_12935,Male,36-50,Silver,2011-07-10,Mobile App,United Kingdom
12936,CUST_12936,Male,18-25,Gold,2010-12-21,Mobile App,United Kingdom
12937,CUST_12937,Male,26-35,Silver,2011-04-28,Mobile App,United Kingdom
12938,CUST_12938,Male,26-35,Gold,2011-03-09,Desktop Web,United Kingdom
12939,CUST_12939,Female,18-25,Platinum,2010-04-22,Mobile App,United Kingdom
12940,CUST_12940,Female,26-35,Bronze,2010-06-06,Mobile App,United Kingdom
12942,CUST_12942,Male,65+,Bronze,2011-01-29,Mobile Web,United Kingdom
12943,CUST_12943,Female,65+,Bronze,2010-01-17,Mobile App,United Kingdom
12944,CUST_12944,Male,26-35,Bronze,2009-05-11,Mobile App,United Kingdom
12945,CUST_12945,Female,18-25,Silver,2011-08-18,Mobile App,United Kingdom
12947,CUST_12947,Male,26-35,Gold,2009-05-19,Mobile App,United Kingdom
12948,CUST_12948,Female,26-35,Gold,2011-03-23,Mobile App,United Kingdom
12949,CUST_12949,Male,51-65,Bronze,2010-05-21,Mobile Web,United Kingdom
12950,CUST_12950,Male,18-25,Bronze,2009-03-04,Mobile Web,United Kingdom
12951,CUST_12951,Non-Binary,36-50,Silver,2010-08-21,Desktop Web,United Kingdom
12952,CUST_12952,Female,18-25,Silver,2009-06-08,Mobile App,United Kingdom
12953,CUST_12953,Male,65+,Bronze,2009-07-21,Desktop Web,United Kingdom
12955,CUST_12955,Male,26-35,Gold,2010-03-22,Mobile App,United Kingdom
12956,CUST_12956,Male,36-50,Gold,2011-09-10,Mobile App,United Kingdom
12957,CUST_12957,Male,26-35,Bronze,2011-04-04,Mobile Web,United Kingdom
12962,CUST_12962,Male,36-50,Gold,2011-06-22,Mobile App,United Kingdom
12963,CUST_12963,Female,26-35,Bronze,2010-02-20,Mobile App,United Kingdom
12965,CUST_12965,Male,18-25,Silver,2011-10-06,Desktop Web,United Kingdom
12966,CUST_12966,Male,51-65,Silver,2009-05-14,Desktop Web,United Kingdom
12967,CUST_12967,Male,51-65,Bronze,2010-10-08,Mobile App,United Kingdom
12968,CUST_12968,Female,51-65,Gold,2009-01-25,Mobile App,United Kingdom
12970,CUST_12970,Female,36-50,Silver,2011-03-30,Mobile App,United Kingdom
12971,CUST_12971,Male,51-65,Silver,2009-07-30,Desktop Web,United Kingdom
12974,CUST_12974,Male,18-25,Bronze,2009-09-10,Mobile App,United Kingdom
12976,CUST_12976,Female,26-35,Bronze,2010-10-12,Mobile App,United Kingdom
12977,CUST_12977,Male,26-35,Bronze,2010-05-21,Desktop Web,United Kingdom
12980,CUST_12980,Female,36-50,Silver,2010-06-05,Mobile Web,United Kingdom
12981,CUST_12981,Female,26-35,Silver,2010-07-07,Mobile App,United Kingdom
12982,CUST_12982,Female,18-25,Bronze,2010-06-30,Mobile App,United Kingdom
12984,CUST_12984,Female,36-50,Silver,2009-11-27,Desktop Web,United Kingdom
12985,CUST_12985,Male,51-65,Silver,2010-08-19,Desktop Web,United Kingdom
12987,CUST_12987,Female,26-35,Silver,2011-08-10,Mobile App,United Kingdom
12988,CUST_12988,Non-Binary,18-25,Silver,2010-10-31,Mobile App,United Kingdom
12989,CUST_12989,Non-Binary,26-35,Gold,2011-05-08,Mobile App,United Kingdom
12990,CUST_12990,Male,26-35,Silver,2011-01-01,Mobile App,United Kingdom
12991,CUST_12991,Male,26-35,Silver,2010-12-07,Desktop Web,United Kingdom
12993,CUST_12993,Female,36-50,Bronze,2009-03-12,Mobile App,United Kingdom
12994,CUST_12994,Male,36-50,Bronze,2009-01-02,Mobile Web,United Kingdom
12995,CUST_12995,Male,36-50,Bronze,2011-07-10,Desktop Web,United Kingdom
12997,CUST_12997,Female,26-35,Silver,2010-11-06,Desktop Web,United Kingdom
12999,CUST_12999,Male,51-65,Bronze,2011-10-20,Mobile App,United Kingdom
13000,CUST_13000,Male,26-35,Bronze,2011-09-21,Desktop Web,United Kingdom
13001,CUST_13001,Male,26-35,Gold,2010-01-27,Mobile App,United Kingdom
13002,CUST_13002,Male,51-65,Bronze,2011-02-04,Mobile Web,United Kingdom
13003,CUST_13003,Male,26-35,Bronze,2010-04-01,Tablet,United Kingdom
13004,CUST_13004,Female,18-25,Bronze,2010-01-24,Mobile App,United Kingdom
13005,CUST_13005,Male,51-65,Gold,2010-09-28,Mobile App,United Kingdom
13006,CUST_13006,Male,26-35,Bronze,2011-03-11,Mobile App,United Kingdom
13008,CUST_13008,Female,36-50,Silver,2009-09-07,Desktop Web,United Kingdom
13011,CUST_13011,Female,18-25,Silver,2011-07-20,Desktop Web,United Kingdom
13012,CUST_13012,Female,36-50,Silver,2011-08-08,Mobile Web,United Kingdom
13013,CUST_13013,Male,26-35,Silver,2010-08-29,Desktop Web,United Kingdom
13014,CUST_13014,Non-Binary,18-25,Gold,2010-10-08,Mobile App,United Kingdom
13015,CUST_13015,Female,36-50,Bronze,2009-01-10,Desktop Web,United Kingdom
13016,CUST_13016,Male,26-35,Bronze,2010-05-12,Desktop Web,United Kingdom
13017,CUST_13017,Female,26-35,Bronze,2010-08-28,Desktop Web,United Kingdom
13018,CUST_13018,Male,18-25,Bronze,2010-02-26,Desktop Web,United Kingdom
13021,CUST_13021,Male,18-25,Bronze,2010-09-24,Desktop Web,United Kingdom
13023,CUST_13023,Male,26-35,Bronze,2011-01-31,Desktop Web,United Kingdom
13026,CUST_13026,Female,18-25,Silver,2009-03-30,Desktop Web,United Kingdom
13027,CUST_13027,Female,51-65,Silver,2009-12-09,Desktop Web,United Kingdom
13028,CUST_13028,Female,18-25,Bronze,2009-04-23,Desktop Web,United Kingdom
13029,CUST_13029,Female,26-35,Silver,2009-09-30,Desktop Web,United Kingdom
13030,CUST_13030,Male,18-25,Bronze,2010-03-18,Desktop Web,United Kingdom
13032,CUST_13032,Male,26-35,Bronze,2010-08-01,Desktop Web,United Kingdom
13033,CUST_13033,Non-Binary,51-65,Silver,2011-07-30,Mobile App,United Kingdom
13034,CUST_13034,Non-Binary,26-35,Bronze,2010-06-05,Mobile App,United Kingdom
13035,CUST_13035,Male,65+,Bronze,2009-12-03,Mobile App,United Kingdom
13037,CUST_13037,Male,26-35,Bronze,2009-12-05,Desktop Web,United Kingdom
13038,CUST_13038,Male,36-50,Platinum,2009-07-08,Desktop Web,United Kingdom
13040,CUST_13040,Male,36-50,Silver,2009-02-03,Tablet,United Kingdom
13043,CUST_13043,Female,51-65,Bronze,2009-08-02,Mobile App,United Kingdom
13044,CUST_13044,Female,36-50,Gold,2010-05-18,Mobile App,United Kingdom
13045,CUST_13045,Female,36-50,Silver,2011-05-25,Mobile App,United Kingdom
13046,CUST_13046,Male,26-35,Silver,2010-07-09,Mobile App,United Kingdom
13047,CUST_13047,Male,26-35,Gold,2011-06-16,Desktop Web,United Kingdom
13048,CUST_13048,Female,51-65,Bronze,2010-02-20,Mobile App,United Kingdom
13049,CUST_13049,Male,26-35,Bronze,2011-04-09,Desktop Web,United Kingdom
13050,CUST_13050,Male,26-35,Silver,2011-07-29,Desktop Web,United Kingdom
13052,CUST_13052,Female,36-50,Silver,2010-05-20,Desktop Web,United Kingdom
13055,CUST_13055,Female,26-35,Silver,2009-10-15,Mobile Web,United Kingdom
13058,CUST_13058,Male,65+,Silver,2009-12-20,Mobile App,United Kingdom
13059,CUST_13059,Male,36-50,Platinum,2009-10-21,Mobile App,United Kingdom
13060,CUST_13060,Male,36-50,Gold,2011-09-14,Mobile Web,United Kingdom
13061,CUST_13061,Male,51-65,Gold,2009-06-21,Mobile Web,United Kingdom
13062,CUST_13062,Male,18-25,Gold,2011-07-10,Mobile App,United Kingdom
13064,CUST_13064,Male,26-35,Platinum,2011-03-10,Mobile App,United Kingdom
13065,CUST_13065,Male,26-35,Bronze,2010-09-07,Mobile App,United Kingdom
13066,CUST_13066,Male,26-35,Bronze,2011-07-12,Mobile App,United Kingdom
13067,CUST_13067,Female,36-50,Silver,2010-12-23,Tablet,United Kingdom
13068,CUST_13068,Female,51-65,Gold,2011-03-10,Desktop Web,United Kingdom
13069,CUST_13069,Female,26-35,Silver,2010-12-25,Mobile App,United Kingdom
13070,CUST_13070,Male,26-35,Silver,2009-08-06,Mobile Web,United Kingdom
13072,CUST_13072,Male,65+,Bronze,2010-09-20,Desktop Web,United Kingdom
13075,CUST_13075,Male,26-35,Bronze,2009-10-27,Mobile App,United Kingdom
13077,CUST_13077,Female,26-35,Silver,2011-09-11,Mobile Web,United Kingdom
13078,CUST_13078,Female,26-35,Bronze,2011-04-19,Mobile Web,United Kingdom
13079,CUST_13079,Female,51-65,Bronze,2011-08-16,Mobile Web,United Kingdom
13080,CUST_13080,Female,36-50,Bronze,2010-07-04,Desktop Web,United Kingdom
13081,CUST_13081,Male,36-50,Bronze,2009-12-17,Desktop Web,United Kingdom
13082,CUST_13082,Female,51-65,Silver,2010-03-11,Mobile App,United Kingdom
13083,CUST_13083,Female,26-35,Bronze,2009-06-21,Desktop Web,United Kingdom
13085,CUST_13085,Male,26-35,Silver,2010-02-11,Tablet,United Kingdom
13089,CUST_13089,Female,51-65,Bronze,2009-05-06,Mobile App,United Kingdom
13090,CUST_13090,Female,26-35,Gold,2010-11-14,Desktop Web,United Kingdom
13091,CUST_13091,Male,36-50,Bronze,2010-08-07,Desktop Web,United Kingdom
13092,CUST_13092,Female,51-65,Silver,2009-02-06,Mobile App,United Kingdom
13093,CUST_13093,Male,36-50,Silver,2010-05-28,Desktop Web,United Kingdom
13094,CUST_13094,Male,36-50,Bronze,2011-05-28,Mobile App,United Kingdom
13095,CUST_13095,Male,51-65,Gold,2011-10-17,Desktop Web,United Kingdom
13097,CUST_13097,Female,51-65,Silver,2011-10-24,Mobile App,United Kingdom
13098,CUST_13098,Male,26-35,Bronze,2010-05-10,Mobile Web,United Kingdom
13099,CUST_13099,Female,18-25,Bronze,2010-03-18,Mobile App,United Kingdom
13101,CUST_13101,Female,26-35,Platinum,2009-09-02,Mobile App,United Kingdom
13102,CUST_13102,Female,36-50,Gold,2009-12-26,Mobile App,United Kingdom
13103,CUST_13103,Non-Binary,26-35,Bronze,2011-05-03,Mobile Web,United Kingdom
13104,CUST_13104,Female,36-50,Bronze,2009-10-09,Desktop Web,United Kingdom
13106,CUST_13106,Female,26-35,Gold,2010-04-25,Desktop Web,United Kingdom
13107,CUST_13107,Male,36-50,Silver,2009-09-01,Desktop Web,United Kingdom
13108,CUST_13108,Female,26-35,Gold,2009-10-11,Desktop Web,United Kingdom
13109,CUST_13109,Female,36-50,Bronze,2011-07-24,Mobile App,United Kingdom
13110,CUST_13110,Female,36-50,Silver,2009-01-11,Desktop Web,United Kingdom
13113,CUST_13113,Female,26-35,Bronze,2011-04-14,Mobile App,United Kingdom
13115,CUST_13115,Female,26-35,Bronze,2011-06-28,Tablet,United Kingdom
13116,CUST_13116,Female,36-50,Silver,2009-07-20,Desktop Web,United Kingdom
13117,CUST_13117,Male,26-35,Platinum,2010-06-25,Mobile App,United Kingdom
13118,CUST_13118,Female,26-35,Bronze,2011-08-24,Mobile App,United Kingdom
13120,CUST_13120,Female,65+,Silver,2009-10-23,Desktop Web,United Kingdom
13121,CUST_13121,Male,36-50,Silver,2009-08-01,Mobile App,United Kingdom
13122,CUST_13122,Female,65+,Silver,2010-10-06,Mobile App,United Kingdom
13124,CUST_13124,Male,26-35,Gold,2009-12-22,Mobile App,United Kingdom
13126,CUST_13126,Female,26-35,Gold,2011-08-15,Desktop Web,United Kingdom
13127,CUST_13127,Female,51-65,Bronze,2010-12-18,Desktop Web,United Kingdom
13130,CUST_13130,Female,36-50,Platinum,2009-02-07,Mobile App,United Kingdom
13131,CUST_13131,Female,36-50,Gold,2010-07-22,Mobile App,United Kingdom
13132,CUST_13132,Female,26-35,Gold,2010-04-30,Desktop Web,United Kingdom
13133,CUST_13133,Female,26-35,Silver,2010-11-06,Desktop Web,United Kingdom
13134,CUST_13134,Female,18-25,Gold,2010-06-29,Mobile App,United Kingdom
13135,CUST_13135,Female,26-35,Bronze,2010-01-06,Mobile App,United Kingdom
13136,CUST_13136,Female,18-25,Bronze,2009-01-11,Mobile Web,United Kingdom
13137,CUST_13137,Female,18-25,Gold,2009-02-07,Tablet,United Kingdom
13138,CUST_13138,Female,65+,Bronze,2009-09-15,Tablet,United Kingdom
13139,CUST_13139,Female,26-35,Bronze,2010-01-10,Mobile Web,United Kingdom
13140,CUST_13140,Male,36-50,Gold,2010-05-08,Mobile App,United Kingdom
13141,CUST_13141,Female,51-65,Gold,2011-03-13,Mobile App,United Kingdom
13142,CUST_13142,Male,36-50,Bronze,2009-09-18,Mobile App,United Kingdom
13144,CUST_13144,Male,26-35,Gold,2010-01-21,Mobile App,United Kingdom
13145,CUST_13145,Female,36-50,Silver,2010-06-19,Tablet,United Kingdom
13146,CUST_13146,Male,36-50,Silver,2011-06-15,Desktop Web,United Kingdom
13147,CUST_13147,Male,36-50,Gold,2009-02-03,Desktop Web,United Kingdom
13148,CUST_13148,Female,36-50,Bronze,2010-12-03,Mobile App,United Kingdom
13149,CUST_13149,Female,65+,Bronze,2009-10-02,Mobile Web,United Kingdom
13151,CUST_13151,Male,36-50,Bronze,2010-03-29,Mobile Web,United Kingdom
13153,CUST_13153,Male,26-35,Silver,2011-07-03,Mobile App,United Kingdom
13154,CUST_13154,Female,36-50,Silver,2011-01-27,Mobile Web,United Kingdom
13155,CUST_13155,Female,18-25,Gold,2010-01-25,Mobile App,United Kingdom
13157,CUST_13157,Female,51-65,Gold,2011-02-11,Mobile App,United Kingdom
13158,CUST_13158,Female,18-25,Silver,2011-01-28,Desktop Web,United Kingdom
13159,CUST_13159,Male,26-35,Gold,2010-08-13,Desktop Web,United Kingdom
13160,CUST_13160,Female,51-65,Bronze,2011-02-26,Mobile App,United Kingdom
13161,CUST_13161,Female,36-50,Bronze,2011-04-25,Mobile App,United Kingdom
13162,CUST_13162,Male,26-35,Gold,2011-03-22,Tablet,United Kingdom
13165,CUST_13165,Female,26-35,Bronze,2009-08-18,Desktop Web,United Kingdom
13166,CUST_13166,Female,51-65,Bronze,2011-03-18,Desktop Web,United Kingdom
13167,CUST_13167,Male,26-35,Silver,2009-04-07,Mobile App,United Kingdom
13168,CUST_13168,Male,51-65,Bronze,2010-08-15,Mobile App,United Kingdom
13169,CUST_13169,Female,18-25,Gold,2011-01-20,Mobile App,United Kingdom
13170,CUST_13170,Male,36-50,Bronze,2010-01-25,Mobile App,United Kingdom
13171,CUST_13171,Female,51-65,Bronze,2010-12-26,Mobile App,United Kingdom
13173,CUST_13173,Female,26-35,Bronze,2010-07-05,Mobile App,United Kingdom
13174,CUST_13174,Male,26-35,Silver,2009-02-06,Desktop Web,United Kingdom
13176,CUST_13176,Female,26-35,Bronze,2010-02-16,Mobile App,United Kingdom
13177,CUST_13177,Female,36-50,Silver,2009-03-17,Mobile Web,United Kingdom
13178,CUST_13178,Female,36-50,Gold,2009-03-03,Mobile App,United Kingdom
13182,CUST_13182,Female,36-50,Gold,2011-06-30,Desktop Web,United Kingdom
13183,CUST_13183,Female,26-35,Bronze,2010-11-15,Mobile App,United Kingdom
13184,CUST_13184,Female,26-35,Silver,2011-07-06,Desktop Web,United Kingdom
13185,CUST_13185,Female,18-25,Silver,2009-02-09,Mobile App,United Kingdom
13186,CUST_13186,Female,26-35,Platinum,2009-09-10,Tablet,United Kingdom
13187,CUST_13187,Male,36-50,Platinum,2010-06-07,Desktop Web,United Kingdom
13188,CUST_13188,Male,51-65,Bronze,2011-09-12,Desktop Web,United Kingdom
13189,CUST_13189,Male,36-50,Silver,2010-06-12,Mobile App,United Kingdom
13192,CUST_13192,Male,26-35,Bronze,2010-11-22,Desktop Web,United Kingdom
13193,CUST_13193,Female,65+,Bronze,2011-03-19,Desktop Web,United Kingdom
13194,CUST_13194,Female,36-50,Bronze,2009-08-05,Mobile App,United Kingdom
13196,CUST_13196,Male,51-65,Silver,2010-01-18,Desktop Web,United Kingdom
13198,CUST_13198,Male,36-50,Silver,2010-02-18,Mobile Web,United Kingdom
13199,CUST_13199,Male,26-35,Bronze,2009-03-24,Desktop Web,United Kingdom
13200,CUST_13200,Female,18-25,Silver,2011-08-01,Mobile Web,United Kingdom
13203,CUST_13203,Female,36-50,Bronze,2011-01-12,Mobile Web,United Kingdom
13207,CUST_13207,Female,18-25,Silver,2009-07-20,Mobile Web,United Kingdom
13208,CUST_13208,Female,26-35,Bronze,2011-06-30,Mobile App,United Kingdom
13209,CUST_13209,Male,36-50,Bronze,2011-05-24,Desktop Web,United Kingdom
13210,CUST_13210,Male,36-50,Bronze,2010-11-28,Desktop Web,United Kingdom
13211,CUST_13211,Female,36-50,Bronze,2010-03-28,Desktop Web,United Kingdom
13212,CUST_13212,Non-Binary,26-35,Silver,2010-03-29,Tablet,United Kingdom
13213,CUST_13213,Male,26-35,Bronze,2010-06-08,Mobile App,United Kingdom
13216,CUST_13216,Female,36-50,Silver,2011-07-11,Mobile App,United Kingdom
13217,CUST_13217,Female,65+,Bronze,2009-12-12,Mobile App,United Kingdom
13218,CUST_13218,Female,36-50,Silver,2009-04-08,Mobile App,United Kingdom
13220,CUST_13220,Female,51-65,Gold,2009-08-14,Mobile App,United Kingdom
13221,CUST_13221,Female,36-50,Bronze,2011-03-05,Desktop Web,United Kingdom
13223,CUST_13223,Female,36-50,Silver,2010-03-26,Mobile App,United Kingdom
13224,CUST_13224,Female,26-35,Bronze,2009-02-26,Desktop Web,United Kingdom
13225,CUST_13225,Female,36-50,Silver,2011-10-26,Desktop Web,United Kingdom
13226,CUST_13226,Male,36-50,Bronze,2010-05-17,Mobile App,United Kingdom
13227,CUST_13227,Female,36-50,Silver,2009-08-05,Mobile App,United Kingdom
13228,CUST_13228,Male,26-35,Silver,2009-06-07,Desktop Web,United Kingdom
13229,CUST_13229,Female,36-50,Gold,2009-03-06,Desktop Web,United Kingdom
13230,CUST_13230,Non-Binary,26-35,Silver,2010-10-09,Mobile Web,United Kingdom
13232,CUST_13232,Female,36-50,Silver,2011-01-09,Mobile Web,United Kingdom
13233,CUST_13233,Female,26-35,Bronze,2011-03-07,Tablet,United Kingdom
13235,CUST_13235,Male,51-65,Platinum,2010-01-06,Desktop Web,United Kingdom
13236,CUST_13236,Male,26-35,Gold,2009-08-10,Mobile Web,United Kingdom
13238,CUST_13238,Male,18-25,Bronze,2009-08-31,Mobile Web,United Kingdom
13239,CUST_13239,Female,26-35,Gold,2010-06-29,Mobile Web,United Kingdom
13240,CUST_13240,Female,36-50,Bronze,2009-09-29,Mobile App,United Kingdom
13242,CUST_13242,Male,26-35,Gold,2011-10-19,Tablet,United Kingdom
13243,CUST_13243,Male,26-35,Gold,2009-06-29,Desktop Web,United Kingdom
13244,CUST_13244,Male,36-50,Bronze,2009-02-26,Desktop Web,United Kingdom
13245,CUST_13245,Male,26-35,Silver,2011-07-01,Mobile App,United Kingdom
13246,CUST_13246,Female,51-65,Bronze,2010-12-12,Mobile App,United Kingdom
13247,CUST_13247,Male,51-65,Bronze,2010-12-13,Mobile App,United Kingdom
13248,CUST_13248,Female,36-50,Bronze,2011-05-12,Mobile App,United Kingdom
13249,CUST_13249,Female,26-35,Silver,2009-12-26,Mobile App,United Kingdom
13253,CUST_13253,Female,36-50,Bronze,2009-04-28,Mobile Web,United Kingdom
13255,CUST_13255,Female,18-25,Bronze,2011-09-14,Mobile App,United Kingdom
13256,CUST_13256,Female,26-35,Silver,2011-09-02,Mobile App,United Kingdom
13258,CUST_13258,Female,26-35,Bronze,2010-04-18,Mobile App,United Kingdom
13259,CUST_13259,Male,51-65,Bronze,2009-06-22,Desktop Web,United Kingdom
13260,CUST_13260,Female,18-25,Bronze,2011-06-16,Mobile App,United Kingdom
13261,CUST_13261,Male,36-50,Bronze,2010-08-17,Mobile App,United Kingdom
13262,CUST_13262,Female,36-50,Silver,2011-02-11,Desktop Web,United Kingdom
13263,CUST_13263,Female,26-35,Bronze,2011-03-12,Desktop Web,United Kingdom
13265,CUST_13265,Male,18-25,Platinum,2011-08-10,Mobile App,United Kingdom
13266,CUST_13266,Female,65+,Silver,2010-01-22,Mobile App,United Kingdom
13267,CUST_13267,Female,36-50,Bronze,2010-05-13,Mobile App,United Kingdom
13268,CUST_13268,Female,36-50,Bronze,2009-02-13,Tablet,United Kingdom
13269,CUST_13269,Female,26-35,Bronze,2011-01-05,Mobile App,United Kingdom
13270,CUST_13270,Non-Binary,26-35,Silver,2010-10-09,Desktop Web,United Kingdom
13271,CUST_13271,Female,26-35,Bronze,2009-04-04,Mobile App,United Kingdom
13272,CUST_13272,Male,18-25,Bronze,2009-06-03,Desktop Web,United Kingdom
13273,CUST_13273,Female,18-25,Gold,2009-08-21,Mobile App,United Kingdom
13276,CUST_13276,Male,51-65,Bronze,2010-09-30,Mobile App,United Kingdom
13277,CUST_13277,Male,26-35,Bronze,2010-12-02,Desktop Web,United Kingdom
13278,CUST_13278,Male,26-35,Gold,2011-03-06,Mobile App,United Kingdom
13279,CUST_13279,Female,36-50,Silver,2010-11-06,Mobile App,United Kingdom
13280,CUST_13280,Female,36-50,Bronze,2011-06-28,Desktop Web,United Kingdom
13282,CUST_13282,Female,18-25,Silver,2009-10-26,Tablet,United Kingdom
13283,CUST_13283,Male,36-50,Bronze,2010-12-18,Mobile App,United Kingdom
13284,CUST_13284,Male,18-25,Silver,2011-02-28,Desktop Web,United Kingdom
13285,CUST_13285,Male,18-25,Silver,2010-10-13,Tablet,United Kingdom
13291,CUST_13291,Female,18-25,Gold,2009-11-27,Mobile Web,United Kingdom
13292,CUST_13292,Male,51-65,Platinum,2011-01-23,Desktop Web,United Kingdom
13294,CUST_13294,Male,18-25,Gold,2010-07-23,Desktop Web,United Kingdom
13295,CUST_13295,Female,18-25,Gold,2011-08-07,Mobile App,United Kingdom
13296,CUST_13296,Female,26-35,Silver,2009-02-10,Desktop Web,United Kingdom
13297,CUST_13297,Male,51-65,Bronze,2010-04-30,Mobile App,United Kingdom
13298,CUST_13298,Male,26-35,Silver,2011-06-01,Mobile App,United Kingdom
13299,CUST_13299,Male,26-35,Silver,2009-10-01,Mobile App,United Kingdom
13300,CUST_13300,Female,18-25,Gold,2011-10-26,Mobile App,United Kingdom
13301,CUST_13301,Male,26-35,Bronze,2010-11-05,Desktop Web,United Kingdom
13302,CUST_13302,Female,36-50,Gold,2010-01-15,Desktop Web,United Kingdom
13304,CUST_13304,Female,36-50,Gold,2009-09-03,Desktop Web,United Kingdom
13305,CUST_13305,Female,26-35,Platinum,2010-05-15,Mobile App,United Kingdom
13307,CUST_13307,Male,26-35,Gold,2010-08-03,Mobile App,United Kingdom
13308,CUST_13308,Male,18-25,Bronze,2010-06-17,Desktop Web,United Kingdom
13309,CUST_13309,Male,26-35,Bronze,2010-09-26,Tablet,United Kingdom
13310,CUST_13310,Female,18-25,Bronze,2009-11-08,Mobile App,United Kingdom
13311,CUST_13311,Male,36-50,Bronze,2010-07-09,Mobile App,United Kingdom
13313,CUST_13313,Female,65+,Silver,2010-12-02,Mobile Web,United Kingdom
13314,CUST_13314,Male,65+,Gold,2011-08-17,Mobile App,United Kingdom
13316,CUST_13316,Female,51-65,Gold,2009-12-28,Mobile Web,United Kingdom
13317,CUST_13317,Female,36-50,Silver,2009-09-24,Desktop Web,United Kingdom
13318,CUST_13318,Female,36-50,Bronze,2010-09-22,Mobile App,United Kingdom
13319,CUST_13319,Female,26-35,Bronze,2011-09-10,Mobile App,United Kingdom
13320,CUST_13320,Male,36-50,Bronze,2011-04-27,Mobile App,United Kingdom
13321,CUST_13321,Female,26-35,Bronze,2009-10-06,Mobile App,United Kingdom
13322,CUST_13322,Female,26-35,Silver,2009-03-03,Mobile Web,United Kingdom
13323,CUST_13323,Male,36-50,Bronze,2010-12-20,Desktop Web,United Kingdom
13324,CUST_13324,Female,26-35,Bronze,2009-03-01,Desktop Web,United Kingdom
13325,CUST_13325,Male,26-35,Bronze,2011-07-02,Desktop Web,United Kingdom
13327,CUST_13327,Male,51-65,Silver,2011-01-25,Mobile App,United Kingdom
13328,CUST_13328,Male,18-25,Silver,2010-09-26,Desktop Web,United Kingdom
13329,CUST_13329,Female,26-35,Silver,2010-07-15,Desktop Web,United Kingdom
13330,CUST_13330,Male,51-65,Bronze,2010-09-30,Desktop Web,United Kingdom
13332,CUST_13332,Male,36-50,Platinum,2011-05-05,Mobile App,United Kingdom
13334,CUST_13334,Female,36-50,Bronze,2010-04-26,Desktop Web,United Kingdom
13336,CUST_13336,Female,26-35,Silver,2011-06-29,Mobile Web,United Kingdom
13338,CUST_13338,Male,26-35,Silver,2010-06-26,Mobile App,United Kingdom
13339,CUST_13339,Male,51-65,Silver,2009-02-18,Mobile App,United Kingdom
13340,CUST_13340,Male,36-50,Gold,2010-06-07,Desktop Web,United Kingdom
13341,CUST_13341,Male,36-50,Bronze,2009-03-02,Mobile App,United Kingdom
13343,CUST_13343,Male,18-25,Silver,2009-07-06,Desktop Web,United Kingdom
13344,CUST_13344,Female,18-25,Bronze,2009-04-20,Tablet,United Kingdom
13345,CUST_13345,Female,65+,Silver,2011-01-31,Desktop Web,United Kingdom
13347,CUST_13347,Female,26-35,Bronze,2010-11-14,Desktop Web,United Kingdom
13348,CUST_13348,Male,36-50,Bronze,2010-10-11,Desktop Web,United Kingdom
13349,CUST_13349,Female,18-25,Silver,2009-09-28,Mobile App,United Kingdom
13350,CUST_13350,Male,36-50,Silver,2010-03-11,Mobile App,United Kingdom
13351,CUST_13351,Male,51-65,Bronze,2011-02-04,Mobile Web,United Kingdom
13352,CUST_13352,Male,36-50,Silver,2011-02-20,Desktop Web,United Kingdom
13354,CUST_13354,Female,18-25,Silver,2009-03-18,Mobile App,United Kingdom
13355,CUST_13355,Male,36-50,Bronze,2009-10-02,Mobile App,United Kingdom
13356,CUST_13356,Female,36-50,Silver,2010-10-06,Desktop Web,United Kingdom
13357,CUST_13357,Male,26-35,Silver,2010-11-07,Desktop Web,United Kingdom
13358,CUST_13358,Female,51-65,Silver,2010-10-14,Mobile Web,United Kingdom
13359,CUST_13359,Female,36-50,Bronze,2009-09-24,Mobile App,United Kingdom
13362,CUST_13362,Male,51-65,Bronze,2010-09-28,Mobile Web,United Kingdom
13363,CUST_13363,Female,36-50,Silver,2009-09-24,Desktop Web,United Kingdom
13364,CUST_13364,Female,18-25,Platinum,2011-06-18,Desktop Web,United Kingdom
13365,CUST_13365,Male,26-35,Silver,2010-12-10,Desktop Web,United Kingdom
13366,CUST_13366,Male,26-35,Bronze,2011-05-10,Mobile App,United Kingdom
13368,CUST_13368,Male,51-65,Silver,2009-04-28,Tablet,United Kingdom
13369,CUST_13369,Male,36-50,Gold,2010-09-02,Mobile App,United Kingdom
13370,CUST_13370,Male,36-50,Bronze,2010-07-22,Mobile App,United Kingdom
13372,CUST_13372,Female,26-35,Platinum,2010-09-30,Mobile Web,United Kingdom
13373,CUST_13373,Female,26-35,Platinum,2009-05-20,Desktop Web,United Kingdom
13375,CUST_13375,Female,36-50,Bronze,2009-03-09,Mobile Web,United Kingdom
13376,CUST_13376,Male,26-35,Platinum,2010-03-27,Desktop Web,United Kingdom
13379,CUST_13379,Male,26-35,Bronze,2011-09-05,Mobile App,United Kingdom
13381,CUST_13381,Female,36-50,Gold,2011-02-24,Mobile Web,United Kingdom
13382,CUST_13382,Female,18-25,Bronze,2011-01-20,Mobile App,United Kingdom
13384,CUST_13384,Male,26-35,Bronze,2009-03-23,Mobile Web,United Kingdom
13385,CUST_13385,Female,26-35,Silver,2009-07-31,Mobile App,United Kingdom
13388,CUST_13388,Male,18-25,Gold,2011-04-26,Mobile Web,United Kingdom
13389,CUST_13389,Female,65+,Bronze,2010-10-26,Mobile App,United Kingdom
13390,CUST_13390,Male,26-35,Silver,2009-03-17,Desktop Web,United Kingdom
13391,CUST_13391,Female,18-25,Bronze,2011-03-16,Mobile Web,United Kingdom
13394,CUST_13394,Male,26-35,Bronze,2010-11-25,Desktop Web,United Kingdom
13395,CUST_13395,Male,36-50,Bronze,2010-10-10,Desktop Web,United Kingdom
13396,CUST_13396,Male,26-35,Silver,2011-05-30,Mobile Web,United Kingdom
13397,CUST_13397,Male,36-50,Bronze,2010-09-28,Desktop Web,United Kingdom
13398,CUST_13398,Male,18-25,Bronze,2009-09-09,Mobile Web,United Kingdom
13402,CUST_13402,Male,18-25,Bronze,2010-06-05,Mobile App,United Kingdom
13403,CUST_13403,Female,26-35,Bronze,2009-08-18,Mobile App,United Kingdom
13404,CUST_13404,Male,51-65,Silver,2010-05-11,Mobile App,United Kingdom
13405,CUST_13405,Male,51-65,Platinum,2011-06-19,Mobile App,United Kingdom
13408,CUST_13408,Female,18-25,Bronze,2009-10-16,Mobile App,United Kingdom
13410,CUST_13410,Male,36-50,Platinum,2009-02-11,Desktop Web,United Kingdom
13411,CUST_13411,Male,51-65,Silver,2009-01-26,Mobile App,United Kingdom
13414,CUST_13414,Male,26-35,Silver,2010-07-27,Mobile App,United Kingdom
13416,CUST_13416,Female,51-65,Silver,2009-10-11,Mobile App,United Kingdom
13417,CUST_13417,Female,18-25,Gold,2009-06-09,Mobile Web,United Kingdom
13418,CUST_13418,Non-Binary,51-65,Bronze,2009-01-18,Desktop Web,United Kingdom
13419,CUST_13419,Male,36-50,Silver,2009-10-29,Mobile App,United Kingdom
13420,CUST_13420,Female,51-65,Silver,2010-03-02,Mobile Web,United Kingdom
13421,CUST_13421,Male,36-50,Silver,2010-09-16,Mobile App,United Kingdom
13422,CUST_13422,Male,26-35,Gold,2011-01-30,Tablet,United Kingdom
13425,CUST_13425,Female,51-65,Bronze,2010-12-18,Desktop Web,United Kingdom
13426,CUST_13426,Male,26-35,Silver,2011-09-14,Mobile App,United Kingdom
13427,CUST_13427,Female,26-35,Silver,2010-01-01,Desktop Web,United Kingdom
13428,CUST_13428,Female,36-50,Bronze,2009-03-22,Desktop Web,United Kingdom
13429,CUST_13429,Female,36-50,Bronze,2011-05-29,Mobile App,United Kingdom
13430,CUST_13430,Male,51-65,Silver,2011-08-25,Mobile Web,United Kingdom
13431,CUST_13431,Female,26-35,Gold,2010-03-18,Mobile App,United Kingdom
13434,CUST_13434,Female,36-50,Silver,2010-12-23,Mobile App,United Kingdom
13435,CUST_13435,Female,36-50,Gold,2009-09-28,Mobile App,United Kingdom
13436,CUST_13436,Male,18-25,Bronze,2010-08-29,Mobile App,United Kingdom
13437,CUST_13437,Male,26-35,Bronze,2009-06-04,Mobile App,United Kingdom
13439,CUST_13439,Female,26-35,Bronze,2011-03-08,Mobile Web,United Kingdom
13441,CUST_13441,Female,26-35,Bronze,2011-09-27,Mobile App,United Kingdom
13447,CUST_13447,Male,65+,Bronze,2009-07-12,Mobile App,United Kingdom
13448,CUST_13448,Female,36-50,Bronze,2011-01-16,Desktop Web,United Kingdom
13449,CUST_13449,Female,36-50,Silver,2010-10-21,Mobile Web,United Kingdom
13450,CUST_13450,Female,65+,Silver,2009-02-12,Tablet,United Kingdom
13451,CUST_13451,Female,26-35,Bronze,2010-12-30,Desktop Web,United Kingdom
13452,CUST_13452,Female,51-65,Bronze,2010-07-10,Tablet,United Kingdom
13453,CUST_13453,Female,26-35,Bronze,2009-01-16,Desktop Web,United Kingdom
13455,CUST_13455,Female,51-65,Silver,2011-05-13,Tablet,United Kingdom
13456,CUST_13456,Male,26-35,Bronze,2009-12-30,Desktop Web,United Kingdom
13458,CUST_13458,Female,51-65,Bronze,2011-05-04,Mobile App,United Kingdom
13460,CUST_13460,Male,26-35,Platinum,2009-09-03,Mobile App,United Kingdom
13461,CUST_13461,Male,26-35,Gold,2009-12-04,Desktop Web,United Kingdom
13462,CUST_13462,Female,36-50,Bronze,2010-09-07,Mobile App,United Kingdom
13464,CUST_13464,Male,26-35,Bronze,2009-07-21,Mobile App,United Kingdom
13466,CUST_13466,Female,36-50,Bronze,2011-07-29,Desktop Web,United Kingdom
13467,CUST_13467,Male,26-35,Gold,2009-08-18,Mobile Web,United Kingdom
13468,CUST_13468,Female,36-50,Silver,2010-06-16,Mobile App,United Kingdom
13470,CUST_13470,Female,26-35,Bronze,2009-01-29,Desktop Web,United Kingdom
13471,CUST_13471,Female,18-25,Silver,2010-01-27,Desktop Web,United Kingdom
13473,CUST_13473,Non-Binary,26-35,Bronze,2009-09-06,Tablet,United Kingdom
13474,CUST_13474,Female,26-35,Bronze,2010-03-21,Mobile Web,United Kingdom
13475,CUST_13475,Male,26-35,Bronze,2011-02-24,Desktop Web,United Kingdom
13476,CUST_13476,Female,26-35,Silver,2009-03-03,Desktop Web,United Kingdom
13477,CUST_13477,Male,26-35,Bronze,2011-10-25,Mobile App,United Kingdom
13479,CUST_13479,Female,18-25,Bronze,2010-02-02,Desktop Web,United Kingdom
13481,CUST_13481,Male,36-50,Bronze,2010-03-07,Desktop Web,United Kingdom
13482,CUST_13482,Female,51-65,Bronze,2009-05-15,Mobile Web,United Kingdom
13483,CUST_13483,Female,26-35,Gold,2010-12-20,Desktop Web,United Kingdom
13484,CUST_13484,Female,36-50,Bronze,2009-11-26,Mobile App,United Kingdom
13485,CUST_13485,Female,36-50,Bronze,2009-08-15,Desktop Web,United Kingdom
13486,CUST_13486,Male,26-35,Silver,2010-09-14,Mobile App,United Kingdom
13487,CUST_13487,Female,36-50,Gold,2009-07-12,Mobile App,United Kingdom
13488,CUST_13488,Male,26-35,Gold,2011-05-26,Mobile App,United Kingdom
13489,CUST_13489,Female,36-50,Silver,2011-01-15,Mobile App,United Kingdom
13491,CUST_13491,Male,18-25,Bronze,2010-02-12,Mobile Web,United Kingdom
13492,CUST_13492,Female,36-50,Silver,2009-03-20,Mobile App,Switzerland
13493,CUST_13493,Female,36-50,Silver,2010-05-22,Mobile App,Switzerland
13494,CUST_13494,Male,18-25,Bronze,2010-02-25,Tablet,United Kingdom
13495,CUST_13495,Female,26-35,Gold,2009-11-16,Mobile App,United Kingdom
13496,CUST_13496,Female,65+,Bronze,2011-09-11,Mobile App,United Kingdom
13497,CUST_13497,Male,26-35,Platinum,2010-08-05,Mobile App,United Kingdom
13499,CUST_13499,Male,36-50,Gold,2011-10-19,Mobile App,United Kingdom
13500,CUST_13500,Female,51-65,Silver,2010-10-15,Mobile App,United Kingdom
13501,CUST_13501,Female,36-50,Platinum,2009-08-08,Mobile App,Switzerland
13502,CUST_13502,Male,36-50,Silver,2009-06-13,Desktop Web,United Kingdom
13503,CUST_13503,Female,36-50,Bronze,2010-10-29,Mobile App,United Kingdom
13504,CUST_13504,Female,51-65,Bronze,2011-02-26,Mobile App,United Kingdom
13505,CUST_13505,Female,26-35,Bronze,2010-12-28,Mobile Web,Switzerland
13506,CUST_13506,Male,26-35,Bronze,2009-04-27,Mobile App,United Kingdom
13507,CUST_13507,Male,26-35,Silver,2010-10-08,Mobile Web,United Kingdom
13508,CUST_13508,Female,65+,Bronze,2010-03-14,Desktop Web,United Kingdom
13509,CUST_13509,Female,36-50,Bronze,2009-04-09,Mobile App,United Kingdom
13510,CUST_13510,Female,18-25,Silver,2011-09-22,Desktop Web,United Kingdom
13512,CUST_13512,Male,51-65,Gold,2011-03-01,Mobile App,United Kingdom
13513,CUST_13513,Female,26-35,Bronze,2009-04-18,Mobile App,United Kingdom
13514,CUST_13514,Female,18-25,Bronze,2011-01-09,Desktop Web,United Kingdom
13515,CUST_13515,Male,36-50,Bronze,2009-11-23,Desktop Web,United Kingdom
13516,CUST_13516,Female,26-35,Silver,2009-05-20,Desktop Web,United Kingdom
13517,CUST_13517,Male,51-65,Bronze,2011-01-30,Mobile Web,United Kingdom
13518,CUST_13518,Female,26-35,Silver,2010-07-29,Mobile App,United Kingdom
13519,CUST_13519,Female,51-65,Bronze,2011-03-25,Desktop Web,United Kingdom
13520,CUST_13520,Female,36-50,Bronze,2009-10-29,Desktop Web,Switzerland
13521,CUST_13521,Male,18-25,Platinum,2009-07-16,Tablet,United Kingdom
13522,CUST_13522,Male,65+,Bronze,2011-07-09,Mobile Web,United Kingdom
13523,CUST_13523,Male,36-50,Bronze,2009-04-29,Mobile Web,United Kingdom
13524,CUST_13524,Female,26-35,Bronze,2011-09-14,Mobile App,United Kingdom
13525,CUST_13525,Male,26-35,Silver,2009-09-19,Desktop Web,United Kingdom
13527,CUST_13527,Female,51-65,Silver,2009-11-21,Mobile App,United Kingdom
13529,CUST_13529,Female,26-35,Bronze,2010-03-25,Mobile App,United Kingdom
13531,CUST_13531,Male,26-35,Bronze,2009-10-07,Mobile Web,United Kingdom
13532,CUST_13532,Female,18-25,Bronze,2010-10-18,Mobile App,United Kingdom
13533,CUST_13533,Female,26-35,Silver,2009-04-24,Tablet,United Kingdom
13534,CUST_13534,Female,36-50,Gold,2010-10-18,Mobile App,United Kingdom
13536,CUST_13536,Female,26-35,Silver,2009-07-15,Mobile Web,United Kingdom
13538,CUST_13538,Female,26-35,Silver,2010-12-24,Mobile App,United Kingdom
13539,CUST_13539,Male,26-35,Bronze,2011-05-17,Mobile App,United Kingdom
13544,CUST_13544,Female,26-35,Bronze,2011-01-27,Mobile App,United Kingdom
13546,CUST_13546,Male,51-65,Bronze,2009-04-18,Desktop Web,United Kingdom
13548,CUST_13548,Male,26-35,Bronze,2010-10-17,Mobile App,United Kingdom
13549,CUST_13549,Female,65+,Bronze,2010-11-19,Desktop Web,United Kingdom
13551,CUST_13551,Female,26-35,Silver,2009-12-01,Mobile App,United Kingdom
13552,CUST_13552,Female,26-35,Silver,2011-09-02,Mobile App,United Kingdom
13555,CUST_13555,Male,51-65,Platinum,2009-08-29,Mobile App,United Kingdom
13557,CUST_13557,Female,26-35,Bronze,2009-09-30,Mobile App,United Kingdom
13558,CUST_13558,Male,36-50,Silver,2011-08-12,Mobile Web,United Kingdom
13560,CUST_13560,Female,65+,Gold,2010-11-06,Mobile Web,United Kingdom
13561,CUST_13561,Male,18-25,Silver,2009-06-08,Mobile App,United Kingdom
13562,CUST_13562,Female,18-25,Bronze,2009-10-06,Desktop Web,United Kingdom
13563,CUST_13563,Female,36-50,Bronze,2009-05-29,Desktop Web,United Kingdom
13564,CUST_13564,Male,26-35,Bronze,2010-02-04,Mobile App,United Kingdom
13565,CUST_13565,Male,26-35,Bronze,2009-03-18,Mobile App,United Kingdom
13566,CUST_13566,Female,18-25,Silver,2010-01-17,Desktop Web,United Kingdom
13568,CUST_13568,Male,18-25,Bronze,2009-05-02,Mobile App,United Kingdom
13569,CUST_13569,Female,36-50,Bronze,2010-12-15,Mobile App,United Kingdom
13570,CUST_13570,Male,18-25,Silver,2010-02-10,Mobile App,United Kingdom
13571,CUST_13571,Male,26-35,Gold,2009-11-27,Desktop Web,United Kingdom
13572,CUST_13572,Female,36-50,Silver,2010-08-16,Mobile App,United Kingdom
13573,CUST_13573,Female,26-35,Silver,2009-09-01,Mobile App,United Kingdom
13575,CUST_13575,Female,18-25,Bronze,2010-08-30,Mobile App,United Kingdom
13576,CUST_13576,Male,36-50,Bronze,2009-02-11,Mobile App,United Kingdom
13577,CUST_13577,Male,18-25,Bronze,2010-01-02,Mobile App,United Kingdom
13579,CUST_13579,Female,36-50,Silver,2011-07-21,Mobile Web,United Kingdom
13581,CUST_13581,Female,51-65,Platinum,2010-01-24,Mobile App,United Kingdom
13583,CUST_13583,Male,26-35,Bronze,2010-10-31,Desktop Web,United Kingdom
13584,CUST_13584,Non-Binary,36-50,Silver,2010-12-19,Mobile App,United Kingdom
13587,CUST_13587,Male,26-35,Bronze,2009-03-31,Desktop Web,United Kingdom
13588,CUST_13588,Female,26-35,Silver,2010-08-02,Desktop Web,United Kingdom
13589,CUST_13589,Female,51-65,Bronze,2009-08-16,Mobile App,United Kingdom
13590,CUST_13590,Female,51-65,Bronze,2011-02-17,Mobile Web,United Kingdom
13591,CUST_13591,Male,26-35,Gold,2011-06-08,Desktop Web,United Kingdom
13592,CUST_13592,Female,36-50,Silver,2009-05-12,Mobile Web,United Kingdom
13593,CUST_13593,Male,51-65,Silver,2009-12-08,Mobile App,United Kingdom
13594,CUST_13594,Female,65+,Bronze,2010-07-10,Tablet,United Kingdom
13596,CUST_13596,Male,36-50,Bronze,2010-10-12,Desktop Web,United Kingdom
13598,CUST_13598,Male,26-35,Bronze,2009-09-07,Tablet,United Kingdom
13599,CUST_13599,Male,26-35,Gold,2010-02-07,Desktop Web,United Kingdom
13600,CUST_13600,Female,65+,Platinum,2009-11-18,Desktop Web,United Kingdom
13601,CUST_13601,Female,18-25,Bronze,2010-04-12,Desktop Web,United Kingdom
13602,CUST_13602,Female,36-50,Bronze,2011-08-21,Mobile Web,United Kingdom
13603,CUST_13603,Male,26-35,Gold,2009-05-16,Tablet,United Kingdom
13606,CUST_13606,Male,26-35,Bronze,2009-12-06,Mobile App,United Kingdom
13607,CUST_13607,Male,26-35,Silver,2011-08-07,Desktop Web,United Kingdom
13610,CUST_13610,Male,65+,Bronze,2009-08-31,Mobile App,United Kingdom
13611,CUST_13611,Male,18-25,Silver,2009-03-11,Desktop Web,United Kingdom
13614,CUST_13614,Female,36-50,Silver,2011-08-25,Mobile App,United Kingdom
13615,CUST_13615,Male,18-25,Gold,2010-08-22,Mobile App,United Kingdom
13617,CUST_13617,Female,26-35,Gold,2011-06-30,Mobile Web,United Kingdom
13618,CUST_13618,Female,26-35,Bronze,2010-06-22,Mobile App,United Kingdom
13621,CUST_13621,Female,36-50,Silver,2010-03-15,Desktop Web,United Kingdom
13623,CUST_13623,Female,26-35,Gold,2009-02-24,Desktop Web,United Kingdom
13626,CUST_13626,Female,26-35,Bronze,2010-06-17,Mobile App,United Kingdom
13627,CUST_13627,Male,18-25,Bronze,2010-11-10,Mobile App,United Kingdom
13629,CUST_13629,Female,26-35,Bronze,2011-09-02,Desktop Web,United Kingdom
13630,CUST_13630,Male,65+,Silver,2011-09-13,Mobile App,United Kingdom
13631,CUST_13631,Female,51-65,Bronze,2010-04-10,Mobile Web,United Kingdom
13632,CUST_13632,Female,26-35,Silver,2009-10-03,Tablet,United Kingdom
13634,CUST_13634,Female,36-50,Bronze,2009-03-27,Mobile App,United Kingdom
13635,CUST_13635,Female,51-65,Gold,2010-12-10,Mobile App,United Kingdom
13636,CUST_13636,Male,18-25,Bronze,2011-10-26,Desktop Web,United Kingdom
13637,CUST_13637,Female,51-65,Bronze,2011-05-15,Desktop Web,United Kingdom
13638,CUST_13638,Male,51-65,Silver,2011-01-20,Mobile App,United Kingdom
13639,CUST_13639,Female,18-25,Silver,2010-03-10,Mobile App,United Kingdom
13642,CUST_13642,Male,26-35,Bronze,2011-08-14,Desktop Web,United Kingdom
13643,CUST_13643,Male,65+,Bronze,2010-03-18,Tablet,United Kingdom
13644,CUST_13644,Male,36-50,Bronze,2011-03-03,Mobile App,United Kingdom
13645,CUST_13645,Female,18-25,Silver,2011-05-22,Mobile App,United Kingdom
13647,CUST_13647,Female,26-35,Gold,2011-01-25,Tablet,United Kingdom
13649,CUST_13649,Female,26-35,Silver,2011-10-26,Desktop Web,United Kingdom
13650,CUST_13650,Male,36-50,Silver,2009-06-20,Desktop Web,United Kingdom
13651,CUST_13651,Female,36-50,Silver,2009-10-18,Desktop Web,United Kingdom
13652,CUST_13652,Female,65+,Bronze,2010-04-14,Tablet,United Kingdom
13654,CUST_13654,Male,26-35,Platinum,2009-10-07,Desktop Web,United Kingdom
13655,CUST_13655,Female,36-50,Gold,2009-09-08,Mobile Web,United Kingdom
13656,CUST_13656,Male,36-50,Bronze,2010-12-24,Desktop Web,United Kingdom
13657,CUST_13657,Female,26-35,Bronze,2010-12-28,Desktop Web,United Kingdom
13658,CUST_13658,Female,26-35,Bronze,2009-11-27,Mobile App,United Kingdom
13659,CUST_13659,Male,65+,Bronze,2009-05-06,Mobile App,United Kingdom
13662,CUST_13662,Female,51-65,Silver,2010-06-29,Desktop Web,United Kingdom
13663,CUST_13663,Male,26-35,Silver,2010-11-25,Mobile App,United Kingdom
13666,CUST_13666,Female,36-50,Gold,2009-07-14,Desktop Web,United Kingdom
13667,CUST_13667,Female,26-35,Silver,2011-07-07,Mobile App,United Kingdom
13668,CUST_13668,Male,36-50,Silver,2010-12-15,Mobile Web,United Kingdom
13669,CUST_13669,Male,36-50,Silver,2010-05-18,Mobile App,United Kingdom
13670,CUST_13670,Male,36-50,Bronze,2009-10-26,Mobile Web,United Kingdom
13672,CUST_13672,Female,65+,Bronze,2010-05-05,Desktop Web,United Kingdom
13673,CUST_13673,Male,36-50,Silver,2009-04-30,Mobile App,United Kingdom
13675,CUST_13675,Female,26-35,Bronze,2009-08-31,Desktop Web,United Kingdom
13678,CUST_13678,Female,36-50,Bronze,2010-12-30,Mobile App,United Kingdom
13680,CUST_13680,Male,26-35,Gold,2009-01-05,Mobile App,United Kingdom
13681,CUST_13681,Female,26-35,Silver,2011-10-25,Mobile App,United Kingdom
13682,CUST_13682,Male,26-35,Bronze,2009-06-07,Mobile App,United Kingdom
13684,CUST_13684,Female,26-35,Silver,2011-10-04,Tablet,United Kingdom
13685,CUST_13685,Female,36-50,Gold,2010-04-05,Mobile App,United Kingdom
13686,CUST_13686,Male,26-35,Bronze,2009-06-05,Desktop Web,United Kingdom
13689,CUST_13689,Male,36-50,Bronze,2009-06-21,Mobile App,United Kingdom
13690,CUST_13690,Male,36-50,Platinum,2009-08-25,Desktop Web,United Kingdom
13692,CUST_13692,Male,26-35,Bronze,2009-04-09,Mobile App,United Kingdom
13693,CUST_13693,Male,51-65,Bronze,2010-11-17,Desktop Web,United Kingdom
13694,CUST_13694,Male,26-35,Silver,2010-04-08,Desktop Web,United Kingdom
13695,CUST_13695,Male,26-35,Gold,2011-03-04,Desktop Web,United Kingdom
13697,CUST_13697,Female,36-50,Bronze,2011-07-19,Mobile App,United Kingdom
13699,CUST_13699,Female,26-35,Bronze,2009-08-24,Desktop Web,United Kingdom
13700,CUST_13700,Female,18-25,Bronze,2009-07-24,Mobile App,United Kingdom
13703,CUST_13703,Non-Binary,36-50,Platinum,2011-01-20,Mobile App,United Kingdom
13704,CUST_13704,Male,36-50,Bronze,2011-02-24,Mobile App,United Kingdom
13705,CUST_13705,Female,26-35,Silver,2011-07-12,Mobile App,United Kingdom
13706,CUST_13706,Male,65+,Gold,2009-09-13,Desktop Web,United Kingdom
13707,CUST_13707,Male,36-50,Bronze,2011-07-18,Desktop Web,United Kingdom
13708,CUST_13708,Female,51-65,Platinum,2011-09-08,Mobile App,United Kingdom
13709,CUST_13709,Male,18-25,Platinum,2010-06-14,Mobile App,United Kingdom
13710,CUST_13710,Male,36-50,Gold,2011-02-28,Mobile App,United Kingdom
13711,CUST_13711,Female,51-65,Bronze,2009-02-02,Desktop Web,United Kingdom
13712,CUST_13712,Male,36-50,Silver,2009-04-18,Desktop Web,United Kingdom
13715,CUST_13715,Female,36-50,Gold,2011-10-09,Mobile App,United Kingdom
13716,CUST_13716,Male,26-35,Platinum,2011-07-27,Desktop Web,United Kingdom
13717,CUST_13717,Non-Binary,18-25,Bronze,2011-06-01,Desktop Web,United Kingdom
13718,CUST_13718,Male,26-35,Gold,2011-09-06,Desktop Web,United Kingdom
13719,CUST_13719,Female,26-35,Bronze,2009-04-07,Desktop Web,United Kingdom
13720,CUST_13720,Male,51-65,Bronze,2009-06-08,Desktop Web,United Kingdom
13721,CUST_13721,Male,26-35,Bronze,2011-05-10,Desktop Web,United Kingdom
13722,CUST_13722,Female,65+,Gold,2011-03-29,Mobile App,United Kingdom
13723,CUST_13723,Male,65+,Silver,2009-11-24,Mobile App,United Kingdom
13725,CUST_13725,Female,26-35,Silver,2009-04-15,Mobile App,United Kingdom
13726,CUST_13726,Male,26-35,Platinum,2009-02-09,Desktop Web,United Kingdom
13727,CUST_13727,Female,51-65,Bronze,2010-12-10,Mobile Web,United Kingdom
13728,CUST_13728,Female,65+,Silver,2010-09-13,Mobile App,United Kingdom
13730,CUST_13730,Female,26-35,Bronze,2011-03-10,Mobile App,United Kingdom
13731,CUST_13731,Male,26-35,Bronze,2011-06-01,Desktop Web,United Kingdom
13732,CUST_13732,Female,36-50,Silver,2011-03-14,Mobile Web,United Kingdom
13735,CUST_13735,Male,36-50,Platinum,2010-02-09,Mobile Web,United Kingdom
13736,CUST_13736,Female,26-35,Silver,2010-09-11,Desktop Web,United Kingdom
13737,CUST_13737,Female,36-50,Gold,2009-07-24,Mobile Web,United Kingdom
13739,CUST_13739,Male,18-25,Bronze,2009-02-18,Mobile App,United Kingdom
13740,CUST_13740,Male,18-25,Bronze,2009-01-17,Mobile App,United Kingdom
13741,CUST_13741,Female,26-35,Silver,2011-01-30,Mobile App,United Kingdom
13742,CUST_13742,Male,26-35,Bronze,2010-12-12,Desktop Web,United Kingdom
13743,CUST_13743,Male,26-35,Bronze,2009-07-23,Mobile App,United Kingdom
13744,CUST_13744,Male,26-35,Silver,2009-04-29,Desktop Web,United Kingdom
13745,CUST_13745,Female,26-35,Bronze,2010-08-03,Desktop Web,United Kingdom
13747,CUST_13747,Female,26-35,Bronze,2009-02-06,Mobile App,United Kingdom
13748,CUST_13748,Male,26-35,Silver,2010-10-16,Mobile Web,United Kingdom
13750,CUST_13750,Female,65+,Silver,2011-01-20,Mobile App,United Kingdom
13751,CUST_13751,Male,26-35,Gold,2010-08-24,Mobile App,United Kingdom
13752,CUST_13752,Male,26-35,Silver,2010-12-03,Desktop Web,United Kingdom
13753,CUST_13753,Male,36-50,Bronze,2010-07-03,Mobile App,United Kingdom
13754,CUST_13754,Male,65+,Platinum,2009-12-06,Desktop Web,United Kingdom
13755,CUST_13755,Non-Binary,26-35,Gold,2011-08-11,Mobile Web,United Kingdom
13756,CUST_13756,Female,36-50,Bronze,2010-10-06,Mobile Web,United Kingdom
13758,CUST_13758,Male,36-50,Bronze,2011-10-28,Mobile Web,United Kingdom
13759,CUST_13759,Female,36-50,Silver,2011-02-11,Mobile App,United Kingdom
13760,CUST_13760,Female,18-25,Silver,2010-02-19,Desktop Web,United Kingdom
13761,CUST_13761,Male,36-50,Gold,2009-10-02,Mobile App,United Kingdom
13762,CUST_13762,Male,18-25,Silver,2010-12-29,Mobile App,United Kingdom
13763,CUST_13763,Non-Binary,36-50,Silver,2011-03-14,Mobile App,United Kingdom
13764,CUST_13764,Male,36-50,Platinum,2009-07-10,Mobile App,United Kingdom
13767,CUST_13767,Female,26-35,Silver,2009-11-24,Mobile Web,United Kingdom
13769,CUST_13769,Female,51-65,Bronze,2010-03-17,Mobile App,United Kingdom
13771,CUST_13771,Male,18-25,Gold,2011-02-12,Desktop Web,United Kingdom
13772,CUST_13772,Female,51-65,Bronze,2010-10-18,Mobile App,United Kingdom
13774,CUST_13774,Female,26-35,Gold,2010-01-23,Desktop Web,United Kingdom
13777,CUST_13777,Female,26-35,Platinum,2010-05-22,Tablet,United Kingdom
13778,CUST_13778,Female,18-25,Silver,2009-06-10,Mobile App,United Kingdom
13780,CUST_13780,Female,65+,Silver,2011-08-19,Desktop Web,United Kingdom
13781,CUST_13781,Female,18-25,Silver,2010-09-07,Mobile App,United Kingdom
13782,CUST_13782,Female,26-35,Bronze,2011-09-27,Mobile App,United Kingdom
13784,CUST_13784,Female,26-35,Bronze,2010-12-01,Desktop Web,United Kingdom
13786,CUST_13786,Non-Binary,36-50,Silver,2009-09-02,Mobile Web,United Kingdom
13787,CUST_13787,Female,36-50,Gold,2011-10-06,Mobile App,United Kingdom
13790,CUST_13790,Female,18-25,Silver,2010-07-08,Mobile App,United Kingdom
13791,CUST_13791,Male,26-35,Bronze,2009-01-02,Mobile App,United Kingdom
13792,CUST_13792,Female,26-35,Silver,2009-01-21,Desktop Web,United Kingdom
13798,CUST_13798,Male,26-35,Gold,2010-12-21,Desktop Web,United Kingdom
13799,CUST_13799,Male,26-35,Silver,2010-03-17,Desktop Web,United Kingdom
13800,CUST_13800,Female,36-50,Silver,2010-10-31,Desktop Web,United Kingdom
13801,CUST_13801,Female,26-35,Gold,2009-06-17,Mobile Web,United Kingdom
13802,CUST_13802,Male,26-35,Silver,2009-07-22,Desktop Web,United Kingdom
13803,CUST_13803,Male,26-35,Bronze,2010-10-25,Mobile Web,United Kingdom
13804,CUST_13804,Female,65+,Gold,2010-03-04,Mobile Web,United Kingdom
13805,CUST_13805,Male,65+,Bronze,2011-01-03,Desktop Web,United Kingdom
13806,CUST_13806,Female,51-65,Platinum,2010-06-06,Desktop Web,United Kingdom
13807,CUST_13807,Non-Binary,26-35,Bronze,2011-10-09,Mobile Web,United Kingdom
13808,CUST_13808,Female,18-25,Bronze,2009-11-01,Mobile Web,United Kingdom
13809,CUST_13809,Male,26-35,Gold,2011-05-05,Mobile App,Cyprus
13810,CUST_13810,Male,26-35,Bronze,2011-09-03,Mobile App,Germany
13811,CUST_13811,Male,36-50,Silver,2010-06-13,Tablet,Germany
13812,CUST_13812,Female,36-50,Gold,2011-02-01,Mobile App,Germany
13813,CUST_13813,Female,51-65,Gold,2010-08-25,Mobile Web,Germany
13814,CUST_13814,Female,51-65,Platinum,2011-02-11,Mobile App,Germany
13815,CUST_13815,Female,26-35,Bronze,2010-06-18,Mobile App,Germany
13816,CUST_13816,Female,36-50,Silver,2010-12-12,Mobile App,Germany
13817,CUST_13817,Male,26-35,Bronze,2011-02-03,Mobile App,Germany
13819,CUST_13819,Female,18-25,Bronze,2011-09-20,Mobile App,United Kingdom
13821,CUST_13821,Female,36-50,Gold,2010-03-05,Desktop Web,United Kingdom
13822,CUST_13822,Male,18-25,Bronze,2010-01-05,Desktop Web,United Kingdom
13823,CUST_13823,Male,26-35,Silver,2010-05-24,Tablet,United Kingdom
13824,CUST_13824,Male,26-35,Silver,2009-07-19,Mobile App,United Kingdom
13826,CUST_13826,Non-Binary,36-50,Silver,2011-03-20,Desktop Web,United Kingdom
13827,CUST_13827,Female,36-50,Platinum,2011-07-05,Desktop Web,United Kingdom
13828,CUST_13828,Female,26-35,Bronze,2009-09-03,Desktop Web,United Kingdom
13829,CUST_13829,Male,51-65,Silver,2009-10-31,Desktop Web,United Kingdom
13831,CUST_13831,Male,26-35,Gold,2009-07-03,Mobile App,United Kingdom
13832,CUST_13832,Female,26-35,Silver,2011-10-06,Mobile App,United Kingdom
13833,CUST_13833,Male,36-50,Bronze,2010-09-09,Mobile App,United Kingdom
13835,CUST_13835,Female,36-50,Silver,2009-12-13,Mobile App,United Kingdom
13837,CUST_13837,Female,65+,Bronze,2011-07-03,Desktop Web,United Kingdom
13838,CUST_13838,Male,26-35,Bronze,2010-09-14,Mobile App,United Kingdom
13841,CUST_13841,Male,36-50,Gold,2009-08-01,Mobile Web,United Kingdom
13842,CUST_13842,Male,36-50,Silver,2010-08-15,Mobile Web,United Kingdom
13844,CUST_13844,Female,51-65,Platinum,2011-02-13,Tablet,United Kingdom
13845,CUST_13845,Male,26-35,Gold,2010-06-06,Mobile Web,United Kingdom
13846,CUST_13846,Female,36-50,Silver,2009-03-04,Mobile App,United Kingdom
13848,CUST_13848,Female,36-50,Bronze,2009-03-21,Desktop Web,United Kingdom
13849,CUST_13849,Male,26-35,Bronze,2009-02-16,Mobile App,United Kingdom
13850,CUST_13850,Male,26-35,Bronze,2011-06-11,Mobile Web,United Kingdom
13851,CUST_13851,Male,26-35,Gold,2011-09-26,Mobile Web,United Kingdom
13853,CUST_13853,Male,36-50,Bronze,2009-04-21,Mobile Web,United Kingdom
13854,CUST_13854,Male,51-65,Bronze,2010-10-29,Mobile App,United Kingdom
13856,CUST_13856,Male,36-50,Silver,2011-04-11,Desktop Web,United Kingdom
13858,CUST_13858,Female,36-50,Bronze,2011-06-19,Mobile App,United Kingdom
13859,CUST_13859,Female,36-50,Bronze,2010-04-18,Mobile App,United Kingdom
13860,CUST_13860,Female,18-25,Silver,2011-10-21,Desktop Web,United Kingdom
13862,CUST_13862,Female,26-35,Bronze,2011-02-11,Mobile App,United Kingdom
13863,CUST_13863,Male,26-35,Bronze,2010-04-02,Tablet,United Kingdom
13865,CUST_13865,Female,26-35,Bronze,2011-05-05,Mobile App,United Kingdom
13866,CUST_13866,Female,26-35,Silver,2010-09-27,Mobile Web,United Kingdom
13867,CUST_13867,Female,36-50,Silver,2009-02-11,Desktop Web,United Kingdom
13868,CUST_13868,Male,26-35,Bronze,2011-08-15,Mobile Web,United Kingdom
13869,CUST_13869,Female,26-35,Silver,2011-01-07,Mobile Web,United Kingdom
13870,CUST_13870,Male,26-35,Bronze,2011-05-26,Mobile Web,United Kingdom
13871,CUST_13871,Female,18-25,Platinum,2009-09-14,Mobile App,United Kingdom
13873,CUST_13873,Female,51-65,Bronze,2010-06-15,Mobile Web,United Kingdom
13874,CUST_13874,Male,51-65,Silver,2009-02-24,Mobile App,United Kingdom
13875,CUST_13875,Male,36-50,Gold,2011-08-19,Mobile App,United Kingdom
13876,CUST_13876,Female,18-25,Gold,2011-03-11,Mobile App,United Kingdom
13877,CUST_13877,Male,36-50,Bronze,2011-07-29,Mobile Web,United Kingdom
13878,CUST_13878,Male,51-65,Bronze,2011-04-12,Desktop Web,United Kingdom
13880,CUST_13880,Female,36-50,Silver,2011-03-30,Mobile Web,United Kingdom
13881,CUST_13881,Male,18-25,Bronze,2011-05-28,Desktop Web,United Kingdom
13882,CUST_13882,Male,36-50,Gold,2009-11-07,Mobile App,United Kingdom
13883,CUST_13883,Male,51-65,Silver,2010-11-25,Mobile Web,United Kingdom
13884,CUST_13884,Male,36-50,Silver,2011-10-06,Mobile App,United Kingdom
13885,CUST_13885,Male,36-50,Bronze,2009-02-01,Mobile Web,United Kingdom
13886,CUST_13886,Male,26-35,Silver,2009-05-18,Mobile App,United Kingdom
13887,CUST_13887,Male,36-50,Silver,2011-09-03,Desktop Web,United Kingdom
13888,CUST_13888,Male,18-25,Gold,2010-05-05,Mobile App,United Kingdom
13889,CUST_13889,Male,36-50,Bronze,2009-07-13,Mobile App,United Kingdom
13890,CUST_13890,Male,18-25,Bronze,2009-11-27,Mobile App,United Kingdom
13892,CUST_13892,Male,26-35,Bronze,2009-06-03,Mobile App,United Kingdom
13893,CUST_13893,Female,26-35,Bronze,2010-09-30,Mobile App,United Kingdom
13894,CUST_13894,Male,36-50,Silver,2010-08-28,Mobile App,United Kingdom
13895,CUST_13895,Male,18-25,Gold,2010-12-20,Desktop Web,United Kingdom
13897,CUST_13897,Female,36-50,Bronze,2009-09-18,Desktop Web,United Kingdom
13898,CUST_13898,Male,36-50,Gold,2011-01-30,Desktop Web,United Kingdom
13899,CUST_13899,Female,26-35,Bronze,2009-11-20,Mobile Web,United Kingdom
13900,CUST_13900,Female,18-25,Bronze,2010-07-23,Desktop Web,United Kingdom
13901,CUST_13901,Male,18-25,Bronze,2011-01-12,Desktop Web,United Kingdom
13904,CUST_13904,Female,51-65,Bronze,2010-05-29,Desktop Web,United Kingdom
13908,CUST_13908,Male,36-50,Gold,2010-02-23,Mobile App,United Kingdom
13911,CUST_13911,Male,26-35,Bronze,2010-09-24,Desktop Web,United Kingdom
13914,CUST_13914,Female,18-25,Silver,2011-09-17,Mobile App,United Kingdom
13917,CUST_13917,Female,36-50,Silver,2009-07-28,Mobile Web,United Kingdom
13918,CUST_13918,Female,51-65,Platinum,2009-06-23,Desktop Web,United Kingdom
13919,CUST_13919,Male,51-65,Bronze,2010-01-09,Mobile App,Denmark
13922,CUST_13922,Non-Binary,36-50,Bronze,2011-03-18,Desktop Web,United Kingdom
13923,CUST_13923,Male,18-25,Bronze,2010-06-18,Mobile App,United Kingdom
13924,CUST_13924,Female,18-25,Bronze,2010-07-01,Mobile App,United Kingdom
13925,CUST_13925,Male,18-25,Bronze,2010-05-27,Mobile App,United Kingdom
13926,CUST_13926,Male,26-35,Gold,2010-03-09,Desktop Web,United Kingdom
13927,CUST_13927,Male,18-25,Silver,2009-08-31,Desktop Web,United Kingdom
13928,CUST_13928,Female,26-35,Silver,2011-08-28,Mobile Web,United Kingdom
13929,CUST_13929,Male,26-35,Silver,2011-10-06,Mobile App,United Kingdom
13930,CUST_13930,Male,51-65,Bronze,2011-07-07,Desktop Web,United Kingdom
13931,CUST_13931,Male,36-50,Bronze,2009-01-23,Desktop Web,United Kingdom
13932,CUST_13932,Female,51-65,Platinum,2010-12-23,Mobile App,United Kingdom
13933,CUST_13933,Male,36-50,Gold,2009-11-01,Desktop Web,United Kingdom
13934,CUST_13934,Male,18-25,Gold,2011-06-21,Mobile App,United Kingdom
13936,CUST_13936,Female,36-50,Gold,2010-07-27,Mobile App,United Kingdom
13937,CUST_13937,Male,26-35,Bronze,2011-04-26,Desktop Web,United Kingdom
13938,CUST_13938,Male,36-50,Bronze,2009-10-12,Desktop Web,United Kingdom
13939,CUST_13939,Female,26-35,Bronze,2009-05-20,Mobile App,United Kingdom
13940,CUST_13940,Female,65+,Bronze,2009-06-04,Mobile App,United Kingdom
13941,CUST_13941,Male,26-35,Bronze,2009-05-31,Mobile App,United Kingdom
13946,CUST_13946,Female,26-35,Silver,2009-06-16,Mobile App,United Kingdom
13947,CUST_13947,Male,51-65,Silver,2010-06-03,Mobile App,United Kingdom
13948,CUST_13948,Female,18-25,Gold,2010-08-22,Mobile App,United Kingdom
13949,CUST_13949,Male,36-50,Silver,2011-05-05,Desktop Web,United Kingdom
13950,CUST_13950,Female,36-50,Platinum,2010-10-17,Mobile App,United Kingdom
13951,CUST_13951,Male,51-65,Bronze,2011-05-20,Desktop Web,United Kingdom
13952,CUST_13952,Non-Binary,65+,Bronze,2010-11-01,Desktop Web,United Kingdom
13953,CUST_13953,Male,65+,Silver,2010-03-19,Mobile App,United Kingdom
13954,CUST_13954,Male,18-25,Bronze,2011-01-30,Mobile App,United Kingdom
13955,CUST_13955,Female,51-65,Bronze,2011-08-11,Mobile Web,United Kingdom
13956,CUST_13956,Male,36-50,Bronze,2009-09-22,Mobile App,United Kingdom
13958,CUST_13958,Female,36-50,Bronze,2009-09-14,Mobile App,United Kingdom
13959,CUST_13959,Female,18-25,Silver,2010-03-08,Mobile App,United Kingdom
13960,CUST_13960,Female,36-50,Bronze,2011-10-04,Desktop Web,United Kingdom
13962,CUST_13962,Female,65+,Silver,2010-03-28,Desktop Web,United Kingdom
13963,CUST_13963,Male,51-65,Silver,2010-04-19,Tablet,United Kingdom
13967,CUST_13967,Male,26-35,Bronze,2010-04-04,Mobile Web,United Kingdom
13969,CUST_13969,Female,18-25,Bronze,2009-01-23,Mobile App,United Kingdom
13971,CUST_13971,Female,26-35,Bronze,2010-04-14,Mobile App,United Kingdom
13972,CUST_13972,Non-Binary,51-65,Bronze,2009-01-09,Mobile App,United Kingdom
13973,CUST_13973,Female,36-50,Silver,2010-12-21,Mobile App,United Kingdom
13974,CUST_13974,Female,26-35,Gold,2009-11-26,Mobile App,United Kingdom
13975,CUST_13975,Female,18-25,Silver,2010-04-21,Mobile App,United Kingdom
13976,CUST_13976,Male,26-35,Bronze,2011-04-11,Mobile App,United Kingdom
13978,CUST_13978,Male,26-35,Silver,2010-03-21,Mobile App,United Kingdom
13979,CUST_13979,Female,51-65,Silver,2009-12-30,Mobile App,United Kingdom
13980,CUST_13980,Female,36-50,Silver,2011-05-13,Tablet,United Kingdom
13982,CUST_13982,Male,26-35,Silver,2009-02-19,Desktop Web,United Kingdom
13983,CUST_13983,Male,36-50,Silver,2010-06-19,Tablet,United Kingdom
13984,CUST_13984,Female,18-25,Silver,2009-03-13,Mobile App,United Kingdom
13985,CUST_13985,Male,65+,Silver,2011-08-23,Desktop Web,United Kingdom
13986,CUST_13986,Female,26-35,Bronze,2010-02-10,Mobile App,United Kingdom
13988,CUST_13988,Female,26-35,Silver,2009-04-17,Mobile App,United Kingdom
13989,CUST_13989,Male,26-35,Bronze,2011-09-15,Mobile App,United Kingdom
13990,CUST_13990,Female,36-50,Bronze,2010-10-21,Mobile Web,United Kingdom
13991,CUST_13991,Male,36-50,Platinum,2010-09-12,Tablet,United Kingdom
13992,CUST_13992,Female,36-50,Platinum,2011-01-21,Mobile App,United Kingdom
13993,CUST_13993,Female,26-35,Bronze,2009-11-25,Mobile App,United Kingdom
13994,CUST_13994,Non-Binary,26-35,Bronze,2011-01-21,Mobile App,United Kingdom
13995,CUST_13995,Female,18-25,Bronze,2009-06-14,Mobile App,United Kingdom
13999,CUST_13999,Male,36-50,Silver,2010-09-20,Mobile App,United Kingdom
14000,CUST_14000,Female,18-25,Gold,2011-07-09,Mobile App,United Kingdom
14001,CUST_14001,Female,36-50,Platinum,2010-12-24,Desktop Web,United Kingdom
14002,CUST_14002,Female,51-65,Silver,2010-11-25,Mobile App,United Kingdom
14004,CUST_14004,Male,51-65,Bronze,2010-03-12,Mobile App,United Kingdom
14005,CUST_14005,Female,26-35,Silver,2011-08-13,Mobile App,United Kingdom
14006,CUST_14006,Male,26-35,Bronze,2009-07-01,Mobile App,United Kingdom
14009,CUST_14009,Female,18-25,Gold,2010-05-06,Tablet,United Kingdom
14012,CUST_14012,Male,36-50,Gold,2009-03-20,Mobile App,United Kingdom
14013,CUST_14013,Female,51-65,Silver,2011-08-09,Mobile Web,United Kingdom
14014,CUST_14014,Male,26-35,Bronze,2009-06-10,Mobile Web,United Kingdom
14015,CUST_14015,Male,26-35,Bronze,2009-08-25,Tablet,United Kingdom
14016,CUST_14016,Male,51-65,Bronze,2009-02-01,Desktop Web,EIRE
14019,CUST_14019,Male,51-65,Gold,2010-01-24,Desktop Web,United Kingdom
14020,CUST_14020,Male,26-35,Silver,2010-02-06,Mobile Web,United Kingdom
14021,CUST_14021,Male,36-50,Bronze,2009-06-11,Mobile App,United Kingdom
14022,CUST_14022,Female,26-35,Silver,2010-11-12,Desktop Web,United Kingdom
14023,CUST_14023,Female,18-25,Gold,2009-01-25,Tablet,United Kingdom
14024,CUST_14024,Male,51-65,Bronze,2010-01-05,Desktop Web,United Kingdom
14027,CUST_14027,Male,51-65,Gold,2009-03-03,Tablet,United Kingdom
14029,CUST_14029,Male,36-50,Gold,2010-02-15,Desktop Web,United Kingdom
14030,CUST_14030,Female,18-25,Platinum,2011-02-16,Mobile Web,United Kingdom
14031,CUST_14031,Female,51-65,Bronze,2010-02-06,Desktop Web,United Kingdom
14032,CUST_14032,Female,26-35,Bronze,2009-11-23,Desktop Web,United Kingdom
14034,CUST_14034,Male,26-35,Bronze,2010-04-29,Desktop Web,United Kingdom
14035,CUST_14035,Female,36-50,Bronze,2011-09-01,Mobile Web,United Kingdom
14036,CUST_14036,Female,18-25,Bronze,2010-10-09,Mobile Web,United Kingdom
14037,CUST_14037,Female,36-50,Silver,2011-01-29,Mobile Web,United Kingdom
14038,CUST_14038,Female,36-50,Silver,2011-10-02,Desktop Web,United Kingdom
14039,CUST_14039,Male,26-35,Gold,2011-08-13,Mobile App,United Kingdom
14040,CUST_14040,Female,26-35,Bronze,2011-01-09,Mobile App,United Kingdom
14041,CUST_14041,Male,26-35,Silver,2010-01-17,Mobile Web,United Kingdom
14044,CUST_14044,Female,18-25,Gold,2011-05-20,Desktop Web,United Kingdom
14045,CUST_14045,Female,36-50,Gold,2010-04-07,Mobile App,United Kingdom
14046,CUST_14046,Female,51-65,Gold,2010-07-23,Mobile App,United Kingdom
14047,CUST_14047,Female,18-25,Silver,2011-06-22,Mobile Web,United Kingdom
14048,CUST_14048,Female,18-25,Gold,2011-04-01,Mobile Web,United Kingdom
14049,CUST_14049,Female,36-50,Bronze,2009-09-27,Mobile Web,United Kingdom
14050,CUST_14050,Male,51-65,Silver,2009-08-14,Desktop Web,United Kingdom
14051,CUST_14051,Female,26-35,Bronze,2009-08-03,Mobile App,United Kingdom
14052,CUST_14052,Male,26-35,Bronze,2009-08-24,Mobile App,United Kingdom
14053,CUST_14053,Male,36-50,Bronze,2010-09-12,Mobile App,United Kingdom
14054,CUST_14054,Male,26-35,Bronze,2009-02-09,Mobile Web,United Kingdom
14055,CUST_14055,Female,18-25,Bronze,2009-02-15,Mobile App,United Kingdom
14056,CUST_14056,Female,36-50,Bronze,2009-10-30,Desktop Web,United Kingdom
14057,CUST_14057,Female,36-50,Bronze,2010-01-07,Desktop Web,United Kingdom
14059,CUST_14059,Female,36-50,Gold,2011-02-10,Desktop Web,United Kingdom
14060,CUST_14060,Non-Binary,36-50,Bronze,2009-03-18,Mobile Web,United Kingdom
14062,CUST_14062,Female,36-50,Silver,2011-04-24,Mobile App,United Kingdom
14064,CUST_14064,Female,26-35,Bronze,2010-09-26,Desktop Web,United Kingdom
14066,CUST_14066,Male,26-35,Gold,2009-11-25,Mobile App,United Kingdom
14067,CUST_14067,Male,18-25,Gold,2011-02-13,Mobile App,United Kingdom
14068,CUST_14068,Male,18-25,Silver,2009-09-11,Mobile App,United Kingdom
14071,CUST_14071,Female,36-50,Silver,2010-08-01,Mobile App,United Kingdom
14073,CUST_14073,Female,51-65,Bronze,2009-01-01,Desktop Web,United Kingdom
14075,CUST_14075,Female,65+,Platinum,2011-04-06,Desktop Web,United Kingdom
14076,CUST_14076,Female,36-50,Gold,2009-11-17,Mobile App,United Kingdom
14077,CUST_14077,Female,26-35,Gold,2009-06-06,Mobile App,United Kingdom
14078,CUST_14078,Female,18-25,Silver,2011-03-16,Desktop Web,United Kingdom
14079,CUST_14079,Female,51-65,Bronze,2009-09-29,Mobile Web,United Kingdom
14080,CUST_14080,Female,36-50,Gold,2010-06-01,Mobile App,United Kingdom
14081,CUST_14081,Female,36-50,Bronze,2011-01-16,Desktop Web,United Kingdom
14082,CUST_14082,Male,36-50,Silver,2009-06-04,Desktop Web,United Kingdom
14083,CUST_14083,Male,36-50,Bronze,2010-12-01,Desktop Web,United Kingdom
14085,CUST_14085,Male,51-65,Gold,2009-10-19,Mobile App,United Kingdom
14087,CUST_14087,Female,18-25,Bronze,2009-02-15,Desktop Web,United Kingdom
14088,CUST_14088,Female,36-50,Bronze,2011-01-11,Desktop Web,United Kingdom
14089,CUST_14089,Female,51-65,Silver,2009-07-16,Desktop Web,United Kingdom
14090,CUST_14090,Male,26-35,Gold,2010-07-21,Desktop Web,United Kingdom
14092,CUST_14092,Male,36-50,Silver,2010-03-27,Tablet,United Kingdom
14093,CUST_14093,Female,26-35,Bronze,2011-05-19,Mobile App,United Kingdom
14096,CUST_14096,Male,65+,Bronze,2009-12-13,Tablet,United Kingdom
14098,CUST_14098,Female,18-25,Gold,2010-04-19,Desktop Web,United Kingdom
14099,CUST_14099,Male,36-50,Platinum,2010-10-06,Desktop Web,United Kingdom
14100,CUST_14100,Male,26-35,Gold,2010-11-12,Mobile App,United Kingdom
14101,CUST_14101,Male,36-50,Silver,2009-08-23,Mobile App,United Kingdom
14102,CUST_14102,Male,26-35,Gold,2009-07-03,Desktop Web,United Kingdom
14104,CUST_14104,Male,26-35,Bronze,2011-10-21,Desktop Web,United Kingdom
14105,CUST_14105,Female,26-35,Silver,2010-08-16,Mobile App,United Kingdom
14107,CUST_14107,Male,51-65,Silver,2009-06-11,Desktop Web,United Kingdom
14108,CUST_14108,Female,26-35,Bronze,2010-11-26,Mobile App,United Kingdom
14109,CUST_14109,Male,18-25,Gold,2010-10-29,Tablet,United Kingdom
14110,CUST_14110,Male,36-50,Silver,2011-01-28,Mobile Web,United Kingdom
14111,CUST_14111,Male,36-50,Bronze,2009-12-09,Mobile App,United Kingdom
14112,CUST_14112,Female,51-65,Bronze,2009-05-20,Mobile Web,United Kingdom
14113,CUST_14113,Male,18-25,Bronze,2010-09-29,Mobile Web,United Kingdom
14114,CUST_14114,Male,36-50,Silver,2009-10-31,Mobile App,United Kingdom
14116,CUST_14116,Male,26-35,Bronze,2011-07-20,Desktop Web,United Kingdom
14117,CUST_14117,Female,26-35,Bronze,2009-03-26,Mobile App,United Kingdom
14119,CUST_14119,Female,36-50,Silver,2011-09-01,Desktop Web,United Kingdom
14121,CUST_14121,Female,36-50,Silver,2011-03-19,Mobile App,United Kingdom
14124,CUST_14124,Female,36-50,Gold,2009-12-28,Mobile App,United Kingdom
14125,CUST_14125,Male,26-35,Silver,2010-05-10,Mobile App,United Kingdom
14126,CUST_14126,Female,26-35,Gold,2010-02-19,Mobile App,United Kingdom
14127,CUST_14127,Non-Binary,26-35,Platinum,2010-09-06,Mobile Web,United Kingdom
14128,CUST_14128,Female,65+,Gold,2011-02-25,Mobile App,United Kingdom
14129,CUST_14129,Female,26-35,Silver,2011-04-18,Mobile App,United Kingdom
14130,CUST_14130,Male,26-35,Bronze,2010-12-09,Mobile Web,United Kingdom
14132,CUST_14132,Male,26-35,Platinum,2009-05-07,Desktop Web,United Kingdom
14133,CUST_14133,Female,36-50,Bronze,2010-05-12,Desktop Web,United Kingdom
14135,CUST_14135,Male,26-35,Bronze,2009-09-04,Tablet,United Kingdom
14138,CUST_14138,Male,51-65,Bronze,2009-09-22,Mobile Web,United Kingdom
14139,CUST_14139,Female,26-35,Bronze,2011-08-23,Mobile App,United Kingdom
14140,CUST_14140,Non-Binary,51-65,Platinum,2010-09-25,Desktop Web,United Kingdom
14141,CUST_14141,Non-Binary,18-25,Silver,2009-08-30,Tablet,United Kingdom
14142,CUST_14142,Male,36-50,Silver,2010-12-26,Mobile App,United Kingdom
14143,CUST_14143,Female,51-65,Silver,2011-03-05,Mobile App,United Kingdom
14145,CUST_14145,Male,26-35,Silver,2009-05-10,Mobile App,United Kingdom
14146,CUST_14146,Female,65+,Bronze,2011-09-15,Mobile App,United Kingdom
14147,CUST_14147,Female,26-35,Silver,2011-04-24,Desktop Web,United Kingdom
14148,CUST_14148,Female,51-65,Silver,2010-09-29,Desktop Web,United Kingdom
14149,CUST_14149,Female,36-50,Bronze,2010-02-15,Tablet,United Kingdom
14150,CUST_14150,Male,26-35,Gold,2009-03-31,Desktop Web,United Kingdom
14152,CUST_14152,Male,26-35,Bronze,2011-01-26,Mobile App,United Kingdom
14154,CUST_14154,Male,26-35,Bronze,2009-08-14,Mobile App,United Kingdom
14155,CUST_14155,Female,18-25,Bronze,2011-07-06,Tablet,United Kingdom
14156,CUST_14156,Female,18-25,Bronze,2010-12-24,Mobile App,EIRE
14157,CUST_14157,Female,18-25,Gold,2009-01-08,Mobile App,United Kingdom
14158,CUST_14158,Non-Binary,26-35,Gold,2011-08-16,Mobile Web,United Kingdom
14159,CUST_14159,Female,36-50,Bronze,2011-09-14,Desktop Web,United Kingdom
14161,CUST_14161,Male,18-25,Silver,2009-01-14,Mobile App,United Kingdom
14162,CUST_14162,Male,18-25,Silver,2010-04-14,Mobile Web,United Kingdom
14163,CUST_14163,Female,36-50,Bronze,2011-09-26,Tablet,United Kingdom
14164,CUST_14164,Male,26-35,Bronze,2009-01-15,Mobile App,United Kingdom
14165,CUST_14165,Female,18-25,Platinum,2011-10-06,Mobile Web,United Kingdom
14167,CUST_14167,Male,26-35,Silver,2010-11-20,Mobile App,United Kingdom
14171,CUST_14171,Male,51-65,Platinum,2010-02-25,Desktop Web,United Kingdom
14173,CUST_14173,Female,51-65,Bronze,2009-07-28,Mobile Web,United Kingdom
14174,CUST_14174,Female,26-35,Silver,2011-08-17,Tablet,United Kingdom
14175,CUST_14175,Male,36-50,Bronze,2009-02-06,Mobile App,United Kingdom
14176,CUST_14176,Male,36-50,Bronze,2011-06-13,Mobile App,United Kingdom
14177,CUST_14177,Female,36-50,Silver,2009-02-26,Mobile App,United Kingdom
14178,CUST_14178,Male,36-50,Bronze,2009-02-15,Desktop Web,United Kingdom
14179,CUST_14179,Male,36-50,Bronze,2009-02-22,Mobile App,United Kingdom
14180,CUST_14180,Male,26-35,Bronze,2009-03-15,Mobile App,United Kingdom
14184,CUST_14184,Female,18-25,Bronze,2010-05-18,Mobile App,United Kingdom
14185,CUST_14185,Male,26-35,Silver,2009-05-06,Mobile App,United Kingdom
14188,CUST_14188,Male,51-65,Silver,2009-06-22,Mobile App,United Kingdom
14189,CUST_14189,Female,36-50,Bronze,2010-10-29,Mobile Web,United Kingdom
14191,CUST_14191,Female,51-65,Bronze,2011-08-03,Mobile App,United Kingdom
14193,CUST_14193,Non-Binary,65+,Bronze,2009-08-20,Mobile App,United Kingdom
14194,CUST_14194,Female,26-35,Silver,2011-03-20,Mobile Web,United Kingdom
14195,CUST_14195,Male,36-50,Bronze,2010-05-13,Desktop Web,United Kingdom
14196,CUST_14196,Female,36-50,Gold,2010-10-13,Mobile App,United Kingdom
14198,CUST_14198,Female,65+,Bronze,2010-07-04,Mobile App,United Kingdom
14199,CUST_14199,Male,65+,Bronze,2009-04-26,Desktop Web,United Kingdom
14201,CUST_14201,Female,36-50,Gold,2011-09-21,Mobile App,United Kingdom
14204,CUST_14204,Female,26-35,Silver,2011-06-23,Desktop Web,United Kingdom
14205,CUST_14205,Female,36-50,Bronze,2011-07-09,Mobile App,United Kingdom
14206,CUST_14206,Male,18-25,Gold,2010-01-10,Mobile App,United Kingdom
14208,CUST_14208,Female,36-50,Silver,2010-07-09,Desktop Web,United Kingdom
14209,CUST_14209,Female,51-65,Gold,2009-01-03,Desktop Web,United Kingdom
14210,CUST_14210,Male,26-35,Silver,2009-07-24,Mobile Web,United Kingdom
14211,CUST_14211,Female,36-50,Silver,2009-10-14,Mobile App,United Kingdom
14212,CUST_14212,Male,26-35,Platinum,2011-08-26,Desktop Web,United Kingdom
14213,CUST_14213,Female,26-35,Bronze,2011-05-24,Mobile App,United Kingdom
14214,CUST_14214,Male,26-35,Silver,2010-08-03,Desktop Web,United Kingdom
14215,CUST_14215,Female,36-50,Silver,2009-01-22,Mobile Web,United Kingdom
14216,CUST_14216,Male,51-65,Bronze,2010-09-08,Mobile App,United Kingdom
14217,CUST_14217,Female,51-65,Bronze,2009-05-21,Mobile Web,United Kingdom
14218,CUST_14218,Female,26-35,Bronze,2011-02-02,Desktop Web,United Kingdom
14219,CUST_14219,Female,51-65,Silver,2011-04-08,Mobile Web,United Kingdom
14220,CUST_14220,Female,36-50,Silver,2011-09-14,Desktop Web,United Kingdom
14221,CUST_14221,Female,26-35,Silver,2009-02-15,Mobile App,United Kingdom
14222,CUST_14222,Female,18-25,Bronze,2010-04-15,Mobile App,United Kingdom
14223,CUST_14223,Male,26-35,Silver,2009-01-08,Mobile App,United Kingdom
14224,CUST_14224,Female,51-65,Gold,2011-03-01,Mobile App,United Kingdom
14226,CUST_14226,Female,36-50,Bronze,2010-08-06,Desktop Web,United Kingdom
14227,CUST_14227,Male,36-50,Silver,2010-06-18,Desktop Web,United Kingdom
14229,CUST_14229,Male,26-35,Gold,2011-07-30,Tablet,United Kingdom
14231,CUST_14231,Female,36-50,Gold,2009-06-13,Mobile App,United Kingdom
14232,CUST_14232,Female,18-25,Silver,2009-12-13,Desktop Web,United Kingdom
14233,CUST_14233,Female,26-35,Gold,2010-02-18,Mobile Web,United Kingdom
14234,CUST_14234,Male,36-50,Bronze,2010-08-16,Mobile Web,United Kingdom
14235,CUST_14235,Male,18-25,Gold,2009-11-13,Mobile App,United Kingdom
14236,CUST_14236,Female,51-65,Bronze,2009-12-07,Desktop Web,United Kingdom
14237,CUST_14237,Male,26-35,Bronze,2011-06-17,Mobile App,United Kingdom
14238,CUST_14238,Male,36-50,Bronze,2009-09-13,Mobile App,United Kingdom
14239,CUST_14239,Male,26-35,Gold,2011-05-16,Mobile App,United Kingdom
14240,CUST_14240,Male,36-50,Bronze,2011-02-10,Mobile Web,United Kingdom
14241,CUST_14241,Female,18-25,Bronze,2011-08-31,Desktop Web,United Kingdom
14242,CUST_14242,Female,18-25,Bronze,2009-12-15,Desktop Web,United Kingdom
14243,CUST_14243,Female,51-65,Gold,2011-07-26,Tablet,United Kingdom
14245,CUST_14245,Female,26-35,Gold,2011-01-13,Mobile App,United Kingdom
14246,CUST_14246,Male,51-65,Silver,2009-11-23,Desktop Web,United Kingdom
14247,CUST_14247,Male,65+,Silver,2010-11-20,Desktop Web,United Kingdom
14248,CUST_14248,Female,26-35,Silver,2009-04-14,Mobile App,United Kingdom
14250,CUST_14250,Female,26-35,Bronze,2009-11-05,Desktop Web,United Kingdom
14251,CUST_14251,Female,36-50,Gold,2011-04-12,Mobile App,United Kingdom
14256,CUST_14256,Male,65+,Bronze,2010-01-10,Mobile Web,United Kingdom
14257,CUST_14257,Female,51-65,Bronze,2010-11-15,Mobile App,United Kingdom
14258,CUST_14258,Female,36-50,Bronze,2009-12-17,Mobile App,United Kingdom
14259,CUST_14259,Female,36-50,Silver,2011-05-05,Desktop Web,United Kingdom
14261,CUST_14261,Female,18-25,Silver,2009-03-29,Mobile App,United Kingdom
14262,CUST_14262,Non-Binary,65+,Silver,2010-08-16,Mobile App,United Kingdom
14264,CUST_14264,Male,65+,Bronze,2009-11-03,Mobile App,United Kingdom
14265,CUST_14265,Female,26-35,Silver,2009-07-17,Mobile App,Unspecified
14267,CUST_14267,Male,26-35,Bronze,2010-12-28,Desktop Web,United Kingdom
14270,CUST_14270,Male,18-25,Bronze,2009-04-13,Desktop Web,United Kingdom
14271,CUST_14271,Male,26-35,Bronze,2009-08-25,Desktop Web,United Kingdom
14272,CUST_14272,Female,51-65,Gold,2009-09-28,Desktop Web,United Kingdom
14273,CUST_14273,Female,26-35,Bronze,2010-05-24,Mobile App,United Kingdom
14276,CUST_14276,Female,18-25,Silver,2009-04-25,Mobile App,United Kingdom
14277,CUST_14277,Male,26-35,Silver,2010-01-13,Desktop Web,France
14280,CUST_14280,Female,65+,Silver,2009-08-28,Mobile Web,United Kingdom
14282,CUST_14282,Female,36-50,Silver,2010-10-03,Mobile App,United Kingdom
14284,CUST_14284,Female,26-35,Bronze,2010-12-08,Mobile App,United Kingdom
14285,CUST_14285,Male,26-35,Bronze,2011-09-21,Desktop Web,United Kingdom
14286,CUST_14286,Female,65+,Silver,2011-04-04,Desktop Web,United Kingdom
14287,CUST_14287,Male,51-65,Silver,2011-04-04,Desktop Web,United Kingdom
14288,CUST_14288,Male,26-35,Gold,2011-09-17,Mobile App,United Kingdom
14289,CUST_14289,Female,18-25,Gold,2010-07-02,Desktop Web,United Kingdom
14290,CUST_14290,Male,18-25,Bronze,2010-07-23,Mobile App,United Kingdom
14291,CUST_14291,Female,18-25,Bronze,2011-06-16,Desktop Web,United Kingdom
14292,CUST_14292,Male,36-50,Silver,2009-01-21,Mobile Web,United Kingdom
14293,CUST_14293,Female,51-65,Bronze,2009-10-20,Desktop Web,United Kingdom
14295,CUST_14295,Male,26-35,Bronze,2010-09-02,Mobile App,United Kingdom
14297,CUST_14297,Male,51-65,Gold,2010-06-27,Tablet,United Kingdom
14298,CUST_14298,Male,26-35,Bronze,2009-03-13,Mobile Web,United Kingdom
14299,CUST_14299,Male,36-50,Gold,2009-03-08,Desktop Web,United Kingdom
14300,CUST_14300,Female,36-50,Silver,2011-06-01,Mobile App,United Kingdom
14301,CUST_14301,Male,26-35,Gold,2011-05-30,Mobile App,United Kingdom
14304,CUST_14304,Male,26-35,Bronze,2011-05-15,Mobile Web,United Kingdom
14305,CUST_14305,Male,36-50,Bronze,2010-09-10,Desktop Web,United Kingdom
14306,CUST_14306,Female,18-25,Silver,2011-04-03,Mobile Web,United Kingdom
14307,CUST_14307,Male,26-35,Bronze,2011-08-12,Mobile App,United Kingdom
14309,CUST_14309,Male,36-50,Bronze,2010-09-25,Mobile App,United Kingdom
14311,CUST_14311,Male,65+,Bronze,2011-08-13,Tablet,United Kingdom
14312,CUST_14312,Female,26-35,Bronze,2010-07-29,Desktop Web,United Kingdom
14314,CUST_14314,Male,51-65,Bronze,2009-01-31,Mobile App,United Kingdom
14315,CUST_14315,Female,26-35,Gold,2010-08-02,Mobile App,United Kingdom
14317,CUST_14317,Male,36-50,Bronze,2011-08-18,Desktop Web,United Kingdom
14320,CUST_14320,Female,36-50,Bronze,2011-07-24,Mobile App,United Kingdom
14321,CUST_14321,Male,51-65,Silver,2011-02-13,Desktop Web,United Kingdom
14323,CUST_14323,Non-Binary,26-35,Platinum,2010-03-07,Mobile App,United Kingdom
14326,CUST_14326,Female,36-50,Bronze,2011-03-05,Desktop Web,United Kingdom
14327,CUST_14327,Non-Binary,36-50,Bronze,2011-05-30,Mobile App,United Kingdom
14329,CUST_14329,Female,26-35,Silver,2010-09-07,Tablet,United Kingdom
14331,CUST_14331,Male,18-25,Gold,2010-09-21,Mobile App,United Kingdom
14332,CUST_14332,Male,18-25,Gold,2010-01-19,Desktop Web,United Kingdom
14333,CUST_14333,Male,18-25,Silver,2011-05-16,Mobile App,United Kingdom
14334,CUST_14334,Male,51-65,Bronze,2010-03-24,Desktop Web,United Kingdom
14335,CUST_14335,Male,26-35,Silver,2011-01-09,Tablet,Germany
14336,CUST_14336,Female,26-35,Bronze,2011-10-22,Mobile Web,United Kingdom
14338,CUST_14338,Female,36-50,Silver,2010-01-06,Desktop Web,United Kingdom
14339,CUST_14339,Male,26-35,Silver,2011-04-10,Desktop Web,United Kingdom
14340,CUST_14340,Male,36-50,Platinum,2011-10-03,Mobile Web,United Kingdom
14341,CUST_14341,Male,26-35,Bronze,2010-12-04,Mobile Web,United Kingdom
14342,CUST_14342,Male,65+,Bronze,2010-06-22,Tablet,United Kingdom
14344,CUST_14344,Female,51-65,Silver,2009-10-08,Mobile App,United Kingdom
14345,CUST_14345,Male,51-65,Silver,2010-08-28,Tablet,United Kingdom
14346,CUST_14346,Female,26-35,Gold,2010-12-08,Mobile App,United Kingdom
14348,CUST_14348,Male,36-50,Bronze,2009-01-04,Mobile App,United Kingdom
14349,CUST_14349,Female,18-25,Bronze,2009-12-01,Mobile App,United Kingdom
14350,CUST_14350,Female,18-25,Silver,2010-06-23,Mobile App,United Kingdom
14351,CUST_14351,Female,18-25,Bronze,2009-04-16,Desktop Web,United Kingdom
14352,CUST_14352,Female,36-50,Gold,2010-08-15,Mobile Web,United Kingdom
14353,CUST_14353,Male,26-35,Silver,2009-03-03,Desktop Web,United Kingdom
14354,CUST_14354,Female,36-50,Gold,2010-12-15,Desktop Web,United Kingdom
14355,CUST_14355,Female,18-25,Silver,2009-10-20,Desktop Web,United Kingdom
14356,CUST_14356,Female,26-35,Gold,2010-11-01,Desktop Web,United Kingdom
14357,CUST_14357,Female,36-50,Bronze,2009-03-21,Mobile App,United Kingdom
14359,CUST_14359,Female,26-35,Gold,2011-02-17,Mobile Web,United Kingdom
14360,CUST_14360,Female,36-50,Bronze,2011-06-07,Desktop Web,United Kingdom
14362,CUST_14362,Male,26-35,Silver,2011-05-06,Desktop Web,United Kingdom
14364,CUST_14364,Male,51-65,Bronze,2009-10-12,Desktop Web,United Kingdom
14367,CUST_14367,Male,36-50,Silver,2010-11-24,Mobile Web,United Kingdom
14368,CUST_14368,Female,26-35,Bronze,2011-04-18,Mobile App,United Kingdom
14371,CUST_14371,Female,26-35,Bronze,2011-02-13,Mobile App,United Kingdom
14373,CUST_14373,Male,36-50,Platinum,2009-12-06,Desktop Web,United Kingdom
14375,CUST_14375,Female,51-65,Bronze,2011-09-26,Desktop Web,United Kingdom
14377,CUST_14377,Female,26-35,Gold,2010-01-19,Mobile Web,United Kingdom
14379,CUST_14379,Female,26-35,Platinum,2009-11-29,Mobile App,United Kingdom
14381,CUST_14381,Female,51-65,Bronze,2010-03-14,Mobile App,United Kingdom
14382,CUST_14382,Female,36-50,Silver,2009-08-30,Mobile Web,United Kingdom
14383,CUST_14383,Female,26-35,Bronze,2010-06-22,Desktop Web,United Kingdom
14385,CUST_14385,Male,26-35,Bronze,2009-04-01,Desktop Web,United Kingdom
14386,CUST_14386,Male,26-35,Bronze,2010-07-20,Mobile App,United Kingdom
14387,CUST_14387,Male,36-50,Platinum,2010-10-31,Mobile App,United Kingdom
14388,CUST_14388,Male,26-35,Bronze,2011-08-31,Desktop Web,United Kingdom
14389,CUST_14389,Male,65+,Silver,2009-05-01,Mobile App,United Kingdom
14390,CUST_14390,Male,26-35,Silver,2010-09-08,Mobile Web,United Kingdom
14393,CUST_14393,Male,26-35,Gold,2011-06-04,Desktop Web,United Kingdom
14395,CUST_14395,Female,36-50,Bronze,2010-12-31,Mobile App,United Kingdom
14396,CUST_14396,Female,51-65,Silver,2009-03-09,Desktop Web,United Kingdom
14397,CUST_14397,Female,51-65,Silver,2011-10-10,Desktop Web,United Kingdom
14400,CUST_14400,Male,26-35,Silver,2010-08-03,Mobile App,United Kingdom
14401,CUST_14401,Male,36-50,Platinum,2009-12-07,Mobile App,United Kingdom
14403,CUST_14403,Female,36-50,Gold,2009-06-24,Mobile App,United Kingdom
14404,CUST_14404,Male,26-35,Bronze,2011-08-20,Desktop Web,United Kingdom
14406,CUST_14406,Female,26-35,Silver,2010-03-11,Desktop Web,United Kingdom
14407,CUST_14407,Male,26-35,Bronze,2009-11-17,Desktop Web,United Kingdom
14408,CUST_14408,Female,26-35,Bronze,2011-07-28,Desktop Web,United Kingdom
14409,CUST_14409,Female,51-65,Silver,2009-12-13,Desktop Web,United Kingdom
14410,CUST_14410,Female,26-35,Bronze,2010-01-01,Desktop Web,United Kingdom
14411,CUST_14411,Female,65+,Bronze,2009-09-08,Desktop Web,United Kingdom
14412,CUST_14412,Female,36-50,Platinum,2011-04-18,Mobile App,United Kingdom
14413,CUST_14413,Female,36-50,Bronze,2009-05-15,Mobile Web,United Kingdom
14414,CUST_14414,Male,36-50,Gold,2009-07-25,Desktop Web,United Kingdom
14415,CUST_14415,Male,18-25,Silver,2009-04-21,Mobile Web,United Kingdom
14416,CUST_14416,Female,26-35,Silver,2011-07-29,Desktop Web,United Kingdom
14418,CUST_14418,Male,18-25,Gold,2010-06-14,Mobile App,United Kingdom
14419,CUST_14419,Male,36-50,Bronze,2011-08-03,Desktop Web,United Kingdom
14420,CUST_14420,Female,26-35,Bronze,2010-10-09,Mobile App,United Kingdom
14421,CUST_14421,Female,36-50,Bronze,2009-10-17,Desktop Web,United Kingdom
14422,CUST_14422,Female,26-35,Bronze,2010-04-01,Desktop Web,United Kingdom
14423,CUST_14423,Female,26-35,Gold,2009-09-07,Mobile Web,United Kingdom
14424,CUST_14424,Male,26-35,Gold,2010-06-14,Desktop Web,United Kingdom
14426,CUST_14426,Female,51-65,Bronze,2009-07-23,Desktop Web,United Kingdom
14427,CUST_14427,Male,36-50,Bronze,2009-10-20,Mobile App,United Kingdom
14428,CUST_14428,Male,26-35,Bronze,2009-08-24,Tablet,United Kingdom
14431,CUST_14431,Female,36-50,Bronze,2010-08-08,Mobile Web,United Kingdom
14432,CUST_14432,Male,18-25,Silver,2010-03-17,Desktop Web,United Kingdom
14434,CUST_14434,Female,65+,Bronze,2011-02-09,Mobile App,United Kingdom
14436,CUST_14436,Male,36-50,Silver,2011-05-18,Desktop Web,United Kingdom
14437,CUST_14437,Female,26-35,Bronze,2010-05-21,Mobile App,United Kingdom
14438,CUST_14438,Male,36-50,Bronze,2010-01-03,Desktop Web,United Kingdom
14439,CUST_14439,Male,18-25,Silver,2009-11-17,Mobile App,Greece
14440,CUST_14440,Female,65+,Silver,2011-04-24,Desktop Web,United Kingdom
14441,CUST_14441,Male,26-35,Platinum,2009-08-19,Desktop Web,United Kingdom
14442,CUST_14442,Male,36-50,Gold,2010-12-09,Mobile App,Channel Islands
14443,CUST_14443,Male,26-35,Bronze,2011-06-13,Desktop Web,United Kingdom
14446,CUST_14446,Male,36-50,Bronze,2009-08-11,Mobile Web,United Kingdom
14447,CUST_14447,Male,36-50,Gold,2010-02-06,Mobile App,United Kingdom
14448,CUST_14448,Female,36-50,Gold,2010-09-27,Desktop Web,United Kingdom
14449,CUST_14449,Female,36-50,Gold,2009-10-17,Mobile App,United Kingdom
14450,CUST_14450,Male,51-65,Bronze,2010-09-27,Mobile App,United Kingdom
14451,CUST_14451,Female,18-25,Platinum,2010-04-19,Mobile App,United Kingdom
14452,CUST_14452,Male,26-35,Bronze,2009-04-21,Desktop Web,United Kingdom
14453,CUST_14453,Male,26-35,Silver,2010-08-10,Mobile App,United Kingdom
14456,CUST_14456,Female,65+,Gold,2011-04-04,Mobile Web,United Kingdom
14457,CUST_14457,Female,26-35,Bronze,2011-10-01,Desktop Web,United Kingdom
14459,CUST_14459,Male,36-50,Gold,2011-09-30,Mobile App,United Kingdom
14460,CUST_14460,Female,36-50,Bronze,2009-03-17,Desktop Web,United Kingdom
14461,CUST_14461,Male,26-35,Platinum,2009-05-25,Mobile App,United Kingdom
14462,CUST_14462,Female,26-35,Bronze,2009-04-14,Desktop Web,United Kingdom
14463,CUST_14463,Male,26-35,Platinum,2011-08-23,Mobile App,United Kingdom
14465,CUST_14465,Female,26-35,Bronze,2011-05-06,Mobile App,United Kingdom
14466,CUST_14466,Male,26-35,Silver,2011-01-01,Desktop Web,United Kingdom
14467,CUST_14467,Female,18-25,Silver,2009-10-06,Tablet,United Kingdom
14470,CUST_14470,Male,51-65,Silver,2011-04-11,Mobile App,United Kingdom
14472,CUST_14472,Female,65+,Bronze,2010-10-20,Mobile Web,United Kingdom
14473,CUST_14473,Male,26-35,Silver,2011-03-07,Mobile App,United Kingdom
14474,CUST_14474,Male,26-35,Bronze,2011-08-16,Mobile Web,United Kingdom
14475,CUST_14475,Female,18-25,Silver,2011-08-02,Desktop Web,United Kingdom
14476,CUST_14476,Female,36-50,Bronze,2009-01-01,Mobile App,United Kingdom
14477,CUST_14477,Female,51-65,Platinum,2009-11-07,Mobile App,United Kingdom
14479,CUST_14479,Male,18-25,Bronze,2011-02-11,Mobile App,United Kingdom
14480,CUST_14480,Male,26-35,Bronze,2010-03-25,Mobile App,United Kingdom
14481,CUST_14481,Male,36-50,Bronze,2011-05-03,Mobile App,United Kingdom
14482,CUST_14482,Female,36-50,Bronze,2011-06-22,Desktop Web,United Kingdom
14483,CUST_14483,Female,18-25,Bronze,2009-04-10,Tablet,United Kingdom
14484,CUST_14484,Male,36-50,Silver,2011-07-02,Mobile App,United Kingdom
14485,CUST_14485,Female,26-35,Gold,2010-04-11,Desktop Web,United Kingdom
14487,CUST_14487,Non-Binary,26-35,Silver,2011-08-13,Desktop Web,United Kingdom
14488,CUST_14488,Female,36-50,Silver,2011-03-08,Mobile Web,United Kingdom
14489,CUST_14489,Male,51-65,Bronze,2010-03-16,Desktop Web,United Kingdom
14491,CUST_14491,Female,26-35,Silver,2009-06-11,Desktop Web,United Kingdom
14493,CUST_14493,Female,51-65,Bronze,2011-02-04,Desktop Web,United Kingdom
14494,CUST_14494,Male,26-35,Gold,2010-03-02,Mobile App,United Kingdom
14495,CUST_14495,Male,36-50,Bronze,2010-12-20,Mobile App,United Kingdom
14496,CUST_14496,Non-Binary,26-35,Bronze,2009-08-13,Mobile App,United Kingdom
14497,CUST_14497,Female,51-65,Bronze,2010-11-20,Mobile App,United Kingdom
14498,CUST_14498,Female,51-65,Gold,2010-06-10,Desktop Web,United Kingdom
14499,CUST_14499,Male,18-25,Bronze,2011-08-30,Mobile App,United Kingdom
14500,CUST_14500,Male,51-65,Silver,2011-01-25,Desktop Web,United Kingdom
14501,CUST_14501,Female,51-65,Bronze,2009-07-27,Mobile App,United Kingdom
14502,CUST_14502,Female,36-50,Silver,2011-04-02,Mobile Web,United Kingdom
14503,CUST_14503,Female,26-35,Gold,2010-03-20,Mobile Web,United Kingdom
14504,CUST_14504,Male,51-65,Bronze,2010-09-06,Mobile App,United Kingdom
14505,CUST_14505,Female,51-65,Silver,2010-08-30,Mobile App,United Kingdom
14506,CUST_14506,Female,26-35,Gold,2011-08-28,Desktop Web,United Kingdom
14507,CUST_14507,Female,65+,Silver,2011-08-05,Mobile App,United Kingdom
14508,CUST_14508,Female,18-25,Silver,2011-01-15,Mobile App,United Kingdom
14511,CUST_14511,Female,18-25,Silver,2011-01-03,Mobile App,United Kingdom
14512,CUST_14512,Female,36-50,Silver,2010-12-26,Mobile Web,United Kingdom
14513,CUST_14513,Female,36-50,Bronze,2009-07-31,Mobile Web,United Kingdom
14514,CUST_14514,Male,36-50,Gold,2011-03-29,Desktop Web,United Kingdom
14515,CUST_14515,Female,18-25,Bronze,2010-04-03,Desktop Web,United Kingdom
14517,CUST_14517,Male,65+,Bronze,2009-03-07,Mobile Web,United Kingdom
14518,CUST_14518,Male,18-25,Gold,2011-02-10,Mobile Web,United Kingdom
14520,CUST_14520,Male,18-25,Bronze,2010-04-22,Tablet,United Kingdom
14522,CUST_14522,Male,18-25,Bronze,2011-09-12,Mobile App,United Kingdom
14523,CUST_14523,Female,36-50,Silver,2009-11-20,Mobile App,United Kingdom
14524,CUST_14524,Female,51-65,Gold,2011-05-25,Desktop Web,United Kingdom
14525,CUST_14525,Male,36-50,Gold,2010-10-10,Desktop Web,United Kingdom
14527,CUST_14527,Non-Binary,51-65,Platinum,2011-02-25,Mobile App,United Kingdom
14528,CUST_14528,Male,18-25,Gold,2010-05-23,Mobile App,United Kingdom
14529,CUST_14529,Male,36-50,Bronze,2009-11-24,Mobile Web,United Kingdom
14530,CUST_14530,Male,26-35,Bronze,2010-02-10,Mobile Web,United Kingdom
14532,CUST_14532,Female,26-35,Gold,2009-10-04,Mobile App,United Kingdom
14533,CUST_14533,Female,18-25,Bronze,2009-01-18,Mobile Web,United Kingdom
14534,CUST_14534,Male,36-50,Silver,2009-02-02,Desktop Web,United Kingdom
14535,CUST_14535,Male,36-50,Silver,2009-01-05,Mobile Web,United Kingdom
14536,CUST_14536,Female,36-50,Bronze,2009-06-26,Mobile App,United Kingdom
14537,CUST_14537,Male,26-35,Gold,2009-05-19,Mobile App,United Kingdom
14538,CUST_14538,Female,18-25,Silver,2009-07-08,Mobile App,United Kingdom
14539,CUST_14539,Male,36-50,Silver,2009-10-11,Desktop Web,United Kingdom
14540,CUST_14540,Female,26-35,Platinum,2011-06-25,Desktop Web,United Kingdom
14541,CUST_14541,Female,51-65,Silver,2010-01-05,Mobile App,United Kingdom
14542,CUST_14542,Male,36-50,Bronze,2009-12-14,Tablet,United Kingdom
14543,CUST_14543,Female,26-35,Silver,2009-01-04,Mobile App,United Kingdom
14544,CUST_14544,Male,65+,Gold,2010-11-29,Mobile App,United Kingdom
14546,CUST_14546,Male,36-50,Gold,2011-03-15,Desktop Web,United Kingdom
14547,CUST_14547,Male,18-25,Gold,2011-04-04,Desktop Web,United Kingdom
14548,CUST_14548,Female,36-50,Silver,2009-11-01,Mobile App,United Kingdom
14549,CUST_14549,Female,26-35,Bronze,2011-03-04,Desktop Web,United Kingdom
14550,CUST_14550,Female,51-65,Gold,2010-05-21,Desktop Web,United Kingdom
14551,CUST_14551,Non-Binary,51-65,Gold,2010-10-06,Desktop Web,United Kingdom
14552,CUST_14552,Male,65+,Bronze,2009-01-19,Desktop Web,United Kingdom
14553,CUST_14553,Male,36-50,Bronze,2009-06-19,Mobile App,United Kingdom
14554,CUST_14554,Male,26-35,Platinum,2009-09-04,Desktop Web,United Kingdom
14555,CUST_14555,Male,36-50,Gold,2011-03-25,Mobile Web,United Kingdom
14557,CUST_14557,Male,18-25,Gold,2011-10-25,Mobile App,United Kingdom
14560,CUST_14560,Female,36-50,Gold,2009-11-24,Mobile App,United Kingdom
14561,CUST_14561,Male,36-50,Silver,2009-09-24,Mobile Web,United Kingdom
14562,CUST_14562,Female,18-25,Silver,2009-07-15,Mobile App,United Kingdom
14565,CUST_14565,Male,26-35,Silver,2010-07-31,Desktop Web,United Kingdom
14566,CUST_14566,Male,51-65,Bronze,2011-10-15,Tablet,Channel Islands
14567,CUST_14567,Male,51-65,Silver,2010-09-07,Mobile App,United Kingdom
14569,CUST_14569,Female,18-25,Silver,2009-12-31,Mobile App,United Kingdom
14570,CUST_14570,Female,18-25,Silver,2011-08-21,Mobile Web,United Kingdom
14572,CUST_14572,Female,26-35,Silver,2011-01-05,Mobile Web,United Kingdom
14573,CUST_14573,Female,51-65,Silver,2010-11-11,Desktop Web,United Kingdom
14576,CUST_14576,Female,18-25,Bronze,2011-07-24,Desktop Web,United Kingdom
14577,CUST_14577,Male,36-50,Bronze,2010-03-08,Mobile Web,United Kingdom
14578,CUST_14578,Male,18-25,Bronze,2010-05-16,Desktop Web,United Kingdom
14581,CUST_14581,Female,36-50,Bronze,2010-11-12,Mobile App,United Kingdom
14582,CUST_14582,Female,26-35,Platinum,2009-09-02,Mobile App,United Kingdom
14583,CUST_14583,Female,36-50,Bronze,2009-03-29,Desktop Web,United Kingdom
14584,CUST_14584,Male,26-35,Bronze,2009-02-02,Mobile Web,United Kingdom
14585,CUST_14585,Female,36-50,Silver,2009-06-19,Mobile Web,United Kingdom
14586,CUST_14586,Male,26-35,Silver,2011-05-26,Tablet,United Kingdom
14587,CUST_14587,Female,36-50,Bronze,2011-08-28,Mobile Web,United Kingdom
14589,CUST_14589,Non-Binary,51-65,Gold,2009-01-07,Desktop Web,United Kingdom
14591,CUST_14591,Male,18-25,Gold,2009-05-20,Mobile App,United Kingdom
14592,CUST_14592,Female,51-65,Bronze,2011-08-27,Desktop Web,United Kingdom
14593,CUST_14593,Male,36-50,Bronze,2011-05-18,Desktop Web,United Kingdom
14594,CUST_14594,Female,18-25,Platinum,2010-04-01,Desktop Web,United Kingdom
14595,CUST_14595,Male,26-35,Gold,2010-08-25,Mobile App,United Kingdom
14597,CUST_14597,Female,26-35,Silver,2009-11-18,Mobile Web,United Kingdom
14598,CUST_14598,Male,36-50,Bronze,2009-02-14,Desktop Web,United Kingdom
14600,CUST_14600,Male,36-50,Bronze,2011-08-30,Mobile App,United Kingdom
14601,CUST_14601,Male,18-25,Silver,2010-07-26,Desktop Web,United Kingdom
14603,CUST_14603,Male,36-50,Bronze,2010-10-17,Desktop Web,United Kingdom
14606,CUST_14606,Female,51-65,Bronze,2010-05-22,Mobile App,United Kingdom
14607,CUST_14607,Female,51-65,Silver,2009-02-23,Mobile Web,United Kingdom
14608,CUST_14608,Female,36-50,Bronze,2010-10-21,Mobile App,United Kingdom
14609,CUST_14609,Female,65+,Gold,2009-06-09,Mobile App,United Kingdom
14616,CUST_14616,Male,36-50,Gold,2010-03-10,Mobile App,United Kingdom
14618,CUST_14618,Female,26-35,Bronze,2011-01-21,Desktop Web,United Kingdom
14619,CUST_14619,Non-Binary,51-65,Gold,2010-04-05,Tablet,United Kingdom
14620,CUST_14620,Male,26-35,Bronze,2010-06-07,Mobile Web,United Kingdom
14621,CUST_14621,Male,26-35,Gold,2011-08-04,Mobile Web,United Kingdom
14622,CUST_14622,Female,26-35,Bronze,2011-05-14,Mobile App,United Kingdom
14623,CUST_14623,Male,51-65,Bronze,2011-08-18,Mobile App,United Kingdom
14624,CUST_14624,Male,51-65,Silver,2010-11-11,Desktop Web,United Kingdom
14625,CUST_14625,Female,26-35,Silver,2010-04-25,Mobile App,United Kingdom
14626,CUST_14626,Male,26-35,Gold,2010-05-26,Mobile Web,United Kingdom
14627,CUST_14627,Male,26-35,Bronze,2009-07-27,Desktop Web,United Kingdom
14628,CUST_14628,Female,36-50,Bronze,2009-06-18,Tablet,United Kingdom
14629,CUST_14629,Female,26-35,Silver,2009-09-05,Mobile App,United Kingdom
14631,CUST_14631,Female,36-50,Silver,2009-10-24,Desktop Web,United Kingdom
14632,CUST_14632,Female,26-35,Bronze,2010-07-14,Desktop Web,United Kingdom
14633,CUST_14633,Female,26-35,Silver,2010-02-13,Mobile App,United Kingdom
14636,CUST_14636,Female,18-25,Gold,2009-10-18,Desktop Web,United Kingdom
14638,CUST_14638,Female,26-35,Gold,2011-08-11,Mobile App,United Kingdom
14639,CUST_14639,Female,51-65,Platinum,2011-04-03,Mobile App,United Kingdom
14640,CUST_14640,Male,26-35,Bronze,2011-10-09,Mobile App,United Kingdom
14641,CUST_14641,Male,26-35,Silver,2010-12-11,Mobile App,United Kingdom
14642,CUST_14642,Male,26-35,Bronze,2009-02-23,Desktop Web,United Kingdom
14643,CUST_14643,Female,26-35,Silver,2010-02-16,Mobile App,United Kingdom
14644,CUST_14644,Female,18-25,Silver,2011-05-27,Mobile App,United Kingdom
14645,CUST_14645,Female,26-35,Platinum,2010-08-03,Mobile App,United Kingdom
14646,CUST_14646,Female,36-50,Silver,2009-03-14,Mobile App,Netherlands
14647,CUST_14647,Female,36-50,Platinum,2011-06-25,Mobile App,United Kingdom
14649,CUST_14649,Male,26-35,Gold,2009-03-31,Mobile App,United Kingdom
14651,CUST_14651,Female,26-35,Gold,2009-08-09,Desktop Web,United Kingdom
14652,CUST_14652,Male,65+,Gold,2011-06-06,Desktop Web,United Kingdom
14653,CUST_14653,Male,26-35,Silver,2011-01-21,Desktop Web,United Kingdom
14655,CUST_14655,Female,26-35,Bronze,2009-06-16,Mobile Web,United Kingdom
14656,CUST_14656,Female,26-35,Bronze,2009-09-19,Desktop Web,United Kingdom
14657,CUST_14657,Male,26-35,Bronze,2010-04-05,Desktop Web,United Kingdom
14658,CUST_14658,Female,36-50,Silver,2010-08-24,Mobile Web,United Kingdom
14659,CUST_14659,Female,26-35,Silver,2011-10-05,Mobile App,United Kingdom
14660,CUST_14660,Non-Binary,36-50,Silver,2011-06-27,Desktop Web,United Kingdom
14661,CUST_14661,Female,18-25,Platinum,2011-06-30,Mobile App,United Kingdom
14662,CUST_14662,Male,26-35,Gold,2011-03-10,Mobile App,United Kingdom
14664,CUST_14664,Non-Binary,36-50,Bronze,2009-03-01,Desktop Web,United Kingdom
14665,CUST_14665,Female,26-35,Bronze,2009-06-16,Mobile App,United Kingdom
14666,CUST_14666,Female,36-50,Bronze,2009-10-13,Mobile App,United Kingdom
14667,CUST_14667,Female,26-35,Bronze,2009-06-29,Mobile App,United Kingdom
14669,CUST_14669,Female,36-50,Gold,2011-04-29,Mobile App,United Kingdom
14670,CUST_14670,Female,18-25,Silver,2010-08-01,Mobile App,United Kingdom
14672,CUST_14672,Male,51-65,Silver,2009-11-12,Desktop Web,United Kingdom
14673,CUST_14673,Female,26-35,Gold,2009-06-01,Desktop Web,United Kingdom
14675,CUST_14675,Female,51-65,Gold,2009-11-30,Desktop Web,United Kingdom
14676,CUST_14676,Non-Binary,26-35,Bronze,2011-09-11,Mobile App,United Kingdom
14679,CUST_14679,Male,36-50,Silver,2010-08-09,Tablet,United Kingdom
14680,CUST_14680,Male,26-35,Bronze,2009-04-22,Desktop Web,United Kingdom
14681,CUST_14681,Female,51-65,Bronze,2010-02-28,Mobile App,United Kingdom
14682,CUST_14682,Male,18-25,Bronze,2009-12-19,Mobile Web,United Kingdom
14684,CUST_14684,Male,26-35,Silver,2011-07-06,Desktop Web,United Kingdom
14687,CUST_14687,Female,26-35,Bronze,2011-05-12,Desktop Web,United Kingdom
14688,CUST_14688,Female,18-25,Bronze,2010-08-10,Mobile App,United Kingdom
14689,CUST_14689,Male,26-35,Silver,2009-08-31,Desktop Web,United Kingdom
14690,CUST_14690,Female,51-65,Gold,2009-02-18,Mobile Web,United Kingdom
14691,CUST_14691,Female,65+,Bronze,2010-01-06,Desktop Web,United Kingdom
14692,CUST_14692,Female,26-35,Bronze,2009-09-25,Desktop Web,United Kingdom
14693,CUST_14693,Female,51-65,Gold,2011-08-24,Desktop Web,United Kingdom
14696,CUST_14696,Male,36-50,Bronze,2010-09-09,Mobile Web,United Kingdom
14697,CUST_14697,Male,26-35,Platinum,2011-03-09,Mobile App,United Kingdom
14698,CUST_14698,Male,36-50,Silver,2011-03-27,Desktop Web,United Kingdom
14699,CUST_14699,Female,36-50,Bronze,2009-08-24,Mobile App,United Kingdom
14700,CUST_14700,Female,65+,Bronze,2009-11-15,Desktop Web,United Kingdom
14701,CUST_14701,Female,26-35,Bronze,2011-08-08,Desktop Web,United Kingdom
14702,CUST_14702,Female,36-50,Bronze,2011-07-04,Mobile App,United Kingdom
14703,CUST_14703,Female,18-25,Bronze,2009-09-21,Desktop Web,United Kingdom
14704,CUST_14704,Male,18-25,Silver,2011-06-17,Mobile App,United Kingdom
14705,CUST_14705,Female,18-25,Bronze,2011-03-23,Mobile App,United Kingdom
14708,CUST_14708,Male,65+,Silver,2010-12-23,Mobile App,United Kingdom
14709,CUST_14709,Female,51-65,Silver,2009-05-13,Mobile App,United Kingdom
14710,CUST_14710,Female,36-50,Bronze,2009-07-18,Mobile App,United Kingdom
14711,CUST_14711,Female,36-50,Bronze,2011-05-27,Mobile App,United Kingdom
14712,CUST_14712,Non-Binary,26-35,Bronze,2011-08-19,Desktop Web,United Kingdom
14713,CUST_14713,Male,26-35,Bronze,2011-01-17,Desktop Web,United Kingdom
14714,CUST_14714,Male,26-35,Silver,2009-01-21,Desktop Web,United Kingdom
14715,CUST_14715,Female,26-35,Bronze,2009-07-26,Mobile App,United Kingdom
14716,CUST_14716,Female,36-50,Gold,2011-10-10,Mobile Web,United Kingdom
14719,CUST_14719,Male,36-50,Bronze,2009-08-26,Desktop Web,United Kingdom
14720,CUST_14720,Female,18-25,Silver,2009-09-10,Mobile App,United Kingdom
14722,CUST_14722,Male,18-25,Silver,2011-09-02,Mobile Web,United Kingdom
14723,CUST_14723,Female,18-25,Silver,2010-05-24,Mobile App,United Kingdom
14725,CUST_14725,Female,26-35,Bronze,2010-10-02,Desktop Web,United Kingdom
14727,CUST_14727,Female,51-65,Bronze,2010-03-08,Desktop Web,United Kingdom
14729,CUST_14729,Female,36-50,Silver,2010-03-20,Mobile App,United Kingdom
14730,CUST_14730,Male,51-65,Bronze,2010-02-23,Mobile Web,United Kingdom
14731,CUST_14731,Female,26-35,Bronze,2011-03-11,Mobile App,United Kingdom
14732,CUST_14732,Female,26-35,Silver,2010-05-28,Mobile App,United Kingdom
14733,CUST_14733,Female,18-25,Silver,2009-07-20,Mobile Web,United Kingdom
14735,CUST_14735,Female,51-65,Silver,2011-03-27,Mobile Web,United Kingdom
14737,CUST_14737,Male,36-50,Silver,2009-07-12,Desktop Web,United Kingdom
14738,CUST_14738,Male,26-35,Silver,2009-12-22,Desktop Web,United Kingdom
14739,CUST_14739,Male,36-50,Silver,2009-01-28,Mobile App,United Kingdom
14740,CUST_14740,Male,26-35,Silver,2009-02-28,Desktop Web,United Kingdom
14741,CUST_14741,Female,36-50,Silver,2011-01-10,Mobile App,United Kingdom
14744,CUST_14744,Male,51-65,Gold,2010-04-02,Mobile App,United Kingdom
14745,CUST_14745,Female,36-50,Bronze,2010-08-26,Desktop Web,United Kingdom
14747,CUST_14747,Female,36-50,Bronze,2009-09-11,Mobile App,United Kingdom
14748,CUST_14748,Male,18-25,Gold,2010-11-03,Mobile App,United Kingdom
14752,CUST_14752,Female,18-25,Silver,2009-12-01,Mobile App,United Kingdom
14753,CUST_14753,Male,26-35,Bronze,2010-09-14,Mobile App,United Kingdom
14754,CUST_14754,Female,18-25,Gold,2011-07-29,Mobile App,United Kingdom
14755,CUST_14755,Male,36-50,Bronze,2010-11-25,Mobile App,United Kingdom
14756,CUST_14756,Male,36-50,Silver,2010-11-25,Mobile App,United Kingdom
14757,CUST_14757,Male,18-25,Gold,2009-04-07,Desktop Web,United Kingdom
14758,CUST_14758,Male,51-65,Platinum,2010-05-07,Mobile Web,United Kingdom
14759,CUST_14759,Male,26-35,Bronze,2010-09-14,Desktop Web,United Kingdom
14760,CUST_14760,Female,26-35,Silver,2009-03-15,Desktop Web,United Kingdom
14761,CUST_14761,Female,26-35,Bronze,2009-04-16,Mobile App,United Kingdom
14762,CUST_14762,Female,26-35,Bronze,2009-08-05,Mobile App,United Kingdom
14764,CUST_14764,Male,26-35,Bronze,2010-01-01,Mobile App,United Kingdom
14765,CUST_14765,Female,26-35,Silver,2009-04-15,Desktop Web,United Kingdom
14766,CUST_14766,Male,26-35,Silver,2009-05-08,Desktop Web,United Kingdom
14768,CUST_14768,Female,65+,Bronze,2010-05-30,Desktop Web,United Kingdom
14769,CUST_14769,Female,18-25,Silver,2009-12-13,Mobile App,United Kingdom
14770,CUST_14770,Male,18-25,Silver,2009-04-17,Mobile App,United Kingdom
14772,CUST_14772,Female,18-25,Gold,2011-04-19,Desktop Web,United Kingdom
14775,CUST_14775,Female,36-50,Gold,2010-08-01,Mobile App,United Kingdom
14776,CUST_14776,Female,18-25,Bronze,2011-08-14,Desktop Web,United Kingdom
14777,CUST_14777,Male,51-65,Platinum,2010-09-27,Desktop Web,United Kingdom
14778,CUST_14778,Male,36-50,Gold,2011-04-14,Desktop Web,United Kingdom
14779,CUST_14779,Female,36-50,Bronze,2009-09-24,Mobile Web,United Kingdom
14780,CUST_14780,Female,36-50,Bronze,2010-08-07,Mobile Web,United Kingdom
14782,CUST_14782,Female,26-35,Bronze,2011-10-18,Desktop Web,United Kingdom
14784,CUST_14784,Male,26-35,Bronze,2009-06-01,Desktop Web,United Kingdom
14785,CUST_14785,Male,26-35,Silver,2009-05-07,Mobile App,United Kingdom
14788,CUST_14788,Female,36-50,Silver,2010-07-25,Mobile Web,United Kingdom
14789,CUST_14789,Female,26-35,Silver,2011-10-04,Desktop Web,United Kingdom
14790,CUST_14790,Female,18-25,Silver,2010-10-25,Mobile App,United Kingdom
14792,CUST_14792,Male,65+,Bronze,2009-06-11,Mobile App,United Kingdom
14793,CUST_14793,Male,18-25,Gold,2009-09-27,Mobile App,United Kingdom
14794,CUST_14794,Female,51-65,Bronze,2010-07-13,Desktop Web,United Kingdom
14795,CUST_14795,Female,36-50,Platinum,2011-05-16,Desktop Web,United Kingdom
14796,CUST_14796,Female,26-35,Bronze,2010-05-13,Mobile App,United Kingdom
14798,CUST_14798,Male,18-25,Platinum,2011-03-21,Mobile App,United Kingdom
14799,CUST_14799,Female,18-25,Bronze,2010-10-26,Mobile Web,United Kingdom
14800,CUST_14800,Male,36-50,Bronze,2009-03-18,Desktop Web,United Kingdom
14801,CUST_14801,Male,36-50,Bronze,2009-09-09,Mobile Web,United Kingdom
14803,CUST_14803,Female,36-50,Silver,2009-03-20,Mobile App,United Kingdom
14804,CUST_14804,Female,51-65,Gold,2009-04-23,Desktop Web,United Kingdom
14805,CUST_14805,Female,36-50,Bronze,2009-08-28,Desktop Web,United Kingdom
14806,CUST_14806,Male,26-35,Gold,2010-04-15,Mobile App,United Kingdom
14808,CUST_14808,Male,26-35,Silver,2011-09-06,Mobile App,United Kingdom
14810,CUST_14810,Male,51-65,Silver,2011-10-23,Mobile App,United Kingdom
14813,CUST_14813,Male,26-35,Gold,2009-11-15,Mobile App,United Kingdom
14815,CUST_14815,Female,18-25,Bronze,2009-07-06,Tablet,United Kingdom
14816,CUST_14816,Male,36-50,Bronze,2011-02-13,Mobile App,United Kingdom
14817,CUST_14817,Male,26-35,Gold,2009-12-09,Mobile App,United Kingdom
14818,CUST_14818,Female,51-65,Gold,2009-05-29,Desktop Web,United Kingdom
14819,CUST_14819,Non-Binary,36-50,Platinum,2011-06-08,Mobile App,United Kingdom
14820,CUST_14820,Male,18-25,Gold,2009-07-23,Desktop Web,United Kingdom
14821,CUST_14821,Male,51-65,Bronze,2009-03-24,Mobile App,United Kingdom
14823,CUST_14823,Male,26-35,Gold,2010-11-11,Desktop Web,United Kingdom
14824,CUST_14824,Male,26-35,Bronze,2010-06-29,Mobile App,United Kingdom
14825,CUST_14825,Male,26-35,Platinum,2011-08-22,Desktop Web,United Kingdom
14828,CUST_14828,Female,18-25,Silver,2010-07-02,Desktop Web,United Kingdom
14829,CUST_14829,Female,26-35,Silver,2010-11-07,Mobile Web,United Kingdom
14830,CUST_14830,Male,18-25,Silver,2011-09-26,Mobile Web,United Kingdom
14834,CUST_14834,Female,26-35,Bronze,2011-02-01,Desktop Web,United Kingdom
14836,CUST_14836,Female,26-35,Bronze,2010-07-17,Mobile App,United Kingdom
14837,CUST_14837,Female,36-50,Gold,2011-09-22,Desktop Web,United Kingdom
14840,CUST_14840,Female,51-65,Gold,2010-03-19,Desktop Web,United Kingdom
14841,CUST_14841,Male,26-35,Bronze,2010-02-13,Mobile Web,United Kingdom
14842,CUST_14842,Male,26-35,Gold,2011-02-15,Mobile App,United Kingdom
14844,CUST_14844,Female,26-35,Silver,2010-09-13,Mobile App,United Kingdom
14847,CUST_14847,Female,26-35,Bronze,2009-02-20,Desktop Web,United Kingdom
14849,CUST_14849,Female,36-50,Bronze,2011-02-16,Mobile App,United Kingdom
14850,CUST_14850,Male,36-50,Gold,2010-08-09,Mobile App,United Kingdom
14851,CUST_14851,Male,26-35,Silver,2011-06-02,Mobile App,United Kingdom
14852,CUST_14852,Female,26-35,Silver,2010-11-26,Desktop Web,United Kingdom
14853,CUST_14853,Male,18-25,Silver,2009-03-08,Tablet,United Kingdom
14854,CUST_14854,Male,36-50,Bronze,2010-07-05,Desktop Web,United Kingdom
14855,CUST_14855,Male,18-25,Silver,2010-02-10,Mobile App,United Kingdom
14856,CUST_14856,Male,65+,Bronze,2009-06-20,Mobile App,United Kingdom
14857,CUST_14857,Female,36-50,Bronze,2010-10-28,Mobile App,United Kingdom
14859,CUST_14859,Male,26-35,Silver,2009-03-01,Desktop Web,United Kingdom
14860,CUST_14860,Female,36-50,Gold,2009-05-11,Desktop Web,United Kingdom
14861,CUST_14861,Male,51-65,Bronze,2011-07-09,Mobile App,United Kingdom
14862,CUST_14862,Male,36-50,Bronze,2011-08-12,Desktop Web,United Kingdom
14863,CUST_14863,Male,26-35,Silver,2009-04-30,Desktop Web,United Kingdom
14865,CUST_14865,Male,26-35,Gold,2009-12-03,Mobile App,United Kingdom
14866,CUST_14866,Female,51-65,Silver,2010-08-12,Mobile App,United Kingdom
14867,CUST_14867,Male,36-50,Gold,2009-06-18,Tablet,United Kingdom
14868,CUST_14868,Non-Binary,36-50,Silver,2010-06-18,Mobile App,United Kingdom
14869,CUST_14869,Male,51-65,Gold,2010-08-21,Desktop Web,United Kingdom
14870,CUST_14870,Female,51-65,Bronze,2009-01-23,Desktop Web,United Kingdom
14871,CUST_14871,Female,51-65,Bronze,2011-09-03,Desktop Web,United Kingdom
14873,CUST_14873,Female,18-25,Bronze,2009-10-01,Desktop Web,United Kingdom
14875,CUST_14875,Male,36-50,Silver,2010-08-22,Desktop Web,United Kingdom
14878,CUST_14878,Male,36-50,Gold,2011-02-05,Mobile Web,United Kingdom
14880,CUST_14880,Female,36-50,Gold,2010-07-20,Mobile Web,United Kingdom
14881,CUST_14881,Female,36-50,Bronze,2009-01-25,Desktop Web,United Kingdom
14882,CUST_14882,Male,26-35,Bronze,2009-12-01,Mobile App,United Kingdom
14883,CUST_14883,Male,36-50,Bronze,2010-05-12,Mobile App,United Kingdom
14885,CUST_14885,Male,36-50,Bronze,2009-02-22,Desktop Web,United Kingdom
14886,CUST_14886,Male,18-25,Silver,2011-10-28,Desktop Web,United Kingdom
14887,CUST_14887,Female,26-35,Gold,2009-09-25,Mobile App,United Kingdom
14888,CUST_14888,Female,26-35,Platinum,2010-10-29,Mobile App,United Kingdom
14889,CUST_14889,Male,26-35,Silver,2009-08-08,Desktop Web,United Kingdom
14890,CUST_14890,Male,18-25,Gold,2009-09-15,Mobile App,United Kingdom
14891,CUST_14891,Male,26-35,Silver,2009-08-01,Desktop Web,United Kingdom
14893,CUST_14893,Male,36-50,Bronze,2011-02-14,Desktop Web,United Kingdom
14894,CUST_14894,Male,36-50,Silver,2011-09-11,Desktop Web,United Kingdom
14895,CUST_14895,Female,36-50,Silver,2011-10-25,Mobile App,United Kingdom
14896,CUST_14896,Female,51-65,Silver,2011-01-26,Mobile App,United Kingdom
14897,CUST_14897,Female,26-35,Bronze,2009-01-06,Mobile App,United Kingdom
14898,CUST_14898,Female,18-25,Bronze,2010-06-30,Mobile App,United Kingdom
14901,CUST_14901,Male,51-65,Bronze,2009-04-20,Desktop Web,United Kingdom
14902,CUST_14902,Non-Binary,26-35,Platinum,2010-09-21,Desktop Web,United Kingdom
14903,CUST_14903,Female,65+,Bronze,2009-05-31,Mobile App,United Kingdom
14904,CUST_14904,Female,51-65,Gold,2009-05-08,Mobile App,United Kingdom
14905,CUST_14905,Male,36-50,Gold,2009-05-06,Mobile App,United Kingdom
14907,CUST_14907,Female,65+,Bronze,2010-05-13,Tablet,United Kingdom
14908,CUST_14908,Male,18-25,Silver,2009-11-14,Desktop Web,United Kingdom
14910,CUST_14910,Male,26-35,Gold,2009-03-12,Mobile Web,United Kingdom
14911,CUST_14911,Male,36-50,Silver,2011-07-28,Mobile Web,EIRE
14912,CUST_14912,Female,26-35,Platinum,2009-08-05,Desktop Web,Italy
14913,CUST_14913,Female,51-65,Bronze,2009-01-15,Desktop Web,United Kingdom
14915,CUST_14915,Male,18-25,Bronze,2009-08-19,Mobile App,United Kingdom
14916,CUST_14916,Male,36-50,Gold,2009-11-18,Desktop Web,United Kingdom
14918,CUST_14918,Female,36-50,Gold,2011-06-14,Mobile App,United Kingdom
14920,CUST_14920,Male,36-50,Platinum,2011-04-08,Mobile Web,United Kingdom
14921,CUST_14921,Female,26-35,Silver,2010-07-31,Mobile App,United Kingdom
14923,CUST_14923,Male,26-35,Platinum,2011-01-06,Desktop Web,United Kingdom
14924,CUST_14924,Female,51-65,Gold,2011-08-22,Mobile App,United Kingdom
14929,CUST_14929,Male,26-35,Gold,2011-07-10,Mobile Web,United Kingdom
14930,CUST_14930,Female,51-65,Silver,2009-07-24,Mobile App,Channel Islands
14931,CUST_14931,Female,36-50,Bronze,2009-01-27,Desktop Web,Channel Islands
14932,CUST_14932,Female,36-50,Platinum,2011-09-11,Desktop Web,Channel Islands
14934,CUST_14934,Female,36-50,Bronze,2009-04-15,Mobile App,Channel Islands
14935,CUST_14935,Male,26-35,Silver,2009-08-20,Desktop Web,Channel Islands
14936,CUST_14936,Non-Binary,36-50,Bronze,2009-02-05,Mobile Web,Channel Islands
14937,CUST_14937,Female,51-65,Silver,2009-07-05,Mobile App,Channel Islands
14944,CUST_14944,Female,26-35,Silver,2011-02-25,Mobile Web,United Kingdom
14946,CUST_14946,Male,65+,Bronze,2010-03-24,Desktop Web,United Kingdom
14947,CUST_14947,Male,26-35,Gold,2011-08-13,Mobile Web,United Kingdom
14948,CUST_14948,Male,18-25,Bronze,2010-04-16,Mobile App,United Kingdom
14950,CUST_14950,Female,26-35,Silver,2011-05-08,Desktop Web,United Kingdom
14951,CUST_14951,Female,65+,Bronze,2009-03-27,Mobile Web,United Kingdom
14952,CUST_14952,Male,26-35,Bronze,2011-06-26,Mobile App,United Kingdom
14953,CUST_14953,Female,51-65,Bronze,2010-11-19,Desktop Web,United Kingdom
14954,CUST_14954,Male,51-65,Silver,2009-11-21,Mobile App,United Kingdom
14957,CUST_14957,Female,26-35,Bronze,2009-12-23,Mobile App,United Kingdom
14958,CUST_14958,Male,18-25,Gold,2010-08-02,Desktop Web,United Kingdom
14959,CUST_14959,Female,36-50,Bronze,2010-09-18,Desktop Web,United Kingdom
14960,CUST_14960,Male,26-35,Bronze,2011-03-09,Desktop Web,United Kingdom
14961,CUST_14961,Female,36-50,Bronze,2010-12-05,Mobile App,United Kingdom
14962,CUST_14962,Male,26-35,Bronze,2011-03-15,Mobile App,United Kingdom
14963,CUST_14963,Female,26-35,Gold,2009-07-11,Mobile App,United Kingdom
14964,CUST_14964,Male,36-50,Gold,2009-04-12,Desktop Web,United Kingdom
14965,CUST_14965,Male,26-35,Silver,2009-10-09,Mobile Web,United Kingdom
14966,CUST_14966,Male,26-35,Bronze,2010-03-24,Desktop Web,United Kingdom
14967,CUST_14967,Male,26-35,Bronze,2010-11-30,Mobile App,United Kingdom
14968,CUST_14968,Male,26-35,Silver,2009-01-25,Mobile Web,United Kingdom
14970,CUST_14970,Male,36-50,Platinum,2010-09-14,Desktop Web,United Kingdom
14971,CUST_14971,Female,51-65,Bronze,2009-09-12,Desktop Web,United Kingdom
14972,CUST_14972,Male,26-35,Silver,2010-08-21,Mobile App,United Kingdom
14973,CUST_14973,Female,36-50,Bronze,2010-09-29,Desktop Web,United Kingdom
14974,CUST_14974,Female,36-50,Bronze,2011-09-12,Mobile App,United Kingdom
14975,CUST_14975,Female,26-35,Silver,2009-03-16,Mobile App,United Kingdom
14976,CUST_14976,Female,26-35,Bronze,2010-07-24,Mobile App,United Kingdom
14978,CUST_14978,Male,51-65,Gold,2011-06-15,Mobile App,United Kingdom
14981,CUST_14981,Male,36-50,Bronze,2009-07-15,Mobile App,United Kingdom
14984,CUST_14984,Male,36-50,Silver,2011-04-14,Mobile App,United Kingdom
14985,CUST_14985,Female,36-50,Bronze,2010-12-08,Mobile App,United Kingdom
14987,CUST_14987,Female,18-25,Platinum,2009-11-03,Desktop Web,United Kingdom
14988,CUST_14988,Female,36-50,Bronze,2009-11-23,Mobile App,United Kingdom
14995,CUST_14995,Female,36-50,Gold,2011-08-04,Desktop Web,United Kingdom
14997,CUST_14997,Female,36-50,Gold,2010-05-04,Mobile App,United Kingdom
14998,CUST_14998,Female,26-35,Platinum,2010-10-20,Mobile Web,United Kingdom
15000,CUST_15000,Female,18-25,Silver,2009-01-31,Mobile Web,United Kingdom
15002,CUST_15002,Male,26-35,Silver,2010-05-09,Mobile App,United Kingdom
15004,CUST_15004,Male,65+,Bronze,2009-11-12,Desktop Web,United Kingdom
15005,CUST_15005,Non-Binary,26-35,Bronze,2010-03-06,Mobile App,United Kingdom
15006,CUST_15006,Male,26-35,Bronze,2009-09-10,Mobile Web,United Kingdom
15007,CUST_15007,Male,18-25,Bronze,2009-05-18,Desktop Web,United Kingdom
15009,CUST_15009,Female,18-25,Platinum,2009-07-07,Mobile App,United Kingdom
15010,CUST_15010,Male,36-50,Bronze,2011-04-06,Mobile App,United Kingdom
15012,CUST_15012,Male,36-50,Silver,2009-06-13,Mobile App,United Kingdom
15014,CUST_15014,Female,36-50,Silver,2011-01-29,Mobile App,United Kingdom
15016,CUST_15016,Female,26-35,Silver,2009-06-22,Desktop Web,United Kingdom
15017,CUST_15017,Male,36-50,Silver,2010-07-24,Desktop Web,United Kingdom
15018,CUST_15018,Female,26-35,Bronze,2010-12-27,Mobile App,United Kingdom
15019,CUST_15019,Male,26-35,Silver,2011-01-21,Mobile App,United Kingdom
15021,CUST_15021,Male,26-35,Bronze,2011-03-28,Mobile App,United Kingdom
15022,CUST_15022,Female,26-35,Platinum,2009-10-28,Mobile App,United Kingdom
15023,CUST_15023,Female,26-35,Gold,2009-11-27,Mobile Web,United Kingdom
15024,CUST_15024,Female,36-50,Platinum,2010-03-09,Mobile App,United Kingdom
15025,CUST_15025,Female,36-50,Bronze,2010-04-12,Desktop Web,United Kingdom
15026,CUST_15026,Female,51-65,Bronze,2010-08-05,Mobile App,United Kingdom
15027,CUST_15027,Male,26-35,Bronze,2009-06-28,Mobile App,United Kingdom
15028,CUST_15028,Female,18-25,Bronze,2011-02-25,Desktop Web,United Kingdom
15030,CUST_15030,Female,26-35,Bronze,2010-07-29,Desktop Web,United Kingdom
15031,CUST_15031,Female,65+,Silver,2011-05-03,Mobile App,United Kingdom
15032,CUST_15032,Male,36-50,Bronze,2009-05-04,Desktop Web,United Kingdom
15033,CUST_15033,Female,36-50,Silver,2011-04-25,Desktop Web,United Kingdom
15034,CUST_15034,Female,18-25,Gold,2011-01-11,Mobile App,United Kingdom
15035,CUST_15035,Male,36-50,Silver,2010-05-15,Desktop Web,United Kingdom
15036,CUST_15036,Male,18-25,Bronze,2009-01-29,Desktop Web,United Kingdom
15038,CUST_15038,Female,36-50,Bronze,2009-12-30,Mobile App,United Kingdom
15039,CUST_15039,Male,51-65,Silver,2010-01-05,Desktop Web,United Kingdom
15041,CUST_15041,Female,65+,Bronze,2010-12-12,Mobile App,United Kingdom
15042,CUST_15042,Female,36-50,Silver,2010-05-31,Mobile App,United Kingdom
15043,CUST_15043,Female,26-35,Bronze,2010-07-24,Desktop Web,United Kingdom
15044,CUST_15044,Female,51-65,Gold,2011-06-09,Mobile Web,United Kingdom
15045,CUST_15045,Male,36-50,Gold,2010-06-26,Mobile Web,United Kingdom
15046,CUST_15046,Female,18-25,Silver,2009-09-23,Mobile App,United Kingdom
15047,CUST_15047,Female,26-35,Bronze,2011-06-27,Mobile App,United Kingdom
15048,CUST_15048,Male,26-35,Bronze,2009-05-06,Desktop Web,United Kingdom
15049,CUST_15049,Male,26-35,Gold,2009-09-09,Mobile App,United Kingdom
15050,CUST_15050,Female,26-35,Silver,2009-05-31,Desktop Web,United Kingdom
15051,CUST_15051,Male,36-50,Bronze,2011-08-01,Desktop Web,United Kingdom
15052,CUST_15052,Female,26-35,Bronze,2011-01-12,Mobile Web,United Kingdom
15053,CUST_15053,Male,26-35,Bronze,2010-08-25,Mobile App,United Kingdom
15054,CUST_15054,Male,36-50,Gold,2011-04-21,Mobile App,United Kingdom
15057,CUST_15057,Male,51-65,Bronze,2009-12-10,Mobile Web,United Kingdom
15058,CUST_15058,Female,36-50,Silver,2009-03-24,Desktop Web,United Kingdom
15059,CUST_15059,Female,26-35,Silver,2010-04-04,Mobile Web,United Kingdom
15060,CUST_15060,Female,51-65,Silver,2010-12-04,Mobile App,United Kingdom
15061,CUST_15061,Female,51-65,Gold,2010-07-17,Desktop Web,United Kingdom
15062,CUST_15062,Female,26-35,Gold,2010-06-21,Desktop Web,United Kingdom
15063,CUST_15063,Male,18-25,Silver,2010-10-21,Mobile App,United Kingdom
15065,CUST_15065,Female,36-50,Bronze,2009-12-29,Desktop Web,United Kingdom
15066,CUST_15066,Female,51-65,Bronze,2010-06-08,Desktop Web,United Kingdom
15067,CUST_15067,Male,65+,Silver,2011-07-01,Mobile App,United Kingdom
15068,CUST_15068,Female,51-65,Silver,2010-05-16,Mobile App,United Kingdom
15069,CUST_15069,Male,36-50,Silver,2010-11-17,Desktop Web,United Kingdom
15070,CUST_15070,Female,36-50,Bronze,2009-11-19,Desktop Web,United Kingdom
15071,CUST_15071,Female,18-25,Silver,2009-04-14,Mobile Web,United Kingdom
15073,CUST_15073,Female,26-35,Bronze,2011-05-21,Mobile App,United Kingdom
15074,CUST_15074,Female,26-35,Gold,2011-01-17,Mobile App,United Kingdom
15075,CUST_15075,Male,36-50,Bronze,2011-05-05,Tablet,United Kingdom
15076,CUST_15076,Female,36-50,Silver,2010-02-15,Mobile Web,United Kingdom
15078,CUST_15078,Male,36-50,Bronze,2011-03-12,Mobile App,United Kingdom
15079,CUST_15079,Female,26-35,Bronze,2009-08-16,Desktop Web,United Kingdom
15081,CUST_15081,Female,36-50,Silver,2010-10-17,Mobile App,United Kingdom
15083,CUST_15083,Male,18-25,Bronze,2009-04-14,Mobile App,United Kingdom
15087,CUST_15087,Female,26-35,Gold,2009-12-03,Mobile App,United Kingdom
15088,CUST_15088,Male,36-50,Silver,2010-01-05,Mobile App,United Kingdom
15089,CUST_15089,Male,36-50,Silver,2010-09-25,Mobile Web,United Kingdom
15090,CUST_15090,Male,65+,Bronze,2011-10-26,Desktop Web,United Kingdom
15091,CUST_15091,Male,26-35,Silver,2011-01-30,Tablet,United Kingdom
15092,CUST_15092,Female,26-35,Silver,2009-07-28,Desktop Web,United Kingdom
15093,CUST_15093,Female,26-35,Silver,2011-07-12,Mobile App,United Kingdom
15095,CUST_15095,Female,26-35,Silver,2011-07-11,Desktop Web,United Kingdom
15096,CUST_15096,Male,51-65,Bronze,2009-06-14,Tablet,United Kingdom
15097,CUST_15097,Non-Binary,36-50,Bronze,2011-08-28,Desktop Web,United Kingdom
15098,CUST_15098,Female,51-65,Bronze,2011-08-08,Desktop Web,United Kingdom
15099,CUST_15099,Male,26-35,Bronze,2009-10-13,Mobile Web,United Kingdom
15100,CUST_15100,Female,51-65,Bronze,2010-06-20,Mobile App,United Kingdom
15101,CUST_15101,Male,18-25,Silver,2011-10-26,Desktop Web,United Kingdom
15103,CUST_15103,Female,51-65,Gold,2011-06-06,Mobile Web,United Kingdom
15104,CUST_15104,Non-Binary,26-35,Bronze,2009-11-06,Tablet,United Kingdom
15105,CUST_15105,Male,26-35,Platinum,2010-06-01,Mobile App,United Kingdom
15106,CUST_15106,Female,36-50,Silver,2009-09-09,Desktop Web,United Kingdom
15107,CUST_15107,Female,51-65,Gold,2010-11-26,Desktop Web,United Kingdom
15108,CUST_15108,Female,18-25,Silver,2010-08-21,Mobile App,European Community
15109,CUST_15109,Female,26-35,Silver,2010-09-26,Desktop Web,United Kingdom
15110,CUST_15110,Female,51-65,Bronze,2010-12-17,Mobile App,United Kingdom
15111,CUST_15111,Male,26-35,Bronze,2010-03-15,Mobile App,United Kingdom
15113,CUST_15113,Male,26-35,Bronze,2009-04-06,Mobile App,United Kingdom
15114,CUST_15114,Male,26-35,Silver,2009-07-29,Desktop Web,United Kingdom
15115,CUST_15115,Female,26-35,Bronze,2009-05-08,Mobile App,United Kingdom
15116,CUST_15116,Male,51-65,Gold,2010-12-11,Desktop Web,United Kingdom
15117,CUST_15117,Male,36-50,Bronze,2009-09-09,Mobile App,United Kingdom
15118,CUST_15118,Female,36-50,Gold,2010-01-16,Mobile App,United Kingdom
15119,CUST_15119,Male,65+,Bronze,2009-08-06,Mobile App,United Kingdom
15120,CUST_15120,Male,26-35,Bronze,2009-03-15,Mobile App,United Kingdom
15121,CUST_15121,Female,18-25,Bronze,2011-05-22,Desktop Web,United Kingdom
15122,CUST_15122,Female,26-35,Bronze,2009-10-26,Desktop Web,United Kingdom
15123,CUST_15123,Female,26-35,Bronze,2010-08-13,Mobile App,United Kingdom
15124,CUST_15124,Female,26-35,Gold,2011-01-11,Mobile App,United Kingdom
15125,CUST_15125,Male,51-65,Bronze,2010-02-08,Desktop Web,United Kingdom
15127,CUST_15127,Male,36-50,Bronze,2009-08-12,Mobile App,United Kingdom
15128,CUST_15128,Male,26-35,Gold,2011-05-16,Tablet,United Kingdom
15129,CUST_15129,Female,36-50,Bronze,2011-03-17,Desktop Web,United Kingdom
15130,CUST_15130,Female,36-50,Platinum,2009-11-13,Mobile App,United Kingdom
15132,CUST_15132,Male,51-65,Platinum,2009-06-16,Mobile App,United Kingdom
15133,CUST_15133,Male,51-65,Bronze,2009-11-13,Desktop Web,United Kingdom
15134,CUST_15134,Female,36-50,Bronze,2010-05-06,Mobile App,United Kingdom
15135,CUST_15135,Female,36-50,Bronze,2009-09-09,Mobile App,United Kingdom
15136,CUST_15136,Male,36-50,Gold,2009-01-09,Mobile App,United Kingdom
15139,CUST_15139,Female,36-50,Silver,2009-01-25,Desktop Web,United Kingdom
15140,CUST_15140,Female,18-25,Silver,2009-09-17,Desktop Web,United Kingdom
15142,CUST_15142,Male,18-25,Gold,2010-06-04,Mobile App,United Kingdom
15143,CUST_15143,Female,36-50,Bronze,2011-05-09,Desktop Web,United Kingdom
15144,CUST_15144,Female,26-35,Gold,2009-02-15,Mobile App,United Kingdom
15145,CUST_15145,Female,18-25,Silver,2009-02-08,Desktop Web,United Kingdom
15146,CUST_15146,Female,36-50,Silver,2009-07-22,Mobile App,United Kingdom
15147,CUST_15147,Male,18-25,Gold,2011-02-08,Desktop Web,United Kingdom
15148,CUST_15148,Female,36-50,Silver,2009-03-03,Tablet,United Kingdom
15149,CUST_15149,Female,36-50,Bronze,2009-08-01,Mobile App,United Kingdom
15150,CUST_15150,Male,65+,Bronze,2009-04-02,Mobile App,United Kingdom
15152,CUST_15152,Male,26-35,Silver,2011-10-12,Mobile App,United Kingdom
15153,CUST_15153,Male,18-25,Bronze,2010-06-06,Mobile App,United Kingdom
15154,CUST_15154,Female,36-50,Platinum,2011-01-16,Mobile App,United Kingdom
15156,CUST_15156,Female,51-65,Bronze,2010-02-18,Mobile Web,United Kingdom
15157,CUST_15157,Non-Binary,65+,Silver,2009-05-30,Mobile Web,United Kingdom
15158,CUST_15158,Male,26-35,Silver,2011-06-25,Mobile App,United Kingdom
15159,CUST_15159,Female,26-35,Bronze,2011-08-27,Desktop Web,United Kingdom
15160,CUST_15160,Female,51-65,Gold,2011-06-12,Desktop Web,United Kingdom
15163,CUST_15163,Female,26-35,Gold,2011-06-12,Desktop Web,United Kingdom
15164,CUST_15164,Male,36-50,Silver,2010-12-03,Mobile App,United Kingdom
15165,CUST_15165,Male,26-35,Bronze,2009-02-05,Mobile App,United Kingdom
15167,CUST_15167,Female,18-25,Bronze,2009-10-01,Desktop Web,United Kingdom
15168,CUST_15168,Female,26-35,Bronze,2009-05-03,Mobile App,United Kingdom
15171,CUST_15171,Male,26-35,Bronze,2010-03-27,Desktop Web,United Kingdom
15172,CUST_15172,Male,36-50,Silver,2009-11-14,Desktop Web,United Kingdom
15174,CUST_15174,Female,51-65,Platinum,2010-03-18,Mobile App,United Kingdom
15175,CUST_15175,Male,26-35,Silver,2011-03-27,Mobile App,United Kingdom
15178,CUST_15178,Male,51-65,Gold,2011-03-25,Mobile Web,United Kingdom
15179,CUST_15179,Female,18-25,Silver,2011-09-11,Desktop Web,United Kingdom
15180,CUST_15180,Male,36-50,Silver,2011-05-25,Mobile Web,United Kingdom
15181,CUST_15181,Female,18-25,Gold,2010-10-27,Mobile App,United Kingdom
15182,CUST_15182,Male,51-65,Silver,2010-06-06,Desktop Web,United Kingdom
15184,CUST_15184,Male,36-50,Gold,2010-08-26,Desktop Web,United Kingdom
15185,CUST_15185,Male,36-50,Bronze,2011-05-24,Mobile Web,United Kingdom
15186,CUST_15186,Male,51-65,Bronze,2011-10-06,Mobile App,United Kingdom
15187,CUST_15187,Female,36-50,Gold,2009-05-05,Mobile App,United Kingdom
15189,CUST_15189,Male,65+,Silver,2010-07-13,Mobile App,United Kingdom
15192,CUST_15192,Male,36-50,Gold,2011-04-13,Mobile Web,United Kingdom
15193,CUST_15193,Female,51-65,Platinum,2009-02-13,Mobile Web,United Kingdom
15194,CUST_15194,Male,36-50,Bronze,2010-10-20,Tablet,United Kingdom
15195,CUST_15195,Male,18-25,Silver,2009-09-30,Tablet,United Kingdom
15197,CUST_15197,Female,36-50,Bronze,2009-10-26,Mobile App,United Kingdom
15198,CUST_15198,Male,18-25,Silver,2011-05-31,Mobile App,United Kingdom
15199,CUST_15199,Male,36-50,Gold,2010-10-06,Mobile App,United Kingdom
15201,CUST_15201,Female,26-35,Bronze,2010-10-02,Mobile App,United Kingdom
15203,CUST_15203,Non-Binary,36-50,Silver,2009-06-30,Mobile Web,United Kingdom
15204,CUST_15204,Female,18-25,Silver,2010-12-29,Mobile Web,United Kingdom
15205,CUST_15205,Female,26-35,Bronze,2009-08-15,Mobile App,United Kingdom
15206,CUST_15206,Female,26-35,Gold,2011-01-15,Desktop Web,United Kingdom
15208,CUST_15208,Male,65+,Silver,2009-09-11,Mobile Web,United Kingdom
15210,CUST_15210,Male,26-35,Platinum,2010-08-11,Desktop Web,United Kingdom
15211,CUST_15211,Female,26-35,Bronze,2010-12-13,Mobile App,United Kingdom
15212,CUST_15212,Female,36-50,Bronze,2011-04-06,Desktop Web,United Kingdom
15213,CUST_15213,Male,36-50,Silver,2010-12-17,Mobile App,United Kingdom
15214,CUST_15214,Female,26-35,Bronze,2011-04-23,Desktop Web,United Kingdom
15215,CUST_15215,Male,26-35,Platinum,2009-03-11,Mobile App,United Kingdom
15216,CUST_15216,Male,26-35,Bronze,2011-05-31,Mobile App,United Kingdom
15218,CUST_15218,Female,65+,Gold,2009-08-30,Tablet,United Kingdom
15219,CUST_15219,Male,18-25,Silver,2009-06-14,Desktop Web,United Kingdom
15220,CUST_15220,Female,26-35,Bronze,2011-09-11,Desktop Web,United Kingdom
15221,CUST_15221,Non-Binary,18-25,Bronze,2009-06-09,Tablet,United Kingdom
15222,CUST_15222,Male,26-35,Silver,2009-07-18,Mobile App,United Kingdom
15223,CUST_15223,Male,36-50,Silver,2009-10-13,Mobile App,United Kingdom
15224,CUST_15224,Female,26-35,Bronze,2009-05-21,Mobile Web,United Kingdom
15225,CUST_15225,Male,18-25,Gold,2010-06-01,Mobile App,United Kingdom
15226,CUST_15226,Female,26-35,Bronze,2011-08-29,Desktop Web,United Kingdom
15227,CUST_15227,Female,18-25,Bronze,2010-09-10,Mobile App,United Kingdom
15228,CUST_15228,Female,18-25,Silver,2010-09-29,Mobile App,United Kingdom
15230,CUST_15230,Male,51-65,Bronze,2009-02-05,Desktop Web,United Kingdom
15232,CUST_15232,Male,36-50,Platinum,2009-05-29,Mobile App,United Kingdom
15234,CUST_15234,Male,51-65,Bronze,2010-03-10,Desktop Web,United Kingdom
15235,CUST_15235,Male,51-65,Bronze,2009-04-30,Desktop Web,United Kingdom
15236,CUST_15236,Female,36-50,Bronze,2010-02-08,Mobile Web,United Kingdom
15237,CUST_15237,Male,18-25,Silver,2010-11-21,Desktop Web,United Kingdom
15238,CUST_15238,Female,36-50,Silver,2009-09-11,Mobile App,United Kingdom
15239,CUST_15239,Male,51-65,Silver,2011-02-13,Mobile Web,United Kingdom
15240,CUST_15240,Male,36-50,Bronze,2011-03-15,Desktop Web,United Kingdom
15241,CUST_15241,Male,36-50,Bronze,2009-09-01,Desktop Web,United Kingdom
15243,CUST_15243,Male,26-35,Gold,2009-01-09,Mobile Web,United Kingdom
15244,CUST_15244,Female,51-65,Bronze,2010-11-23,Desktop Web,United Kingdom
15245,CUST_15245,Female,36-50,Gold,2010-12-23,Desktop Web,United Kingdom
15246,CUST_15246,Male,65+,Bronze,2010-01-08,Desktop Web,United Kingdom
15247,CUST_15247,Female,26-35,Gold,2009-03-15,Mobile App,United Kingdom
15249,CUST_15249,Female,26-35,Bronze,2010-06-30,Mobile App,United Kingdom
15251,CUST_15251,Female,26-35,Silver,2010-06-30,Desktop Web,United Kingdom
15252,CUST_15252,Male,36-50,Bronze,2011-03-20,Mobile App,United Kingdom
15253,CUST_15253,Female,26-35,Bronze,2009-02-06,Mobile App,United Kingdom
15254,CUST_15254,Female,18-25,Bronze,2009-04-16,Mobile App,United Kingdom
15255,CUST_15255,Male,65+,Bronze,2010-01-22,Desktop Web,United Kingdom
15256,CUST_15256,Male,18-25,Bronze,2010-09-26,Mobile App,United Kingdom
15257,CUST_15257,Female,51-65,Silver,2010-12-24,Desktop Web,United Kingdom
15258,CUST_15258,Female,26-35,Silver,2011-01-19,Mobile App,United Kingdom
15260,CUST_15260,Female,51-65,Gold,2011-03-27,Desktop Web,United Kingdom
15261,CUST_15261,Female,36-50,Silver,2009-11-25,Mobile App,United Kingdom
15262,CUST_15262,Female,51-65,Silver,2010-10-11,Desktop Web,United Kingdom
15263,CUST_15263,Male,51-65,Bronze,2009-11-04,Mobile App,United Kingdom
15264,CUST_15264,Male,18-25,Silver,2009-06-06,Tablet,United Kingdom
15265,CUST_15265,Male,18-25,Bronze,2009-11-06,Mobile Web,United Kingdom
15266,CUST_15266,Female,26-35,Gold,2009-03-09,Mobile Web,United Kingdom
15267,CUST_15267,Male,36-50,Bronze,2009-07-20,Mobile Web,United Kingdom
15269,CUST_15269,Female,51-65,Bronze,2011-04-14,Mobile App,United Kingdom
15270,CUST_15270,Non-Binary,26-35,Silver,2009-11-18,Desktop Web,United Kingdom
15271,CUST_15271,Male,36-50,Bronze,2011-09-08,Desktop Web,United Kingdom
15272,CUST_15272,Female,26-35,Gold,2011-07-01,Desktop Web,United Kingdom
15274,CUST_15274,Male,51-65,Gold,2009-10-20,Mobile Web,United Kingdom
15275,CUST_15275,Female,65+,Bronze,2010-02-20,Desktop Web,United Kingdom
15276,CUST_15276,Male,26-35,Bronze,2010-02-12,Tablet,United Kingdom
15277,CUST_15277,Female,26-35,Silver,2009-04-12,Mobile App,United Kingdom
15279,CUST_15279,Female,18-25,Silver,2009-08-11,Mobile Web,United Kingdom
15280,CUST_15280,Male,36-50,Bronze,2011-05-30,Desktop Web,United Kingdom
15281,CUST_15281,Female,36-50,Silver,2011-10-22,Desktop Web,United Kingdom
15286,CUST_15286,Male,18-25,Silver,2010-06-05,Mobile App,United Kingdom
15287,CUST_15287,Female,26-35,Bronze,2009-02-16,Desktop Web,United Kingdom
15288,CUST_15288,Male,26-35,Bronze,2010-10-05,Mobile Web,United Kingdom
15289,CUST_15289,Male,36-50,Gold,2009-03-28,Mobile App,United Kingdom
15290,CUST_15290,Female,36-50,Bronze,2010-02-13,Desktop Web,United Kingdom
15291,CUST_15291,Female,18-25,Gold,2009-02-19,Mobile App,United Kingdom
15292,CUST_15292,Female,36-50,Bronze,2011-01-24,Tablet,United Kingdom
15296,CUST_15296,Female,36-50,Silver,2011-06-19,Desktop Web,United Kingdom
15297,CUST_15297,Female,26-35,Gold,2011-04-12,Mobile App,United Kingdom
15298,CUST_15298,Male,18-25,Gold,2010-08-06,Mobile App,United Kingdom
15299,CUST_15299,Male,36-50,Bronze,2011-04-07,Desktop Web,United Kingdom
15300,CUST_15300,Male,65+,Bronze,2010-02-26,Mobile App,United Kingdom
15301,CUST_15301,Male,26-35,Gold,2010-07-25,Desktop Web,United Kingdom
15303,CUST_15303,Male,26-35,Bronze,2011-03-31,Mobile Web,United Kingdom
15304,CUST_15304,Male,26-35,Bronze,2011-08-05,Mobile Web,United Kingdom
15306,CUST_15306,Female,36-50,Gold,2011-03-18,Mobile App,United Kingdom
15307,CUST_15307,Male,26-35,Bronze,2011-03-14,Tablet,United Kingdom
15308,CUST_15308,Male,26-35,Bronze,2011-01-30,Desktop Web,United Kingdom
15311,CUST_15311,Male,36-50,Bronze,2011-09-12,Mobile App,United Kingdom
15312,CUST_15312,Female,36-50,Silver,2010-05-17,Mobile App,United Kingdom
15313,CUST_15313,Female,26-35,Silver,2009-07-22,Mobile App,United Kingdom
15314,CUST_15314,Female,26-35,Bronze,2010-02-20,Mobile Web,United Kingdom
15315,CUST_15315,Male,36-50,Bronze,2010-12-23,Mobile App,United Kingdom
15316,CUST_15316,Male,18-25,Bronze,2011-07-01,Mobile App,United Kingdom
15318,CUST_15318,Female,18-25,Silver,2011-05-12,Desktop Web,United Kingdom
15319,CUST_15319,Non-Binary,51-65,Bronze,2010-02-24,Desktop Web,United Kingdom
15320,CUST_15320,Female,18-25,Gold,2011-06-08,Desktop Web,United Kingdom
15321,CUST_15321,Female,36-50,Bronze,2009-03-21,Desktop Web,United Kingdom
15322,CUST_15322,Female,51-65,Platinum,2009-03-04,Mobile App,United Kingdom
15325,CUST_15325,Male,26-35,Bronze,2009-08-19,Mobile Web,United Kingdom
15326,CUST_15326,Male,26-35,Gold,2009-05-22,Mobile App,United Kingdom
15327,CUST_15327,Female,36-50,Bronze,2010-03-14,Desktop Web,United Kingdom
15329,CUST_15329,Male,51-65,Bronze,2010-02-28,Desktop Web,United Kingdom
15330,CUST_15330,Female,51-65,Gold,2010-11-21,Mobile App,United Kingdom
15332,CUST_15332,Male,36-50,Gold,2009-11-08,Tablet,Lithuania
15333,CUST_15333,Male,18-25,Bronze,2010-09-02,Desktop Web,United Kingdom
15334,CUST_15334,Male,36-50,Silver,2010-06-24,Mobile App,United Kingdom
15335,CUST_15335,Female,26-35,Silver,2011-05-20,Mobile Web,United Kingdom
15339,CUST_15339,Male,26-35,Gold,2011-07-10,Desktop Web,United Kingdom
15341,CUST_15341,Male,18-25,Bronze,2010-07-09,Desktop Web,United Kingdom
15342,CUST_15342,Female,26-35,Silver,2010-07-30,Desktop Web,United Kingdom
15343,CUST_15343,Male,36-50,Silver,2011-05-28,Mobile Web,United Kingdom
15344,CUST_15344,Female,26-35,Bronze,2010-06-26,Mobile App,United Kingdom
15345,CUST_15345,Male,26-35,Gold,2011-07-24,Mobile App,United Kingdom
15346,CUST_15346,Female,26-35,Bronze,2010-06-02,Desktop Web,United Kingdom
15347,CUST_15347,Male,51-65,Bronze,2009-02-26,Mobile App,United Kingdom
15348,CUST_15348,Male,36-50,Silver,2009-12-18,Desktop Web,United Kingdom
15349,CUST_15349,Female,26-35,Silver,2010-08-22,Mobile App,United Kingdom
15350,CUST_15350,Female,18-25,Bronze,2011-03-30,Mobile App,United Kingdom
15351,CUST_15351,Female,26-35,Bronze,2011-09-28,Mobile App,United Kingdom
15353,CUST_15353,Female,51-65,Platinum,2010-04-22,Desktop Web,United Kingdom
15355,CUST_15355,Female,36-50,Bronze,2010-12-30,Mobile Web,United Kingdom
15356,CUST_15356,Male,36-50,Silver,2010-10-11,Mobile App,United Kingdom
15358,CUST_15358,Female,36-50,Silver,2009-05-30,Desktop Web,United Kingdom
15360,CUST_15360,Female,26-35,Bronze,2011-02-28,Mobile App,United Kingdom
15361,CUST_15361,Male,51-65,Platinum,2011-09-12,Desktop Web,United Kingdom
15363,CUST_15363,Female,36-50,Silver,2010-07-13,Mobile App,United Kingdom
15364,CUST_15364,Male,18-25,Silver,2009-05-12,Desktop Web,United Kingdom
15365,CUST_15365,Male,18-25,Silver,2010-10-11,Desktop Web,United Kingdom
15366,CUST_15366,Male,36-50,Silver,2011-04-07,Mobile Web,United Kingdom
15367,CUST_15367,Male,51-65,Silver,2010-10-07,Mobile App,United Kingdom
15368,CUST_15368,Male,26-35,Gold,2010-05-15,Desktop Web,United Kingdom
15369,CUST_15369,Female,51-65,Bronze,2011-07-26,Desktop Web,United Kingdom
15370,CUST_15370,Female,36-50,Bronze,2009-03-11,Mobile Web,United Kingdom
15372,CUST_15372,Female,26-35,Bronze,2010-06-13,Mobile App,United Kingdom
15373,CUST_15373,Male,18-25,Bronze,2010-10-03,Mobile App,United Kingdom
15374,CUST_15374,Female,18-25,Bronze,2010-11-02,Mobile Web,United Kingdom
15376,CUST_15376,Male,36-50,Gold,2010-06-13,Mobile App,United Kingdom
15379,CUST_15379,Non-Binary,26-35,Silver,2010-11-26,Mobile App,United Kingdom
15380,CUST_15380,Male,26-35,Silver,2009-07-04,Mobile App,United Kingdom
15381,CUST_15381,Male,36-50,Silver,2009-02-23,Mobile Web,United Kingdom
15382,CUST_15382,Female,36-50,Gold,2009-10-21,Mobile App,United Kingdom
15384,CUST_15384,Male,18-25,Silver,2010-07-14,Mobile Web,United Kingdom
15385,CUST_15385,Male,26-35,Gold,2010-08-31,Desktop Web,United Kingdom
15386,CUST_15386,Female,26-35,Bronze,2011-02-24,Mobile App,United Kingdom
15388,CUST_15388,Female,36-50,Gold,2010-08-30,Mobile App,Canada
15389,CUST_15389,Male,51-65,Silver,2011-02-19,Mobile App,United Kingdom
15392,CUST_15392,Male,26-35,Bronze,2011-04-12,Desktop Web,United Kingdom
15393,CUST_15393,Male,51-65,Silver,2011-02-21,Desktop Web,United Kingdom
15394,CUST_15394,Male,36-50,Silver,2011-09-03,Desktop Web,United Kingdom
15395,CUST_15395,Male,36-50,Bronze,2010-10-03,Mobile App,United Kingdom
15396,CUST_15396,Female,36-50,Silver,2009-07-27,Desktop Web,United Kingdom
15397,CUST_15397,Female,26-35,Bronze,2010-01-03,Mobile Web,United Kingdom
15398,CUST_15398,Female,18-25,Bronze,2011-06-02,Desktop Web,United Kingdom
15399,CUST_15399,Female,36-50,Platinum,2010-08-22,Mobile Web,United Kingdom
15400,CUST_15400,Male,36-50,Silver,2009-12-30,Mobile App,United Kingdom
15402,CUST_15402,Male,36-50,Gold,2009-04-27,Mobile Web,United Kingdom
15405,CUST_15405,Male,26-35,Silver,2009-08-15,Mobile App,United Kingdom
15406,CUST_15406,Female,51-65,Bronze,2011-08-27,Mobile App,United Kingdom
15407,CUST_15407,Male,36-50,Silver,2010-12-05,Mobile Web,United Kingdom
15408,CUST_15408,Male,18-25,Silver,2009-02-21,Mobile Web,United Kingdom
15410,CUST_15410,Male,26-35,Platinum,2011-02-04,Desktop Web,United Kingdom
15411,CUST_15411,Male,36-50,Bronze,2009-05-06,Mobile App,United Kingdom
15412,CUST_15412,Female,36-50,Gold,2011-07-17,Mobile App,United Kingdom
15414,CUST_15414,Female,26-35,Gold,2010-03-05,Desktop Web,United Kingdom
15415,CUST_15415,Female,51-65,Silver,2011-10-20,Mobile Web,United Kingdom
15416,CUST_15416,Female,26-35,Platinum,2009-06-03,Mobile App,United Kingdom
15417,CUST_15417,Female,26-35,Bronze,2009-10-20,Mobile Web,United Kingdom
15419,CUST_15419,Male,51-65,Platinum,2010-07-01,Mobile App,United Kingdom
15421,CUST_15421,Male,51-65,Silver,2010-12-27,Mobile Web,United Kingdom
15422,CUST_15422,Male,36-50,Bronze,2009-04-18,Mobile Web,United Kingdom
15423,CUST_15423,Male,51-65,Gold,2010-02-18,Mobile App,United Kingdom
15424,CUST_15424,Female,18-25,Silver,2009-12-05,Mobile App,United Kingdom
15426,CUST_15426,Male,51-65,Silver,2009-06-02,Mobile Web,United Kingdom
15427,CUST_15427,Female,26-35,Silver,2010-03-28,Desktop Web,United Kingdom
15428,CUST_15428,Female,26-35,Bronze,2011-04-11,Desktop Web,United Kingdom
15429,CUST_15429,Female,26-35,Silver,2011-07-19,Desktop Web,United Kingdom
15432,CUST_15432,Female,26-35,Gold,2009-08-06,Mobile App,United Kingdom
15433,CUST_15433,Female,26-35,Bronze,2010-12-21,Mobile Web,United Kingdom
15434,CUST_15434,Female,26-35,Bronze,2009-08-05,Mobile App,United Kingdom
15435,CUST_15435,Female,18-25,Bronze,2011-06-16,Mobile Web,United Kingdom
15436,CUST_15436,Non-Binary,26-35,Bronze,2011-08-27,Mobile App,United Kingdom
15437,CUST_15437,Female,36-50,Silver,2010-08-11,Desktop Web,United Kingdom
15438,CUST_15438,Female,26-35,Gold,2009-02-27,Mobile App,United Kingdom
15440,CUST_15440,Female,26-35,Platinum,2009-03-01,Mobile App,United Kingdom
15442,CUST_15442,Male,36-50,Silver,2010-01-19,Mobile App,United Kingdom
15443,CUST_15443,Female,51-65,Bronze,2009-11-22,Desktop Web,United Kingdom
15444,CUST_15444,Female,36-50,Gold,2010-10-16,Desktop Web,United Kingdom
15445,CUST_15445,Female,26-35,Gold,2010-01-31,Mobile Web,United Kingdom
15447,CUST_15447,Female,36-50,Silver,2010-11-25,Mobile App,United Kingdom
15448,CUST_15448,Female,26-35,Silver,2010-02-24,Desktop Web,United Kingdom
15449,CUST_15449,Female,18-25,Gold,2011-06-05,Desktop Web,United Kingdom
15450,CUST_15450,Female,26-35,Silver,2010-08-13,Mobile App,United Kingdom
15452,CUST_15452,Female,51-65,Bronze,2009-04-07,Mobile App,United Kingdom
15453,CUST_15453,Female,26-35,Silver,2011-05-27,Desktop Web,United Kingdom
15454,CUST_15454,Male,18-25,Bronze,2009-10-17,Mobile App,United Kingdom
15456,CUST_15456,Male,18-25,Bronze,2009-07-29,Mobile App,United Kingdom
15457,CUST_15457,Female,51-65,Bronze,2009-08-11,Desktop Web,United Kingdom
15458,CUST_15458,Female,36-50,Bronze,2010-11-05,Mobile App,United Kingdom
15460,CUST_15460,Male,26-35,Bronze,2009-10-19,Desktop Web,United Kingdom
15462,CUST_15462,Female,36-50,Bronze,2010-11-21,Mobile Web,United Kingdom
15463,CUST_15463,Female,36-50,Silver,2010-09-22,Desktop Web,United Kingdom
15464,CUST_15464,Male,36-50,Gold,2009-03-08,Desktop Web,United Kingdom
15465,CUST_15465,Female,26-35,Platinum,2009-12-14,Mobile App,United Kingdom
15466,CUST_15466,Female,51-65,Bronze,2011-02-24,Mobile Web,United Kingdom
15467,CUST_15467,Female,26-35,Silver,2010-11-21,Mobile App,United Kingdom
15468,CUST_15468,Male,36-50,Platinum,2011-07-30,Desktop Web,United Kingdom
15469,CUST_15469,Female,18-25,Bronze,2009-03-10,Tablet,United Kingdom
15471,CUST_15471,Male,26-35,Silver,2011-09-04,Desktop Web,United Kingdom
15472,CUST_15472,Non-Binary,26-35,Gold,2009-01-12,Desktop Web,United Kingdom
15473,CUST_15473,Female,36-50,Bronze,2009-02-16,Mobile App,United Kingdom
15475,CUST_15475,Female,18-25,Gold,2011-05-29,Mobile App,United Kingdom
15478,CUST_15478,Female,36-50,Gold,2009-12-23,Desktop Web,United Kingdom
15480,CUST_15480,Female,26-35,Bronze,2011-01-20,Mobile App,Malta
15482,CUST_15482,Female,36-50,Bronze,2010-10-24,Desktop Web,United Kingdom
15483,CUST_15483,Male,51-65,Bronze,2010-12-07,Mobile App,United Kingdom
15484,CUST_15484,Male,36-50,Bronze,2010-11-21,Mobile Web,United Kingdom
15485,CUST_15485,Male,36-50,Silver,2009-11-30,Mobile App,United Kingdom
15488,CUST_15488,Female,36-50,Silver,2010-07-10,Desktop Web,United Kingdom
15489,CUST_15489,Male,26-35,Bronze,2009-01-06,Desktop Web,United Kingdom
15491,CUST_15491,Male,51-65,Gold,2011-05-01,Desktop Web,United Kingdom
15492,CUST_15492,Male,26-35,Bronze,2011-10-16,Mobile App,United Kingdom
15493,CUST_15493,Female,36-50,Bronze,2009-09-13,Desktop Web,United Kingdom
15494,CUST_15494,Male,36-50,Bronze,2010-03-14,Mobile App,United Kingdom
15497,CUST_15497,Female,26-35,Silver,2010-09-23,Mobile App,United Kingdom
15498,CUST_15498,Female,26-35,Bronze,2009-12-17,Mobile App,United Kingdom
15500,CUST_15500,Female,26-35,Bronze,2009-02-19,Desktop Web,United Kingdom
15502,CUST_15502,Male,51-65,Bronze,2009-03-26,Mobile App,United Kingdom
15503,CUST_15503,Male,51-65,Gold,2009-10-05,Tablet,United Kingdom
15504,CUST_15504,Female,36-50,Platinum,2011-02-02,Desktop Web,United Kingdom
15505,CUST_15505,Female,36-50,Bronze,2011-06-01,Mobile App,United Kingdom
15506,CUST_15506,Female,51-65,Bronze,2009-07-09,Desktop Web,United Kingdom
15507,CUST_15507,Female,18-25,Silver,2009-08-06,Mobile Web,United Kingdom
15508,CUST_15508,Female,26-35,Silver,2009-09-21,Mobile App,United Kingdom
15510,CUST_15510,Female,36-50,Bronze,2010-09-19,Desktop Web,United Kingdom
15511,CUST_15511,Male,51-65,Gold,2010-08-30,Desktop Web,United Kingdom
15512,CUST_15512,Female,51-65,Silver,2011-02-16,Mobile App,United Kingdom
15513,CUST_15513,Female,26-35,Silver,2010-10-02,Mobile Web,United Kingdom
15514,CUST_15514,Female,18-25,Silver,2010-09-03,Mobile App,United Kingdom
15516,CUST_15516,Male,26-35,Platinum,2011-01-27,Mobile App,United Kingdom
15517,CUST_15517,Male,26-35,Gold,2011-01-22,Mobile Web,United Kingdom
15518,CUST_15518,Male,26-35,Bronze,2009-10-30,Desktop Web,United Kingdom
15520,CUST_15520,Female,36-50,Bronze,2010-05-27,Mobile Web,United Kingdom
15521,CUST_15521,Male,18-25,Silver,2010-11-21,Desktop Web,United Kingdom
15522,CUST_15522,Female,51-65,Bronze,2010-12-01,Desktop Web,United Kingdom
15523,CUST_15523,Male,26-35,Silver,2009-03-22,Mobile Web,United Kingdom
15524,CUST_15524,Male,36-50,Gold,2009-09-10,Mobile App,United Kingdom
15525,CUST_15525,Male,18-25,Silver,2010-05-25,Desktop Web,United Kingdom
15526,CUST_15526,Male,26-35,Platinum,2009-12-12,Desktop Web,United Kingdom
15527,CUST_15527,Male,18-25,Bronze,2009-09-29,Mobile App,United Kingdom
15528,CUST_15528,Female,65+,Gold,2009-09-28,Desktop Web,United Kingdom
15529,CUST_15529,Male,51-65,Gold,2010-06-14,Mobile App,United Kingdom
15530,CUST_15530,Female,26-35,Bronze,2010-04-04,Desktop Web,United Kingdom
15531,CUST_15531,Male,26-35,Silver,2011-09-24,Desktop Web,United Kingdom
15532,CUST_15532,Female,51-65,Bronze,2011-01-30,Tablet,United Kingdom
15533,CUST_15533,Female,26-35,Gold,2010-05-15,Mobile App,United Kingdom
15535,CUST_15535,Female,26-35,Silver,2011-07-06,Desktop Web,United Kingdom
15537,CUST_15537,Female,36-50,Bronze,2010-04-08,Mobile App,United Kingdom
15539,CUST_15539,Female,51-65,Silver,2010-10-27,Desktop Web,United Kingdom
15540,CUST_15540,Male,18-25,Silver,2011-03-16,Desktop Web,United Kingdom
15541,CUST_15541,Female,26-35,Bronze,2010-07-12,Desktop Web,United Kingdom
15543,CUST_15543,Female,51-65,Bronze,2011-08-24,Mobile Web,United Kingdom
15544,CUST_15544,Male,26-35,Bronze,2010-09-30,Mobile Web,United Kingdom
15545,CUST_15545,Female,18-25,Silver,2011-04-08,Mobile App,United Kingdom
15547,CUST_15547,Male,36-50,Gold,2010-11-23,Mobile App,United Kingdom
15549,CUST_15549,Male,51-65,Gold,2009-11-21,Desktop Web,United Kingdom
15550,CUST_15550,Male,26-35,Silver,2011-10-30,Desktop Web,United Kingdom
15551,CUST_15551,Male,65+,Gold,2010-04-07,Mobile App,United Kingdom
15552,CUST_15552,Female,36-50,Bronze,2011-06-18,Desktop Web,United Kingdom
15553,CUST_15553,Male,18-25,Silver,2010-12-14,Mobile App,United Kingdom
15554,CUST_15554,Female,65+,Bronze,2011-04-14,Mobile App,United Kingdom
15555,CUST_15555,Female,26-35,Bronze,2010-08-09,Mobile Web,United Kingdom
15556,CUST_15556,Male,26-35,Silver,2009-10-07,Mobile App,United Kingdom
15557,CUST_15557,Female,36-50,Bronze,2010-09-10,Mobile App,United Kingdom
15561,CUST_15561,Male,26-35,Silver,2009-04-17,Mobile App,United Kingdom
15562,CUST_15562,Male,18-25,Gold,2010-01-27,Mobile Web,United Kingdom
15563,CUST_15563,Male,18-25,Bronze,2010-04-12,Tablet,United Kingdom
15565,CUST_15565,Male,26-35,Bronze,2011-04-11,Desktop Web,United Kingdom
15567,CUST_15567,Female,51-65,Gold,2011-05-08,Mobile App,United Kingdom
15568,CUST_15568,Female,36-50,Gold,2011-09-29,Mobile Web,United Kingdom
15569,CUST_15569,Male,65+,Bronze,2011-07-04,Desktop Web,United Kingdom
15570,CUST_15570,Female,26-35,Bronze,2009-01-25,Mobile Web,United Kingdom
15571,CUST_15571,Male,26-35,Silver,2009-08-04,Desktop Web,United Kingdom
15572,CUST_15572,Male,26-35,Silver,2009-12-08,Mobile App,United Kingdom
15573,CUST_15573,Male,26-35,Bronze,2009-03-26,Desktop Web,United Kingdom
15574,CUST_15574,Female,26-35,Bronze,2010-12-07,Mobile App,United Kingdom
15576,CUST_15576,Female,36-50,Gold,2010-09-11,Mobile App,United Kingdom
15577,CUST_15577,Female,51-65,Silver,2009-02-18,Desktop Web,United Kingdom
15578,CUST_15578,Female,65+,Platinum,2010-12-02,Mobile Web,United Kingdom
15579,CUST_15579,Male,26-35,Gold,2010-05-19,Desktop Web,United Kingdom
15581,CUST_15581,Female,51-65,Platinum,2009-03-02,Desktop Web,United Kingdom
15582,CUST_15582,Female,26-35,Bronze,2010-03-09,Mobile App,United Kingdom
15584,CUST_15584,Female,18-25,Gold,2009-04-18,Mobile App,United Kingdom
15585,CUST_15585,Male,51-65,Bronze,2009-11-22,Mobile App,United Kingdom
15587,CUST_15587,Male,36-50,Silver,2011-06-17,Desktop Web,United Kingdom
15589,CUST_15589,Female,26-35,Silver,2009-07-28,Desktop Web,United Kingdom
15590,CUST_15590,Female,26-35,Bronze,2009-10-08,Mobile App,United Kingdom
15592,CUST_15592,Female,26-35,Gold,2010-10-11,Tablet,United Kingdom
15593,CUST_15593,Female,36-50,Gold,2011-04-21,Mobile App,United Kingdom
15594,CUST_15594,Male,26-35,Bronze,2010-08-06,Mobile Web,United Kingdom
15596,CUST_15596,Male,65+,Silver,2009-11-25,Desktop Web,United Kingdom
15597,CUST_15597,Female,18-25,Bronze,2010-01-25,Mobile App,United Kingdom
15598,CUST_15598,Female,26-35,Bronze,2009-07-06,Desktop Web,United Kingdom
15599,CUST_15599,Non-Binary,26-35,Gold,2009-06-26,Desktop Web,United Kingdom
15601,CUST_15601,Female,36-50,Bronze,2011-10-21,Desktop Web,United Kingdom
15602,CUST_15602,Male,26-35,Platinum,2010-07-28,Desktop Web,United Kingdom
15603,CUST_15603,Female,36-50,Bronze,2009-10-06,Mobile App,United Kingdom
15604,CUST_15604,Female,51-65,Silver,2010-10-09,Desktop Web,United Kingdom
15605,CUST_15605,Female,51-65,Silver,2010-01-23,Mobile Web,United Kingdom
15606,CUST_15606,Female,51-65,Bronze,2009-02-28,Mobile App,United Kingdom
15607,CUST_15607,Male,51-65,Bronze,2010-11-16,Mobile App,United Kingdom
15608,CUST_15608,Female,36-50,Gold,2011-01-03,Mobile Web,United Kingdom
15609,CUST_15609,Female,51-65,Gold,2010-11-30,Mobile App,United Kingdom
15610,CUST_15610,Female,26-35,Bronze,2010-10-14,Desktop Web,United Kingdom
15611,CUST_15611,Female,26-35,Silver,2009-09-13,Desktop Web,United Kingdom
15612,CUST_15612,Female,26-35,Bronze,2009-02-20,Desktop Web,United Kingdom
15615,CUST_15615,Female,26-35,Bronze,2011-02-24,Mobile App,United Kingdom
15618,CUST_15618,Male,26-35,Silver,2011-10-17,Mobile App,United Kingdom
15619,CUST_15619,Female,65+,Bronze,2011-05-21,Mobile App,United Kingdom
15620,CUST_15620,Female,26-35,Gold,2009-02-12,Desktop Web,United Kingdom
15621,CUST_15621,Male,18-25,Silver,2009-07-09,Desktop Web,United Kingdom
15622,CUST_15622,Female,36-50,Platinum,2009-04-24,Desktop Web,United Kingdom
15623,CUST_15623,Male,18-25,Silver,2009-09-08,Desktop Web,United Kingdom
15624,CUST_15624,Female,18-25,Platinum,2010-05-07,Mobile App,United Kingdom
15625,CUST_15625,Male,26-35,Silver,2009-09-02,Mobile App,United Kingdom
15626,CUST_15626,Male,26-35,Silver,2010-11-13,Mobile Web,United Kingdom
15628,CUST_15628,Male,26-35,Platinum,2010-03-13,Desktop Web,United Kingdom
15630,CUST_15630,Non-Binary,36-50,Silver,2010-11-18,Mobile App,United Kingdom
15632,CUST_15632,Female,36-50,Bronze,2011-02-11,Mobile App,United Kingdom
15634,CUST_15634,Male,26-35,Silver,2009-12-08,Mobile App,United Kingdom
15636,CUST_15636,Female,26-35,Gold,2009-04-20,Mobile App,United Kingdom
15637,CUST_15637,Female,26-35,Gold,2010-01-03,Mobile Web,United Kingdom
15638,CUST_15638,Female,36-50,Silver,2011-08-29,Mobile Web,United Kingdom
15639,CUST_15639,Male,18-25,Silver,2009-08-28,Mobile Web,United Kingdom
15640,CUST_15640,Female,18-25,Platinum,2011-09-25,Mobile Web,United Kingdom
15641,CUST_15641,Male,36-50,Bronze,2010-11-12,Mobile Web,United Kingdom
15643,CUST_15643,Male,26-35,Silver,2009-09-12,Desktop Web,United Kingdom
15644,CUST_15644,Male,18-25,Bronze,2010-12-18,Mobile App,United Kingdom
15645,CUST_15645,Male,26-35,Silver,2009-06-26,Desktop Web,United Kingdom
15646,CUST_15646,Female,51-65,Silver,2009-04-25,Mobile App,United Kingdom
15648,CUST_15648,Female,51-65,Bronze,2009-12-01,Mobile App,United Kingdom
15649,CUST_15649,Female,36-50,Bronze,2010-08-27,Mobile App,United Kingdom
15651,CUST_15651,Female,26-35,Silver,2009-05-28,Desktop Web,United Kingdom
15652,CUST_15652,Female,36-50,Bronze,2009-08-12,Mobile App,United Kingdom
15653,CUST_15653,Female,65+,Bronze,2010-04-24,Mobile App,United Kingdom
15654,CUST_15654,Female,65+,Gold,2010-12-24,Desktop Web,United Kingdom
15655,CUST_15655,Male,26-35,Bronze,2011-03-01,Mobile Web,United Kingdom
15656,CUST_15656,Male,51-65,Silver,2010-03-28,Desktop Web,United Kingdom
15657,CUST_15657,Female,26-35,Platinum,2010-07-07,Mobile Web,United Kingdom
15658,CUST_15658,Male,26-35,Bronze,2009-01-16,Mobile App,United Kingdom
15659,CUST_15659,Female,36-50,Bronze,2010-04-15,Mobile App,United Kingdom
15660,CUST_15660,Female,26-35,Silver,2011-06-26,Desktop Web,United Kingdom
15661,CUST_15661,Male,51-65,Gold,2010-11-18,Desktop Web,United Kingdom
15663,CUST_15663,Female,18-25,Gold,2009-08-27,Desktop Web,United Kingdom
15664,CUST_15664,Female,36-50,Gold,2010-05-30,Desktop Web,United Kingdom
15665,CUST_15665,Non-Binary,51-65,Gold,2010-09-08,Desktop Web,United Kingdom
15667,CUST_15667,Male,51-65,Bronze,2009-03-26,Mobile Web,United Kingdom
15668,CUST_15668,Male,26-35,Bronze,2010-08-13,Mobile App,United Kingdom
15669,CUST_15669,Male,26-35,Bronze,2010-02-21,Mobile App,United Kingdom
15670,CUST_15670,Male,36-50,Bronze,2011-08-17,Desktop Web,United Kingdom
15671,CUST_15671,Female,26-35,Silver,2010-08-04,Mobile App,United Kingdom
15673,CUST_15673,Female,65+,Silver,2009-04-05,Mobile App,United Kingdom
15674,CUST_15674,Female,51-65,Bronze,2010-07-07,Mobile App,United Kingdom
15675,CUST_15675,Female,26-35,Gold,2010-03-09,Mobile App,United Kingdom
15676,CUST_15676,Male,18-25,Bronze,2009-09-01,Mobile App,United Kingdom
15677,CUST_15677,Female,18-25,Bronze,2011-10-22,Mobile App,United Kingdom
15678,CUST_15678,Male,51-65,Silver,2011-01-13,Desktop Web,United Kingdom
15679,CUST_15679,Male,26-35,Bronze,2009-03-06,Desktop Web,United Kingdom
15680,CUST_15680,Male,26-35,Bronze,2009-12-24,Desktop Web,United Kingdom
15681,CUST_15681,Male,26-35,Bronze,2009-02-08,Desktop Web,United Kingdom
15683,CUST_15683,Male,36-50,Bronze,2009-05-04,Mobile App,United Kingdom
15687,CUST_15687,Female,18-25,Gold,2010-01-23,Mobile App,United Kingdom
15689,CUST_15689,Male,26-35,Gold,2011-08-31,Mobile App,United Kingdom
15690,CUST_15690,Female,51-65,Bronze,2011-07-05,Mobile Web,United Kingdom
15691,CUST_15691,Male,51-65,Bronze,2009-06-18,Desktop Web,United Kingdom
15692,CUST_15692,Female,36-50,Silver,2011-09-29,Mobile App,United Kingdom
15694,CUST_15694,Male,18-25,Platinum,2010-07-19,Mobile App,United Kingdom
15695,CUST_15695,Male,26-35,Bronze,2009-06-25,Tablet,United Kingdom
15696,CUST_15696,Female,36-50,Bronze,2010-05-05,Desktop Web,United Kingdom
15699,CUST_15699,Female,26-35,Gold,2011-07-11,Mobile Web,United Kingdom
15700,CUST_15700,Non-Binary,51-65,Silver,2009-03-01,Mobile App,United Kingdom
15701,CUST_15701,Female,36-50,Bronze,2009-09-25,Mobile App,United Kingdom
15703,CUST_15703,Male,18-25,Silver,2011-02-03,Desktop Web,United Kingdom
15704,CUST_15704,Male,51-65,Bronze,2011-05-28,Desktop Web,United Kingdom
15705,CUST_15705,Female,65+,Silver,2010-09-25,Desktop Web,United Kingdom
15706,CUST_15706,Female,18-25,Silver,2011-08-30,Desktop Web,United Kingdom
15707,CUST_15707,Female,36-50,Gold,2009-08-25,Desktop Web,United Kingdom
15708,CUST_15708,Male,26-35,Silver,2010-12-17,Desktop Web,United Kingdom
15709,CUST_15709,Female,26-35,Bronze,2011-10-05,Mobile App,United Kingdom
15712,CUST_15712,Female,26-35,Bronze,2010-01-20,Mobile App,United Kingdom
15713,CUST_15713,Female,36-50,Gold,2010-09-19,Mobile Web,United Kingdom
15714,CUST_15714,Male,65+,Bronze,2010-01-07,Mobile App,United Kingdom
15716,CUST_15716,Male,36-50,Bronze,2011-01-28,Desktop Web,United Kingdom
15717,CUST_15717,Non-Binary,18-25,Bronze,2010-01-16,Desktop Web,United Kingdom
15719,CUST_15719,Female,36-50,Gold,2010-01-17,Tablet,United Kingdom
15720,CUST_15720,Male,26-35,Silver,2010-04-18,Mobile App,United Kingdom
15721,CUST_15721,Male,51-65,Bronze,2010-01-01,Mobile App,United Kingdom
15722,CUST_15722,Male,26-35,Bronze,2010-08-17,Mobile Web,United Kingdom
15723,CUST_15723,Male,26-35,Gold,2011-06-01,Mobile Web,United Kingdom
15724,CUST_15724,Female,26-35,Silver,2011-09-29,Desktop Web,United Kingdom
15725,CUST_15725,Female,36-50,Silver,2009-12-09,Desktop Web,United Kingdom
15727,CUST_15727,Male,26-35,Gold,2011-04-04,Mobile App,United Kingdom
15728,CUST_15728,Female,36-50,Gold,2009-03-17,Desktop Web,United Kingdom
15729,CUST_15729,Male,26-35,Bronze,2011-04-04,Mobile Web,United Kingdom
15730,CUST_15730,Male,26-35,Platinum,2009-11-21,Mobile Web,United Kingdom
15732,CUST_15732,Female,26-35,Bronze,2010-05-26,Mobile App,United Kingdom
15733,CUST_15733,Male,51-65,Bronze,2009-03-31,Mobile App,United Kingdom
15734,CUST_15734,Female,51-65,Gold,2009-08-18,Desktop Web,United Kingdom
15737,CUST_15737,Female,26-35,Bronze,2011-08-06,Tablet,United Kingdom
15738,CUST_15738,Male,26-35,Bronze,2009-11-23,Desktop Web,United Kingdom
15739,CUST_15739,Male,18-25,Bronze,2009-08-28,Mobile App,United Kingdom
15740,CUST_15740,Female,36-50,Silver,2009-09-22,Mobile App,United Kingdom
15743,CUST_15743,Female,26-35,Bronze,2010-09-05,Desktop Web,United Kingdom
15744,CUST_15744,Male,51-65,Silver,2010-02-06,Mobile App,United Kingdom
15745,CUST_15745,Male,51-65,Gold,2010-05-11,Mobile Web,United Kingdom
15746,CUST_15746,Male,26-35,Silver,2009-03-02,Desktop Web,United Kingdom
15747,CUST_15747,Female,26-35,Bronze,2010-06-09,Desktop Web,United Kingdom
15748,CUST_15748,Female,51-65,Platinum,2010-01-10,Mobile App,United Kingdom
15749,CUST_15749,Female,51-65,Bronze,2010-09-16,Mobile Web,United Kingdom
15750,CUST_15750,Male,18-25,Bronze,2009-10-19,Mobile App,United Kingdom
15752,CUST_15752,Female,26-35,Bronze,2011-03-11,Mobile App,United Kingdom
15753,CUST_15753,Female,26-35,Silver,2011-06-15,Mobile Web,United Kingdom
15754,CUST_15754,Male,26-35,Bronze,2010-04-30,Mobile Web,United Kingdom
15755,CUST_15755,Female,26-35,Bronze,2009-01-06,Mobile Web,United Kingdom
15756,CUST_15756,Non-Binary,18-25,Bronze,2009-06-19,Mobile App,United Kingdom
15757,CUST_15757,Male,36-50,Bronze,2011-03-25,Mobile App,United Kingdom
15758,CUST_15758,Male,26-35,Silver,2011-03-21,Mobile App,United Kingdom
15759,CUST_15759,Female,18-25,Gold,2009-05-28,Mobile App,United Kingdom
15762,CUST_15762,Female,26-35,Gold,2009-09-15,Desktop Web,United Kingdom
15763,CUST_15763,Male,51-65,Bronze,2011-07-04,Mobile App,United Kingdom
15764,CUST_15764,Male,51-65,Bronze,2010-01-04,Desktop Web,United Kingdom
15766,CUST_15766,Male,26-35,Platinum,2009-10-17,Mobile App,United Kingdom
15768,CUST_15768,Female,26-35,Bronze,2009-03-12,Mobile App,United Kingdom
15769,CUST_15769,Male,65+,Gold,2010-08-23,Tablet,United Kingdom
15773,CUST_15773,Male,26-35,Bronze,2010-08-19,Mobile App,United Kingdom
15774,CUST_15774,Male,26-35,Platinum,2011-08-29,Mobile App,United Kingdom
15775,CUST_15775,Male,26-35,Bronze,2009-06-22,Mobile App,United Kingdom
15776,CUST_15776,Male,26-35,Bronze,2010-02-08,Mobile App,United Kingdom
15777,CUST_15777,Male,26-35,Silver,2009-10-14,Desktop Web,United Kingdom
15780,CUST_15780,Female,51-65,Silver,2010-11-05,Mobile App,United Kingdom
15781,CUST_15781,Female,36-50,Bronze,2009-02-11,Desktop Web,United Kingdom
15782,CUST_15782,Female,26-35,Silver,2010-08-04,Mobile Web,United Kingdom
15783,CUST_15783,Female,51-65,Silver,2011-01-15,Desktop Web,United Kingdom
15785,CUST_15785,Female,18-25,Bronze,2009-08-24,Mobile App,United Kingdom
15786,CUST_15786,Female,26-35,Bronze,2009-11-23,Desktop Web,United Kingdom
15787,CUST_15787,Female,36-50,Silver,2010-10-07,Mobile App,United Kingdom
15789,CUST_15789,Female,36-50,Bronze,2011-05-30,Desktop Web,United Kingdom
15790,CUST_15790,Male,18-25,Silver,2010-03-04,Desktop Web,United Kingdom
15791,CUST_15791,Male,26-35,Bronze,2011-09-22,Mobile App,United Kingdom
15793,CUST_15793,Female,36-50,Bronze,2009-10-21,Mobile Web,United Kingdom
15795,CUST_15795,Male,36-50,Bronze,2010-12-16,Mobile Web,United Kingdom
15796,CUST_15796,Male,36-50,Silver,2009-02-19,Mobile Web,United Kingdom
15797,CUST_15797,Female,26-35,Bronze,2010-05-04,Mobile App,United Kingdom
15799,CUST_15799,Female,18-25,Bronze,2009-10-08,Desktop Web,United Kingdom
15800,CUST_15800,Female,26-35,Bronze,2010-11-23,Mobile Web,United Kingdom
15801,CUST_15801,Male,18-25,Platinum,2011-10-25,Mobile App,United Kingdom
15802,CUST_15802,Male,51-65,Bronze,2011-07-15,Mobile Web,United Kingdom
15803,CUST_15803,Female,26-35,Silver,2009-07-09,Mobile App,United Kingdom
15804,CUST_15804,Female,26-35,Bronze,2009-11-29,Mobile App,United Kingdom
15805,CUST_15805,Female,36-50,Bronze,2009-04-05,Desktop Web,United Kingdom
15806,CUST_15806,Female,26-35,Silver,2010-08-31,Desktop Web,United Kingdom
15807,CUST_15807,Female,26-35,Silver,2011-03-28,Desktop Web,United Kingdom
15808,CUST_15808,Female,51-65,Platinum,2009-02-20,Mobile Web,United Kingdom
15809,CUST_15809,Male,51-65,Platinum,2009-07-21,Mobile App,United Kingdom
15810,CUST_15810,Male,36-50,Gold,2011-07-08,Mobile App,United Kingdom
15811,CUST_15811,Female,18-25,Silver,2009-08-17,Mobile Web,United Kingdom
15812,CUST_15812,Male,36-50,Silver,2011-03-11,Mobile App,United Kingdom
15813,CUST_15813,Female,36-50,Bronze,2010-10-21,Desktop Web,United Kingdom
15814,CUST_15814,Female,18-25,Platinum,2010-03-25,Desktop Web,United Kingdom
15815,CUST_15815,Female,26-35,Silver,2011-04-18,Mobile App,United Kingdom
15819,CUST_15819,Male,51-65,Silver,2009-05-06,Mobile App,United Kingdom
15820,CUST_15820,Non-Binary,18-25,Bronze,2010-04-24,Desktop Web,United Kingdom
15821,CUST_15821,Male,36-50,Bronze,2011-05-18,Mobile Web,United Kingdom
15822,CUST_15822,Female,26-35,Platinum,2009-12-14,Desktop Web,United Kingdom
15823,CUST_15823,Male,26-35,Bronze,2009-04-21,Desktop Web,United Kingdom
15825,CUST_15825,Female,18-25,Bronze,2010-07-10,Desktop Web,United Kingdom
15826,CUST_15826,Male,51-65,Bronze,2011-03-27,Mobile App,United Kingdom
15827,CUST_15827,Female,26-35,Gold,2010-04-09,Mobile App,United Kingdom
15829,CUST_15829,Female,36-50,Bronze,2009-03-04,Mobile App,United Kingdom
15830,CUST_15830,Male,36-50,Gold,2009-12-15,Mobile App,United Kingdom
15831,CUST_15831,Male,36-50,Bronze,2011-05-04,Mobile App,United Kingdom
15832,CUST_15832,Female,65+,Gold,2009-06-01,Mobile App,United Kingdom
15834,CUST_15834,Male,36-50,Silver,2010-03-11,Mobile App,United Kingdom
15835,CUST_15835,Female,26-35,Bronze,2010-04-03,Mobile App,United Kingdom
15836,CUST_15836,Male,65+,Silver,2009-02-10,Desktop Web,United Kingdom
15837,CUST_15837,Male,36-50,Bronze,2010-05-15,Desktop Web,United Kingdom
15838,CUST_15838,Male,26-35,Bronze,2010-12-25,Mobile App,United Kingdom
15839,CUST_15839,Male,18-25,Gold,2009-01-18,Mobile Web,United Kingdom
15840,CUST_15840,Male,51-65,Bronze,2009-08-06,Mobile App,United Kingdom
15841,CUST_15841,Female,26-35,Bronze,2009-08-04,Mobile Web,United Kingdom
15843,CUST_15843,Male,36-50,Bronze,2009-12-02,Mobile App,United Kingdom
15844,CUST_15844,Female,26-35,Bronze,2010-11-03,Mobile Web,United Kingdom
15845,CUST_15845,Female,26-35,Gold,2009-02-21,Mobile App,United Kingdom
15847,CUST_15847,Female,36-50,Bronze,2010-02-21,Desktop Web,United Kingdom
15850,CUST_15850,Female,18-25,Platinum,2009-12-05,Mobile App,United Kingdom
15852,CUST_15852,Male,26-35,Platinum,2010-09-23,Desktop Web,United Kingdom
15853,CUST_15853,Female,36-50,Bronze,2010-08-29,Mobile App,United Kingdom
15854,CUST_15854,Male,26-35,Bronze,2011-09-09,Mobile App,United Kingdom
15855,CUST_15855,Female,36-50,Gold,2010-05-05,Desktop Web,United Kingdom
15856,CUST_15856,Female,51-65,Bronze,2010-11-08,Mobile App,United Kingdom
15857,CUST_15857,Female,36-50,Bronze,2010-07-09,Mobile Web,United Kingdom
15858,CUST_15858,Female,18-25,Bronze,2009-03-13,Mobile App,United Kingdom
15860,CUST_15860,Female,26-35,Silver,2011-05-14,Desktop Web,United Kingdom
15861,CUST_15861,Male,36-50,Gold,2011-03-26,Desktop Web,United Kingdom
15862,CUST_15862,Female,51-65,Bronze,2011-03-06,Mobile App,United Kingdom
15863,CUST_15863,Male,51-65,Bronze,2011-10-26,Mobile App,United Kingdom
15864,CUST_15864,Female,51-65,Gold,2010-11-14,Desktop Web,United Kingdom
15865,CUST_15865,Female,26-35,Gold,2010-11-06,Desktop Web,United Kingdom
15866,CUST_15866,Male,26-35,Silver,2009-07-10,Mobile Web,United Kingdom
15867,CUST_15867,Female,26-35,Gold,2009-06-03,Mobile App,United Kingdom
15869,CUST_15869,Female,26-35,Bronze,2010-05-28,Desktop Web,United Kingdom
15870,CUST_15870,Female,18-25,Gold,2010-07-12,Mobile App,United Kingdom
15872,CUST_15872,Female,51-65,Bronze,2010-09-27,Mobile App,United Kingdom
15874,CUST_15874,Male,26-35,Bronze,2009-04-20,Desktop Web,United Kingdom
15877,CUST_15877,Female,26-35,Silver,2009-11-18,Mobile App,United Kingdom
15880,CUST_15880,Male,18-25,Bronze,2009-04-24,Mobile App,United Kingdom
15881,CUST_15881,Male,51-65,Platinum,2009-12-18,Mobile App,United Kingdom
15882,CUST_15882,Female,36-50,Bronze,2011-02-23,Desktop Web,United Kingdom
15883,CUST_15883,Male,36-50,Gold,2010-02-18,Mobile Web,United Kingdom
15885,CUST_15885,Female,51-65,Platinum,2010-09-20,Desktop Web,United Kingdom
15886,CUST_15886,Male,26-35,Bronze,2011-07-23,Desktop Web,United Kingdom
15888,CUST_15888,Female,36-50,Gold,2009-01-15,Desktop Web,United Kingdom
15889,CUST_15889,Male,18-25,Bronze,2010-04-08,Desktop Web,United Kingdom
15891,CUST_15891,Female,26-35,Gold,2009-11-20,Mobile App,United Kingdom
15894,CUST_15894,Female,51-65,Silver,2011-08-15,Mobile App,United Kingdom
15895,CUST_15895,Male,36-50,Silver,2010-06-02,Mobile App,United Kingdom
15897,CUST_15897,Male,26-35,Silver,2010-11-20,Desktop Web,United Kingdom
15898,CUST_15898,Female,26-35,Bronze,2009-02-19,Mobile Web,United Kingdom
15899,CUST_15899,Female,36-50,Bronze,2009-06-29,Mobile App,United Kingdom
15900,CUST_15900,Male,18-25,Bronze,2010-04-26,Mobile App,United Kingdom
15901,CUST_15901,Male,26-35,Gold,2010-12-14,Mobile Web,United Kingdom
15903,CUST_15903,Male,26-35,Silver,2009-02-05,Mobile Web,United Kingdom
15904,CUST_15904,Male,26-35,Silver,2009-04-10,Desktop Web,United Kingdom
15906,CUST_15906,Male,51-65,Bronze,2009-01-26,Mobile App,United Kingdom
15907,CUST_15907,Male,26-35,Silver,2011-05-23,Mobile App,United Kingdom
15909,CUST_15909,Female,26-35,Bronze,2011-08-17,Mobile App,United Kingdom
15910,CUST_15910,Female,36-50,Gold,2009-09-27,Mobile App,United Kingdom
15912,CUST_15912,Male,51-65,Platinum,2009-11-02,Mobile App,United Kingdom
15916,CUST_15916,Male,26-35,Bronze,2009-10-18,Desktop Web,United Kingdom
15917,CUST_15917,Female,18-25,Bronze,2009-03-16,Mobile App,United Kingdom
15918,CUST_15918,Female,26-35,Bronze,2011-10-26,Mobile App,United Kingdom
15919,CUST_15919,Male,36-50,Silver,2010-04-26,Mobile App,United Kingdom
15920,CUST_15920,Female,36-50,Silver,2009-01-27,Desktop Web,United Kingdom
15921,CUST_15921,Female,51-65,Gold,2009-03-16,Desktop Web,United Kingdom
15922,CUST_15922,Female,65+,Bronze,2009-11-02,Desktop Web,United Kingdom
15923,CUST_15923,Female,36-50,Gold,2010-04-07,Mobile App,United Kingdom
15925,CUST_15925,Female,36-50,Silver,2009-06-15,Mobile App,United Kingdom
15930,CUST_15930,Female,26-35,Bronze,2011-09-29,Mobile App,United Kingdom
15932,CUST_15932,Female,18-25,Silver,2009-02-20,Mobile App,United Kingdom
15933,CUST_15933,Male,65+,Bronze,2009-12-26,Mobile Web,United Kingdom
15935,CUST_15935,Female,26-35,Silver,2009-08-16,Tablet,United Kingdom
15937,CUST_15937,Male,26-35,Gold,2011-06-05,Desktop Web,United Kingdom
15938,CUST_15938,Male,36-50,Bronze,2010-12-03,Mobile Web,United Kingdom
15939,CUST_15939,Female,26-35,Gold,2011-08-13,Desktop Web,United Kingdom
15940,CUST_15940,Male,36-50,Silver,2010-10-24,Mobile App,United Kingdom
15942,CUST_15942,Female,36-50,Bronze,2011-07-02,Tablet,United Kingdom
15944,CUST_15944,Male,26-35,Silver,2010-05-23,Mobile App,United Kingdom
15945,CUST_15945,Female,51-65,Silver,2010-07-15,Desktop Web,United Kingdom
15947,CUST_15947,Male,26-35,Bronze,2011-07-29,Mobile App,United Kingdom
15948,CUST_15948,Male,26-35,Bronze,2011-10-23,Mobile App,United Kingdom
15949,CUST_15949,Female,36-50,Bronze,2010-04-05,Desktop Web,United Kingdom
15950,CUST_15950,Female,36-50,Bronze,2010-01-20,Mobile App,United Kingdom
15951,CUST_15951,Male,36-50,Bronze,2009-01-15,Mobile App,United Kingdom
15952,CUST_15952,Male,26-35,Bronze,2011-07-07,Mobile App,United Kingdom
15953,CUST_15953,Female,36-50,Bronze,2011-09-14,Mobile App,United Kingdom
15955,CUST_15955,Male,26-35,Gold,2011-07-27,Tablet,United Kingdom
15957,CUST_15957,Female,51-65,Bronze,2010-09-05,Desktop Web,United Kingdom
15958,CUST_15958,Male,26-35,Gold,2009-05-16,Desktop Web,United Kingdom
15963,CUST_15963,Female,36-50,Silver,2010-10-07,Mobile App,United Kingdom
15965,CUST_15965,Male,18-25,Silver,2009-12-30,Mobile Web,United Kingdom
15967,CUST_15967,Female,26-35,Bronze,2009-03-03,Mobile App,United Kingdom
15969,CUST_15969,Female,26-35,Platinum,2009-07-19,Mobile App,United Kingdom
15970,CUST_15970,Female,51-65,Silver,2009-02-02,Mobile App,United Kingdom
15971,CUST_15971,Female,36-50,Gold,2009-01-16,Mobile Web,United Kingdom
15973,CUST_15973,Female,51-65,Bronze,2011-03-28,Mobile App,United Kingdom
15974,CUST_15974,Female,26-35,Bronze,2011-09-16,Mobile App,United Kingdom
15975,CUST_15975,Male,26-35,Silver,2010-03-16,Desktop Web,United Kingdom
15976,CUST_15976,Female,18-25,Bronze,2010-04-03,Mobile App,United Kingdom
15977,CUST_15977,Female,51-65,Silver,2010-06-28,Desktop Web,United Kingdom
15978,CUST_15978,Female,26-35,Bronze,2009-01-17,Desktop Web,United Kingdom
15980,CUST_15980,Female,51-65,Silver,2009-10-03,Mobile App,United Kingdom
15981,CUST_15981,Female,51-65,Platinum,2011-10-16,Mobile App,United Kingdom
15983,CUST_15983,Female,51-65,Silver,2009-01-10,Mobile App,United Kingdom
15984,CUST_15984,Female,36-50,Gold,2010-02-08,Mobile Web,United Kingdom
15985,CUST_15985,Female,36-50,Silver,2011-04-12,Mobile Web,United Kingdom
15986,CUST_15986,Male,36-50,Silver,2010-02-28,Mobile App,United Kingdom
15987,CUST_15987,Male,18-25,Platinum,2010-11-21,Mobile App,United Kingdom
15988,CUST_15988,Female,36-50,Gold,2010-10-11,Mobile App,United Kingdom
15990,CUST_15990,Female,18-25,Gold,2010-06-11,Desktop Web,United Kingdom
15992,CUST_15992,Male,26-35,Bronze,2009-09-14,Desktop Web,United Kingdom
15993,CUST_15993,Female,26-35,Silver,2009-06-09,Mobile App,United Kingdom
15994,CUST_15994,Male,26-35,Bronze,2010-01-18,Desktop Web,United Kingdom
15996,CUST_15996,Female,26-35,Bronze,2010-06-18,Desktop Web,United Kingdom
15998,CUST_15998,Male,26-35,Silver,2011-08-13,Mobile Web,United Kingdom
16000,CUST_16000,Male,36-50,Gold,2009-08-27,Mobile App,United Kingdom
16003,CUST_16003,Male,18-25,Gold,2010-07-17,Mobile App,United Kingdom
16005,CUST_16005,Non-Binary,36-50,Bronze,2009-12-23,Mobile App,United Kingdom
16006,CUST_16006,Female,26-35,Bronze,2010-09-13,Mobile Web,United Kingdom
16007,CUST_16007,Female,36-50,Gold,2009-06-06,Desktop Web,United Kingdom
16008,CUST_16008,Male,36-50,Bronze,2009-12-01,Desktop Web,United Kingdom
16009,CUST_16009,Male,36-50,Silver,2009-07-09,Mobile App,United Kingdom
16010,CUST_16010,Female,36-50,Bronze,2009-12-04,Mobile App,United Kingdom
16011,CUST_16011,Female,26-35,Bronze,2010-05-01,Mobile App,United Kingdom
16012,CUST_16012,Female,36-50,Platinum,2010-12-13,Desktop Web,United Kingdom
16013,CUST_16013,Female,26-35,Bronze,2011-10-27,Mobile App,United Kingdom
16014,CUST_16014,Male,26-35,Bronze,2010-01-14,Mobile App,United Kingdom
16015,CUST_16015,Female,36-50,Bronze,2011-02-26,Desktop Web,United Kingdom
16016,CUST_16016,Female,18-25,Gold,2011-07-11,Mobile App,United Kingdom
16017,CUST_16017,Female,36-50,Gold,2010-06-15,Desktop Web,United Kingdom
16018,CUST_16018,Female,36-50,Bronze,2011-02-20,Mobile App,United Kingdom
16019,CUST_16019,Female,26-35,Bronze,2010-07-13,Mobile Web,United Kingdom
16020,CUST_16020,Male,18-25,Silver,2011-04-24,Desktop Web,United Kingdom
16022,CUST_16022,Non-Binary,18-25,Bronze,2010-08-25,Mobile Web,United Kingdom
16023,CUST_16023,Male,51-65,Silver,2011-08-14,Desktop Web,United Kingdom
16024,CUST_16024,Female,36-50,Bronze,2009-10-07,Mobile Web,United Kingdom
16025,CUST_16025,Male,18-25,Bronze,2009-07-23,Mobile Web,United Kingdom
16026,CUST_16026,Male,26-35,Silver,2011-10-04,Desktop Web,United Kingdom
16027,CUST_16027,Male,36-50,Bronze,2009-02-20,Mobile Web,United Kingdom
16029,CUST_16029,Female,51-65,Gold,2011-06-18,Mobile App,United Kingdom
16030,CUST_16030,Female,18-25,Bronze,2010-10-16,Mobile App,United Kingdom
16031,CUST_16031,Female,26-35,Bronze,2011-04-13,Mobile App,United Kingdom
16033,CUST_16033,Female,51-65,Platinum,2010-04-03,Desktop Web,United Kingdom
16034,CUST_16034,Female,18-25,Bronze,2009-02-21,Desktop Web,United Kingdom
16036,CUST_16036,Female,26-35,Silver,2009-05-03,Desktop Web,United Kingdom
16037,CUST_16037,Female,65+,Bronze,2010-01-26,Mobile App,United Kingdom
16038,CUST_16038,Male,36-50,Silver,2011-05-12,Mobile App,United Kingdom
16040,CUST_16040,Female,26-35,Silver,2010-04-21,Mobile App,United Kingdom
16041,CUST_16041,Female,18-25,Bronze,2009-10-03,Desktop Web,United Kingdom
16042,CUST_16042,Male,18-25,Gold,2011-02-17,Mobile App,United Kingdom
16043,CUST_16043,Male,26-35,Silver,2010-08-26,Mobile Web,United Kingdom
16045,CUST_16045,Male,51-65,Bronze,2010-05-22,Mobile App,United Kingdom
16048,CUST_16048,Non-Binary,26-35,Silver,2009-08-04,Mobile App,United Kingdom
16049,CUST_16049,Male,36-50,Silver,2011-08-17,Mobile Web,United Kingdom
16050,CUST_16050,Male,51-65,Bronze,2009-12-20,Desktop Web,United Kingdom
16052,CUST_16052,Female,26-35,Bronze,2011-01-01,Mobile App,United Kingdom
16053,CUST_16053,Female,26-35,Bronze,2009-01-08,Desktop Web,United Kingdom
16054,CUST_16054,Female,36-50,Bronze,2011-07-14,Mobile App,United Kingdom
16055,CUST_16055,Female,51-65,Gold,2009-02-23,Tablet,United Kingdom
16056,CUST_16056,Female,51-65,Silver,2011-09-27,Desktop Web,United Kingdom
16057,CUST_16057,Male,18-25,Platinum,2011-01-31,Mobile App,United Kingdom
16059,CUST_16059,Male,36-50,Bronze,2010-09-22,Desktop Web,United Kingdom
16061,CUST_16061,Male,36-50,Bronze,2011-10-14,Mobile App,United Kingdom
16062,CUST_16062,Female,51-65,Gold,2011-04-07,Desktop Web,United Kingdom
16063,CUST_16063,Male,18-25,Silver,2009-08-02,Mobile Web,United Kingdom
16065,CUST_16065,Male,36-50,Silver,2011-10-28,Mobile Web,United Kingdom
16066,CUST_16066,Female,51-65,Bronze,2009-11-23,Mobile App,United Kingdom
16070,CUST_16070,Male,26-35,Bronze,2010-04-17,Mobile App,United Kingdom
16071,CUST_16071,Female,26-35,Bronze,2009-06-28,Mobile App,United Kingdom
16072,CUST_16072,Female,18-25,Platinum,2011-10-03,Desktop Web,United Kingdom
16073,CUST_16073,Male,26-35,Bronze,2009-04-12,Desktop Web,United Kingdom
16076,CUST_16076,Female,26-35,Gold,2009-03-24,Desktop Web,United Kingdom
16078,CUST_16078,Female,51-65,Silver,2010-02-01,Mobile Web,United Kingdom
16079,CUST_16079,Male,26-35,Bronze,2010-02-21,Mobile App,United Kingdom
16080,CUST_16080,Male,26-35,Silver,2009-11-24,Mobile App,United Kingdom
16081,CUST_16081,Female,36-50,Gold,2010-01-04,Mobile App,United Kingdom
16083,CUST_16083,Female,26-35,Gold,2011-01-04,Mobile App,United Kingdom
16084,CUST_16084,Female,26-35,Bronze,2009-08-25,Mobile App,United Kingdom
16085,CUST_16085,Male,36-50,Bronze,2010-05-25,Desktop Web,United Kingdom
16086,CUST_16086,Female,51-65,Bronze,2010-01-08,Mobile App,United Kingdom
16091,CUST_16091,Female,36-50,Bronze,2011-07-24,Mobile App,United Kingdom
16092,CUST_16092,Male,36-50,Silver,2009-10-21,Desktop Web,United Kingdom
16093,CUST_16093,Male,18-25,Gold,2011-04-25,Mobile App,United Kingdom
16094,CUST_16094,Female,51-65,Bronze,2009-03-31,Desktop Web,United Kingdom
16096,CUST_16096,Female,18-25,Silver,2011-01-04,Mobile App,United Kingdom
16097,CUST_16097,Male,36-50,Silver,2009-12-27,Desktop Web,United Kingdom
16098,CUST_16098,Female,26-35,Bronze,2010-09-29,Mobile Web,United Kingdom
16099,CUST_16099,Female,51-65,Bronze,2009-11-02,Mobile App,United Kingdom
16101,CUST_16101,Male,36-50,Silver,2009-02-06,Desktop Web,United Kingdom
16102,CUST_16102,Female,36-50,Gold,2011-01-09,Mobile Web,United Kingdom
16103,CUST_16103,Male,26-35,Silver,2011-04-07,Desktop Web,United Kingdom
16104,CUST_16104,Female,26-35,Bronze,2010-11-02,Mobile App,United Kingdom
16105,CUST_16105,Female,36-50,Bronze,2009-12-11,Mobile App,United Kingdom
16106,CUST_16106,Female,36-50,Bronze,2010-01-07,Desktop Web,United Kingdom
16107,CUST_16107,Female,18-25,Silver,2009-04-06,Mobile Web,United Kingdom
16108,CUST_16108,Female,65+,Gold,2009-10-20,Mobile App,United Kingdom
16109,CUST_16109,Female,51-65,Bronze,2009-08-12,Mobile App,United Kingdom
16110,CUST_16110,Male,26-35,Gold,2010-04-22,Mobile App,United Kingdom
16112,CUST_16112,Non-Binary,51-65,Silver,2011-08-16,Mobile App,United Kingdom
16113,CUST_16113,Male,36-50,Silver,2011-03-01,Mobile App,United Kingdom
16114,CUST_16114,Male,26-35,Platinum,2009-12-12,Mobile App,United Kingdom
16115,CUST_16115,Female,26-35,Bronze,2011-10-30,Mobile App,United Kingdom
16116,CUST_16116,Male,36-50,Gold,2010-04-08,Mobile App,United Kingdom
16117,CUST_16117,Female,36-50,Bronze,2011-06-10,Mobile Web,United Kingdom
16119,CUST_16119,Male,26-35,Bronze,2011-04-01,Mobile App,United Kingdom
16120,CUST_16120,Non-Binary,36-50,Gold,2010-09-10,Mobile App,United Kingdom
16121,CUST_16121,Male,36-50,Gold,2010-08-25,Mobile App,United Kingdom
16122,CUST_16122,Non-Binary,36-50,Silver,2010-09-04,Mobile Web,United Kingdom
16123,CUST_16123,Male,18-25,Silver,2010-01-12,Desktop Web,United Kingdom
16124,CUST_16124,Female,51-65,Silver,2010-09-29,Desktop Web,United Kingdom
16125,CUST_16125,Female,26-35,Gold,2011-02-22,Mobile App,United Kingdom
16126,CUST_16126,Male,26-35,Bronze,2009-08-11,Mobile Web,United Kingdom
16127,CUST_16127,Female,26-35,Gold,2011-05-03,Mobile App,United Kingdom
16128,CUST_16128,Male,26-35,Silver,2009-12-09,Mobile App,United Kingdom
16131,CUST_16131,Non-Binary,51-65,Silver,2011-08-29,Desktop Web,United Kingdom
16133,CUST_16133,Female,26-35,Bronze,2011-08-24,Mobile Web,United Kingdom
16134,CUST_16134,Male,36-50,Silver,2009-06-14,Desktop Web,United Kingdom
16135,CUST_16135,Male,18-25,Platinum,2010-05-18,Mobile Web,United Kingdom
16136,CUST_16136,Male,26-35,Silver,2010-09-15,Mobile Web,United Kingdom
16138,CUST_16138,Male,65+,Platinum,2010-04-06,Mobile App,United Kingdom
16139,CUST_16139,Male,36-50,Bronze,2010-02-28,Mobile App,United Kingdom
16140,CUST_16140,Non-Binary,26-35,Silver,2010-10-07,Mobile App,United Kingdom
16141,CUST_16141,Male,36-50,Gold,2009-07-28,Mobile Web,United Kingdom
16142,CUST_16142,Female,26-35,Silver,2011-06-12,Mobile App,United Kingdom
16143,CUST_16143,Female,26-35,Silver,2011-02-10,Mobile Web,United Kingdom
16144,CUST_16144,Male,36-50,Silver,2009-05-27,Mobile App,United Kingdom
16145,CUST_16145,Female,36-50,Gold,2010-06-01,Mobile App,United Kingdom
16146,CUST_16146,Male,26-35,Gold,2010-04-10,Mobile App,United Kingdom
16147,CUST_16147,Male,51-65,Bronze,2010-07-03,Mobile App,United Kingdom
16148,CUST_16148,Female,36-50,Gold,2009-11-16,Mobile Web,United Kingdom
16149,CUST_16149,Male,26-35,Bronze,2009-09-02,Mobile App,United Kingdom
16150,CUST_16150,Male,36-50,Bronze,2011-07-25,Mobile App,United Kingdom
16152,CUST_16152,Female,36-50,Gold,2010-01-20,Mobile App,United Kingdom
16153,CUST_16153,Female,36-50,Bronze,2011-07-20,Mobile App,United Kingdom
16156,CUST_16156,Female,26-35,Gold,2009-02-05,Mobile App,United Kingdom
16157,CUST_16157,Female,36-50,Bronze,2011-03-26,Mobile App,United Kingdom
16159,CUST_16159,Male,26-35,Bronze,2011-06-08,Mobile Web,United Kingdom
16160,CUST_16160,Female,51-65,Silver,2009-09-20,Mobile App,United Kingdom
16161,CUST_16161,Male,36-50,Bronze,2010-01-11,Mobile App,United Kingdom
16162,CUST_16162,Female,18-25,Gold,2010-08-14,Desktop Web,United Kingdom
16163,CUST_16163,Female,36-50,Bronze,2010-02-26,Mobile App,United Kingdom
16164,CUST_16164,Male,51-65,Bronze,2009-07-27,Mobile App,United Kingdom
16168,CUST_16168,Male,51-65,Bronze,2011-05-21,Desktop Web,United Kingdom
16169,CUST_16169,Female,26-35,Bronze,2010-05-02,Mobile App,United Kingdom
16170,CUST_16170,Female,18-25,Gold,2009-04-11,Desktop Web,United Kingdom
16171,CUST_16171,Female,36-50,Bronze,2011-01-02,Desktop Web,United Kingdom
16172,CUST_16172,Female,18-25,Silver,2009-04-09,Desktop Web,United Kingdom
16173,CUST_16173,Male,51-65,Gold,2010-05-18,Mobile Web,United Kingdom
16174,CUST_16174,Female,26-35,Silver,2010-11-30,Mobile App,United Kingdom
16175,CUST_16175,Female,26-35,Gold,2011-07-07,Mobile App,United Kingdom
16177,CUST_16177,Female,26-35,Bronze,2009-04-02,Mobile App,United Kingdom
16178,CUST_16178,Male,26-35,Bronze,2010-10-31,Mobile App,United Kingdom
16179,CUST_16179,Non-Binary,36-50,Gold,2011-03-02,Mobile Web,United Kingdom
16180,CUST_16180,Female,26-35,Silver,2010-11-08,Desktop Web,United Kingdom
16181,CUST_16181,Male,26-35,Silver,2011-06-02,Desktop Web,United Kingdom
16182,CUST_16182,Female,26-35,Silver,2009-07-02,Desktop Web,United Kingdom
16183,CUST_16183,Female,36-50,Bronze,2011-07-14,Mobile App,United Kingdom
16184,CUST_16184,Male,18-25,Bronze,2009-06-30,Desktop Web,United Kingdom
16185,CUST_16185,Male,36-50,Gold,2010-01-24,Desktop Web,United Kingdom
16186,CUST_16186,Male,36-50,Silver,2010-07-13,Desktop Web,United Kingdom
16187,CUST_16187,Male,36-50,Silver,2010-02-28,Mobile App,United Kingdom
16188,CUST_16188,Female,51-65,Gold,2011-08-17,Desktop Web,United Kingdom
16189,CUST_16189,Male,51-65,Bronze,2011-08-06,Mobile App,United Kingdom
16190,CUST_16190,Female,51-65,Bronze,2009-04-07,Desktop Web,United Kingdom
16191,CUST_16191,Male,26-35,Gold,2010-03-12,Desktop Web,United Kingdom
16193,CUST_16193,Female,18-25,Gold,2009-07-27,Mobile App,United Kingdom
16198,CUST_16198,Male,26-35,Silver,2011-09-28,Desktop Web,United Kingdom
16200,CUST_16200,Female,51-65,Bronze,2010-10-13,Mobile Web,United Kingdom
16201,CUST_16201,Female,65+,Bronze,2009-06-17,Mobile App,United Kingdom
16202,CUST_16202,Male,51-65,Silver,2009-10-09,Mobile Web,United Kingdom
16203,CUST_16203,Female,18-25,Bronze,2011-10-27,Desktop Web,United Kingdom
16204,CUST_16204,Female,51-65,Gold,2010-01-01,Desktop Web,United Kingdom
16205,CUST_16205,Female,26-35,Platinum,2010-05-07,Mobile Web,United Kingdom
16206,CUST_16206,Female,18-25,Gold,2009-07-28,Desktop Web,United Kingdom
16207,CUST_16207,Female,26-35,Bronze,2010-01-18,Mobile Web,United Kingdom
16208,CUST_16208,Female,18-25,Gold,2009-10-14,Mobile App,United Kingdom
16209,CUST_16209,Male,36-50,Bronze,2010-12-10,Mobile App,United Kingdom
16210,CUST_16210,Female,26-35,Bronze,2009-07-18,Desktop Web,United Kingdom
16211,CUST_16211,Male,26-35,Bronze,2010-02-22,Mobile Web,United Kingdom
16212,CUST_16212,Male,36-50,Bronze,2011-10-14,Mobile Web,United Kingdom
16213,CUST_16213,Female,51-65,Gold,2011-05-28,Desktop Web,United Kingdom
16214,CUST_16214,Male,36-50,Bronze,2010-02-01,Desktop Web,United Kingdom
16215,CUST_16215,Female,26-35,Bronze,2010-07-03,Mobile App,United Kingdom
16216,CUST_16216,Male,51-65,Platinum,2009-07-15,Tablet,United Kingdom
16217,CUST_16217,Female,51-65,Bronze,2010-03-16,Mobile App,United Kingdom
16218,CUST_16218,Female,18-25,Gold,2011-02-06,Desktop Web,United Kingdom
16221,CUST_16221,Male,36-50,Bronze,2011-07-24,Desktop Web,United Kingdom
16222,CUST_16222,Male,26-35,Bronze,2009-06-13,Desktop Web,United Kingdom
16224,CUST_16224,Male,18-25,Gold,2010-02-22,Mobile App,United Kingdom
16225,CUST_16225,Female,36-50,Bronze,2011-02-11,Tablet,United Kingdom
16226,CUST_16226,Male,51-65,Silver,2009-10-26,Desktop Web,United Kingdom
16227,CUST_16227,Female,26-35,Bronze,2011-07-13,Mobile Web,United Kingdom
16229,CUST_16229,Female,51-65,Bronze,2009-06-29,Mobile App,United Kingdom
16230,CUST_16230,Female,51-65,Bronze,2011-03-10,Desktop Web,United Kingdom
16232,CUST_16232,Male,51-65,Bronze,2009-02-22,Desktop Web,United Kingdom
16233,CUST_16233,Female,26-35,Bronze,2010-06-09,Desktop Web,United Kingdom
16235,CUST_16235,Female,51-65,Gold,2011-04-25,Mobile Web,United Kingdom
16236,CUST_16236,Male,26-35,Silver,2011-02-03,Mobile App,United Kingdom
16239,CUST_16239,Female,36-50,Bronze,2009-04-23,Mobile App,United Kingdom
16240,CUST_16240,Female,18-25,Bronze,2009-05-11,Desktop Web,United Kingdom
16241,CUST_16241,Female,18-25,Gold,2009-05-31,Mobile App,United Kingdom
16242,CUST_16242,Male,36-50,Gold,2011-07-21,Tablet,United Kingdom
16243,CUST_16243,Female,26-35,Silver,2009-02-28,Mobile App,United Kingdom
16244,CUST_16244,Female,26-35,Gold,2009-07-16,Desktop Web,United Kingdom
16245,CUST_16245,Male,26-35,Bronze,2010-06-26,Mobile App,United Kingdom
16247,CUST_16247,Male,36-50,Bronze,2009-06-13,Desktop Web,United Kingdom
16248,CUST_16248,Female,18-25,Silver,2009-10-08,Mobile App,United Kingdom
16249,CUST_16249,Male,51-65,Silver,2010-10-06,Mobile App,United Kingdom
16250,CUST_16250,Male,18-25,Silver,2009-02-27,Mobile App,United Kingdom
16252,CUST_16252,Male,26-35,Bronze,2009-12-15,Mobile App,United Kingdom
16253,CUST_16253,Female,26-35,Platinum,2009-06-15,Tablet,United Kingdom
16255,CUST_16255,Male,26-35,Gold,2010-11-12,Mobile App,United Kingdom
16256,CUST_16256,Male,26-35,Bronze,2010-07-26,Desktop Web,United Kingdom
16257,CUST_16257,Female,26-35,Silver,2009-06-10,Tablet,United Kingdom
16258,CUST_16258,Female,65+,Bronze,2009-05-24,Desktop Web,United Kingdom
16260,CUST_16260,Female,36-50,Bronze,2010-02-04,Tablet,United Kingdom
16261,CUST_16261,Female,18-25,Bronze,2011-03-18,Tablet,United Kingdom
16262,CUST_16262,Male,26-35,Bronze,2010-12-04,Desktop Web,United Kingdom
16265,CUST_16265,Female,51-65,Bronze,2009-08-17,Desktop Web,United Kingdom
16266,CUST_16266,Female,26-35,Gold,2009-08-12,Mobile App,United Kingdom
16268,CUST_16268,Male,18-25,Bronze,2009-09-16,Mobile App,United Kingdom
16270,CUST_16270,Female,36-50,Silver,2011-03-14,Mobile Web,United Kingdom
16271,CUST_16271,Non-Binary,36-50,Bronze,2009-12-05,Desktop Web,United Kingdom
16272,CUST_16272,Female,36-50,Bronze,2009-08-10,Desktop Web,United Kingdom
16274,CUST_16274,Female,18-25,Gold,2011-01-18,Desktop Web,United Kingdom
16275,CUST_16275,Female,18-25,Silver,2010-06-10,Mobile App,United Kingdom
16276,CUST_16276,Female,36-50,Platinum,2010-03-11,Mobile Web,United Kingdom
16278,CUST_16278,Female,26-35,Platinum,2010-03-29,Desktop Web,United Kingdom
16279,CUST_16279,Male,36-50,Bronze,2011-05-25,Mobile App,United Kingdom
16281,CUST_16281,Male,36-50,Bronze,2011-10-21,Mobile Web,United Kingdom
16282,CUST_16282,Female,26-35,Gold,2011-04-12,Mobile App,United Kingdom
16283,CUST_16283,Male,51-65,Platinum,2010-01-08,Desktop Web,United Kingdom
16284,CUST_16284,Male,51-65,Silver,2011-04-12,Desktop Web,United Kingdom
16287,CUST_16287,Male,36-50,Gold,2010-11-13,Mobile App,United Kingdom
16292,CUST_16292,Female,18-25,Gold,2009-11-07,Mobile Web,United Kingdom
16293,CUST_16293,Female,18-25,Bronze,2011-04-14,Desktop Web,United Kingdom
16295,CUST_16295,Female,26-35,Silver,2011-03-17,Mobile App,United Kingdom
16297,CUST_16297,Male,26-35,Gold,2010-08-12,Mobile App,United Kingdom
16298,CUST_16298,Male,65+,Silver,2010-10-21,Mobile Web,United Kingdom
16302,CUST_16302,Female,26-35,Bronze,2011-09-20,Mobile App,United Kingdom
16303,CUST_16303,Female,26-35,Bronze,2009-06-18,Mobile Web,United Kingdom
16305,CUST_16305,Male,26-35,Bronze,2010-08-19,Mobile App,United Kingdom
16306,CUST_16306,Male,36-50,Bronze,2011-09-12,Desktop Web,United Kingdom
16308,CUST_16308,Non-Binary,18-25,Gold,2010-08-19,Mobile Web,United Kingdom
16309,CUST_16309,Male,26-35,Bronze,2010-05-13,Mobile App,United Kingdom
16311,CUST_16311,Female,26-35,Bronze,2009-06-02,Desktop Web,United Kingdom
16313,CUST_16313,Male,51-65,Bronze,2011-09-30,Desktop Web,United Kingdom
16315,CUST_16315,Male,18-25,Silver,2010-02-05,Desktop Web,United Kingdom
16316,CUST_16316,Female,51-65,Silver,2011-04-10,Desktop Web,United Kingdom
16317,CUST_16317,Male,51-65,Bronze,2009-08-07,Desktop Web,United Kingdom
16318,CUST_16318,Male,26-35,Bronze,2011-10-07,Desktop Web,United Kingdom
16319,CUST_16319,Female,36-50,Bronze,2011-08-06,Mobile Web,United Kingdom
16320,CUST_16320,Male,18-25,Silver,2011-03-27,Desktop Web,Unspecified
16321,CUST_16321,Male,65+,Bronze,2010-10-03,Mobile App,Australia
16322,CUST_16322,Male,36-50,Platinum,2009-03-16,Tablet,United Kingdom
16323,CUST_16323,Female,26-35,Silver,2011-03-20,Mobile App,United Kingdom
16324,CUST_16324,Female,26-35,Bronze,2011-05-29,Mobile App,United Kingdom
16325,CUST_16325,Male,18-25,Silver,2010-04-27,Mobile App,United Kingdom
16326,CUST_16326,Female,65+,Bronze,2011-03-15,Mobile App,United Kingdom
16327,CUST_16327,Male,18-25,Silver,2010-09-30,Mobile App,United Kingdom
16330,CUST_16330,Male,36-50,Bronze,2011-06-25,Mobile App,United Kingdom
16332,CUST_16332,Female,26-35,Silver,2011-06-11,Mobile App,United Kingdom
16333,CUST_16333,Female,51-65,Gold,2010-09-27,Desktop Web,United Kingdom
16337,CUST_16337,Female,26-35,Gold,2011-06-09,Mobile App,United Kingdom
16338,CUST_16338,Female,36-50,Bronze,2010-11-23,Mobile App,United Kingdom
16339,CUST_16339,Male,26-35,Bronze,2011-03-11,Mobile App,United Kingdom
16340,CUST_16340,Male,36-50,Silver,2011-06-07,Mobile App,United Kingdom
16341,CUST_16341,Male,18-25,Gold,2009-08-07,Mobile App,United Kingdom
16342,CUST_16342,Male,26-35,Gold,2009-01-25,Desktop Web,United Kingdom
16343,CUST_16343,Female,26-35,Bronze,2009-02-22,Tablet,United Kingdom
16344,CUST_16344,Male,36-50,Bronze,2009-05-11,Mobile Web,United Kingdom
16345,CUST_16345,Male,26-35,Silver,2009-12-09,Mobile Web,United Kingdom
16347,CUST_16347,Male,36-50,Bronze,2009-12-29,Mobile App,United Kingdom
16348,CUST_16348,Male,26-35,Bronze,2011-08-29,Mobile App,United Kingdom
16349,CUST_16349,Female,51-65,Bronze,2009-09-20,Mobile App,United Kingdom
16350,CUST_16350,Male,51-65,Silver,2011-02-28,Desktop Web,United Kingdom
16351,CUST_16351,Female,36-50,Platinum,2010-12-27,Mobile App,United Kingdom
16352,CUST_16352,Female,26-35,Platinum,2010-03-17,Desktop Web,United Kingdom
16353,CUST_16353,Female,26-35,Bronze,2011-08-02,Mobile App,United Kingdom
16354,CUST_16354,Non-Binary,18-25,Silver,2011-05-31,Mobile App,United Kingdom
16356,CUST_16356,Male,26-35,Gold,2009-07-24,Tablet,United Kingdom
16357,CUST_16357,Male,36-50,Bronze,2009-04-22,Desktop Web,United Kingdom
16358,CUST_16358,Male,36-50,Silver,2011-06-24,Mobile Web,United Kingdom
16359,CUST_16359,Male,51-65,Bronze,2010-06-18,Desktop Web,United Kingdom
16360,CUST_16360,Male,26-35,Bronze,2011-01-02,Mobile Web,United Kingdom
16361,CUST_16361,Female,36-50,Bronze,2010-12-26,Desktop Web,United Kingdom
16362,CUST_16362,Female,26-35,Bronze,2009-04-06,Mobile Web,United Kingdom
16363,CUST_16363,Female,36-50,Silver,2011-03-20,Mobile App,United Kingdom
16364,CUST_16364,Male,26-35,Bronze,2011-04-07,Desktop Web,United Kingdom
16365,CUST_16365,Male,26-35,Bronze,2011-01-03,Desktop Web,United Kingdom
16366,CUST_16366,Female,26-35,Bronze,2010-07-19,Mobile App,United Kingdom
16367,CUST_16367,Female,36-50,Gold,2010-02-02,Mobile Web,United Kingdom
16368,CUST_16368,Male,51-65,Silver,2009-05-14,Tablet,United Kingdom
16369,CUST_16369,Female,26-35,Silver,2011-09-17,Desktop Web,United Kingdom
16370,CUST_16370,Male,18-25,Silver,2009-11-13,Mobile App,United Kingdom
16372,CUST_16372,Non-Binary,26-35,Bronze,2011-08-16,Desktop Web,United Kingdom
16374,CUST_16374,Female,36-50,Bronze,2010-12-24,Mobile Web,United Kingdom
16376,CUST_16376,Female,26-35,Silver,2010-05-29,Desktop Web,United Kingdom
16377,CUST_16377,Male,36-50,Bronze,2009-12-19,Mobile App,United Kingdom
16378,CUST_16378,Male,65+,Bronze,2010-12-09,Desktop Web,United Kingdom
16379,CUST_16379,Male,51-65,Silver,2009-07-16,Mobile App,United Kingdom
16380,CUST_16380,Male,26-35,Bronze,2011-08-30,Desktop Web,United Kingdom
16383,CUST_16383,Female,51-65,Bronze,2009-11-23,Mobile App,United Kingdom
16384,CUST_16384,Female,36-50,Silver,2009-10-17,Desktop Web,United Kingdom
16385,CUST_16385,Male,26-35,Bronze,2010-08-18,Desktop Web,United Kingdom
16386,CUST_16386,Male,36-50,Silver,2009-08-26,Mobile App,United Kingdom
16387,CUST_16387,Female,51-65,Silver,2009-08-28,Mobile App,United Kingdom
16389,CUST_16389,Male,26-35,Silver,2010-05-09,Mobile App,United Kingdom
16392,CUST_16392,Male,26-35,Silver,2011-10-26,Mobile App,United Kingdom
16393,CUST_16393,Female,26-35,Bronze,2011-09-14,Mobile App,United Kingdom
16394,CUST_16394,Female,36-50,Bronze,2011-01-08,Tablet,United Kingdom
16395,CUST_16395,Male,26-35,Bronze,2011-09-09,Mobile Web,United Kingdom
16398,CUST_16398,Female,51-65,Bronze,2010-06-08,Mobile Web,United Kingdom
16399,CUST_16399,Female,36-50,Platinum,2009-11-23,Mobile Web,United Kingdom
16400,CUST_16400,Female,36-50,Gold,2011-10-11,Mobile App,United Kingdom
16401,CUST_16401,Male,18-25,Bronze,2010-12-24,Mobile App,United Kingdom
16402,CUST_16402,Male,36-50,Bronze,2011-07-10,Mobile App,United Kingdom
16403,CUST_16403,Male,18-25,Bronze,2010-08-26,Mobile Web,United Kingdom
16404,CUST_16404,Female,18-25,Bronze,2010-11-22,Desktop Web,United Kingdom
16405,CUST_16405,Male,36-50,Bronze,2011-02-22,Mobile App,United Kingdom
16406,CUST_16406,Male,26-35,Silver,2010-05-01,Mobile App,United Kingdom
16407,CUST_16407,Male,36-50,Gold,2010-12-26,Desktop Web,United Kingdom
16409,CUST_16409,Male,18-25,Silver,2011-05-27,Desktop Web,United Kingdom
16411,CUST_16411,Female,26-35,Bronze,2009-03-20,Mobile Web,United Kingdom
16412,CUST_16412,Male,26-35,Bronze,2011-03-04,Mobile App,United Kingdom
16413,CUST_16413,Female,65+,Silver,2011-10-08,Mobile Web,United Kingdom
16414,CUST_16414,Male,36-50,Gold,2010-05-02,Mobile App,United Kingdom
16415,CUST_16415,Female,36-50,Gold,2011-07-01,Desktop Web,United Kingdom
16416,CUST_16416,Female,26-35,Gold,2010-09-23,Mobile Web,United Kingdom
16418,CUST_16418,Female,18-25,Silver,2011-05-29,Mobile Web,United Kingdom
16419,CUST_16419,Male,65+,Silver,2010-07-15,Mobile App,United Kingdom
16422,CUST_16422,Female,26-35,Bronze,2010-06-28,Mobile App,United Kingdom
16423,CUST_16423,Male,26-35,Silver,2009-05-09,Desktop Web,United Kingdom
16424,CUST_16424,Female,36-50,Bronze,2010-10-14,Mobile App,United Kingdom
16425,CUST_16425,Female,18-25,Bronze,2009-12-31,Desktop Web,United Kingdom
16426,CUST_16426,Male,51-65,Silver,2010-11-12,Mobile Web,United Kingdom
16427,CUST_16427,Female,36-50,Bronze,2011-02-08,Mobile App,United Kingdom
16428,CUST_16428,Female,26-35,Bronze,2011-07-11,Desktop Web,United Kingdom
16429,CUST_16429,Male,18-25,Bronze,2009-02-01,Mobile App,United Kingdom
16430,CUST_16430,Female,26-35,Bronze,2009-01-13,Mobile Web,United Kingdom
16431,CUST_16431,Female,51-65,Bronze,2010-03-24,Tablet,United Kingdom
16432,CUST_16432,Female,36-50,Bronze,2009-08-28,Desktop Web,United Kingdom
16433,CUST_16433,Male,26-35,Bronze,2010-04-05,Mobile App,United Kingdom
16434,CUST_16434,Male,18-25,Bronze,2011-05-18,Desktop Web,United Kingdom
16438,CUST_16438,Male,36-50,Platinum,2009-12-14,Desktop Web,United Kingdom
16440,CUST_16440,Male,36-50,Bronze,2009-06-17,Mobile App,United Kingdom
16441,CUST_16441,Female,26-35,Bronze,2011-08-25,Mobile Web,United Kingdom
16442,CUST_16442,Female,26-35,Silver,2010-06-06,Tablet,United Kingdom
16444,CUST_16444,Male,26-35,Gold,2009-04-05,Desktop Web,United Kingdom
16445,CUST_16445,Female,36-50,Silver,2011-06-20,Desktop Web,United Kingdom
16446,CUST_16446,Female,65+,Bronze,2010-12-28,Mobile App,United Kingdom
16447,CUST_16447,Female,26-35,Silver,2011-03-24,Desktop Web,United Kingdom
16448,CUST_16448,Female,36-50,Silver,2010-02-28,Mobile App,United Kingdom
16449,CUST_16449,Non-Binary,26-35,Silver,2010-08-10,Mobile App,United Kingdom
16450,CUST_16450,Female,26-35,Silver,2010-02-25,Mobile App,United Kingdom
16451,CUST_16451,Female,26-35,Gold,2010-07-14,Mobile App,United Kingdom
16454,CUST_16454,Female,51-65,Gold,2010-05-04,Mobile App,United Kingdom
16455,CUST_16455,Non-Binary,26-35,Silver,2011-10-02,Desktop Web,United Kingdom
16456,CUST_16456,Female,36-50,Bronze,2009-07-18,Desktop Web,United Kingdom
16457,CUST_16457,Female,26-35,Silver,2009-02-14,Desktop Web,United Kingdom
16458,CUST_16458,Male,26-35,Gold,2010-12-22,Mobile App,United Kingdom
16460,CUST_16460,Male,18-25,Bronze,2009-01-31,Mobile App,United Kingdom
16461,CUST_16461,Female,36-50,Platinum,2011-01-20,Mobile Web,United Kingdom
16462,CUST_16462,Female,26-35,Bronze,2011-05-31,Desktop Web,United Kingdom
16463,CUST_16463,Female,36-50,Silver,2010-01-15,Tablet,United Kingdom
16464,CUST_16464,Female,26-35,Gold,2009-02-21,Mobile App,United Kingdom
16466,CUST_16466,Female,26-35,Bronze,2009-07-18,Desktop Web,United Kingdom
16468,CUST_16468,Female,26-35,Silver,2009-02-15,Mobile App,United Kingdom
16469,CUST_16469,Female,26-35,Bronze,2011-08-15,Desktop Web,United Kingdom
16470,CUST_16470,Female,18-25,Bronze,2010-06-02,Mobile Web,United Kingdom
16471,CUST_16471,Male,26-35,Bronze,2010-10-04,Mobile Web,United Kingdom
16473,CUST_16473,Male,36-50,Bronze,2011-03-16,Tablet,United Kingdom
16474,CUST_16474,Male,36-50,Bronze,2009-07-27,Mobile App,United Kingdom
16475,CUST_16475,Female,26-35,Platinum,2010-07-13,Desktop Web,United Kingdom
16477,CUST_16477,Female,26-35,Platinum,2010-09-04,Desktop Web,United Kingdom
16478,CUST_16478,Male,26-35,Bronze,2009-01-16,Desktop Web,United Kingdom
16479,CUST_16479,Female,26-35,Silver,2009-01-28,Mobile App,United Kingdom
16480,CUST_16480,Female,18-25,Bronze,2011-03-06,Mobile Web,United Kingdom
16482,CUST_16482,Male,51-65,Bronze,2010-12-04,Mobile Web,United Kingdom
16483,CUST_16483,Male,26-35,Bronze,2010-06-05,Mobile App,United Kingdom
16484,CUST_16484,Male,26-35,Platinum,2009-04-25,Mobile App,United Kingdom
16485,CUST_16485,Female,26-35,Platinum,2010-09-16,Mobile App,United Kingdom
16488,CUST_16488,Female,18-25,Bronze,2011-09-13,Desktop Web,United Kingdom
16491,CUST_16491,Male,36-50,Bronze,2009-05-12,Mobile App,United Kingdom
16493,CUST_16493,Female,18-25,Bronze,2009-10-01,Mobile Web,United Kingdom
16494,CUST_16494,Male,18-25,Silver,2009-11-05,Desktop Web,United Kingdom
16495,CUST_16495,Male,36-50,Silver,2010-11-06,Desktop Web,United Kingdom
16496,CUST_16496,Male,26-35,Bronze,2009-07-30,Desktop Web,United Kingdom
16497,CUST_16497,Female,36-50,Gold,2011-05-19,Mobile App,United Kingdom
16498,CUST_16498,Female,36-50,Bronze,2010-06-26,Mobile Web,United Kingdom
16499,CUST_16499,Male,26-35,Gold,2010-04-25,Desktop Web,United Kingdom
16500,CUST_16500,Male,36-50,Silver,2010-09-30,Tablet,United Kingdom
16503,CUST_16503,Male,18-25,Bronze,2009-06-15,Desktop Web,United Kingdom
16504,CUST_16504,Female,36-50,Gold,2009-01-08,Desktop Web,United Kingdom
16505,CUST_16505,Female,26-35,Gold,2010-11-05,Mobile App,United Kingdom
16506,CUST_16506,Male,26-35,Bronze,2011-03-29,Desktop Web,United Kingdom
16509,CUST_16509,Male,36-50,Bronze,2009-10-28,Desktop Web,United Kingdom
16510,CUST_16510,Male,51-65,Platinum,2009-10-30,Desktop Web,United Kingdom
16511,CUST_16511,Female,65+,Bronze,2009-08-24,Desktop Web,United Kingdom
16513,CUST_16513,Male,36-50,Bronze,2009-07-29,Mobile App,United Kingdom
16515,CUST_16515,Male,26-35,Silver,2011-01-30,Tablet,United Kingdom
16516,CUST_16516,Male,26-35,Gold,2009-11-24,Tablet,United Kingdom
16517,CUST_16517,Female,26-35,Gold,2010-11-02,Mobile App,United Kingdom
16518,CUST_16518,Female,26-35,Gold,2010-10-04,Mobile Web,United Kingdom
16519,CUST_16519,Male,26-35,Silver,2009-03-10,Mobile App,United Kingdom
16520,CUST_16520,Female,51-65,Bronze,2010-02-26,Desktop Web,United Kingdom
16523,CUST_16523,Female,26-35,Silver,2010-07-21,Mobile App,United Kingdom
16525,CUST_16525,Male,26-35,Gold,2010-05-07,Tablet,United Kingdom
16526,CUST_16526,Female,26-35,Bronze,2010-10-23,Mobile App,United Kingdom
16527,CUST_16527,Male,51-65,Bronze,2010-04-21,Desktop Web,United Kingdom
16528,CUST_16528,Female,36-50,Bronze,2011-05-13,Mobile App,United Kingdom
16529,CUST_16529,Male,36-50,Silver,2011-10-21,Mobile App,United Kingdom
16531,CUST_16531,Non-Binary,26-35,Gold,2009-04-15,Desktop Web,United Kingdom
16532,CUST_16532,Female,51-65,Silver,2011-02-18,Mobile App,United Kingdom
16533,CUST_16533,Female,18-25,Platinum,2011-06-22,Desktop Web,United Kingdom
16535,CUST_16535,Female,51-65,Bronze,2011-01-06,Tablet,United Kingdom
16536,CUST_16536,Female,36-50,Gold,2011-04-19,Mobile Web,United Kingdom
16539,CUST_16539,Male,26-35,Gold,2010-02-05,Mobile Web,United Kingdom
16542,CUST_16542,Male,26-35,Bronze,2011-03-31,Mobile App,United Kingdom
16545,CUST_16545,Female,36-50,Platinum,2010-03-05,Mobile App,United Kingdom
16546,CUST_16546,Female,18-25,Bronze,2011-05-08,Desktop Web,United Kingdom
16549,CUST_16549,Female,51-65,Gold,2011-01-11,Mobile App,United Kingdom
16550,CUST_16550,Male,26-35,Gold,2009-11-18,Mobile Web,United Kingdom
16551,CUST_16551,Female,26-35,Gold,2009-06-23,Mobile App,United Kingdom
16552,CUST_16552,Male,18-25,Silver,2009-10-13,Mobile Web,United Kingdom
16553,CUST_16553,Male,26-35,Bronze,2011-06-23,Mobile App,United Kingdom
16554,CUST_16554,Male,26-35,Silver,2010-01-24,Mobile Web,United Kingdom
16555,CUST_16555,Female,26-35,Bronze,2011-02-15,Mobile App,United Kingdom
16556,CUST_16556,Male,36-50,Gold,2011-05-13,Mobile App,United Kingdom
16557,CUST_16557,Female,26-35,Gold,2010-12-24,Desktop Web,United Kingdom
16558,CUST_16558,Female,65+,Gold,2011-10-30,Mobile App,United Kingdom
16560,CUST_16560,Male,36-50,Bronze,2011-05-20,Desktop Web,United Kingdom
16561,CUST_16561,Male,51-65,Gold,2010-11-21,Desktop Web,United Kingdom
16563,CUST_16563,Female,18-25,Platinum,2011-09-16,Mobile App,United Kingdom
16565,CUST_16565,Female,26-35,Gold,2009-07-20,Mobile Web,United Kingdom
16566,CUST_16566,Female,26-35,Bronze,2010-08-15,Desktop Web,United Kingdom
16567,CUST_16567,Female,36-50,Bronze,2010-06-13,Desktop Web,United Kingdom
16569,CUST_16569,Female,51-65,Bronze,2011-03-26,Desktop Web,United Kingdom
16570,CUST_16570,Female,18-25,Silver,2009-11-14,Desktop Web,United Kingdom
16571,CUST_16571,Female,18-25,Silver,2010-11-24,Mobile App,United Kingdom
16572,CUST_16572,Male,51-65,Platinum,2011-04-19,Mobile App,United Kingdom
16573,CUST_16573,Male,26-35,Bronze,2010-09-12,Desktop Web,United Kingdom
16574,CUST_16574,Male,36-50,Bronze,2009-01-24,Mobile App,United Kingdom
16579,CUST_16579,Female,36-50,Silver,2010-03-22,Mobile App,United Kingdom
16581,CUST_16581,Male,51-65,Gold,2010-04-13,Desktop Web,United Kingdom
16582,CUST_16582,Male,18-25,Platinum,2011-01-28,Desktop Web,United Kingdom
16583,CUST_16583,Male,18-25,Gold,2009-09-21,Mobile App,United Kingdom
16584,CUST_16584,Male,36-50,Bronze,2010-08-25,Mobile App,United Kingdom
16586,CUST_16586,Male,51-65,Silver,2009-03-27,Mobile App,United Kingdom
16587,CUST_16587,Male,26-35,Gold,2011-04-06,Mobile App,United Kingdom
16589,CUST_16589,Female,26-35,Silver,2011-07-15,Mobile App,United Kingdom
16591,CUST_16591,Male,36-50,Bronze,2010-05-15,Mobile App,United Kingdom
16592,CUST_16592,Male,51-65,Bronze,2010-10-13,Tablet,United Kingdom
16593,CUST_16593,Male,51-65,Bronze,2010-11-13,Desktop Web,United Kingdom
16594,CUST_16594,Male,65+,Silver,2011-09-17,Mobile App,United Kingdom
16595,CUST_16595,Female,18-25,Bronze,2010-10-22,Mobile App,United Kingdom
16596,CUST_16596,Female,18-25,Bronze,2009-12-18,Desktop Web,United Kingdom
16597,CUST_16597,Male,36-50,Bronze,2011-03-06,Mobile App,United Kingdom
16598,CUST_16598,Male,51-65,Silver,2009-08-12,Desktop Web,United Kingdom
16600,CUST_16600,Male,26-35,Bronze,2011-01-27,Mobile Web,United Kingdom
16601,CUST_16601,Female,26-35,Silver,2010-08-16,Desktop Web,United Kingdom
16602,CUST_16602,Female,36-50,Bronze,2009-05-16,Mobile App,United Kingdom
16603,CUST_16603,Male,18-25,Bronze,2011-08-29,Desktop Web,United Kingdom
16607,CUST_16607,Male,26-35,Silver,2009-08-15,Tablet,United Kingdom
16609,CUST_16609,Male,36-50,Bronze,2011-04-21,Desktop Web,United Kingdom
16610,CUST_16610,Female,36-50,Bronze,2011-07-02,Desktop Web,United Kingdom
16611,CUST_16611,Male,36-50,Bronze,2011-10-18,Mobile App,United Kingdom
16612,CUST_16612,Female,26-35,Gold,2009-06-30,Mobile App,United Kingdom
16613,CUST_16613,Male,36-50,Silver,2009-06-25,Desktop Web,United Kingdom
16614,CUST_16614,Female,36-50,Bronze,2010-07-09,Mobile Web,United Kingdom
16616,CUST_16616,Female,36-50,Bronze,2009-07-17,Desktop Web,United Kingdom
16617,CUST_16617,Male,36-50,Platinum,2010-09-16,Desktop Web,United Kingdom
16618,CUST_16618,Male,26-35,Silver,2010-11-15,Mobile App,United Kingdom
16619,CUST_16619,Female,18-25,Bronze,2010-09-29,Mobile App,United Kingdom
16620,CUST_16620,Male,18-25,Silver,2011-09-14,Desktop Web,United Kingdom
16621,CUST_16621,Female,26-35,Gold,2009-09-29,Mobile App,United Kingdom
16623,CUST_16623,Female,36-50,Gold,2011-10-18,Desktop Web,United Kingdom
16624,CUST_16624,Female,51-65,Silver,2011-10-18,Mobile App,United Kingdom
16625,CUST_16625,Female,36-50,Bronze,2010-02-20,Desktop Web,United Kingdom
16626,CUST_16626,Female,36-50,Bronze,2011-08-06,Mobile Web,United Kingdom
16627,CUST_16627,Female,26-35,Gold,2009-08-25,Desktop Web,United Kingdom
16628,CUST_16628,Female,26-35,Silver,2009-06-25,Mobile App,United Kingdom
16629,CUST_16629,Male,26-35,Bronze,2010-03-02,Desktop Web,United Kingdom
16633,CUST_16633,Female,26-35,Gold,2010-10-12,Tablet,United Kingdom
16634,CUST_16634,Male,18-25,Gold,2010-03-09,Desktop Web,United Kingdom
16637,CUST_16637,Female,36-50,Platinum,2010-04-11,Mobile App,United Kingdom
16638,CUST_16638,Male,65+,Gold,2011-08-07,Mobile App,United Kingdom
16639,CUST_16639,Female,26-35,Platinum,2010-02-18,Mobile App,United Kingdom
16641,CUST_16641,Female,18-25,Bronze,2009-02-12,Mobile App,United Kingdom
16642,CUST_16642,Female,36-50,Gold,2011-06-04,Mobile Web,United Kingdom
16643,CUST_16643,Female,26-35,Gold,2011-07-12,Mobile Web,United Kingdom
16644,CUST_16644,Female,51-65,Bronze,2009-02-25,Mobile App,United Kingdom
16647,CUST_16647,Male,36-50,Bronze,2010-07-04,Mobile App,United Kingdom
16648,CUST_16648,Male,51-65,Platinum,2010-08-26,Mobile App,United Kingdom
16650,CUST_16650,Male,26-35,Bronze,2011-05-02,Mobile Web,United Kingdom
16652,CUST_16652,Male,36-50,Gold,2011-01-01,Desktop Web,United Kingdom
16653,CUST_16653,Female,26-35,Bronze,2010-11-25,Desktop Web,United Kingdom
16654,CUST_16654,Female,36-50,Bronze,2009-02-02,Mobile App,United Kingdom
16655,CUST_16655,Female,26-35,Silver,2011-02-01,Desktop Web,United Kingdom
16656,CUST_16656,Female,26-35,Bronze,2010-06-02,Mobile App,United Kingdom
16657,CUST_16657,Female,36-50,Silver,2010-08-25,Mobile App,United Kingdom
16658,CUST_16658,Male,36-50,Silver,2009-05-09,Desktop Web,United Kingdom
16659,CUST_16659,Female,51-65,Bronze,2010-02-10,Desktop Web,United Kingdom
16660,CUST_16660,Female,36-50,Bronze,2010-09-22,Mobile App,United Kingdom
16665,CUST_16665,Male,36-50,Bronze,2010-02-27,Mobile App,United Kingdom
16666,CUST_16666,Male,18-25,Bronze,2011-08-11,Mobile App,United Kingdom
16667,CUST_16667,Female,36-50,Gold,2011-06-05,Mobile App,United Kingdom
16668,CUST_16668,Male,36-50,Bronze,2009-07-28,Desktop Web,United Kingdom
16669,CUST_16669,Male,51-65,Bronze,2011-05-20,Mobile Web,United Kingdom
16670,CUST_16670,Female,51-65,Silver,2011-09-23,Mobile App,United Kingdom
16671,CUST_16671,Female,18-25,Bronze,2011-07-27,Mobile App,United Kingdom
16672,CUST_16672,Female,51-65,Bronze,2011-03-15,Mobile App,United Kingdom
16674,CUST_16674,Male,18-25,Bronze,2010-07-05,Desktop Web,United Kingdom
16676,CUST_16676,Male,26-35,Gold,2011-01-08,Mobile App,United Kingdom
16678,CUST_16678,Female,36-50,Gold,2010-07-24,Desktop Web,United Kingdom
16679,CUST_16679,Female,18-25,Gold,2010-05-19,Mobile App,United Kingdom
16680,CUST_16680,Male,36-50,Bronze,2009-01-31,Desktop Web,United Kingdom
16681,CUST_16681,Female,18-25,Bronze,2010-10-03,Mobile Web,United Kingdom
16682,CUST_16682,Female,26-35,Silver,2010-04-10,Mobile Web,United Kingdom
16684,CUST_16684,Male,36-50,Silver,2010-06-04,Tablet,United Kingdom
16685,CUST_16685,Male,36-50,Platinum,2011-03-26,Desktop Web,United Kingdom
16686,CUST_16686,Male,51-65,Bronze,2009-09-24,Mobile Web,United Kingdom
16688,CUST_16688,Male,36-50,Bronze,2009-06-24,Mobile App,United Kingdom
16689,CUST_16689,Male,36-50,Silver,2009-09-12,Mobile App,United Kingdom
16690,CUST_16690,Female,26-35,Gold,2009-12-05,Mobile App,United Kingdom
16692,CUST_16692,Male,18-25,Gold,2010-09-22,Desktop Web,United Kingdom
16693,CUST_16693,Female,18-25,Silver,2010-10-25,Mobile Web,United Kingdom
16696,CUST_16696,Male,36-50,Platinum,2011-08-30,Mobile App,United Kingdom
16697,CUST_16697,Female,36-50,Silver,2010-06-02,Desktop Web,United Kingdom
16698,CUST_16698,Male,26-35,Gold,2009-05-28,Desktop Web,United Kingdom
16700,CUST_16700,Female,36-50,Platinum,2011-01-31,Mobile Web,United Kingdom
16701,CUST_16701,Female,36-50,Gold,2011-01-10,Desktop Web,United Kingdom
16705,CUST_16705,Female,18-25,Bronze,2010-05-20,Tablet,United Kingdom
16706,CUST_16706,Female,26-35,Bronze,2010-05-28,Mobile App,United Kingdom
16708,CUST_16708,Male,51-65,Silver,2010-08-21,Mobile App,United Kingdom
16709,CUST_16709,Male,36-50,Silver,2009-07-23,Desktop Web,United Kingdom
16710,CUST_16710,Female,51-65,Gold,2009-05-31,Mobile App,United Kingdom
16711,CUST_16711,Female,18-25,Bronze,2011-05-30,Mobile App,United Kingdom
16712,CUST_16712,Female,65+,Bronze,2009-03-31,Desktop Web,United Kingdom
16713,CUST_16713,Female,26-35,Gold,2010-07-24,Desktop Web,United Kingdom
16714,CUST_16714,Female,18-25,Bronze,2009-04-20,Desktop Web,United Kingdom
16715,CUST_16715,Male,65+,Bronze,2010-02-05,Mobile App,United Kingdom
16716,CUST_16716,Female,26-35,Bronze,2011-04-09,Desktop Web,United Kingdom
16717,CUST_16717,Female,36-50,Silver,2009-04-16,Mobile App,United Kingdom
16718,CUST_16718,Female,26-35,Bronze,2009-07-11,Mobile App,United Kingdom
16719,CUST_16719,Female,36-50,Gold,2009-11-24,Desktop Web,United Kingdom
16720,CUST_16720,Female,51-65,Bronze,2011-06-22,Mobile App,United Kingdom
16721,CUST_16721,Male,26-35,Gold,2009-04-09,Mobile App,United Kingdom
16722,CUST_16722,Female,36-50,Silver,2010-07-31,Desktop Web,United Kingdom
16723,CUST_16723,Female,26-35,Bronze,2010-01-06,Mobile App,United Kingdom
16725,CUST_16725,Female,36-50,Bronze,2009-04-18,Tablet,United Kingdom
16726,CUST_16726,Female,26-35,Bronze,2011-08-26,Desktop Web,United Kingdom
16727,CUST_16727,Female,26-35,Silver,2011-06-28,Tablet,United Kingdom
16728,CUST_16728,Male,26-35,Bronze,2010-01-13,Mobile App,United Kingdom
16729,CUST_16729,Male,26-35,Bronze,2010-11-24,Desktop Web,United Kingdom
16730,CUST_16730,Male,51-65,Silver,2010-02-15,Mobile App,United Kingdom
16732,CUST_16732,Female,26-35,Bronze,2011-07-15,Mobile Web,United Kingdom
16734,CUST_16734,Female,26-35,Bronze,2010-04-13,Mobile App,United Kingdom
16735,CUST_16735,Male,26-35,Gold,2009-05-12,Mobile App,United Kingdom
16737,CUST_16737,Male,26-35,Platinum,2010-12-08,Mobile Web,United Kingdom
16738,CUST_16738,Male,36-50,Bronze,2011-07-21,Mobile App,United Kingdom
16739,CUST_16739,Female,65+,Bronze,2010-06-14,Mobile App,United Kingdom
16742,CUST_16742,Female,26-35,Platinum,2010-09-08,Mobile App,United Kingdom
16743,CUST_16743,Female,51-65,Bronze,2010-10-23,Desktop Web,United Kingdom
16744,CUST_16744,Male,36-50,Platinum,2011-01-29,Mobile App,United Kingdom
16745,CUST_16745,Male,26-35,Bronze,2011-09-30,Mobile App,United Kingdom
16746,CUST_16746,Male,36-50,Gold,2010-01-14,Mobile App,United Kingdom
16747,CUST_16747,Female,36-50,Bronze,2011-07-15,Desktop Web,United Kingdom
16748,CUST_16748,Male,36-50,Platinum,2009-08-16,Desktop Web,United Kingdom
16750,CUST_16750,Female,51-65,Bronze,2011-01-14,Mobile App,United Kingdom
16751,CUST_16751,Female,26-35,Silver,2009-05-08,Mobile App,United Kingdom
16752,CUST_16752,Female,51-65,Bronze,2009-10-24,Mobile App,United Kingdom
16753,CUST_16753,Male,36-50,Bronze,2010-12-12,Mobile App,United Kingdom
16754,CUST_16754,Female,26-35,Gold,2010-12-31,Mobile App,United Kingdom
16755,CUST_16755,Female,36-50,Silver,2010-02-02,Desktop Web,United Kingdom
16756,CUST_16756,Male,26-35,Gold,2010-09-12,Desktop Web,United Kingdom
16757,CUST_16757,Female,65+,Bronze,2011-10-20,Mobile Web,United Kingdom
16758,CUST_16758,Female,36-50,Gold,2010-04-16,Mobile App,United Kingdom
16759,CUST_16759,Female,18-25,Bronze,2011-08-31,Desktop Web,United Kingdom
16761,CUST_16761,Female,26-35,Platinum,2010-06-19,Desktop Web,United Kingdom
16762,CUST_16762,Male,36-50,Platinum,2010-02-28,Desktop Web,United Kingdom
16763,CUST_16763,Female,18-25,Bronze,2011-07-02,Mobile Web,United Kingdom
16764,CUST_16764,Female,18-25,Gold,2011-06-09,Mobile App,United Kingdom
16765,CUST_16765,Male,26-35,Gold,2010-07-16,Mobile App,United Kingdom
16766,CUST_16766,Male,26-35,Bronze,2010-08-24,Desktop Web,United Kingdom
16767,CUST_16767,Male,26-35,Silver,2010-04-09,Mobile App,United Kingdom
16768,CUST_16768,Female,26-35,Bronze,2009-07-16,Mobile App,United Kingdom
16769,CUST_16769,Female,26-35,Gold,2009-06-01,Mobile App,United Kingdom
16770,CUST_16770,Male,36-50,Bronze,2009-11-14,Mobile App,United Kingdom
16771,CUST_16771,Male,36-50,Bronze,2009-04-12,Desktop Web,United Kingdom
16773,CUST_16773,Male,26-35,Bronze,2009-04-19,Mobile App,United Kingdom
16774,CUST_16774,Male,26-35,Silver,2011-02-13,Mobile App,United Kingdom
16775,CUST_16775,Male,36-50,Gold,2010-05-08,Desktop Web,United Kingdom
16776,CUST_16776,Female,18-25,Platinum,2009-10-17,Desktop Web,United Kingdom
16777,CUST_16777,Female,18-25,Bronze,2011-02-01,Tablet,United Kingdom
16778,CUST_16778,Male,18-25,Bronze,2011-03-08,Mobile App,United Kingdom
16779,CUST_16779,Female,51-65,Silver,2010-07-14,Tablet,United Kingdom
16780,CUST_16780,Female,36-50,Silver,2009-05-24,Desktop Web,United Kingdom
16781,CUST_16781,Male,36-50,Bronze,2009-12-16,Desktop Web,United Kingdom
16782,CUST_16782,Male,36-50,Bronze,2010-08-05,Mobile App,United Kingdom
16784,CUST_16784,Female,36-50,Silver,2010-10-26,Desktop Web,United Kingdom
16788,CUST_16788,Female,26-35,Bronze,2011-01-20,Mobile Web,United Kingdom
16789,CUST_16789,Female,36-50,Gold,2011-09-13,Mobile Web,United Kingdom
16790,CUST_16790,Male,18-25,Silver,2010-09-28,Mobile App,United Kingdom
16791,CUST_16791,Male,36-50,Gold,2009-10-29,Mobile App,United Kingdom
16792,CUST_16792,Female,36-50,Silver,2009-12-19,Desktop Web,United Kingdom
16793,CUST_16793,Female,36-50,Bronze,2010-07-31,Mobile Web,United Kingdom
16794,CUST_16794,Male,26-35,Gold,2010-02-16,Mobile App,United Kingdom
16795,CUST_16795,Female,26-35,Silver,2010-02-13,Desktop Web,United Kingdom
16796,CUST_16796,Male,36-50,Bronze,2009-09-19,Desktop Web,United Kingdom
16800,CUST_16800,Male,36-50,Silver,2009-03-22,Desktop Web,United Kingdom
16801,CUST_16801,Female,51-65,Bronze,2011-05-01,Desktop Web,United Kingdom
16803,CUST_16803,Male,26-35,Gold,2010-06-27,Mobile App,United Kingdom
16804,CUST_16804,Female,36-50,Silver,2009-12-27,Tablet,United Kingdom
16805,CUST_16805,Female,36-50,Silver,2009-12-28,Desktop Web,United Kingdom
16806,CUST_16806,Male,51-65,Bronze,2010-12-29,Desktop Web,United Kingdom
16807,CUST_16807,Female,36-50,Bronze,2010-09-26,Mobile App,United Kingdom
16808,CUST_16808,Non-Binary,36-50,Platinum,2009-03-20,Desktop Web,United Kingdom
16809,CUST_16809,Male,36-50,Gold,2009-06-20,Mobile App,United Kingdom
16810,CUST_16810,Female,36-50,Bronze,2009-05-23,Mobile App,United Kingdom
16811,CUST_16811,Female,65+,Bronze,2009-09-22,Desktop Web,United Kingdom
16812,CUST_16812,Female,18-25,Bronze,2010-05-22,Desktop Web,United Kingdom
16813,CUST_16813,Female,18-25,Silver,2011-01-24,Desktop Web,United Kingdom
16814,CUST_16814,Female,51-65,Gold,2009-12-31,Mobile App,United Kingdom
16816,CUST_16816,Female,36-50,Silver,2011-08-29,Desktop Web,United Kingdom
16817,CUST_16817,Female,36-50,Silver,2010-11-27,Mobile App,United Kingdom
16818,CUST_16818,Male,26-35,Gold,2011-09-27,Desktop Web,United Kingdom
16820,CUST_16820,Male,18-25,Bronze,2011-04-11,Mobile App,United Kingdom
16823,CUST_16823,Male,36-50,Bronze,2011-07-31,Desktop Web,United Kingdom
16824,CUST_16824,Female,36-50,Silver,2010-06-03,Mobile Web,United Kingdom
16825,CUST_16825,Female,26-35,Platinum,2009-01-05,Mobile App,United Kingdom
16826,CUST_16826,Male,26-35,Gold,2010-12-31,Mobile App,United Kingdom
16828,CUST_16828,Female,51-65,Silver,2010-11-14,Desktop Web,United Kingdom
16829,CUST_16829,Female,18-25,Silver,2010-04-13,Desktop Web,United Kingdom
16830,CUST_16830,Male,51-65,Platinum,2009-07-28,Desktop Web,United Kingdom
16832,CUST_16832,Male,26-35,Bronze,2010-05-07,Desktop Web,United Kingdom
16833,CUST_16833,Male,36-50,Bronze,2011-07-21,Mobile App,United Kingdom
16834,CUST_16834,Female,51-65,Platinum,2009-09-30,Mobile App,United Kingdom
16835,CUST_16835,Male,36-50,Gold,2009-04-23,Mobile App,United Kingdom
16836,CUST_16836,Male,26-35,Bronze,2010-06-14,Mobile App,United Kingdom
16837,CUST_16837,Male,36-50,Silver,2009-01-11,Desktop Web,United Kingdom
16838,CUST_16838,Male,26-35,Bronze,2010-06-25,Mobile App,United Kingdom
16839,CUST_16839,Male,26-35,Bronze,2009-10-11,Mobile Web,United Kingdom
16841,CUST_16841,Female,65+,Platinum,2009-01-12,Mobile Web,United Kingdom
16842,CUST_16842,Female,36-50,Bronze,2011-05-02,Mobile Web,United Kingdom
16843,CUST_16843,Male,36-50,Gold,2011-04-26,Mobile Web,United Kingdom
16846,CUST_16846,Male,26-35,Bronze,2010-09-21,Mobile App,United Kingdom
16847,CUST_16847,Male,18-25,Silver,2011-09-06,Mobile Web,United Kingdom
16848,CUST_16848,Female,18-25,Bronze,2009-06-14,Mobile App,United Kingdom
16849,CUST_16849,Female,36-50,Gold,2010-11-28,Mobile App,United Kingdom
16850,CUST_16850,Male,36-50,Silver,2010-12-13,Desktop Web,United Kingdom
16851,CUST_16851,Male,36-50,Silver,2009-04-12,Mobile App,United Kingdom
16852,CUST_16852,Male,51-65,Bronze,2009-10-15,Tablet,United Kingdom
16855,CUST_16855,Male,18-25,Bronze,2010-02-03,Desktop Web,United Kingdom
16856,CUST_16856,Male,26-35,Bronze,2009-11-15,Desktop Web,United Kingdom
16858,CUST_16858,Male,26-35,Bronze,2009-10-05,Mobile App,United Kingdom
16859,CUST_16859,Male,26-35,Silver,2010-12-14,Desktop Web,United Kingdom
16861,CUST_16861,Male,18-25,Silver,2011-08-23,Mobile App,United Kingdom
16863,CUST_16863,Male,65+,Silver,2009-03-01,Mobile Web,United Kingdom
16866,CUST_16866,Female,26-35,Silver,2010-06-17,Mobile App,United Kingdom
16869,CUST_16869,Female,51-65,Bronze,2010-02-13,Desktop Web,United Kingdom
16871,CUST_16871,Male,26-35,Bronze,2011-02-25,Mobile App,United Kingdom
16872,CUST_16872,Female,65+,Bronze,2011-03-10,Mobile App,United Kingdom
16873,CUST_16873,Female,36-50,Gold,2009-07-17,Desktop Web,United Kingdom
16875,CUST_16875,Female,51-65,Silver,2010-09-04,Mobile App,United Kingdom
16877,CUST_16877,Female,18-25,Bronze,2011-02-25,Desktop Web,United Kingdom
16878,CUST_16878,Female,36-50,Bronze,2010-01-02,Mobile App,United Kingdom
16880,CUST_16880,Female,51-65,Gold,2010-05-11,Mobile App,United Kingdom
16881,CUST_16881,Male,18-25,Silver,2011-08-13,Desktop Web,United Kingdom
16882,CUST_16882,Female,18-25,Silver,2009-02-07,Mobile App,United Kingdom
16883,CUST_16883,Female,26-35,Bronze,2011-10-15,Mobile App,United Kingdom
16884,CUST_16884,Female,51-65,Bronze,2010-06-04,Mobile Web,United Kingdom
16885,CUST_16885,Male,36-50,Platinum,2011-07-16,Mobile App,United Kingdom
16887,CUST_16887,Female,36-50,Gold,2009-08-08,Mobile App,United Kingdom
16889,CUST_16889,Male,18-25,Bronze,2009-11-26,Mobile App,United Kingdom
16891,CUST_16891,Male,18-25,Gold,2010-09-24,Mobile App,United Kingdom
16892,CUST_16892,Male,51-65,Gold,2010-01-05,Desktop Web,United Kingdom
16893,CUST_16893,Female,18-25,Bronze,2009-01-25,Mobile App,United Kingdom
16895,CUST_16895,Male,36-50,Bronze,2010-06-19,Desktop Web,United Kingdom
16897,CUST_16897,Female,51-65,Bronze,2010-09-20,Mobile App,United Kingdom
16898,CUST_16898,Male,26-35,Bronze,2009-09-29,Mobile App,United Kingdom
16899,CUST_16899,Male,36-50,Silver,2010-11-10,Mobile App,United Kingdom
16900,CUST_16900,Female,18-25,Bronze,2010-09-11,Desktop Web,United Kingdom
16902,CUST_16902,Female,36-50,Gold,2011-10-21,Tablet,United Kingdom
16903,CUST_16903,Female,26-35,Platinum,2010-08-28,Desktop Web,United Kingdom
16904,CUST_16904,Male,36-50,Bronze,2010-12-30,Tablet,United Kingdom
16905,CUST_16905,Female,26-35,Silver,2010-03-15,Mobile App,United Kingdom
16906,CUST_16906,Male,26-35,Gold,2010-04-17,Mobile App,United Kingdom
16907,CUST_16907,Female,36-50,Gold,2010-11-16,Mobile App,United Kingdom
16909,CUST_16909,Male,26-35,Gold,2009-02-12,Mobile App,United Kingdom
16910,CUST_16910,Male,36-50,Bronze,2010-11-14,Mobile App,United Kingdom
16912,CUST_16912,Male,26-35,Silver,2009-08-26,Mobile App,United Kingdom
16913,CUST_16913,Male,36-50,Silver,2009-11-20,Mobile App,United Kingdom
16914,CUST_16914,Female,26-35,Platinum,2009-02-03,Mobile App,United Kingdom
16915,CUST_16915,Female,36-50,Bronze,2010-01-13,Mobile App,United Kingdom
16916,CUST_16916,Male,18-25,Gold,2009-06-19,Mobile App,United Kingdom
16917,CUST_16917,Female,26-35,Bronze,2010-12-17,Mobile Web,United Kingdom
16918,CUST_16918,Female,26-35,Platinum,2011-06-16,Mobile App,United Kingdom
16919,CUST_16919,Female,36-50,Silver,2009-08-29,Desktop Web,United Kingdom
16921,CUST_16921,Female,26-35,Silver,2009-06-03,Desktop Web,United Kingdom
16923,CUST_16923,Female,51-65,Silver,2010-03-23,Mobile App,United Kingdom
16924,CUST_16924,Male,51-65,Bronze,2011-03-10,Mobile App,United Kingdom
16926,CUST_16926,Female,26-35,Bronze,2010-02-24,Mobile App,United Kingdom
16927,CUST_16927,Male,36-50,Bronze,2009-09-08,Desktop Web,United Kingdom
16928,CUST_16928,Female,18-25,Bronze,2010-10-13,Mobile App,United Kingdom
16929,CUST_16929,Male,26-35,Bronze,2009-11-25,Mobile App,United Kingdom
16930,CUST_16930,Female,36-50,Gold,2009-08-23,Mobile App,United Kingdom
16931,CUST_16931,Male,36-50,Silver,2010-03-25,Mobile Web,United Kingdom
16932,CUST_16932,Male,36-50,Bronze,2009-10-18,Mobile App,United Kingdom
16933,CUST_16933,Female,26-35,Gold,2009-12-25,Desktop Web,United Kingdom
16934,CUST_16934,Male,26-35,Silver,2010-08-20,Desktop Web,United Kingdom
16936,CUST_16936,Non-Binary,18-25,Platinum,2011-01-11,Mobile Web,United Kingdom
16938,CUST_16938,Male,36-50,Silver,2011-10-12,Desktop Web,United Kingdom
16940,CUST_16940,Male,36-50,Bronze,2009-07-01,Desktop Web,United Kingdom
16942,CUST_16942,Female,36-50,Silver,2010-10-17,Mobile Web,United Kingdom
16943,CUST_16943,Male,26-35,Silver,2011-02-21,Desktop Web,United Kingdom
16945,CUST_16945,Female,26-35,Bronze,2009-08-15,Mobile App,United Kingdom
16947,CUST_16947,Female,26-35,Bronze,2010-02-25,Mobile App,United Kingdom
16948,CUST_16948,Non-Binary,18-25,Bronze,2009-05-26,Desktop Web,United Kingdom
16949,CUST_16949,Female,26-35,Bronze,2009-04-03,Mobile Web,United Kingdom
16950,CUST_16950,Male,51-65,Bronze,2011-08-23,Desktop Web,United Kingdom
16951,CUST_16951,Male,51-65,Silver,2009-11-23,Desktop Web,United Kingdom
16952,CUST_16952,Male,36-50,Bronze,2010-05-30,Desktop Web,United Kingdom
16953,CUST_16953,Non-Binary,26-35,Silver,2010-03-26,Mobile App,United Kingdom
16954,CUST_16954,Female,18-25,Silver,2010-01-13,Desktop Web,United Kingdom
16955,CUST_16955,Female,51-65,Bronze,2009-06-14,Mobile App,United Kingdom
16956,CUST_16956,Female,18-25,Bronze,2009-11-29,Tablet,United Kingdom
16957,CUST_16957,Female,51-65,Bronze,2010-07-06,Desktop Web,United Kingdom
16959,CUST_16959,Female,26-35,Bronze,2010-12-20,Desktop Web,United Kingdom
16960,CUST_16960,Female,26-35,Bronze,2011-02-01,Mobile App,United Kingdom
16961,CUST_16961,Male,51-65,Bronze,2009-06-22,Mobile App,United Kingdom
16963,CUST_16963,Male,18-25,Silver,2010-03-19,Mobile App,United Kingdom
16965,CUST_16965,Female,36-50,Silver,2010-04-30,Desktop Web,United Kingdom
16966,CUST_16966,Male,36-50,Bronze,2011-10-21,Desktop Web,United Kingdom
16967,CUST_16967,Female,26-35,Bronze,2009-09-26,Mobile App,United Kingdom
16968,CUST_16968,Female,26-35,Silver,2009-02-13,Desktop Web,United Kingdom
16969,CUST_16969,Male,36-50,Gold,2010-06-26,Mobile Web,United Kingdom
16971,CUST_16971,Male,36-50,Gold,2009-12-09,Mobile App,United Kingdom
16976,CUST_16976,Male,18-25,Silver,2010-03-18,Desktop Web,United Kingdom
16978,CUST_16978,Female,51-65,Bronze,2009-03-09,Desktop Web,United Kingdom
16979,CUST_16979,Male,26-35,Bronze,2009-11-06,Desktop Web,United Kingdom
16980,CUST_16980,Male,26-35,Gold,2010-04-16,Desktop Web,United Kingdom
16982,CUST_16982,Male,26-35,Bronze,2010-01-01,Desktop Web,United Kingdom
16983,CUST_16983,Male,18-25,Platinum,2011-05-13,Tablet,United Kingdom
16984,CUST_16984,Male,18-25,Silver,2011-03-09,Mobile App,United Kingdom
16985,CUST_16985,Male,65+,Silver,2010-10-03,Desktop Web,United Kingdom
16986,CUST_16986,Male,26-35,Bronze,2010-08-26,Mobile App,United Kingdom
16987,CUST_16987,Non-Binary,18-25,Silver,2011-06-23,Mobile App,United Kingdom
16988,CUST_16988,Male,18-25,Silver,2011-07-31,Mobile App,United Kingdom
16989,CUST_16989,Female,36-50,Bronze,2011-06-27,Mobile App,United Kingdom
16990,CUST_16990,Male,51-65,Bronze,2010-09-24,Tablet,United Kingdom
16992,CUST_16992,Female,26-35,Gold,2010-12-16,Mobile Web,United Kingdom
16995,CUST_16995,Female,18-25,Silver,2010-05-05,Mobile App,United Kingdom
16996,CUST_16996,Male,26-35,Bronze,2009-08-09,Desktop Web,United Kingdom
16997,CUST_16997,Male,18-25,Bronze,2011-07-08,Desktop Web,United Kingdom
16998,CUST_16998,Male,18-25,Silver,2011-02-16,Mobile Web,United Kingdom
16999,CUST_16999,Female,26-35,Silver,2010-07-12,Desktop Web,United Kingdom
17001,CUST_17001,Male,26-35,Silver,2010-11-07,Mobile App,United Kingdom
17002,CUST_17002,Female,36-50,Silver,2010-02-19,Desktop Web,United Kingdom
17004,CUST_17004,Non-Binary,26-35,Bronze,2009-06-12,Desktop Web,United Kingdom
17006,CUST_17006,Non-Binary,51-65,Silver,2011-02-21,Desktop Web,United Kingdom
17007,CUST_17007,Male,51-65,Bronze,2009-03-15,Mobile Web,United Kingdom
17010,CUST_17010,Male,36-50,Platinum,2010-02-21,Mobile Web,United Kingdom
17011,CUST_17011,Male,26-35,Silver,2011-04-05,Desktop Web,United Kingdom
17014,CUST_17014,Male,26-35,Bronze,2010-10-02,Desktop Web,United Kingdom
17015,CUST_17015,Female,26-35,Bronze,2011-05-02,Tablet,United Kingdom
17017,CUST_17017,Female,36-50,Gold,2010-01-24,Mobile App,United Kingdom
17018,CUST_17018,Male,26-35,Bronze,2010-02-10,Mobile App,United Kingdom
17019,CUST_17019,Male,51-65,Bronze,2009-06-20,Mobile App,United Kingdom
17022,CUST_17022,Female,51-65,Silver,2009-08-18,Mobile Web,United Kingdom
17024,CUST_17024,Male,26-35,Bronze,2010-08-26,Desktop Web,United Kingdom
17025,CUST_17025,Female,36-50,Gold,2010-11-09,Mobile App,United Kingdom
17026,CUST_17026,Female,18-25,Bronze,2011-07-17,Tablet,United Kingdom
17027,CUST_17027,Male,26-35,Gold,2011-07-14,Desktop Web,United Kingdom
17029,CUST_17029,Male,26-35,Bronze,2009-07-21,Mobile Web,United Kingdom
17030,CUST_17030,Male,26-35,Bronze,2011-08-21,Mobile App,United Kingdom
17031,CUST_17031,Female,51-65,Gold,2011-08-07,Desktop Web,United Kingdom
17033,CUST_17033,Female,26-35,Silver,2009-01-31,Desktop Web,United Kingdom
17034,CUST_17034,Male,26-35,Bronze,2010-09-03,Desktop Web,United Kingdom
17035,CUST_17035,Male,36-50,Bronze,2009-03-29,Desktop Web,United Kingdom
17037,CUST_17037,Female,36-50,Silver,2010-03-08,Mobile Web,United Kingdom
17038,CUST_17038,Male,26-35,Silver,2011-01-21,Mobile App,United Kingdom
17040,CUST_17040,Female,51-65,Platinum,2009-08-29,Mobile Web,United Kingdom
17041,CUST_17041,Male,36-50,Platinum,2010-04-02,Mobile App,United Kingdom
17042,CUST_17042,Male,26-35,Silver,2009-05-05,Mobile App,United Kingdom
17043,CUST_17043,Female,18-25,Bronze,2011-05-25,Mobile App,United Kingdom
17044,CUST_17044,Female,26-35,Silver,2009-10-24,Mobile App,United Kingdom
17045,CUST_17045,Male,51-65,Silver,2009-02-02,Mobile App,United Kingdom
17046,CUST_17046,Male,36-50,Bronze,2009-01-27,Mobile Web,United Kingdom
17047,CUST_17047,Male,51-65,Bronze,2009-03-10,Desktop Web,United Kingdom
17048,CUST_17048,Male,26-35,Bronze,2011-09-29,Mobile App,United Kingdom
17049,CUST_17049,Male,18-25,Bronze,2010-01-02,Desktop Web,United Kingdom
17050,CUST_17050,Male,18-25,Bronze,2010-05-04,Mobile App,United Kingdom
17051,CUST_17051,Male,26-35,Silver,2011-07-13,Mobile App,United Kingdom
17052,CUST_17052,Female,36-50,Gold,2010-05-01,Desktop Web,United Kingdom
17053,CUST_17053,Female,36-50,Silver,2011-06-08,Desktop Web,United Kingdom
17054,CUST_17054,Female,26-35,Bronze,2010-03-24,Desktop Web,United Kingdom
17058,CUST_17058,Male,26-35,Bronze,2010-12-30,Mobile App,United Kingdom
17059,CUST_17059,Female,26-35,Silver,2011-02-05,Desktop Web,United Kingdom
17060,CUST_17060,Male,26-35,Bronze,2010-08-09,Desktop Web,United Kingdom
17061,CUST_17061,Male,26-35,Silver,2010-12-25,Tablet,United Kingdom
17062,CUST_17062,Male,18-25,Platinum,2009-08-14,Mobile App,United Kingdom
17063,CUST_17063,Female,26-35,Bronze,2010-02-03,Desktop Web,United Kingdom
17064,CUST_17064,Female,18-25,Bronze,2011-07-06,Desktop Web,United Kingdom
17065,CUST_17065,Female,26-35,Silver,2010-05-07,Tablet,United Kingdom
17068,CUST_17068,Female,18-25,Platinum,2011-02-14,Mobile App,United Kingdom
17069,CUST_17069,Female,36-50,Gold,2009-05-17,Desktop Web,United Kingdom
17070,CUST_17070,Male,26-35,Gold,2010-07-04,Mobile App,United Kingdom
17071,CUST_17071,Male,65+,Bronze,2011-09-14,Desktop Web,United Kingdom
17073,CUST_17073,Male,26-35,Platinum,2010-01-29,Mobile App,United Kingdom
17075,CUST_17075,Male,26-35,Bronze,2011-08-25,Mobile App,United Kingdom
17076,CUST_17076,Female,26-35,Bronze,2009-09-28,Desktop Web,United Kingdom
17078,CUST_17078,Male,18-25,Gold,2011-09-12,Mobile App,United Kingdom
17079,CUST_17079,Male,51-65,Gold,2010-05-16,Mobile App,United Kingdom
17080,CUST_17080,Female,18-25,Bronze,2010-02-14,Mobile App,United Kingdom
17081,CUST_17081,Male,51-65,Bronze,2009-01-24,Mobile App,United Kingdom
17082,CUST_17082,Female,51-65,Bronze,2011-07-09,Tablet,United Kingdom
17083,CUST_17083,Male,36-50,Bronze,2011-07-11,Desktop Web,United Kingdom
17084,CUST_17084,Non-Binary,36-50,Bronze,2009-03-24,Mobile Web,United Kingdom
17085,CUST_17085,Female,36-50,Platinum,2011-07-19,Mobile App,United Kingdom
17086,CUST_17086,Male,26-35,Silver,2011-04-14,Mobile Web,United Kingdom
17088,CUST_17088,Male,36-50,Gold,2011-07-24,Desktop Web,United Kingdom
17090,CUST_17090,Non-Binary,18-25,Gold,2009-05-28,Desktop Web,United Kingdom
17091,CUST_17091,Female,18-25,Silver,2010-11-22,Desktop Web,United Kingdom
17092,CUST_17092,Male,26-35,Gold,2011-09-23,Desktop Web,United Kingdom
17094,CUST_17094,Female,36-50,Silver,2010-03-22,Desktop Web,United Kingdom
17095,CUST_17095,Female,51-65,Bronze,2010-04-19,Mobile App,United Kingdom
17096,CUST_17096,Female,18-25,Silver,2010-12-05,Mobile App,United Kingdom
17097,CUST_17097,Non-Binary,51-65,Silver,2010-03-20,Desktop Web,Spain
17100,CUST_17100,Male,26-35,Gold,2010-04-11,Desktop Web,United Kingdom
17101,CUST_17101,Male,26-35,Platinum,2009-10-28,Mobile App,United Kingdom
17102,CUST_17102,Male,26-35,Bronze,2009-09-08,Mobile App,United Kingdom
17105,CUST_17105,Female,26-35,Gold,2009-10-17,Desktop Web,United Kingdom
17107,CUST_17107,Female,26-35,Bronze,2009-06-13,Mobile Web,United Kingdom
17109,CUST_17109,Female,36-50,Gold,2010-10-22,Mobile App,United Kingdom
17110,CUST_17110,Female,51-65,Bronze,2010-10-20,Mobile App,United Kingdom
17111,CUST_17111,Female,26-35,Bronze,2010-04-05,Mobile Web,United Kingdom
17114,CUST_17114,Female,26-35,Bronze,2009-10-15,Desktop Web,United Kingdom
17115,CUST_17115,Female,51-65,Silver,2010-10-17,Mobile App,United Kingdom
17117,CUST_17117,Female,36-50,Bronze,2009-06-27,Mobile Web,United Kingdom
17118,CUST_17118,Female,26-35,Gold,2011-02-06,Desktop Web,United Kingdom
17119,CUST_17119,Female,26-35,Bronze,2011-02-13,Desktop Web,United Kingdom
17120,CUST_17120,Non-Binary,51-65,Platinum,2009-11-06,Tablet,United Kingdom
17122,CUST_17122,Male,36-50,Silver,2009-01-13,Mobile Web,United Kingdom
17123,CUST_17123,Male,26-35,Bronze,2009-07-27,Mobile App,United Kingdom
17124,CUST_17124,Female,26-35,Bronze,2011-07-25,Mobile App,United Kingdom
17125,CUST_17125,Female,51-65,Silver,2010-09-15,Mobile App,United Kingdom
17126,CUST_17126,Male,18-25,Silver,2010-04-03,Mobile App,United Kingdom
17128,CUST_17128,Female,65+,Silver,2011-05-07,Mobile App,United Kingdom
17131,CUST_17131,Female,18-25,Bronze,2011-09-27,Mobile App,United Kingdom
17133,CUST_17133,Female,36-50,Silver,2010-12-17,Mobile Web,United Kingdom
17134,CUST_17134,Female,26-35,Platinum,2011-04-28,Mobile Web,United Kingdom
17135,CUST_17135,Female,26-35,Bronze,2010-09-14,Desktop Web,United Kingdom
17138,CUST_17138,Female,51-65,Bronze,2010-03-25,Desktop Web,United Kingdom
17139,CUST_17139,Male,26-35,Bronze,2009-11-17,Mobile App,United Kingdom
17140,CUST_17140,Female,36-50,Gold,2009-12-21,Mobile App,United Kingdom
17142,CUST_17142,Female,18-25,Gold,2010-09-23,Mobile App,United Kingdom
17144,CUST_17144,Male,18-25,Bronze,2009-04-29,Desktop Web,United Kingdom
17146,CUST_17146,Female,26-35,Bronze,2011-09-02,Mobile App,United Kingdom
17147,CUST_17147,Female,36-50,Bronze,2010-08-06,Mobile Web,United Kingdom
17148,CUST_17148,Male,18-25,Bronze,2011-02-27,Desktop Web,United Kingdom
17152,CUST_17152,Female,18-25,Bronze,2011-03-17,Mobile App,United Kingdom
17153,CUST_17153,Female,26-35,Platinum,2011-02-13,Mobile App,United Kingdom
17154,CUST_17154,Female,36-50,Silver,2011-03-24,Desktop Web,United Kingdom
17155,CUST_17155,Female,36-50,Bronze,2011-07-22,Mobile Web,United Kingdom
17157,CUST_17157,Male,26-35,Gold,2010-07-09,Desktop Web,United Kingdom
17158,CUST_17158,Male,18-25,Silver,2009-09-28,Mobile App,United Kingdom
17159,CUST_17159,Female,51-65,Silver,2009-05-25,Desktop Web,United Kingdom
17160,CUST_17160,Male,26-35,Bronze,2009-03-29,Mobile App,United Kingdom
17162,CUST_17162,Female,51-65,Bronze,2011-03-24,Tablet,United Kingdom
17163,CUST_17163,Female,51-65,Platinum,2011-01-03,Desktop Web,United Kingdom
17164,CUST_17164,Male,36-50,Silver,2009-06-17,Desktop Web,United Kingdom
17165,CUST_17165,Female,26-35,Bronze,2009-08-02,Mobile App,United Kingdom
17166,CUST_17166,Female,51-65,Silver,2009-01-09,Desktop Web,United Kingdom
17169,CUST_17169,Female,36-50,Gold,2009-08-19,Mobile App,United Kingdom
17171,CUST_17171,Female,36-50,Bronze,2010-04-30,Mobile App,United Kingdom
17172,CUST_17172,Female,26-35,Silver,2009-04-08,Mobile App,United Kingdom
17173,CUST_17173,Male,26-35,Platinum,2011-03-12,Mobile Web,United Kingdom
17174,CUST_17174,Female,18-25,Bronze,2011-10-16,Desktop Web,United Kingdom
17175,CUST_17175,Female,36-50,Silver,2009-03-26,Mobile App,United Kingdom
17176,CUST_17176,Female,36-50,Silver,2010-01-16,Mobile Web,United Kingdom
17179,CUST_17179,Male,26-35,Silver,2011-10-24,Mobile App,United Kingdom
17180,CUST_17180,Male,26-35,Bronze,2009-02-23,Mobile App,United Kingdom
17181,CUST_17181,Male,26-35,Bronze,2009-08-18,Mobile App,United Kingdom
17183,CUST_17183,Male,36-50,Silver,2009-04-07,Desktop Web,United Kingdom
17186,CUST_17186,Male,51-65,Bronze,2011-09-28,Desktop Web,United Kingdom
17187,CUST_17187,Female,26-35,Bronze,2009-06-29,Desktop Web,United Kingdom
17188,CUST_17188,Male,26-35,Bronze,2010-01-09,Desktop Web,United Kingdom
17189,CUST_17189,Male,18-25,Bronze,2009-05-03,Mobile App,United Kingdom
17190,CUST_17190,Non-Binary,36-50,Platinum,2011-07-14,Desktop Web,United Kingdom
17191,CUST_17191,Male,36-50,Bronze,2010-07-21,Mobile App,United Kingdom
17193,CUST_17193,Female,51-65,Platinum,2011-05-02,Desktop Web,United Kingdom
17194,CUST_17194,Female,26-35,Bronze,2009-08-27,Desktop Web,United Kingdom
17197,CUST_17197,Female,65+,Silver,2011-05-30,Desktop Web,United Kingdom
17198,CUST_17198,Male,18-25,Bronze,2010-04-09,Desktop Web,United Kingdom
17201,CUST_17201,Female,36-50,Gold,2010-01-10,Desktop Web,United Kingdom
17203,CUST_17203,Female,18-25,Gold,2010-07-22,Mobile App,United Kingdom
17204,CUST_17204,Male,51-65,Bronze,2009-08-01,Mobile Web,United Kingdom
17205,CUST_17205,Female,36-50,Gold,2010-07-27,Mobile App,United Kingdom
17206,CUST_17206,Male,36-50,Bronze,2011-08-18,Mobile App,United Kingdom
17211,CUST_17211,Female,51-65,Silver,2011-08-17,Desktop Web,United Kingdom
17212,CUST_17212,Female,26-35,Platinum,2011-01-08,Desktop Web,United Kingdom
17213,CUST_17213,Female,18-25,Gold,2011-01-01,Mobile App,United Kingdom
17214,CUST_17214,Male,51-65,Platinum,2010-12-27,Mobile Web,United Kingdom
17217,CUST_17217,Female,26-35,Bronze,2011-08-02,Tablet,United Kingdom
17218,CUST_17218,Female,18-25,Bronze,2009-01-20,Desktop Web,United Kingdom
17219,CUST_17219,Male,26-35,Bronze,2010-12-13,Desktop Web,United Kingdom
17220,CUST_17220,Female,36-50,Silver,2009-06-24,Desktop Web,United Kingdom
17221,CUST_17221,Male,18-25,Gold,2009-04-25,Mobile App,United Kingdom
17222,CUST_17222,Male,26-35,Bronze,2010-11-25,Desktop Web,United Kingdom
17223,CUST_17223,Female,18-25,Silver,2010-02-04,Mobile Web,United Kingdom
17226,CUST_17226,Male,26-35,Bronze,2009-07-16,Tablet,United Kingdom
17227,CUST_17227,Female,51-65,Bronze,2010-08-01,Mobile Web,United Kingdom
17228,CUST_17228,Male,65+,Silver,2009-01-12,Mobile App,United Kingdom
17229,CUST_17229,Female,36-50,Silver,2010-11-07,Mobile App,United Kingdom
17230,CUST_17230,Male,26-35,Gold,2009-03-05,Mobile App,United Kingdom
17231,CUST_17231,Female,51-65,Bronze,2010-08-12,Mobile App,United Kingdom
17232,CUST_17232,Male,36-50,Gold,2009-01-04,Mobile App,United Kingdom
17233,CUST_17233,Female,26-35,Bronze,2010-06-30,Mobile App,United Kingdom
17234,CUST_17234,Female,51-65,Bronze,2011-01-04,Desktop Web,United Kingdom
17235,CUST_17235,Female,36-50,Silver,2009-06-21,Desktop Web,United Kingdom
17236,CUST_17236,Female,36-50,Gold,2010-08-18,Desktop Web,United Kingdom
17237,CUST_17237,Male,36-50,Bronze,2010-07-04,Mobile Web,United Kingdom
17238,CUST_17238,Female,26-35,Bronze,2009-11-25,Mobile App,United Kingdom
17239,CUST_17239,Male,26-35,Silver,2009-05-17,Mobile App,United Kingdom
17242,CUST_17242,Male,36-50,Bronze,2010-08-03,Desktop Web,United Kingdom
17243,CUST_17243,Male,26-35,Gold,2010-06-30,Desktop Web,United Kingdom
17244,CUST_17244,Female,26-35,Gold,2010-04-25,Desktop Web,United Kingdom
17245,CUST_17245,Female,36-50,Bronze,2009-05-11,Mobile App,United Kingdom
17247,CUST_17247,Male,36-50,Silver,2009-12-28,Mobile App,United Kingdom
17248,CUST_17248,Female,26-35,Gold,2009-08-11,Desktop Web,United Kingdom
17250,CUST_17250,Female,36-50,Bronze,2010-01-23,Mobile Web,United Kingdom
17251,CUST_17251,Male,51-65,Silver,2011-06-09,Mobile Web,United Kingdom
17252,CUST_17252,Male,36-50,Bronze,2010-06-17,Desktop Web,United Kingdom
17253,CUST_17253,Male,26-35,Silver,2010-06-03,Desktop Web,United Kingdom
17254,CUST_17254,Female,26-35,Bronze,2010-07-07,Mobile Web,United Kingdom
17255,CUST_17255,Male,26-35,Gold,2009-11-04,Desktop Web,United Kingdom
17256,CUST_17256,Female,18-25,Bronze,2010-01-24,Desktop Web,United Kingdom
17259,CUST_17259,Female,26-35,Bronze,2010-06-30,Mobile Web,United Kingdom
17262,CUST_17262,Male,26-35,Gold,2010-10-14,Desktop Web,United Kingdom
17263,CUST_17263,Female,26-35,Bronze,2009-01-04,Mobile Web,United Kingdom
17265,CUST_17265,Female,51-65,Bronze,2010-11-27,Mobile App,United Kingdom
17266,CUST_17266,Female,18-25,Bronze,2009-05-31,Desktop Web,United Kingdom
17267,CUST_17267,Male,36-50,Bronze,2009-04-22,Mobile Web,United Kingdom
17268,CUST_17268,Male,36-50,Gold,2009-06-27,Mobile App,United Kingdom
17272,CUST_17272,Male,18-25,Gold,2011-08-27,Desktop Web,United Kingdom
17274,CUST_17274,Male,51-65,Bronze,2009-06-01,Mobile App,United Kingdom
17277,CUST_17277,Female,36-50,Silver,2011-05-05,Mobile Web,United Kingdom
17278,CUST_17278,Female,26-35,Silver,2010-05-28,Desktop Web,United Kingdom
17279,CUST_17279,Female,36-50,Gold,2009-02-22,Mobile App,United Kingdom
17282,CUST_17282,Female,26-35,Bronze,2011-02-14,Desktop Web,United Kingdom
17284,CUST_17284,Female,36-50,Silver,2010-07-22,Desktop Web,United Kingdom
17286,CUST_17286,Male,18-25,Silver,2011-03-18,Desktop Web,United Kingdom
17287,CUST_17287,Female,51-65,Silver,2010-05-20,Mobile App,United Kingdom
17288,CUST_17288,Female,26-35,Silver,2009-09-17,Mobile Web,United Kingdom
17289,CUST_17289,Female,36-50,Bronze,2010-05-26,Desktop Web,United Kingdom
17290,CUST_17290,Female,26-35,Gold,2009-01-26,Desktop Web,United Kingdom
17291,CUST_17291,Male,36-50,Silver,2009-10-07,Mobile App,United Kingdom
17293,CUST_17293,Female,36-50,Platinum,2011-04-25,Mobile Web,United Kingdom
17295,CUST_17295,Female,26-35,Bronze,2010-08-23,Mobile App,United Kingdom
17297,CUST_17297,Male,36-50,Silver,2010-12-15,Desktop Web,United Kingdom
17298,CUST_17298,Female,26-35,Platinum,2011-02-06,Mobile Web,United Kingdom
17299,CUST_17299,Female,51-65,Silver,2010-10-21,Mobile App,United Kingdom
17301,CUST_17301,Female,26-35,Gold,2009-07-20,Desktop Web,United Kingdom
17302,CUST_17302,Male,51-65,Gold,2010-07-23,Mobile App,United Kingdom
17303,CUST_17303,Non-Binary,51-65,Bronze,2011-01-11,Desktop Web,United Kingdom
17306,CUST_17306,Male,26-35,Silver,2010-02-07,Desktop Web,United Kingdom
17307,CUST_17307,Female,26-35,Bronze,2010-07-29,Mobile Web,United Kingdom
17309,CUST_17309,Male,26-35,Silver,2009-01-20,Mobile Web,United Kingdom
17311,CUST_17311,Female,51-65,Bronze,2011-09-25,Desktop Web,United Kingdom
17312,CUST_17312,Female,26-35,Silver,2011-07-27,Desktop Web,United Kingdom
17313,CUST_17313,Female,36-50,Silver,2011-07-22,Desktop Web,United Kingdom
17314,CUST_17314,Female,51-65,Bronze,2011-07-28,Mobile App,United Kingdom
17315,CUST_17315,Female,26-35,Bronze,2009-11-01,Desktop Web,United Kingdom
17317,CUST_17317,Male,36-50,Platinum,2009-09-23,Mobile Web,United Kingdom
17320,CUST_17320,Male,26-35,Bronze,2010-12-10,Mobile App,United Kingdom
17321,CUST_17321,Female,18-25,Bronze,2011-06-02,Mobile App,United Kingdom
17323,CUST_17323,Female,36-50,Bronze,2009-03-12,Mobile App,United Kingdom
17324,CUST_17324,Female,18-25,Platinum,2010-08-28,Mobile App,United Kingdom
17325,CUST_17325,Female,26-35,Platinum,2011-07-04,Mobile App,United Kingdom
17329,CUST_17329,Male,51-65,Silver,2009-09-21,Desktop Web,United Kingdom
17330,CUST_17330,Female,26-35,Gold,2009-09-23,Desktop Web,United Kingdom
17331,CUST_17331,Male,65+,Bronze,2010-10-31,Desktop Web,United Kingdom
17333,CUST_17333,Female,65+,Platinum,2010-07-22,Mobile App,United Kingdom
17334,CUST_17334,Female,26-35,Bronze,2009-01-21,Desktop Web,United Kingdom
17337,CUST_17337,Female,18-25,Bronze,2009-12-04,Mobile Web,United Kingdom
17338,CUST_17338,Female,36-50,Bronze,2010-02-07,Tablet,United Kingdom
17339,CUST_17339,Female,26-35,Silver,2010-06-23,Desktop Web,United Kingdom
17340,CUST_17340,Male,18-25,Gold,2011-10-29,Mobile App,United Kingdom
17341,CUST_17341,Female,36-50,Bronze,2011-07-17,Tablet,United Kingdom
17343,CUST_17343,Male,18-25,Platinum,2011-10-07,Desktop Web,United Kingdom
17344,CUST_17344,Female,51-65,Bronze,2010-08-22,Mobile App,United Kingdom
17345,CUST_17345,Female,18-25,Bronze,2011-08-27,Mobile App,United Kingdom
17346,CUST_17346,Female,18-25,Silver,2009-05-17,Mobile App,United Kingdom
17347,CUST_17347,Male,26-35,Silver,2010-03-18,Mobile App,United Kingdom
17348,CUST_17348,Female,65+,Gold,2011-02-26,Mobile App,United Kingdom
17349,CUST_17349,Male,36-50,Silver,2010-09-24,Mobile Web,United Kingdom
17350,CUST_17350,Female,51-65,Silver,2010-04-26,Desktop Web,United Kingdom
17351,CUST_17351,Male,26-35,Bronze,2009-11-14,Desktop Web,United Kingdom
17353,CUST_17353,Female,26-35,Silver,2010-06-10,Mobile Web,United Kingdom
17354,CUST_17354,Male,26-35,Platinum,2011-10-26,Desktop Web,United Kingdom
17356,CUST_17356,Male,26-35,Bronze,2010-08-12,Mobile Web,United Kingdom
17357,CUST_17357,Male,36-50,Gold,2010-07-04,Tablet,United Kingdom
17358,CUST_17358,Female,36-50,Silver,2011-07-08,Mobile App,United Kingdom
17359,CUST_17359,Female,26-35,Bronze,2009-05-03,Tablet,United Kingdom
17360,CUST_17360,Female,51-65,Platinum,2009-06-02,Desktop Web,United Kingdom
17361,CUST_17361,Male,26-35,Silver,2010-04-09,Mobile App,United Kingdom
17362,CUST_17362,Male,65+,Bronze,2010-08-02,Desktop Web,United Kingdom
17364,CUST_17364,Male,18-25,Bronze,2010-07-12,Desktop Web,United Kingdom
17365,CUST_17365,Female,26-35,Bronze,2011-02-11,Mobile Web,United Kingdom
17367,CUST_17367,Female,26-35,Gold,2010-10-10,Mobile App,United Kingdom
17368,CUST_17368,Female,26-35,Silver,2009-06-29,Desktop Web,United Kingdom
17370,CUST_17370,Male,36-50,Gold,2010-11-26,Mobile App,United Kingdom
17371,CUST_17371,Male,26-35,Bronze,2009-01-22,Mobile App,United Kingdom
17372,CUST_17372,Male,26-35,Bronze,2009-05-12,Mobile App,United Kingdom
17373,CUST_17373,Female,36-50,Bronze,2010-08-09,Desktop Web,United Kingdom
17374,CUST_17374,Male,36-50,Silver,2009-06-27,Mobile Web,United Kingdom
17375,CUST_17375,Male,51-65,Platinum,2011-03-15,Mobile App,United Kingdom
17376,CUST_17376,Female,26-35,Silver,2010-12-13,Desktop Web,United Kingdom
17377,CUST_17377,Male,36-50,Bronze,2010-05-07,Mobile App,United Kingdom
17379,CUST_17379,Male,36-50,Gold,2009-02-08,Mobile App,United Kingdom
17381,CUST_17381,Male,26-35,Gold,2009-06-01,Desktop Web,United Kingdom
17382,CUST_17382,Male,26-35,Bronze,2009-12-25,Mobile App,United Kingdom
17383,CUST_17383,Female,26-35,Gold,2010-06-15,Desktop Web,United Kingdom
17384,CUST_17384,Female,18-25,Bronze,2009-06-22,Mobile App,United Kingdom
17385,CUST_17385,Male,26-35,Bronze,2009-08-13,Mobile App,United Kingdom
17386,CUST_17386,Female,18-25,Bronze,2011-10-20,Desktop Web,United Kingdom
17387,CUST_17387,Male,36-50,Silver,2010-09-07,Desktop Web,United Kingdom
17388,CUST_17388,Male,36-50,Bronze,2010-03-30,Mobile App,United Kingdom
17389,CUST_17389,Male,65+,Bronze,2010-04-17,Desktop Web,United Kingdom
17391,CUST_17391,Non-Binary,36-50,Bronze,2009-03-31,Mobile Web,United Kingdom
17392,CUST_17392,Female,18-25,Gold,2011-02-15,Desktop Web,United Kingdom
17394,CUST_17394,Female,51-65,Platinum,2011-02-01,Mobile App,United Kingdom
17396,CUST_17396,Female,51-65,Gold,2009-03-16,Desktop Web,United Kingdom
17397,CUST_17397,Female,26-35,Bronze,2010-08-01,Desktop Web,United Kingdom
17398,CUST_17398,Female,36-50,Bronze,2011-01-31,Mobile App,United Kingdom
17400,CUST_17400,Female,65+,Bronze,2011-02-08,Mobile Web,United Kingdom
17402,CUST_17402,Male,36-50,Bronze,2010-08-02,Mobile Web,United Kingdom
17403,CUST_17403,Male,51-65,Silver,2010-12-04,Mobile Web,United Kingdom
17404,CUST_17404,Female,18-25,Silver,2009-05-05,Mobile Web,Sweden
17405,CUST_17405,Female,26-35,Silver,2011-09-27,Desktop Web,United Kingdom
17406,CUST_17406,Male,26-35,Silver,2009-04-01,Desktop Web,United Kingdom
17408,CUST_17408,Female,36-50,Bronze,2009-09-08,Desktop Web,United Kingdom
17409,CUST_17409,Female,51-65,Bronze,2010-02-09,Mobile Web,United Kingdom
17410,CUST_17410,Female,65+,Silver,2009-02-04,Desktop Web,United Kingdom
17411,CUST_17411,Male,26-35,Bronze,2009-05-04,Mobile App,United Kingdom
17412,CUST_17412,Female,18-25,Bronze,2010-10-17,Mobile App,United Kingdom
17414,CUST_17414,Male,51-65,Bronze,2011-09-17,Mobile Web,United Kingdom
17415,CUST_17415,Female,36-50,Bronze,2009-03-07,Mobile App,United Kingdom
17416,CUST_17416,Female,26-35,Bronze,2009-02-08,Desktop Web,United Kingdom
17418,CUST_17418,Female,26-35,Gold,2011-05-07,Tablet,United Kingdom
17419,CUST_17419,Female,36-50,Gold,2010-09-14,Desktop Web,United Kingdom
17420,CUST_17420,Male,36-50,Bronze,2010-04-23,Tablet,United Kingdom
17422,CUST_17422,Male,26-35,Bronze,2009-01-25,Desktop Web,United Kingdom
17423,CUST_17423,Male,26-35,Silver,2011-04-22,Mobile App,United Kingdom
17425,CUST_17425,Male,65+,Bronze,2009-07-13,Mobile Web,United Kingdom
17426,CUST_17426,Male,36-50,Bronze,2009-01-24,Mobile App,United Kingdom
17427,CUST_17427,Male,26-35,Bronze,2009-09-26,Mobile App,United Kingdom
17428,CUST_17428,Male,26-35,Bronze,2010-09-26,Mobile App,United Kingdom
17429,CUST_17429,Female,36-50,Gold,2009-10-29,Mobile App,United Kingdom
17430,CUST_17430,Female,26-35,Gold,2009-08-27,Mobile App,United Kingdom
17431,CUST_17431,Female,26-35,Bronze,2010-05-18,Mobile App,United Kingdom
17432,CUST_17432,Male,36-50,Bronze,2011-08-04,Desktop Web,United Kingdom
17433,CUST_17433,Female,26-35,Bronze,2011-10-27,Mobile Web,United Kingdom
17434,CUST_17434,Female,36-50,Bronze,2010-04-06,Mobile App,United Kingdom
17436,CUST_17436,Male,18-25,Platinum,2009-07-24,Mobile App,United Kingdom
17438,CUST_17438,Male,36-50,Silver,2009-06-16,Desktop Web,United Kingdom
17440,CUST_17440,Male,26-35,Silver,2009-03-25,Desktop Web,United Kingdom
17442,CUST_17442,Female,18-25,Gold,2011-04-13,Mobile Web,United Kingdom
17443,CUST_17443,Male,18-25,Gold,2009-11-18,Mobile App,Canada
17444,CUST_17444,Female,51-65,Gold,2011-01-15,Mobile Web,Canada
17446,CUST_17446,Female,51-65,Bronze,2011-10-26,Desktop Web,United Kingdom
17447,CUST_17447,Female,26-35,Bronze,2009-10-07,Desktop Web,United Kingdom
17448,CUST_17448,Female,36-50,Silver,2010-02-05,Mobile App,United Kingdom
17449,CUST_17449,Female,36-50,Bronze,2010-12-05,Mobile App,United Kingdom
17450,CUST_17450,Male,65+,Platinum,2010-11-28,Mobile App,United Kingdom
17451,CUST_17451,Female,26-35,Silver,2010-10-06,Mobile App,United Kingdom
17453,CUST_17453,Male,36-50,Platinum,2011-10-20,Desktop Web,United Kingdom
17454,CUST_17454,Male,18-25,Bronze,2010-11-27,Mobile Web,United Kingdom
17455,CUST_17455,Female,26-35,Gold,2010-01-20,Desktop Web,United Kingdom
17456,CUST_17456,Female,65+,Bronze,2011-04-18,Desktop Web,United Kingdom
17457,CUST_17457,Female,36-50,Platinum,2009-04-25,Desktop Web,United Kingdom
17458,CUST_17458,Male,26-35,Bronze,2009-06-14,Mobile App,United Kingdom
17459,CUST_17459,Female,18-25,Silver,2010-12-31,Tablet,United Kingdom
17460,CUST_17460,Female,36-50,Gold,2010-12-18,Desktop Web,United Kingdom
17461,CUST_17461,Female,36-50,Bronze,2009-05-29,Mobile App,United Kingdom
17462,CUST_17462,Male,26-35,Silver,2010-07-12,Mobile App,United Kingdom
17463,CUST_17463,Male,65+,Platinum,2009-01-18,Desktop Web,United Kingdom
17464,CUST_17464,Female,18-25,Bronze,2009-12-20,Desktop Web,United Kingdom
17466,CUST_17466,Male,26-35,Silver,2010-03-20,Mobile App,United Kingdom
17468,CUST_17468,Male,51-65,Bronze,2009-10-10,Mobile Web,United Kingdom
17469,CUST_17469,Male,26-35,Gold,2010-06-08,Desktop Web,United Kingdom
17470,CUST_17470,Male,26-35,Silver,2010-08-10,Desktop Web,United Kingdom
17472,CUST_17472,Male,36-50,Bronze,2009-05-06,Mobile App,United Kingdom
17475,CUST_17475,Male,51-65,Bronze,2009-03-07,Mobile App,United Kingdom
17480,CUST_17480,Male,18-25,Silver,2009-01-03,Mobile Web,United Kingdom
17481,CUST_17481,Female,51-65,Bronze,2009-03-01,Mobile Web,United Kingdom
17483,CUST_17483,Female,36-50,Bronze,2011-06-05,Mobile App,United Kingdom
17486,CUST_17486,Female,26-35,Silver,2011-04-20,Mobile App,United Kingdom
17489,CUST_17489,Male,36-50,Bronze,2010-05-10,Mobile App,United Kingdom
17490,CUST_17490,Male,26-35,Bronze,2010-03-13,Mobile App,United Kingdom
17491,CUST_17491,Female,26-35,Silver,2009-12-06,Desktop Web,United Kingdom
17492,CUST_17492,Male,36-50,Bronze,2009-03-02,Tablet,United Kingdom
17495,CUST_17495,Female,65+,Bronze,2011-02-19,Mobile App,United Kingdom
17496,CUST_17496,Female,18-25,Bronze,2009-07-11,Mobile App,United Kingdom
17498,CUST_17498,Non-Binary,26-35,Silver,2011-08-12,Mobile Web,United Kingdom
17499,CUST_17499,Female,26-35,Silver,2010-09-16,Mobile App,United Kingdom
17500,CUST_17500,Female,26-35,Silver,2009-02-19,Tablet,United Kingdom
17501,CUST_17501,Male,26-35,Bronze,2010-04-01,Desktop Web,United Kingdom
17502,CUST_17502,Male,18-25,Bronze,2011-03-25,Mobile Web,United Kingdom
17503,CUST_17503,Female,36-50,Bronze,2009-06-20,Mobile App,United Kingdom
17504,CUST_17504,Male,26-35,Bronze,2010-06-05,Mobile App,United Kingdom
17505,CUST_17505,Male,26-35,Platinum,2011-08-17,Desktop Web,United Kingdom
17506,CUST_17506,Female,51-65,Bronze,2011-03-14,Desktop Web,United Kingdom
17507,CUST_17507,Female,51-65,Bronze,2010-11-21,Mobile App,United Kingdom
17508,CUST_17508,Male,26-35,Bronze,2009-11-13,Tablet,Greece
17509,CUST_17509,Female,26-35,Silver,2011-05-15,Mobile Web,United Kingdom
17510,CUST_17510,Male,36-50,Silver,2010-05-25,Desktop Web,United Kingdom
17511,CUST_17511,Male,26-35,Silver,2011-02-05,Mobile App,United Kingdom
17512,CUST_17512,Non-Binary,26-35,Gold,2010-08-23,Desktop Web,United Kingdom
17513,CUST_17513,Female,36-50,Silver,2010-12-02,Desktop Web,United Kingdom
17514,CUST_17514,Male,18-25,Bronze,2010-09-10,Mobile App,United Kingdom
17515,CUST_17515,Female,18-25,Bronze,2009-06-09,Mobile Web,United Kingdom
17516,CUST_17516,Female,18-25,Silver,2010-11-16,Mobile App,United Kingdom
17517,CUST_17517,Female,26-35,Silver,2009-01-03,Mobile App,United Kingdom
17519,CUST_17519,Female,18-25,Silver,2011-01-24,Mobile App,United Kingdom
17520,CUST_17520,Male,65+,Silver,2011-01-31,Desktop Web,United Kingdom
17521,CUST_17521,Female,26-35,Silver,2010-07-29,Desktop Web,United Kingdom
17522,CUST_17522,Female,18-25,Gold,2009-07-10,Mobile App,United Kingdom
17523,CUST_17523,Male,26-35,Silver,2011-06-27,Mobile App,United Kingdom
17524,CUST_17524,Female,51-65,Gold,2010-06-03,Mobile App,United Kingdom
17525,CUST_17525,Male,36-50,Bronze,2009-09-24,Mobile App,United Kingdom
17526,CUST_17526,Female,26-35,Silver,2010-02-05,Desktop Web,United Kingdom
17527,CUST_17527,Male,51-65,Gold,2010-08-19,Mobile App,United Kingdom
17528,CUST_17528,Male,26-35,Bronze,2010-06-11,Mobile App,United Kingdom
17530,CUST_17530,Female,26-35,Gold,2009-09-16,Mobile Web,United Kingdom
17531,CUST_17531,Female,26-35,Silver,2011-08-11,Desktop Web,United Kingdom
17534,CUST_17534,Female,26-35,Bronze,2011-05-03,Desktop Web,United Kingdom
17535,CUST_17535,Male,26-35,Silver,2011-06-15,Mobile App,United Kingdom
17536,CUST_17536,Female,36-50,Bronze,2010-05-11,Mobile App,United Kingdom
17537,CUST_17537,Female,26-35,Platinum,2009-09-24,Desktop Web,United Kingdom
17538,CUST_17538,Female,36-50,Gold,2009-12-09,Mobile App,United Kingdom
17540,CUST_17540,Female,18-25,Bronze,2011-01-26,Mobile App,United Kingdom
17542,CUST_17542,Female,26-35,Bronze,2009-04-28,Mobile Web,United Kingdom
17545,CUST_17545,Male,26-35,Silver,2011-02-12,Mobile Web,United Kingdom
17547,CUST_17547,Female,51-65,Bronze,2010-05-10,Mobile App,United Kingdom
17548,CUST_17548,Female,26-35,Bronze,2011-10-02,Mobile App,United Kingdom
17549,CUST_17549,Male,36-50,Silver,2010-09-11,Tablet,United Kingdom
17550,CUST_17550,Male,26-35,Bronze,2011-08-20,Mobile App,United Kingdom
17551,CUST_17551,Female,18-25,Bronze,2010-11-23,Desktop Web,United Kingdom
17552,CUST_17552,Female,18-25,Gold,2011-05-30,Tablet,United Kingdom
17553,CUST_17553,Female,26-35,Gold,2011-07-28,Tablet,United Kingdom
17554,CUST_17554,Male,26-35,Gold,2009-06-17,Desktop Web,United Kingdom
17555,CUST_17555,Female,26-35,Gold,2010-06-21,Mobile App,United Kingdom
17556,CUST_17556,Male,36-50,Bronze,2011-05-27,Mobile App,United Kingdom
17557,CUST_17557,Male,18-25,Bronze,2009-09-03,Mobile Web,United Kingdom
17560,CUST_17560,Male,36-50,Bronze,2009-01-26,Mobile Web,United Kingdom
17561,CUST_17561,Female,26-35,Gold,2009-08-28,Desktop Web,United Kingdom
17562,CUST_17562,Female,36-50,Platinum,2010-12-01,Desktop Web,United Kingdom
17564,CUST_17564,Female,36-50,Silver,2009-05-03,Desktop Web,United Kingdom
17566,CUST_17566,Female,26-35,Gold,2009-03-08,Desktop Web,United Kingdom
17567,CUST_17567,Male,26-35,Silver,2011-02-27,Mobile Web,United Kingdom
17569,CUST_17569,Non-Binary,36-50,Bronze,2010-04-04,Desktop Web,United Kingdom
17571,CUST_17571,Male,51-65,Bronze,2010-08-05,Desktop Web,United Kingdom
17572,CUST_17572,Male,26-35,Bronze,2010-09-23,Mobile App,United Kingdom
17573,CUST_17573,Female,18-25,Bronze,2011-06-26,Desktop Web,United Kingdom
17574,CUST_17574,Female,51-65,Silver,2010-06-15,Desktop Web,United Kingdom
17576,CUST_17576,Female,26-35,Bronze,2011-03-12,Mobile App,United Kingdom
17578,CUST_17578,Male,36-50,Silver,2011-05-25,Mobile Web,United Kingdom
17579,CUST_17579,Male,26-35,Silver,2010-03-21,Desktop Web,United Kingdom
17580,CUST_17580,Male,18-25,Bronze,2009-12-30,Mobile Web,United Kingdom
17581,CUST_17581,Female,36-50,Silver,2011-09-24,Mobile App,United Kingdom
17582,CUST_17582,Female,36-50,Silver,2009-03-09,Desktop Web,United Kingdom
17584,CUST_17584,Male,26-35,Bronze,2009-10-09,Mobile App,United Kingdom
17585,CUST_17585,Female,26-35,Gold,2011-04-09,Mobile Web,United Kingdom
17588,CUST_17588,Male,36-50,Silver,2011-07-17,Mobile App,United Kingdom
17589,CUST_17589,Male,36-50,Silver,2011-10-11,Desktop Web,United Kingdom
17590,CUST_17590,Male,18-25,Gold,2011-10-18,Desktop Web,United Kingdom
17591,CUST_17591,Female,36-50,Gold,2009-08-26,Mobile App,United Kingdom
17593,CUST_17593,Female,36-50,Gold,2010-01-02,Tablet,United Kingdom
17594,CUST_17594,Female,36-50,Bronze,2011-01-13,Mobile Web,United Kingdom
17595,CUST_17595,Female,36-50,Bronze,2010-02-28,Mobile App,United Kingdom
17596,CUST_17596,Female,26-35,Bronze,2010-06-20,Mobile App,United Kingdom
17597,CUST_17597,Male,36-50,Bronze,2010-05-02,Mobile App,United Kingdom
17600,CUST_17600,Male,36-50,Gold,2009-12-10,Mobile App,United Kingdom
17601,CUST_17601,Female,18-25,Silver,2010-01-04,Mobile Web,United Kingdom
17602,CUST_17602,Female,26-35,Bronze,2009-12-14,Tablet,United Kingdom
17603,CUST_17603,Female,26-35,Bronze,2009-01-03,Mobile App,United Kingdom
17604,CUST_17604,Female,36-50,Bronze,2009-04-17,Desktop Web,United Kingdom
17608,CUST_17608,Male,26-35,Silver,2011-10-26,Desktop Web,United Kingdom
17609,CUST_17609,Female,36-50,Silver,2009-03-23,Mobile App,United Kingdom
17611,CUST_17611,Female,51-65,Gold,2010-08-06,Mobile App,United Kingdom
17612,CUST_17612,Female,36-50,Platinum,2011-02-10,Mobile App,United Kingdom
17613,CUST_17613,Male,51-65,Bronze,2010-02-28,Desktop Web,United Kingdom
17614,CUST_17614,Male,65+,Bronze,2011-02-23,Desktop Web,United Kingdom
17615,CUST_17615,Female,18-25,Bronze,2010-07-10,Desktop Web,United Kingdom
17616,CUST_17616,Female,36-50,Bronze,2011-01-30,Mobile App,United Kingdom
17618,CUST_17618,Male,26-35,Gold,2009-12-04,Mobile Web,United Kingdom
17619,CUST_17619,Male,51-65,Silver,2010-04-22,Desktop Web,United Kingdom
17620,CUST_17620,Female,26-35,Silver,2009-10-05,Mobile Web,United Kingdom
17621,CUST_17621,Male,65+,Silver,2009-07-23,Mobile App,United Kingdom
17623,CUST_17623,Male,36-50,Bronze,2010-06-22,Mobile Web,United Kingdom
17624,CUST_17624,Male,36-50,Bronze,2011-06-01,Mobile Web,United Kingdom
17625,CUST_17625,Male,18-25,Silver,2011-05-18,Mobile App,United Kingdom
17628,CUST_17628,Male,26-35,Silver,2009-02-22,Mobile App,United Kingdom
17629,CUST_17629,Female,36-50,Bronze,2010-12-11,Mobile Web,United Kingdom
17630,CUST_17630,Male,18-25,Silver,2011-07-07,Desktop Web,United Kingdom
17631,CUST_17631,Male,51-65,Gold,2011-10-12,Mobile Web,United Kingdom
17633,CUST_17633,Male,18-25,Bronze,2010-08-03,Desktop Web,United Kingdom
17634,CUST_17634,Female,36-50,Silver,2011-10-11,Desktop Web,United Kingdom
17636,CUST_17636,Male,26-35,Bronze,2010-04-21,Mobile App,United Kingdom
17637,CUST_17637,Male,36-50,Silver,2010-03-15,Mobile App,United Kingdom
17639,CUST_17639,Female,36-50,Gold,2011-02-17,Tablet,United Kingdom
17640,CUST_17640,Male,26-35,Platinum,2010-08-24,Mobile App,United Kingdom
17642,CUST_17642,Male,18-25,Bronze,2011-02-26,Mobile App,United Kingdom
17643,CUST_17643,Male,18-25,Bronze,2011-09-30,Desktop Web,United Kingdom
17644,CUST_17644,Female,36-50,Bronze,2009-01-01,Desktop Web,United Kingdom
17646,CUST_17646,Female,36-50,Bronze,2009-10-06,Mobile App,United Kingdom
17647,CUST_17647,Male,36-50,Silver,2009-06-09,Mobile App,United Kingdom
17648,CUST_17648,Female,36-50,Gold,2011-08-31,Desktop Web,United Kingdom
17649,CUST_17649,Male,26-35,Bronze,2010-09-26,Mobile App,United Kingdom
17650,CUST_17650,Female,26-35,Bronze,2009-01-02,Desktop Web,United Kingdom
17651,CUST_17651,Female,18-25,Bronze,2011-10-21,Mobile App,United Kingdom
17652,CUST_17652,Female,26-35,Silver,2009-01-10,Mobile Web,United Kingdom
17653,CUST_17653,Male,65+,Bronze,2011-09-24,Mobile Web,United Kingdom
17654,CUST_17654,Female,51-65,Bronze,2010-09-13,Desktop Web,United Kingdom
17655,CUST_17655,Female,26-35,Silver,2010-03-20,Mobile App,United Kingdom
17656,CUST_17656,Female,36-50,Bronze,2010-07-05,Desktop Web,United Kingdom
17658,CUST_17658,Female,51-65,Silver,2009-11-22,Mobile App,United Kingdom
17659,CUST_17659,Non-Binary,26-35,Gold,2009-09-08,Mobile App,United Kingdom
17660,CUST_17660,Male,18-25,Bronze,2009-02-10,Mobile Web,United Kingdom
17663,CUST_17663,Female,18-25,Silver,2010-12-10,Desktop Web,United Kingdom
17664,CUST_17664,Male,36-50,Silver,2009-06-18,Mobile Web,United Kingdom
17666,CUST_17666,Female,65+,Silver,2011-02-22,Mobile App,United Kingdom
17667,CUST_17667,Male,36-50,Bronze,2009-11-20,Mobile App,United Kingdom
17668,CUST_17668,Male,18-25,Bronze,2009-02-17,Tablet,United Kingdom
17669,CUST_17669,Male,26-35,Gold,2010-06-27,Desktop Web,United Kingdom
17670,CUST_17670,Female,36-50,Gold,2009-06-01,Desktop Web,United Kingdom
17671,CUST_17671,Male,51-65,Bronze,2010-11-18,Desktop Web,United Kingdom
17672,CUST_17672,Female,36-50,Bronze,2010-02-28,Mobile App,United Kingdom
17673,CUST_17673,Non-Binary,36-50,Bronze,2010-02-05,Desktop Web,United Kingdom
17674,CUST_17674,Female,18-25,Bronze,2011-03-21,Mobile App,United Kingdom
17675,CUST_17675,Male,51-65,Silver,2010-06-24,Desktop Web,United Kingdom
17676,CUST_17676,Male,36-50,Bronze,2010-11-25,Desktop Web,United Kingdom
17677,CUST_17677,Male,26-35,Bronze,2009-03-16,Mobile Web,United Kingdom
17678,CUST_17678,Female,36-50,Gold,2010-06-13,Desktop Web,United Kingdom
17679,CUST_17679,Male,26-35,Bronze,2011-10-10,Mobile App,United Kingdom
17680,CUST_17680,Female,18-25,Gold,2010-04-04,Desktop Web,United Kingdom
17682,CUST_17682,Male,26-35,Silver,2009-01-06,Mobile App,United Kingdom
17684,CUST_17684,Female,26-35,Bronze,2010-09-25,Mobile App,United Kingdom
17685,CUST_17685,Female,26-35,Silver,2011-08-12,Mobile App,United Kingdom
17686,CUST_17686,Male,26-35,Silver,2011-10-30,Desktop Web,United Kingdom
17690,CUST_17690,Female,36-50,Bronze,2009-04-12,Mobile App,United Kingdom
17691,CUST_17691,Female,26-35,Bronze,2009-02-06,Desktop Web,United Kingdom
17692,CUST_17692,Female,26-35,Silver,2010-04-06,Mobile Web,United Kingdom
17693,CUST_17693,Female,18-25,Gold,2011-06-24,Desktop Web,United Kingdom
17694,CUST_17694,Male,36-50,Silver,2010-09-19,Mobile App,United Kingdom
17695,CUST_17695,Male,26-35,Bronze,2009-08-05,Mobile App,United Kingdom
17696,CUST_17696,Female,26-35,Silver,2010-10-13,Desktop Web,United Kingdom
17697,CUST_17697,Female,51-65,Bronze,2010-04-23,Mobile Web,United Kingdom
17698,CUST_17698,Female,36-50,Silver,2009-01-08,Mobile App,United Kingdom
17700,CUST_17700,Female,51-65,Silver,2009-04-11,Mobile Web,United Kingdom
17701,CUST_17701,Male,26-35,Silver,2009-03-16,Desktop Web,United Kingdom
17702,CUST_17702,Male,18-25,Gold,2009-11-05,Desktop Web,United Kingdom
17703,CUST_17703,Female,36-50,Silver,2010-11-05,Tablet,United Kingdom
17704,CUST_17704,Female,26-35,Silver,2010-12-06,Desktop Web,United Kingdom
17705,CUST_17705,Female,26-35,Bronze,2011-01-13,Mobile Web,United Kingdom
17706,CUST_17706,Male,18-25,Gold,2009-11-21,Mobile App,United Kingdom
17707,CUST_17707,Non-Binary,51-65,Platinum,2011-01-03,Desktop Web,United Kingdom
17708,CUST_17708,Female,18-25,Bronze,2009-10-01,Desktop Web,United Kingdom
17709,CUST_17709,Female,51-65,Silver,2009-12-04,Mobile App,United Kingdom
17711,CUST_17711,Male,51-65,Bronze,2011-04-03,Desktop Web,United Kingdom
17712,CUST_17712,Male,26-35,Gold,2009-03-21,Mobile App,United Kingdom
17714,CUST_17714,Female,36-50,Silver,2009-07-06,Mobile App,United Kingdom
17715,CUST_17715,Female,36-50,Bronze,2009-11-15,Mobile App,United Kingdom
17716,CUST_17716,Female,51-65,Gold,2010-06-26,Desktop Web,United Kingdom
17718,CUST_17718,Male,26-35,Bronze,2009-07-24,Mobile Web,United Kingdom
17719,CUST_17719,Female,36-50,Gold,2010-05-22,Desktop Web,United Kingdom
17720,CUST_17720,Female,26-35,Silver,2011-06-01,Desktop Web,United Kingdom
17722,CUST_17722,Male,51-65,Bronze,2009-10-26,Mobile App,United Kingdom
17723,CUST_17723,Female,26-35,Bronze,2009-11-11,Mobile Web,United Kingdom
17724,CUST_17724,Male,26-35,Bronze,2009-03-29,Desktop Web,United Kingdom
17725,CUST_17725,Female,36-50,Silver,2010-03-18,Desktop Web,United Kingdom
17727,CUST_17727,Female,51-65,Silver,2009-07-18,Desktop Web,United Kingdom
17728,CUST_17728,Male,36-50,Bronze,2009-04-12,Mobile App,United Kingdom
17730,CUST_17730,Female,26-35,Bronze,2009-11-09,Desktop Web,United Kingdom
17731,CUST_17731,Non-Binary,26-35,Bronze,2009-10-14,Tablet,United Kingdom
17732,CUST_17732,Male,65+,Silver,2011-01-17,Mobile App,United Kingdom
17733,CUST_17733,Female,36-50,Silver,2010-03-31,Desktop Web,United Kingdom
17734,CUST_17734,Male,51-65,Bronze,2010-02-24,Tablet,United Kingdom
17735,CUST_17735,Female,18-25,Silver,2010-01-29,Mobile App,United Kingdom
17736,CUST_17736,Male,26-35,Bronze,2010-11-02,Mobile Web,United Kingdom
17737,CUST_17737,Female,36-50,Gold,2011-09-08,Mobile Web,United Kingdom
17738,CUST_17738,Male,51-65,Gold,2010-07-10,Desktop Web,United Kingdom
17739,CUST_17739,Female,18-25,Silver,2009-04-11,Mobile App,United Kingdom
17742,CUST_17742,Female,51-65,Gold,2010-04-11,Mobile App,United Kingdom
17744,CUST_17744,Male,36-50,Gold,2011-05-07,Mobile App,United Kingdom
17746,CUST_17746,Male,26-35,Gold,2009-08-29,Mobile Web,United Kingdom
17747,CUST_17747,Female,26-35,Silver,2011-09-25,Mobile Web,United Kingdom
17749,CUST_17749,Female,26-35,Bronze,2011-05-30,Desktop Web,United Kingdom
17750,CUST_17750,Male,36-50,Bronze,2010-07-11,Mobile App,United Kingdom
17752,CUST_17752,Male,18-25,Bronze,2011-10-25,Mobile App,United Kingdom
17754,CUST_17754,Female,26-35,Silver,2009-09-09,Desktop Web,United Kingdom
17757,CUST_17757,Female,51-65,Bronze,2011-07-16,Desktop Web,United Kingdom
17758,CUST_17758,Female,18-25,Bronze,2009-08-16,Mobile Web,United Kingdom
17759,CUST_17759,Male,26-35,Silver,2009-02-20,Desktop Web,United Kingdom
17760,CUST_17760,Female,26-35,Bronze,2009-02-17,Mobile Web,United Kingdom
17761,CUST_17761,Female,36-50,Silver,2009-04-28,Desktop Web,United Kingdom
17763,CUST_17763,Male,36-50,Gold,2010-10-05,Desktop Web,United Kingdom
17764,CUST_17764,Female,26-35,Silver,2009-07-02,Mobile App,United Kingdom
17765,CUST_17765,Female,36-50,Silver,2010-12-16,Mobile Web,United Kingdom
17767,CUST_17767,Female,36-50,Silver,2009-01-04,Desktop Web,United Kingdom
17768,CUST_17768,Female,18-25,Silver,2009-10-04,Mobile App,United Kingdom
17769,CUST_17769,Female,26-35,Bronze,2009-08-28,Mobile App,United Kingdom
17770,CUST_17770,Male,26-35,Gold,2009-09-02,Mobile App,United Kingdom
17771,CUST_17771,Female,26-35,Bronze,2009-01-13,Desktop Web,United Kingdom
17772,CUST_17772,Male,36-50,Bronze,2009-11-12,Mobile App,United Kingdom
17774,CUST_17774,Male,36-50,Gold,2011-06-22,Mobile App,United Kingdom
17775,CUST_17775,Male,26-35,Bronze,2010-03-21,Desktop Web,United Kingdom
17777,CUST_17777,Female,26-35,Bronze,2011-01-22,Mobile App,United Kingdom
17779,CUST_17779,Female,26-35,Bronze,2011-09-28,Mobile Web,United Kingdom
17781,CUST_17781,Female,36-50,Bronze,2010-01-06,Desktop Web,United Kingdom
17783,CUST_17783,Female,26-35,Bronze,2011-02-14,Desktop Web,United Kingdom
17785,CUST_17785,Female,36-50,Bronze,2009-11-17,Mobile App,United Kingdom
17786,CUST_17786,Male,26-35,Silver,2010-05-05,Mobile App,United Kingdom
17787,CUST_17787,Female,36-50,Gold,2010-02-08,Mobile App,United Kingdom
17788,CUST_17788,Female,51-65,Bronze,2009-11-13,Mobile Web,United Kingdom
17789,CUST_17789,Female,26-35,Gold,2011-04-14,Desktop Web,United Kingdom
17790,CUST_17790,Male,26-35,Bronze,2009-02-08,Mobile App,United Kingdom
17791,CUST_17791,Female,65+,Bronze,2010-01-04,Desktop Web,United Kingdom
17793,CUST_17793,Male,26-35,Bronze,2009-05-01,Mobile App,United Kingdom
17795,CUST_17795,Female,36-50,Silver,2011-01-01,Tablet,United Kingdom
17796,CUST_17796,Male,18-25,Bronze,2011-08-28,Tablet,United Kingdom
17797,CUST_17797,Male,36-50,Silver,2010-07-08,Desktop Web,United Kingdom
17799,CUST_17799,Female,18-25,Gold,2010-11-12,Desktop Web,United Kingdom
17800,CUST_17800,Female,65+,Silver,2011-07-07,Mobile Web,United Kingdom
17802,CUST_17802,Female,36-50,Silver,2011-05-17,Desktop Web,United Kingdom
17805,CUST_17805,Female,36-50,Platinum,2010-09-07,Desktop Web,United Kingdom
17806,CUST_17806,Male,36-50,Bronze,2010-01-15,Tablet,United Kingdom
17809,CUST_17809,Male,36-50,Bronze,2010-08-17,Desktop Web,United Kingdom
17811,CUST_17811,Male,26-35,Silver,2010-02-23,Desktop Web,United Kingdom
17812,CUST_17812,Male,51-65,Silver,2009-06-18,Mobile Web,United Kingdom
17813,CUST_17813,Female,65+,Bronze,2011-06-04,Desktop Web,United Kingdom
17816,CUST_17816,Female,26-35,Bronze,2011-09-23,Desktop Web,United Kingdom
17817,CUST_17817,Male,51-65,Silver,2010-12-11,Mobile App,United Kingdom
17819,CUST_17819,Female,36-50,Bronze,2011-02-20,Mobile App,United Kingdom
17820,CUST_17820,Male,36-50,Bronze,2010-01-18,Mobile App,United Kingdom
17824,CUST_17824,Female,26-35,Gold,2009-01-09,Desktop Web,United Kingdom
17827,CUST_17827,Female,26-35,Gold,2009-03-12,Desktop Web,United Kingdom
17828,CUST_17828,Non-Binary,18-25,Silver,2011-04-22,Tablet,Malta
17829,CUST_17829,Female,26-35,Silver,2009-06-13,Desktop Web,United Arab Emirates
17830,CUST_17830,Non-Binary,36-50,Gold,2009-11-27,Desktop Web,United Kingdom
17831,CUST_17831,Non-Binary,26-35,Bronze,2009-09-15,Mobile App,United Kingdom
17832,CUST_17832,Male,26-35,Bronze,2009-05-31,Mobile Web,United Kingdom
17835,CUST_17835,Male,65+,Silver,2009-06-23,Desktop Web,United Kingdom
17836,CUST_17836,Male,26-35,Gold,2009-01-09,Desktop Web,United Kingdom
17837,CUST_17837,Male,26-35,Bronze,2010-03-27,Mobile App,United Kingdom
17838,CUST_17838,Female,18-25,Platinum,2010-08-30,Desktop Web,United Kingdom
17839,CUST_17839,Female,18-25,Silver,2010-10-25,Desktop Web,United Kingdom
17841,CUST_17841,Male,36-50,Bronze,2009-09-24,Desktop Web,United Kingdom
17843,CUST_17843,Female,36-50,Bronze,2010-11-08,Mobile Web,United Kingdom
17844,CUST_17844,Female,36-50,Bronze,2011-03-01,Mobile Web,Canada
17846,CUST_17846,Female,18-25,Gold,2009-06-05,Tablet,United Kingdom
17848,CUST_17848,Male,36-50,Platinum,2009-09-18,Desktop Web,United Kingdom
17849,CUST_17849,Male,26-35,Bronze,2010-04-15,Tablet,United Kingdom
17850,CUST_17850,Female,26-35,Platinum,2010-01-16,Mobile Web,United Kingdom
17852,CUST_17852,Male,18-25,Gold,2011-09-19,Mobile App,United Kingdom
17854,CUST_17854,Male,18-25,Silver,2010-01-31,Mobile App,United Kingdom
17855,CUST_17855,Male,26-35,Silver,2011-01-02,Mobile App,United Kingdom
17856,CUST_17856,Male,18-25,Bronze,2010-12-11,Mobile App,United Kingdom
17857,CUST_17857,Male,65+,Silver,2010-05-17,Mobile App,United Kingdom
17858,CUST_17858,Female,26-35,Bronze,2010-09-25,Mobile App,United Kingdom
17859,CUST_17859,Male,18-25,Silver,2010-11-10,Desktop Web,United Kingdom
17860,CUST_17860,Female,26-35,Bronze,2011-04-09,Mobile App,United Kingdom
17861,CUST_17861,Male,36-50,Gold,2010-09-12,Mobile App,United Kingdom
17862,CUST_17862,Non-Binary,18-25,Gold,2009-07-14,Desktop Web,United Kingdom
17863,CUST_17863,Female,51-65,Bronze,2010-07-21,Mobile Web,United Kingdom
17864,CUST_17864,Female,65+,Bronze,2011-06-24,Tablet,United Kingdom
17865,CUST_17865,Male,26-35,Silver,2010-08-19,Desktop Web,United Kingdom
17866,CUST_17866,Female,26-35,Silver,2009-03-29,Desktop Web,United Kingdom
17867,CUST_17867,Male,18-25,Bronze,2009-09-25,Mobile App,United Kingdom
17869,CUST_17869,Female,36-50,Silver,2010-10-16,Mobile App,United Kingdom
17870,CUST_17870,Female,26-35,Bronze,2010-10-10,Mobile App,United Kingdom
17871,CUST_17871,Non-Binary,26-35,Bronze,2009-05-02,Mobile App,United Kingdom
17873,CUST_17873,Male,26-35,Bronze,2011-10-30,Tablet,United Kingdom
17874,CUST_17874,Male,36-50,Bronze,2009-08-31,Mobile App,United Kingdom
17877,CUST_17877,Female,26-35,Gold,2011-02-18,Mobile App,United Kingdom
17878,CUST_17878,Male,26-35,Platinum,2010-10-19,Mobile App,United Kingdom
17879,CUST_17879,Male,36-50,Bronze,2009-03-25,Desktop Web,United Kingdom
17880,CUST_17880,Male,36-50,Silver,2011-04-03,Mobile App,United Kingdom
17881,CUST_17881,Male,51-65,Bronze,2009-11-22,Desktop Web,United Kingdom
17883,CUST_17883,Male,18-25,Silver,2010-07-08,Mobile App,United Kingdom
17884,CUST_17884,Female,36-50,Bronze,2010-07-31,Mobile App,United Kingdom
17885,CUST_17885,Female,36-50,Silver,2010-12-11,Mobile App,United Kingdom
17886,CUST_17886,Male,18-25,Platinum,2009-10-25,Desktop Web,United Kingdom
17887,CUST_17887,Female,36-50,Bronze,2009-05-26,Mobile App,United Kingdom
17888,CUST_17888,Male,26-35,Gold,2009-09-05,Desktop Web,United Kingdom
17889,CUST_17889,Female,51-65,Bronze,2010-08-06,Desktop Web,United Kingdom
17890,CUST_17890,Male,18-25,Bronze,2010-12-31,Desktop Web,United Kingdom
17891,CUST_17891,Male,36-50,Bronze,2010-09-09,Mobile App,United Kingdom
17892,CUST_17892,Female,26-35,Bronze,2010-05-16,Mobile App,United Kingdom
17893,CUST_17893,Female,65+,Bronze,2009-02-25,Mobile App,United Kingdom
17894,CUST_17894,Female,26-35,Bronze,2009-03-14,Desktop Web,United Kingdom
17895,CUST_17895,Male,65+,Bronze,2010-11-07,Desktop Web,United Kingdom
17896,CUST_17896,Male,51-65,Bronze,2010-01-25,Desktop Web,United Kingdom
17897,CUST_17897,Female,26-35,Silver,2011-04-07,Desktop Web,United Kingdom
17898,CUST_17898,Male,51-65,Gold,2010-12-25,Mobile Web,United Kingdom
17899,CUST_17899,Female,65+,Bronze,2011-02-04,Desktop Web,United Kingdom
17900,CUST_17900,Female,26-35,Bronze,2009-07-28,Mobile App,United Kingdom
17901,CUST_17901,Male,26-35,Bronze,2009-09-09,Desktop Web,United Kingdom
17904,CUST_17904,Female,36-50,Gold,2011-04-28,Mobile App,United Kingdom
17905,CUST_17905,Female,26-35,Silver,2010-06-10,Desktop Web,United Kingdom
17906,CUST_17906,Female,18-25,Silver,2011-06-14,Mobile App,United Kingdom
17908,CUST_17908,Female,26-35,Bronze,2009-01-10,Mobile App,United Kingdom
17911,CUST_17911,Female,26-35,Bronze,2010-07-09,Mobile Web,United Kingdom
17912,CUST_17912,Female,26-35,Bronze,2009-04-18,Desktop Web,United Kingdom
17913,CUST_17913,Male,26-35,Platinum,2010-12-08,Mobile App,United Kingdom
17914,CUST_17914,Female,51-65,Gold,2009-04-05,Mobile App,United Kingdom
17917,CUST_17917,Male,36-50,Bronze,2010-01-06,Desktop Web,United Kingdom
17919,CUST_17919,Female,18-25,Silver,2009-09-24,Mobile Web,United Kingdom
17920,CUST_17920,Female,36-50,Bronze,2009-06-04,Desktop Web,United Kingdom
17921,CUST_17921,Male,36-50,Bronze,2009-11-18,Tablet,United Kingdom
17923,CUST_17923,Male,65+,Gold,2011-04-26,Mobile App,United Kingdom
17924,CUST_17924,Female,18-25,Silver,2009-04-02,Desktop Web,United Kingdom
17925,CUST_17925,Male,26-35,Bronze,2011-06-22,Desktop Web,United Kingdom
17926,CUST_17926,Male,51-65,Bronze,2011-06-11,Desktop Web,United Kingdom
17928,CUST_17928,Male,51-65,Gold,2010-02-11,Mobile App,United Kingdom
17929,CUST_17929,Female,36-50,Silver,2010-12-06,Desktop Web,United Kingdom
17930,CUST_17930,Female,36-50,Silver,2011-04-02,Desktop Web,United Kingdom
17931,CUST_17931,Female,18-25,Bronze,2009-04-25,Desktop Web,United Kingdom
17932,CUST_17932,Male,36-50,Bronze,2011-03-27,Desktop Web,United Kingdom
17934,CUST_17934,Female,26-35,Platinum,2011-05-05,Desktop Web,United Kingdom
17935,CUST_17935,Male,26-35,Silver,2009-05-25,Desktop Web,United Kingdom
17936,CUST_17936,Female,51-65,Bronze,2011-10-20,Mobile App,United Kingdom
17937,CUST_17937,Female,18-25,Silver,2011-04-04,Mobile App,United Kingdom
17939,CUST_17939,Male,26-35,Gold,2011-10-14,Desktop Web,United Kingdom
17940,CUST_17940,Female,51-65,Bronze,2010-10-23,Tablet,United Kingdom
17941,CUST_17941,Male,26-35,Bronze,2009-02-03,Mobile App,United Kingdom
17942,CUST_17942,Male,65+,Silver,2009-11-23,Desktop Web,United Kingdom
17946,CUST_17946,Male,65+,Silver,2009-05-08,Mobile App,United Kingdom
17947,CUST_17947,Male,36-50,Silver,2010-10-21,Mobile App,United Kingdom
17948,CUST_17948,Male,26-35,Gold,2010-07-13,Desktop Web,United Kingdom
17949,CUST_17949,Male,26-35,Bronze,2010-09-14,Desktop Web,United Kingdom
17950,CUST_17950,Male,26-35,Bronze,2010-03-21,Mobile App,United Kingdom
17951,CUST_17951,Female,26-35,Platinum,2010-04-22,Desktop Web,United Kingdom
17954,CUST_17954,Female,26-35,Bronze,2009-12-12,Mobile Web,United Kingdom
17955,CUST_17955,Female,65+,Silver,2010-10-25,Tablet,United Kingdom
17956,CUST_17956,Female,26-35,Silver,2009-06-03,Mobile App,United Kingdom
17957,CUST_17957,Male,36-50,Silver,2009-10-01,Desktop Web,United Kingdom
17958,CUST_17958,Male,18-25,Bronze,2010-03-29,Mobile App,United Kingdom
17960,CUST_17960,Male,36-50,Gold,2010-05-21,Mobile App,United Kingdom
17961,CUST_17961,Female,51-65,Gold,2011-05-27,Desktop Web,United Kingdom
17962,CUST_17962,Male,26-35,Silver,2009-11-04,Desktop Web,United Kingdom
17964,CUST_17964,Female,26-35,Silver,2011-05-01,Mobile App,United Kingdom
17965,CUST_17965,Male,36-50,Bronze,2010-12-18,Tablet,United Kingdom
17966,CUST_17966,Male,36-50,Bronze,2011-05-18,Mobile Web,United Kingdom
17967,CUST_17967,Female,36-50,Bronze,2009-07-29,Desktop Web,United Kingdom
17968,CUST_17968,Female,26-35,Bronze,2010-08-02,Desktop Web,United Kingdom
17969,CUST_17969,Female,26-35,Platinum,2010-02-15,Mobile App,United Kingdom
17970,CUST_17970,Male,65+,Gold,2010-08-03,Desktop Web,United Kingdom
17972,CUST_17972,Male,51-65,Silver,2009-02-14,Mobile App,United Kingdom
17973,CUST_17973,Male,26-35,Silver,2009-11-04,Mobile Web,United Kingdom
17974,CUST_17974,Female,51-65,Bronze,2009-05-17,Mobile App,United Kingdom
17975,CUST_17975,Female,26-35,Platinum,2009-12-10,Mobile App,United Kingdom
17976,CUST_17976,Male,26-35,Bronze,2009-12-09,Desktop Web,United Kingdom
17977,CUST_17977,Male,26-35,Bronze,2009-02-07,Mobile App,United Kingdom
17978,CUST_17978,Female,26-35,Silver,2009-06-14,Mobile App,United Kingdom
17979,CUST_17979,Female,36-50,Gold,2009-12-04,Desktop Web,United Kingdom
17980,CUST_17980,Male,18-25,Gold,2010-01-16,Mobile Web,United Kingdom
17984,CUST_17984,Female,26-35,Bronze,2010-04-11,Desktop Web,United Kingdom
17985,CUST_17985,Female,36-50,Gold,2010-01-12,Mobile App,United Kingdom
17986,CUST_17986,Female,36-50,Bronze,2011-03-18,Mobile App,United Kingdom
17987,CUST_17987,Male,36-50,Bronze,2010-12-07,Mobile App,United Kingdom
17988,CUST_17988,Male,51-65,Gold,2009-05-07,Desktop Web,United Kingdom
17990,CUST_17990,Male,18-25,Gold,2010-01-03,Desktop Web,United Kingdom
17991,CUST_17991,Male,36-50,Silver,2009-02-19,Mobile App,United Kingdom
17994,CUST_17994,Female,36-50,Silver,2011-07-06,Mobile App,United Kingdom
17995,CUST_17995,Female,36-50,Gold,2009-12-25,Mobile App,United Kingdom
17997,CUST_17997,Male,26-35,Gold,2009-07-16,Mobile App,United Kingdom
17999,CUST_17999,Female,18-25,Gold,2011-10-09,Mobile App,United Kingdom
18001,CUST_18001,Male,51-65,Silver,2009-03-09,Desktop Web,United Kingdom
18004,CUST_18004,Female,26-35,Platinum,2010-03-29,Mobile App,United Kingdom
18005,CUST_18005,Female,51-65,Platinum,2009-10-09,Desktop Web,United Kingdom
18006,CUST_18006,Female,36-50,Bronze,2011-02-05,Desktop Web,United Kingdom
18008,CUST_18008,Female,36-50,Gold,2011-08-04,Mobile App,United Kingdom
18009,CUST_18009,Female,51-65,Silver,2009-02-14,Desktop Web,United Kingdom
18010,CUST_18010,Female,36-50,Bronze,2010-03-31,Desktop Web,United Kingdom
18011,CUST_18011,Non-Binary,26-35,Silver,2011-05-18,Mobile App,United Kingdom
18013,CUST_18013,Female,36-50,Bronze,2011-05-20,Mobile Web,United Kingdom
18014,CUST_18014,Male,51-65,Silver,2010-05-21,Mobile App,United Kingdom
18015,CUST_18015,Male,26-35,Gold,2010-07-10,Mobile Web,United Kingdom
18016,CUST_18016,Non-Binary,26-35,Bronze,2010-02-09,Desktop Web,United Kingdom
18017,CUST_18017,Male,18-25,Bronze,2010-06-19,Desktop Web,United Kingdom
18018,CUST_18018,Male,51-65,Platinum,2011-09-21,Mobile Web,United Kingdom
18019,CUST_18019,Female,18-25,Bronze,2009-01-29,Mobile Web,United Kingdom
18022,CUST_18022,Female,36-50,Bronze,2011-04-11,Desktop Web,United Kingdom
18024,CUST_18024,Female,26-35,Bronze,2011-10-30,Desktop Web,United Kingdom
18027,CUST_18027,Male,26-35,Silver,2009-08-27,Mobile App,United Kingdom
18030,CUST_18030,Male,36-50,Silver,2009-03-20,Desktop Web,United Kingdom
18032,CUST_18032,Female,18-25,Gold,2011-08-25,Mobile App,United Kingdom
18033,CUST_18033,Female,36-50,Silver,2010-11-08,Mobile App,United Kingdom
18034,CUST_18034,Male,36-50,Gold,2011-03-01,Mobile Web,United Kingdom
18035,CUST_18035,Female,51-65,Silver,2011-06-18,Mobile App,United Kingdom
18036,CUST_18036,Male,26-35,Bronze,2009-06-07,Mobile App,United Kingdom
18037,CUST_18037,Male,51-65,Silver,2010-08-13,Desktop Web,United Kingdom
18040,CUST_18040,Male,36-50,Silver,2009-06-26,Mobile App,United Kingdom
18041,CUST_18041,Male,51-65,Silver,2011-02-14,Mobile App,United Kingdom
18042,CUST_18042,Male,26-35,Bronze,2009-05-14,Desktop Web,United Kingdom
18043,CUST_18043,Female,36-50,Bronze,2009-12-07,Desktop Web,United Kingdom
18044,CUST_18044,Male,51-65,Bronze,2010-11-17,Desktop Web,United Kingdom
18045,CUST_18045,Male,51-65,Bronze,2009-09-03,Desktop Web,United Kingdom
18048,CUST_18048,Female,26-35,Silver,2009-11-18,Desktop Web,United Kingdom
18050,CUST_18050,Female,26-35,Bronze,2009-09-03,Desktop Web,United Kingdom
18053,CUST_18053,Female,26-35,Gold,2011-05-01,Desktop Web,United Kingdom
18055,CUST_18055,Female,26-35,Bronze,2009-03-29,Desktop Web,United Kingdom
18056,CUST_18056,Male,26-35,Bronze,2010-07-23,Mobile Web,United Kingdom
18058,CUST_18058,Male,26-35,Silver,2011-01-27,Mobile App,United Kingdom
18059,CUST_18059,Female,51-65,Bronze,2009-05-22,Mobile App,United Kingdom
18061,CUST_18061,Female,18-25,Gold,2009-01-12,Mobile App,United Kingdom
18062,CUST_18062,Male,36-50,Bronze,2011-01-13,Desktop Web,United Kingdom
18064,CUST_18064,Female,26-35,Bronze,2009-10-21,Mobile App,United Kingdom
18065,CUST_18065,Female,26-35,Gold,2009-10-12,Desktop Web,United Kingdom
18066,CUST_18066,Male,18-25,Silver,2009-07-28,Mobile Web,United Kingdom
18067,CUST_18067,Male,26-35,Bronze,2009-05-03,Desktop Web,United Kingdom
18068,CUST_18068,Female,36-50,Bronze,2009-04-27,Mobile App,United Kingdom
18069,CUST_18069,Female,51-65,Silver,2011-04-22,Desktop Web,United Kingdom
18071,CUST_18071,Female,26-35,Platinum,2011-03-04,Mobile App,United Kingdom
18072,CUST_18072,Male,26-35,Gold,2010-02-23,Desktop Web,United Kingdom
18073,CUST_18073,Male,26-35,Bronze,2010-06-04,Desktop Web,United Kingdom
18074,CUST_18074,Female,51-65,Platinum,2009-04-15,Mobile App,United Kingdom
18075,CUST_18075,Male,36-50,Bronze,2010-04-14,Mobile Web,United Kingdom
18077,CUST_18077,Male,36-50,Bronze,2010-07-03,Mobile App,United Kingdom
18078,CUST_18078,Female,36-50,Gold,2010-09-11,Tablet,United Kingdom
18079,CUST_18079,Female,51-65,Bronze,2011-07-29,Mobile App,United Kingdom
18080,CUST_18080,Male,18-25,Bronze,2009-08-03,Mobile App,United Kingdom
18081,CUST_18081,Female,26-35,Bronze,2011-09-02,Mobile App,United Kingdom
18082,CUST_18082,Female,51-65,Bronze,2010-03-24,Mobile App,United Kingdom
18084,CUST_18084,Male,36-50,Silver,2009-07-09,Desktop Web,United Kingdom
18085,CUST_18085,Male,36-50,Silver,2009-07-02,Desktop Web,United Kingdom
18086,CUST_18086,Male,36-50,Bronze,2009-12-18,Desktop Web,United Kingdom
18087,CUST_18087,Male,26-35,Silver,2011-05-30,Mobile App,United Kingdom
18088,CUST_18088,Male,36-50,Gold,2010-04-08,Mobile App,United Kingdom
18092,CUST_18092,Female,36-50,Gold,2010-12-17,Desktop Web,United Kingdom
18093,CUST_18093,Male,26-35,Bronze,2009-04-22,Mobile App,United Kingdom
18094,CUST_18094,Female,36-50,Platinum,2011-09-10,Desktop Web,United Kingdom
18095,CUST_18095,Female,51-65,Silver,2010-12-28,Desktop Web,United Kingdom
18096,CUST_18096,Male,26-35,Bronze,2010-05-05,Mobile App,United Kingdom
18097,CUST_18097,Male,26-35,Bronze,2011-09-03,Desktop Web,United Kingdom
18099,CUST_18099,Female,26-35,Bronze,2009-03-09,Desktop Web,United Kingdom
18101,CUST_18101,Male,36-50,Silver,2011-06-27,Desktop Web,United Kingdom
18102,CUST_18102,Female,26-35,Bronze,2010-11-19,Mobile App,United Kingdom
18104,CUST_18104,Female,36-50,Silver,2009-04-09,Mobile App,United Kingdom
18105,CUST_18105,Female,51-65,Bronze,2009-08-24,Mobile App,United Kingdom
18106,CUST_18106,Male,26-35,Gold,2009-06-10,Mobile App,United Kingdom
18108,CUST_18108,Male,51-65,Bronze,2009-07-05,Mobile App,United Kingdom
18109,CUST_18109,Female,65+,Gold,2009-12-18,Mobile Web,United Kingdom
18110,CUST_18110,Male,18-25,Platinum,2010-11-07,Desktop Web,United Kingdom
18112,CUST_18112,Female,26-35,Bronze,2010-08-23,Desktop Web,United Kingdom
18113,CUST_18113,Male,65+,Silver,2009-10-25,Mobile App,United Kingdom
18114,CUST_18114,Female,65+,Bronze,2009-03-27,Mobile Web,United Kingdom
18116,CUST_18116,Female,18-25,Gold,2009-11-25,Mobile App,United Kingdom
18117,CUST_18117,Male,18-25,Silver,2009-12-03,Desktop Web,United Kingdom
18118,CUST_18118,Female,26-35,Bronze,2011-04-06,Tablet,United Kingdom
18119,CUST_18119,Female,65+,Bronze,2010-07-01,Desktop Web,United Kingdom
18120,CUST_18120,Male,26-35,Bronze,2009-02-04,Tablet,United Kingdom
18121,CUST_18121,Male,36-50,Platinum,2009-01-02,Desktop Web,United Kingdom
18122,CUST_18122,Female,51-65,Silver,2009-11-24,Mobile App,United Kingdom
18123,CUST_18123,Female,18-25,Gold,2009-12-08,Mobile App,United Kingdom
18125,CUST_18125,Female,36-50,Bronze,2010-06-13,Mobile App,United Kingdom
18126,CUST_18126,Female,26-35,Bronze,2010-09-22,Mobile App,United Kingdom
18127,CUST_18127,Female,51-65,Platinum,2010-07-02,Desktop Web,United Kingdom
18129,CUST_18129,Male,26-35,Bronze,2010-01-15,Mobile App,United Kingdom
18130,CUST_18130,Non-Binary,36-50,Platinum,2009-05-18,Mobile Web,United Kingdom
18133,CUST_18133,Female,36-50,Bronze,2011-10-11,Mobile App,United Kingdom
18135,CUST_18135,Female,26-35,Bronze,2011-01-26,Desktop Web,United Kingdom
18136,CUST_18136,Female,18-25,Silver,2009-09-26,Tablet,United Kingdom
18138,CUST_18138,Female,26-35,Platinum,2011-03-20,Mobile App,United Kingdom
18139,CUST_18139,Male,26-35,Platinum,2010-06-07,Desktop Web,United Kingdom
18141,CUST_18141,Female,51-65,Bronze,2011-03-23,Desktop Web,United Kingdom
18142,CUST_18142,Female,51-65,Bronze,2011-03-02,Mobile App,United Kingdom
18143,CUST_18143,Male,26-35,Silver,2009-05-28,Desktop Web,United Kingdom
18144,CUST_18144,Female,36-50,Silver,2011-02-15,Mobile App,United Kingdom
18145,CUST_18145,Male,36-50,Silver,2010-11-28,Desktop Web,United Kingdom
18146,CUST_18146,Female,51-65,Bronze,2011-02-01,Desktop Web,United Kingdom
18147,CUST_18147,Male,26-35,Platinum,2009-03-09,Desktop Web,United Kingdom
18149,CUST_18149,Male,26-35,Silver,2010-06-19,Desktop Web,United Kingdom
18150,CUST_18150,Male,26-35,Gold,2011-09-28,Mobile App,United Kingdom
18151,CUST_18151,Male,36-50,Silver,2009-10-16,Desktop Web,United Kingdom
18154,CUST_18154,Female,26-35,Bronze,2009-08-18,Mobile Web,United Kingdom
18155,CUST_18155,Female,26-35,Platinum,2009-12-15,Mobile Web,United Kingdom
18156,CUST_18156,Male,18-25,Silver,2010-06-10,Desktop Web,United Kingdom
18158,CUST_18158,Male,36-50,Gold,2010-04-21,Mobile App,United Kingdom
18159,CUST_18159,Female,26-35,Platinum,2009-04-20,Tablet,United Kingdom
18160,CUST_18160,Female,26-35,Silver,2010-10-20,Mobile App,United Kingdom
18161,CUST_18161,Female,26-35,Silver,2010-09-22,Desktop Web,United Kingdom
18164,CUST_18164,Female,26-35,Bronze,2011-03-06,Mobile App,United Kingdom
18165,CUST_18165,Female,36-50,Bronze,2011-10-27,Tablet,United Kingdom
18167,CUST_18167,Male,26-35,Bronze,2009-04-24,Desktop Web,United Kingdom
18168,CUST_18168,Female,26-35,Bronze,2011-09-20,Desktop Web,United Kingdom
18169,CUST_18169,Female,36-50,Bronze,2010-11-06,Mobile App,United Kingdom
18170,CUST_18170,Male,26-35,Bronze,2009-09-07,Desktop Web,United Kingdom
18171,CUST_18171,Male,26-35,Bronze,2011-10-01,Desktop Web,United Kingdom
18172,CUST_18172,Male,51-65,Bronze,2009-06-05,Desktop Web,United Kingdom
18173,CUST_18173,Male,26-35,Bronze,2010-08-02,Mobile App,United Kingdom
18174,CUST_18174,Female,26-35,Bronze,2010-09-27,Desktop Web,United Kingdom
18176,CUST_18176,Male,18-25,Silver,2009-12-24,Mobile App,United Kingdom
18177,CUST_18177,Male,26-35,Silver,2009-05-02,Desktop Web,United Kingdom
18178,CUST_18178,Female,36-50,Bronze,2009-11-06,Mobile App,United Kingdom
18179,CUST_18179,Male,36-50,Silver,2011-01-19,Mobile App,United Kingdom
18180,CUST_18180,Male,36-50,Gold,2009-10-01,Mobile App,United Kingdom
18181,CUST_18181,Female,26-35,Bronze,2010-05-26,Mobile App,United Kingdom
18183,CUST_18183,Female,26-35,Silver,2010-06-03,Mobile App,United Kingdom
18184,CUST_18184,Female,51-65,Platinum,2010-03-12,Mobile Web,United Kingdom
18185,CUST_18185,Female,51-65,Gold,2011-01-24,Desktop Web,United Kingdom
18188,CUST_18188,Female,18-25,Bronze,2010-07-06,Mobile App,United Kingdom
18189,CUST_18189,Male,26-35,Silver,2009-09-12,Desktop Web,United Kingdom
18190,CUST_18190,Female,26-35,Bronze,2010-11-12,Desktop Web,United Kingdom
18191,CUST_18191,Male,18-25,Silver,2011-08-19,Mobile Web,United Kingdom
18192,CUST_18192,Male,26-35,Platinum,2009-05-27,Mobile App,United Kingdom
18193,CUST_18193,Male,18-25,Silver,2011-08-05,Mobile App,United Kingdom
18194,CUST_18194,Male,36-50,Gold,2010-11-20,Tablet,United Kingdom
18196,CUST_18196,Female,36-50,Bronze,2010-07-01,Mobile App,United Kingdom
18198,CUST_18198,Female,18-25,Platinum,2009-05-09,Mobile App,United Kingdom
18200,CUST_18200,Male,18-25,Silver,2009-04-12,Mobile App,United Kingdom
18202,CUST_18202,Male,51-65,Bronze,2009-07-14,Mobile App,United Kingdom
18203,CUST_18203,Male,26-35,Silver,2011-10-10,Tablet,United Kingdom
18204,CUST_18204,Female,36-50,Bronze,2011-10-04,Mobile App,United Kingdom
18205,CUST_18205,Male,26-35,Bronze,2010-07-30,Mobile Web,United Kingdom
18209,CUST_18209,Female,36-50,Gold,2010-06-28,Tablet,United Kingdom
18210,CUST_18210,Male,26-35,Bronze,2009-01-21,Desktop Web,United Kingdom
18211,CUST_18211,Non-Binary,18-25,Gold,2009-10-17,Mobile App,United Kingdom
18212,CUST_18212,Female,26-35,Bronze,2010-03-19,Mobile App,United Kingdom
18213,CUST_18213,Male,26-35,Bronze,2009-10-20,Desktop Web,United Kingdom
18215,CUST_18215,Female,26-35,Platinum,2011-07-12,Mobile App,United Kingdom
18216,CUST_18216,Female,36-50,Bronze,2010-12-13,Desktop Web,United Kingdom
18217,CUST_18217,Female,26-35,Silver,2010-08-29,Mobile App,United Kingdom
18218,CUST_18218,Male,18-25,Silver,2009-09-13,Mobile Web,United Kingdom
18219,CUST_18219,Male,36-50,Silver,2010-06-13,Desktop Web,United Kingdom
18220,CUST_18220,Male,36-50,Gold,2010-11-08,Desktop Web,United Kingdom
18221,CUST_18221,Female,65+,Silver,2009-04-14,Mobile Web,United Kingdom
18222,CUST_18222,Male,36-50,Bronze,2010-02-20,Mobile App,United Kingdom
18223,CUST_18223,Male,26-35,Gold,2009-02-14,Mobile App,United Kingdom
18224,CUST_18224,Female,36-50,Bronze,2010-04-29,Mobile App,United Kingdom
18225,CUST_18225,Non-Binary,51-65,Silver,2009-04-14,Mobile App,United Kingdom
18226,CUST_18226,Female,51-65,Platinum,2009-10-13,Desktop Web,United Kingdom
18227,CUST_18227,Male,26-35,Silver,2011-04-02,Mobile App,United Kingdom
18228,CUST_18228,Female,26-35,Gold,2011-04-11,Mobile App,United Kingdom
18229,CUST_18229,Female,26-35,Silver,2010-10-25,Tablet,United Kingdom
18230,CUST_18230,Female,36-50,Gold,2010-03-27,Mobile App,United Kingdom
18231,CUST_18231,Male,36-50,Platinum,2010-04-26,Desktop Web,United Kingdom
18232,CUST_18232,Female,36-50,Bronze,2010-10-22,Mobile App,United Kingdom
18233,CUST_18233,Female,18-25,Bronze,2010-01-14,Mobile App,United Kingdom
18235,CUST_18235,Male,36-50,Silver,2010-08-09,Desktop Web,United Kingdom
18236,CUST_18236,Male,51-65,Silver,2011-09-17,Mobile Web,United Kingdom
18237,CUST_18237,Female,26-35,Bronze,2010-11-24,Mobile App,United Kingdom
18239,CUST_18239,Female,36-50,Bronze,2010-04-16,Mobile App,United Kingdom
18240,CUST_18240,Female,26-35,Bronze,2011-08-05,Mobile App,United Kingdom
18241,CUST_18241,Female,51-65,Platinum,2011-01-27,Mobile App,United Kingdom
18242,CUST_18242,Male,51-65,Silver,2010-02-28,Mobile App,United Kingdom
18245,CUST_18245,Male,36-50,Bronze,2011-03-15,Desktop Web,United Kingdom
18246,CUST_18246,Male,36-50,Bronze,2011-03-15,Mobile App,United Kingdom
18248,CUST_18248,Female,51-65,Bronze,2011-08-08,Desktop Web,United Kingdom
18249,CUST_18249,Male,26-35,Bronze,2010-09-30,Desktop Web,United Kingdom
18250,CUST_18250,Male,26-35,Bronze,2011-10-18,Mobile App,United Kingdom
18251,CUST_18251,Male,36-50,Gold,2009-08-17,Mobile App,United Kingdom
18252,CUST_18252,Male,26-35,Platinum,2010-12-14,Tablet,United Kingdom
18255,CUST_18255,Male,26-35,Bronze,2009-03-11,Mobile App,United Kingdom
18256,CUST_18256,Male,51-65,Bronze,2010-11-14,Desktop Web,United Kingdom
18257,CUST_18257,Female,36-50,Bronze,2010-02-13,Mobile App,United Kingdom
18259,CUST_18259,Male,26-35,Silver,2011-08-24,Desktop Web,United Kingdom
18260,CUST_18260,Male,26-35,Bronze,2009-04-13,Mobile App,United Kingdom
18261,CUST_18261,Male,26-35,Bronze,2009-10-02,Mobile App,United Kingdom
18262,CUST_18262,Female,26-35,Bronze,2009-01-02,Mobile App,United Kingdom
18263,CUST_18263,Male,26-35,Gold,2010-05-05,Mobile App,United Kingdom
18265,CUST_18265,Male,36-50,Silver,2010-12-23,Mobile Web,United Kingdom
18268,CUST_18268,Female,26-35,Silver,2009-02-16,Desktop Web,United Kingdom
18269,CUST_18269,Female,26-35,Bronze,2010-12-15,Mobile App,United Kingdom
18270,CUST_18270,Male,26-35,Gold,2009-05-15,Desktop Web,United Kingdom
18272,CUST_18272,Male,65+,Platinum,2011-07-23,Mobile Web,United Kingdom
18273,CUST_18273,Male,26-35,Bronze,2009-04-19,Desktop Web,United Kingdom
18274,CUST_18274,Female,18-25,Bronze,2009-02-25,Mobile App,United Kingdom
18276,CUST_18276,Male,18-25,Silver,2011-03-17,Mobile Web,United Kingdom
18277,CUST_18277,Female,36-50,Bronze,2009-11-07,Mobile App,United Kingdom
18278,CUST_18278,Female,36-50,Bronze,2011-04-23,Desktop Web,United Kingdom
18280,CUST_18280,Female,26-35,Silver,2010-03-17,Desktop Web,United Kingdom
18281,CUST_18281,Female,26-35,Silver,2011-01-03,Mobile Web,United Kingdom
18282,CUST_18282,Female,18-25,Bronze,2011-02-06,Mobile Web,United Kingdom
18283,CUST_18283,Female,36-50,Silver,2010-05-06,Mobile Web,United Kingdom
18287,CUST_18287,Female,36-50,Platinum,2009-06-07,Mobile App,United Kingdom
